# Resource object code (Python 3)
# Created by: object code
# Created by: The Resource Compiler for Qt version 6.11.2
# WARNING! All changes made in this file will be lost!

from PySide6 import QtCore

qt_resource_data = b"\
\x00\x02\xda^\
\x00\
\x00\x01\x00\x01\x00\x00\xb1\x00\x00\x01\x00 \x00H\xda\x02\
\x00\x16\x00\x00\x00(\x00\x00\x00\x00\x01\x00\x00b\x01\x00\
\x00\x01\x00 \x00\x00\x00\x00\x00\x00\xc4\x02\x00a\x0f\x00\
\x00a\x0f\x00\x00\x00\x00\x00\x00\x00\x00\x00\x00-8@\
\xff(3;\xff)4<\xff%/9\xff *4\
\xff'0:\xff,4>\xff+4>\xff1=E\
\xff0=E\xff-8A\xff'1:\xff/8B\
\xff4=G\xff/9C\xff1=G\xff=KP\
\xff5CD\xff5AF\xff8DK\xff6@J\
\xff3=G\xff-8B\xff5DL\xff9JQ\
\xff6GN\xff2@H\xff5?I\xff@JT\
\xffDPZ\xffBP\x5c\xffBP\x5c\xff<IX\
\xff7DS\xff=JT\xffIT[\xffCMU\
\xff0@>\xff\x2293\xff(?@\xff2OK\
\xff-EF\xff'6;\xff1=@\xff5HL\
\xff6JN\xff4=K\xff-9E\xff2EL\
\xff@N]\xffERa\xffCS^\xff?PY\
\xff-CJ\xff0CJ\xff.AF\xff+=@\
\xff<LP\xffET]\xff@M[\xff;HY\
\xff7DU\xff)6F\xff,9F\xffET]\
\xffGS[\xff@KT\xffIWc\xffI\x5cg\
\xffJ^h\xffTfp\xffCW^\xff&9@\
\xff):>\xff5IK\xff4N\x5c\xff-Q]\
\xff>Z_\xffGXa\xff8JM\xff0?:\
\xff+FC\xff@\x5c]\xffOkg\xff:TS\
\xff4JO\xff9JT\xff2=J\xff7?L\
\xff=GP\xff5DG\xff.;@\xff3:A\
\xff;>F\xff8;D\xff5;E\xff9GO\
\xff6JP\xff7KO\xff6HM\xff.>F\
\xff3CK\xff9HQ\xff2BJ\xff2@E\
\xff<HL\xff7AJ\xff+7A\xff9DQ\
\xff@JX\xff0>K\xff-=J\xff5ER\
\xff9IV\xff7GS\xff6EQ\xff6EQ\
\xff4DP\xff3CO\xff0@L\xff5EQ\
\xff>NZ\xff4DP\xff:IV\xff>MZ\
\xff8GU\xff4CP\xff6BN\xff*5A\
\xff\x1d(5\xff2;H\xff7CM\xff+<E\
\xff2CL\xff9JS\xff9JS\xff3EM\
\xff;FP\xff7CL\xff.>I\xff/BJ\
\xff5IO\xff8IS\xffSgl\xffBW[\
\xff%8A\xff)9C\xff.@G\xff5HP\
\xff0BM\xff1@M\xff5CO\xff4DK\
\xff.?I\xff,<I\xff/?L\xff->I\
\xff5FP\xff7DP\xff)5?\xff#1:\
\xff4CL\xff6GP\xff2DL\xff6IP\
\xff7IR\xff<KW\xff4ER\xff/?M\
\xff3AN\xff0@I\xff+:C\xff-8A\
\xff-5?\xff.7A\xff3>H\xff8EN\
\xff7BL\xff;FO\xff;EO\xff=GQ\
\xffAKU\xff<FO\xff8DL\xff5AH\
\xff5@H\xff6?H\xff4>E\xff.9@\
\xff/;A\xff,:@\xff.?E\xff6FL\
\xff<IQ\xff6BJ\xff&09\xff'08\
\xff(2;\xff)2<\xff,6<\xff%12\
\xff$00\xff)56\xff\x1c',\xff\x1c&2\
\xff\x1e+:\xff$/>\xff ,6\xff\x1c)0\
\xff!//\xff%31\xff$1,\xff&2-\
\xff/78\xff5@B\xff\x22/0\xff\x1c+/\
\xff 05\xff!./\xff4::\xff?BC\
\xff=BD\xff?DE\xff@EF\xffAFG\
\xffBGH\xff?DE\xffBFH\xffCHH\
\xffADD\xffACC\xffACC\xffCEE\
\xffCEE\xffACC\xffDEE\xffEEE\
\xffCCB\xffBCA\xffFGE\xffDFD\
\xffCDB\xffJIH\xffNLH\xffGD@\
\xffIIG\xffLRR\xff>CD\xff>@@\
\xffBAA\xffD@?\xffB?;\xff><7\
\xffA@=\xffDEC\xffA@>\xff'09\
\xff'09\xff%08\xff)3=\xff(2<\
\xff\x1d(2\xff\x22,6\xff-7A\xff0=E\
\xff3?G\xff3>F\xff(1:\xff#,6\
\xff2<F\xff5?I\xff-9C\xff-:B\
\xff%17\xff(3:\xff*4=\xff)3=\
\xff4=G\xff9CM\xff5DL\xff/AH\
\xff.@G\xff.>F\xff4AJ\xff;GQ\
\xff?KU\xffDQ]\xffFTa\xffDR^\
\xff>LV\xffDS\x5c\xffP\x5cf\xffIT]\
\xffFUZ\xffMab\xffH^\x5c\xffBYY\
\xff9JR\xff7FN\xff7HJ\xff5FH\
\xff:DV\xff9BR\xff/=I\xff1CN\
\xff9JW\xff;IX\xff1?L\xff4AM\
\xff*8D\xff=JU\xff@R[\xff1CL\
\xff,>H\xff2@M\xff9FT\xff<IX\
\xff1>M\xff+8F\xff2@M\xff0=L\
\xff.;E\xff4@I\xff9GT\xffAQ]\
\xff>N[\xff;MX\xff;OV\xff7KT\
\xff7KR\xff4JN\xff.FM\xff-MO\
\xff3MQ\xff'8X\xff\x16\x22Q\xff5BM\
\xffAUU\xff2GM\xff8OQ\xff;RT\
\xff<QV\xff5FS\xff8ET\xff;HS\
\xff7CM\xff5AG\xff6AI\xff<GP\
\xff@KS\xffDOW\xff>JR\xff5DL\
\xff1BI\xff7JO\xff:KR\xff1>F\
\xff:GO\xffFRZ\xff3AI\xff%2;\
\xff0>F\xff:HO\xff4AK\xff5AN\
\xff9DS\xff7FS\xff9IV\xff7GT\
\xff5ER\xff9IV\xff9IT\xff7EQ\
\xff9JV\xff8HT\xff2BN\xff-=J\
\xff.?K\xff4EQ\xff4DQ\xff6FS\
\xff9JW\xff/?L\xff0?K\xff6DP\
\xff9GS\xff:HT\xff8FR\xff0@J\
\xff.?I\xff4DN\xff1BM\xff1BL\
\xff6CM\xff8BM\xff2<J\xff3?G\
\xff7DL\xff0>L\xff5HN\xff>TV\
\xff8LU\xff2DN\xff6IP\xff?RY\
\xff8HT\xff3@O\xff7CO\xff1?G\
\xff/>G\xff4CP\xff-=J\xff0@L\
\xff8HR\xff2>H\xff.8B\xff/:D\
\xff-:D\xff(7@\xff%5>\xff!.7\
\xff .7\xff+6@\xff-7C\xff3:I\
\xff4<I\xff4>G\xff6?I\xff3>H\
\xff4?H\xff4=G\xff09C\xff09C\
\xff4=G\xff8BK\xff9DM\xff2>H\
\xff1>H\xff5@J\xff3=E\xff/8A\
\xff.6?\xff%-5\xff\x1e'.\xff\x1c%-\
\xff\x15\x1e%\xff\x11\x1c\x22\xff%39\xff@NT\
\xff9EL\xff#.6\xff\x1d&/\xff *0\
\xff$.2\xff\x1f(/\xff\x1b$+\xff\x11\x1a\x1d\
\xff\x1c''\xff4??\xff\x1b%(\xff\x11\x1a!\
\xff\x0f\x19\x1e\xff\x16\x1f$\xff\x1a#&\xff\x16\x1d#\
\xff\x1e&)\xff#,.\xff!(+\xff\x1b%'\
\xff&04\xff39>\xff(/1\xff#.0\
\xff#56\xff%76\xff6@@\xff<?B\
\xff>BF\xff@EG\xff@EE\xff@EF\
\xffAFG\xffBGH\xffEIJ\xffFJJ\
\xffHKK\xffHKK\xffDHG\xffFII\
\xffGII\xffEGG\xffEGG\xffDFF\
\xffDFE\xffGHF\xffDGD\xffADB\
\xffEFD\xffHIG\xffHHD\xffFD?\
\xffLLJ\xffRWW\xffHKM\xffBGF\
\xffBDC\xffEDB\xffDC?\xff@=9\
\xffC><\xff?<<\xff>;;\xff(1:\
\xff.7@\xff-7@\xff0:D\xff.8B\
\xff%1;\xff&6?\xff+<E\xff'6?\
\xff2?G\xff0;C\xff)3;\xff(1;\
\xff.7A\xff5?J\xff.;D\xff*7>\
\xff)4>\xff(2>\xff$-9\xff\x22+6\
\xff09C\xff6AI\xff)7?\xff%9?\
\xff(<C\xff);C\xff2CL\xff7FO\
\xff6BL\xff:EQ\xff<IV\xff=JX\
\xff:GV\xff<JZ\xff=L\x5c\xff?MZ\
\xffDRc\xffBP_\xff@RY\xff>OZ\
\xff:FR\xff;IU\xff;LY\xff?GU\
\xff@KT\xff;GX\xff8DX\xff6ES\
\xff2EM\xff9KV\xffFVc\xffJ[h\
\xffL[i\xffGXg\xff>Wf\xff?Wg\
\xff4FW\xff(6G\xff5BQ\xff@MZ\
\xff7DR\xff2?L\xff6CR\xff9EW\
\xff:GW\xff8GR\xff4AP\xff6CR\
\xff-;K\xff*:H\xff9KU\xff8KW\
\xff3JS\xff9RV\xff3JM\xff*FE\
\xff(CI\xff\x16(Y\xff\x0b\x0fo\xff).^\
\xffCTY\xff=NW\xff,;E\xff(9B\
\xff4FO\xff8GX\xffDSf\xffJ\x5cg\
\xffCS\x5c\xffGS_\xffCO^\xff9IU\
\xff;OZ\xff<R[\xff?S\x5c\xffAQZ\
\xffANX\xff=MV\xff5CK\xff+5>\
\xff09B\xff1;B\xff5@G\xff:HS\
\xff2BN\xff:MU\xffHZc\xff@P^\
\xff4ER\xff<LY\xff<LY\xff;KX\
\xff9IV\xff3DP\xff8IV\xff?O\x5c\
\xff4DQ\xff4ER\xff:KX\xff9JW\
\xff7HU\xff:KX\xff;IV\xff9GU\
\xff>LY\xff:JV\xff6GS\xff=NY\
\xff<NY\xff3DP\xff6EQ\xff;IV\
\xff5CQ\xff:JX\xff8HU\xff2@N\
\xff6CP\xff;GT\xff9CT\xff;HP\
\xff;JR\xff4ER\xff.AG\xff4GJ\
\xff5DP\xff2@L\xff7IP\xff7IP\
\xff4BN\xff8DU\xff9CO\xff*6>\
\xff.;D\xff9FS\xff2?M\xff*8F\
\xff(5A\xff*4>\xff+4>\xff-7@\
\xff.8B\xff)3=\xff#.7\xff-7?\
\xff4>G\xff3=F\xff2;E\xff3<G\
\xff3=G\xff:CL\xff8BK\xff3=G\
\xff5@J\xff1:D\xff\x1d#.\xff-4?\
\xff4=G\xff3=G\xff4BK\xff7HQ\
\xff/@K\xff.<G\xff0<D\xff)4=\
\xff\x1f(1\xff\x19\x1f&\xff\x16\x1c\x22\xff\x19\x1d&\
\xff\x1a\x1d'\xff\x19\x1f)\xff,5>\xff8DJ\
\xff'28\xff\x1b$+\xff\x1f&-\xff!)*\
\xff\x1d&$\xff\x14\x1b\x1d\xff\x11\x16\x1e\xff\x0e\x14\x19\
\xff\x15\x1c\x1d\xff\x22('\xff\x15\x1c\x1b\xff\x0d\x14\x15\
\xff\x0d\x13\x12\xff\x14\x19\x18\xff\x16\x1b\x1b\xff\x18\x1d\x1d\
\xff\x1f#%\xff\x1e\x22%\xff\x1e\x22'\xff\x1e%*\
\xff\x1e*/\xff*16\xff4;<\xff/<8\
\xff-?;\xff.A?\xff8FG\xff>FJ\
\xffCHK\xffBGH\xffBGI\xffBGH\
\xffBGH\xffEJJ\xffFIJ\xffCHH\
\xffFLK\xffINM\xffINM\xffHML\
\xffFLK\xffCHG\xffDIH\xffEJI\
\xffEII\xffGJI\xffDHG\xffCGE\
\xffGJH\xffGIG\xffAEA\xffEHC\
\xffMOL\xffNRR\xffMQR\xffNSR\
\xffAFE\xff@CA\xffEEA\xffIDA\
\xffGB@\xffDA@\xffD??\xff09B\
\xff2;D\xff1:C\xff1;E\xff2=G\
\xff/=F\xff.<F\xff2?I\xff-:D\
\xff/:D\xff'1;\xff,7?\xff0;D\
\xff4=G\xff4@J\xff7CM\xff5?J\
\xff2<I\xff4?K\xff-7E\xff-7C\
\xff8DN\xff:EN\xff2?I\xff-CI\
\xff,FJ\xff-DI\xff0CJ\xff3EM\
\xff2AK\xff6CO\xff<KU\xffAOY\
\xffBO]\xff?M]\xff<LW\xff8JO\
\xff2BM\xff5BO\xff:IQ\xff7CV\
\xff5BT\xff;KX\xffGV`\xffKS_\
\xffEO_\xff=M\x5c\xff9JW\xff:GR\
\xff=HR\xffER]\xffL[g\xffGYf\
\xffDWf\xff?Qb\xff2HX\xff.@R\
\xff-<N\xff/<M\xff5CR\xff:JV\
\xff:JV\xff9IU\xff4DQ\xff:FX\
\xffCRc\xff@R`\xff<K[\xff9FW\
\xff8EV\xff8FT\xff:JU\xff;LU\
\xff7NT\xff+FJ\xff0IO\xff2OT\
\xff.MO\xff-LW\xff/Ao\xff2@`\
\xff7MO\xffIZd\xffDQ_\xff0@L\
\xff,>I\xff5EU\xffEUc\xffFWc\
\xffFXd\xffHXf\xffIXi\xffCTd\
\xff?Ub\xff8MY\xff0CO\xff1BN\
\xff/<I\xff8ET\xff<HU\xff09F\
\xff%/9\xff'3;\xff=KQ\xffRdk\
\xffL\x5ch\xffCU_\xffTgn\xffQcn\
\xffBS_\xff=N[\xff9IV\xff9IV\
\xff<LY\xff3DP\xff3DR\xff>N\x5c\
\xff8HU\xff8JV\xff;LY\xffBR_\
\xffDTa\xff<LY\xff=JZ\xff;HX\
\xff<IY\xff7FU\xff8HV\xff8IV\
\xff9KV\xff7HS\xff;IT\xff;GT\
\xff;HV\xffFVb\xffCT`\xff8HU\
\xff:IU\xff=LY\xffAQ`\xffDV_\
\xff?P[\xff7FT\xff6EO\xff<IR\
\xff=FU\xff;EQ\xff8FN\xff*:B\
\xff.<H\xff:ET\xff5@M\xff4@J\
\xff.<G\xff+8E\xff-;G\xff(6B\
\xff%3>\xff0<F\xff1:E\xff4?I\
\xff7BM\xff2<F\xff0;E\xff9JP\
\xffCT[\xff>LT\xff4@J\xff/=F\
\xff,<E\xff0?H\xff4CL\xff;EN\
\xff;EO\xff7?I\xff8>I\xff4<H\
\xff-8D\xff;JS\xffHZb\xffM`h\
\xff<NU\xff.;B\xff+4:\xff\x18 '\
\xff\x10\x16\x1d\xff\x1d$)\xff).4\xff(*4\
\xff+,9\xff-2=\xff$.7\xff$-6\
\xff\x1a\x22)\xff\x0d\x15\x18\xff\x0f\x15\x17\xff\x0e\x12\x14\
\xff\x10\x16\x16\xff\x17\x1c\x1f\xff\x17\x1a \xff\x0f\x13\x18\
\xff\x11\x15\x19\xff\x11\x16\x17\xff\x0e\x14\x14\xff\x0e\x12\x13\
\xff\x0a\x0e\x0e\xff\x09\x10\x0b\xff\x11\x18\x15\xff\x1f&$\
\xff\x22((\xff!)&\xff$-)\xff,03\
\xff %*\xff\x11\x1a\x1e\xff$./\xff6@<\
\xff7?=\xff$,,\xff\x1e))\xff2?B\
\xffALN\xffAHH\xffCFJ\xffCFI\
\xffCHK\xffELO\xffELM\xffFLK\
\xffHNM\xffHML\xffHML\xffHML\
\xffEKJ\xffDJI\xffEKJ\xffGML\
\xffFLK\xffGML\xffGLK\xffEJI\
\xffHKJ\xffHKI\xffGKG\xffFJE\
\xffGGE\xffABC\xff@DE\xffJNN\
\xffEJI\xffAEC\xffDB>\xffIC@\
\xffIB@\xffGCB\xffHCB\xff+5?\
\xff+5?\xff-7A\xff.8B\xff.8B\
\xff*4>\xff'1;\xff/8C\xff/:D\
\xff+7A\xff'3=\xff+7A\xff1=G\
\xff3?I\xff0<G\xff5@M\xff0:G\
\xff,5B\xff0;G\xff2>J\xff9EQ\
\xff:HT\xff9GS\xff;JU\xff.CK\
\xff+GM\xff<UZ\xff?SY\xffEW_\
\xff=LW\xff2AM\xff:JV\xffDP]\
\xffFR^\xffMZh\xffN[h\xffCRZ\
\xff<JU\xff;IV\xff<IW\xff=KY\
\xff9KT\xffANX\xffOZc\xffU`i\
\xffP`l\xffH\x5cd\xff5IO\xff8EP\
\xffFP\x5c\xffIVb\xffGWb\xffDVb\
\xffARb\xffAS^\xff8IS\xff1=M\
\xff.<N\xff-=N\xff4CQ\xff5EQ\
\xff6FR\xff9IT\xff;KX\xff7EX\
\xff5EV\xff8JY\xff9IY\xff;K[\
\xff9HU\xff3BL\xff;HP\xffQ]f\
\xffJ^d\xff7OW\xff8OX\xff-GM\
\xff*DI\xff5OP\xff8SV\xff;WS\
\xff:TT\xffFWc\xffEVc\xffIZg\
\xffGXe\xffCTa\xffEUb\xff=MZ\
\xffAR_\xff>N]\xff5EU\xff2BR\
\xff9KZ\xffIZi\xffEUe\xff<L\x5c\
\xff6EV\xff3AR\xff5DT\xff<J[\
\xffAP_\xffBT]\xffBW\x5c\xffN`g\
\xffUeu\xffP`n\xffEW_\xff=PX\
\xff@R\x5c\xff<OZ\xff=LX\xff?N\x5c\
\xff6GT\xff=M[\xff<MZ\xff:KX\
\xff@Q_\xff?P^\xff>M[\xff;GU\
\xff9ES\xff<JX\xffAP`\xff;JZ\
\xff>M]\xffBQa\xff?N^\xff?M^\
\xff7GV\xff6FS\xff<KW\xff;KT\
\xff6GQ\xff:KV\xff:JV\xff6FR\
\xff:LV\xff6IR\xff0@M\xff,:H\
\xff/>K\xff;HV\xff7DR\xff-:H\
\xff4BP\xff>KZ\xff;HU\xff3@L\
\xff5BN\xff9GS\xff8EQ\xff7CO\
\xff0>J\xff1?K\xff1?J\xff*9D\
\xff/>J\xff7EQ\xff6CO\xff4AM\
\xff1=I\xff2<I\xff2@K\xff3EM\
\xff;LS\xff9EN\xff3=G\xff5?I\
\xff4>H\xff-<F\xff/>H\xff4>G\
\xff09C\xff*3=\xff3;F\xff1;G\
\xff9GS\xffI\x5ce\xff?PY\xff1AJ\
\xff)6=\xff\x1d%)\xff\x18\x1c\x1f\xff\x13\x11\x15\
\xff\x0c\x0c\x10\xff\x12\x18\x1b\xff$*/\xff+/8\
\xff).5\xff$,0\xff\x1b%*\xff\x1b%*\
\xff\x18 %\xff\x13\x18\x1b\xff\x14\x18\x19\xff\x13\x17\x1b\
\xff\x12\x17\x1c\xff\x14\x19\x1c\xff\x17\x1b\x1b\xff\x0e\x11\x14\
\xff\x09\x0b\x13\xff\x08\x0d\x13\xff\x0a\x10\x11\xff\x0a\x0e\x10\
\xff\x06\x0a\x0f\xff\x07\x0c\x0d\xff\x15\x1c\x1c\xff\x1e%&\
\xff )#\xff\x1d'\x1c\xff\x18\x1e\x1a\xff&$&\
\xff%&(\xff\x11\x1b\x1d\xff\x15\x22$\xff/77\
\xffPNM\xffMGF\xff*''\xff%+.\
\xff5BC\xff>GG\xffCFJ\xffCFK\
\xffBIN\xffALO\xffCON\xffION\
\xffION\xffGML\xffFLK\xffHNL\
\xffHNM\xffION\xffIPM\xffJQN\
\xffKQP\xffINM\xffJNN\xffHMM\
\xffHJJ\xffFHH\xffILJ\xffGIF\
\xffAB?\xffAAA\xffFGG\xffGJJ\
\xffBGF\xffCC@\xffD@<\xffG@=\
\xffIB?\xffDB>\xffDA?\xff%/9\
\xff-7A\xff,6@\xff+5?\xff0:D\
\xff*4>\xff$.8\xff'1;\xff/:D\
\xff5AK\xff1=G\xff1=G\xff7CM\
\xff5AK\xff/;G\xff1=H\xff1;F\
\xff.7D\xff/9G\xff4AM\xff<HT\
\xff3AM\xff2@L\xff2AK\xff-?H\
\xff*@H\xff*@H\xff8KR\xffL\x5cd\
\xffGU_\xff/=I\xff,9F\xff4?L\
\xff/;G\xff6CR\xffGUa\xffO]h\
\xffO]i\xffLYg\xff<LY\xff6HS\
\xff@O]\xffDRa\xff?N[\xff>M\x5c\
\xffGYd\xffL]j\xff;JY\xff0@O\
\xff@P]\xff@S`\xff=P]\xffAS^\
\xff?P]\xff?P^\xff4AO\xff9BR\
\xff<J[\xff;K[\xff6GS\xff4DP\
\xff:IV\xff;KW\xff:JV\xff:JY\
\xff6ES\xff.@M\xff6GT\xff;MW\
\xff6HR\xff0@L\xff;GT\xffJUb\
\xffBQ_\xff:KZ\xff3BR\xff-=I\
\xff0@K\xff2@H\xff1CH\xff1FI\
\xff3HP\xff8JV\xff9JW\xff:KX\
\xff?P]\xff>O\x5c\xffGWd\xffFVc\
\xffFVd\xffFUe\xff>M]\xff5DT\
\xffIWh\xffVdt\xffSbr\xffP`p\
\xff<J[\xff,;L\xff0?O\xff=L]\
\xffO^n\xffSdm\xffATY\xffBR_\
\xffLZl\xffEVc\xff/BL\xff$7@\
\xff7JT\xff:KW\xff5FR\xff?P]\
\xffBQa\xffETd\xffEVb\xff>O\x5c\
\xff?O`\xff>M]\xff1?O\xff4BQ\
\xff9GV\xff7ET\xff9HX\xff9HX\
\xff@O_\xff@O_\xff=L\x5c\xff:IY\
\xff8EV\xff4CT\xff0CR\xff/DR\
\xff7JX\xff?N_\xff8GY\xff3CQ\
\xff6EO\xff2@I\xff6DO\xff8DT\
\xff6CR\xff8ES\xff:GV\xff3@O\
\xff,<K\xff6CT\xffAK[\xff@KX\
\xff6AM\xff2>H\xff:FQ\xff9EQ\
\xff;HS\xff7ER\xff1?L\xff4CO\
\xff5DP\xff/<H\xff3@L\xff4@L\
\xff3?K\xff5AN\xff2>J\xff2>G\
\xff1<D\xff3<F\xff7AK\xff;EO\
\xff;EN\xff4=I\xff/9F\xff0<F\
\xff'4>\xff&1;\xff1<D\xff7BK\
\xffENX\xff?FP\xff#*3\xff\x1d'/\
\xff%-5\xff%,0\xff'*.\xff(*.\
\xff\x1d!%\xff\x1f#'\xff'-2\xff(-4\
\xff$(.\xff!%,\xff\x22'.\xff\x1f'(\
\xff\x1d$%\xff\x19\x1b \xff\x16\x19\x1d\xff\x1a\x1e\x22\
\xff\x16\x1c\x22\xff\x10\x17\x17\xff\x0a\x11\x0c\xff\x0b\x10\x0f\
\xff\x0b\x0e\x11\xff\x01\x06\x08\xff\x0b\x10\x11\xff\x13\x18\x19\
\xff\x10\x14\x19\xff\x0d\x0f\x13\xff\x0f\x0f\x15\xff\x18\x1b\x1a\
\xff\x1b \x1d\xff\x15\x19!\xff\x18\x13\x1d\xff\x22\x1a\x18\
\xff''\x22\xff#,.\xff\x1c(.\xff0;A\
\xff___\xffrjf\xffZSR\xff566\
\xff2<?\xff>JO\xff@HM\xff=DH\
\xff;FI\xff8EH\xff<HH\xffEJJ\
\xffGLL\xffGLM\xffFMM\xffHPO\
\xffMSR\xffNSR\xffLRP\xffKPO\
\xffKPO\xffLSR\xffNTS\xffMRP\
\xffIMK\xffEHF\xffEGD\xffEFD\
\xffEFD\xffCEC\xffDHF\xffDIG\
\xffBGE\xffDEC\xffDC>\xffIC@\
\xffKFC\xffFFA\xffCC>\xff.8B\
\xff2<F\xff0:D\xff1;E\xff-7A\
\xff+5?\xff4>H\xff5>H\xff4?I\
\xff3?I\xff2>H\xff3?I\xff5AK\
\xff6BL\xff4@K\xff4@L\xff<FS\
\xff:CP\xff5@L\xff5AM\xff5AM\
\xff4BM\xff=KW\xff@NY\xff@PY\
\xff:LU\xff(=E\xff'7@\xff*5?\
\xff/8C\xff09F\xff2<I\xff=HR\
\xff6CM\xff)7D\xff5CO\xff<JW\
\xffDR^\xffHVa\xffBQ]\xff4CP\
\xff=L[\xff5IX\xff1HU\xff)<K\
\xff5DU\xffCM]\xffAM]\xff?Qa\
\xffCUc\xff?P^\xffGXf\xffFWc\
\xffIYg\xffAP`\xff2>O\xff@K[\
\xffDSc\xff?O^\xff?O[\xff=LY\
\xff:JV\xff4DQ\xff4DQ\xff<JY\
\xff?LY\xff:HU\xff;KX\xff:IV\
\xff5DR\xff6EW\xff7DV\xff.<K\
\xff.<N\xff4BT\xff;GY\xffAM\x5c\
\xff?LX\xff?JV\xff9FS\xff4CO\
\xff5EQ\xff9KW\xff<M[\xff3DQ\
\xff;KX\xff<MZ\xff<MZ\xffBR^\
\xffDTb\xffDSc\xffETd\xff@O_\
\xffEUe\xffCRb\xff<K[\xff,;K\
\xff$2C\xff4BS\xff=K[\xffAO_\
\xffEUb\xffBR]\xff9JS\xff<LY\
\xff;J[\xff4DR\xff.=L\xff/@M\
\xff5ET\xff/>N\xff5DT\xffBPb\
\xffAO`\xff8GW\xff?O_\xff<L[\
\xff8GW\xff?N^\xff/>N\xff/>N\
\xff7FV\xff=L\x5c\xff9HX\xff6EU\
\xff=L\x5c\xff8GW\xff6EU\xff6EU\
\xff8GX\xff6FV\xff.>O\xff(:L\
\xff3EW\xff9IZ\xff<I[\xff3?O\
\xff/:F\xff2=H\xff<HV\xff>MZ\
\xff;HU\xff7DR\xff9FT\xff;HU\
\xff3@N\xff6BR\xff>JX\xff8CQ\
\xff-8F\xff.9G\xff3?K\xff9EQ\
\xff9EQ\xff1=J\xff4@N\xff7DQ\
\xff.<H\xff.;G\xff4@L\xff2=I\
\xff.;G\xff/>J\xff*6A\xff#,6\
\xff$,6\xff-8B\xff1;E\xff0:D\
\xff2<F\xff.4@\xff*1<\xff.:C\
\xff1?H\xff+5>\xff#-5\xff\x1d(-\
\xff\x1b\x22'\xff\x19\x1c#\xff$(.\xff04:\
\xff15<\xff,15\xff*14\xff/58\
\xff+03\xff*05\xff*05\xff#'+\
\xff\x22&*\xff#'+\xff\x1f#'\xff\x18\x1d \
\xff\x17\x1c\x1f\xff\x14\x18\x1d\xff\x12\x16\x1b\xff\x12\x15\x1c\
\xff\x11\x17\x1c\xff\x11\x18\x1a\xff\x09\x0f\x0e\xff\x0b\x11\x10\
\xff\x0d\x11\x12\xff\x0a\x0e\x0f\xff\x0e\x14\x13\xff\x12\x18\x12\
\xff\x13\x1d\x11\xff\x18\x1f\x17\xff\x13\x16\x14\xff\x18\x16\x0f\
\xff\x0f\x1b\x14\xff\x0a\x1d-\xff\x16\x1f1\xff#!\x1b\
\xff(\x22\x1d\xff(%&\xff#()\xff1:<\
\xff?FH\xffCFG\xffKNM\xff?EC\
\xff8DD\xff;IO\xff<EI\xff8BD\
\xff6BD\xff7CE\xff<DI\xffCGK\
\xffCJM\xffCKK\xffDLL\xffGNO\
\xffKPO\xffLQP\xffKPO\xffJON\
\xffHNM\xffJPP\xffNTT\xffJPN\
\xffFKI\xffEHG\xffEIH\xffDGE\
\xffGJG\xffEHF\xffAFD\xffAFD\
\xffAFD\xffFHF\xffFFD\xffIGC\
\xffMIE\xffHGA\xffDE>\xff3=G\
\xff5?I\xff0:D\xff-7A\xff.8B\
\xff0:D\xff7AK\xff8BL\xff4?I\
\xff6BL\xff1=G\xff0<F\xff3?I\
\xff2>H\xff1=I\xff4@L\xff4>K\
\xff5=J\xff0;G\xff'3?\xff*6B\
\xff9FR\xffJXd\xffM[g\xffGW`\
\xffBR]\xff<LX\xff6EP\xff09E\
\xff19F\xff9BM\xff>GQ\xff<GQ\
\xff9GQ\xff3BM\xff0>J\xff6DP\
\xff=KW\xff7EP\xff>MY\xffETa\
\xffBT_\xff=U`\xff;Wa\xff.EP\
\xff.;G\xff*3>\xff,;D\xff>RZ\
\xffHZf\xffHWf\xffHYf\xff?O\x5c\
\xff;KX\xff9IV\xff9JV\xff<M[\
\xff<M[\xff<LX\xff=L\x5c\xff=M[\
\xff3CO\xff0?M\xff4CR\xff6ER\
\xff9FU\xff5BR\xff5BR\xff1AO\
\xff4BR\xff=L]\xff6GU\xff0BM\
\xff1AP\xff5DT\xff9GV\xffCM^\
\xff=HV\xff>JV\xff=KV\xff-<H\
\xff5EQ\xff9JW\xff6GT\xff8HU\
\xff?O\x5c\xff?O\x5c\xff9IV\xff4DQ\
\xff;KX\xff>M]\xff>M]\xffDSc\
\xff@O_\xff3CS\xff0?O\xff)8H\
\xff0>O\xff<J[\xff>N[\xff;KW\
\xff4DQ\xff:JW\xff:KW\xff5EQ\
\xff2AQ\xff2@R\xff>L^\xff?M_\
\xff5CU\xff3BR\xff2AQ\xff6DU\
\xff<K[\xff>M]\xff;JZ\xff9IY\
\xff9IY\xff3BR\xff7FV\xff@N^\
\xff9HX\xff<K[\xff=L\x5c\xff8GW\
\xff1@P\xff/>N\xff:IY\xff<K[\
\xff8HX\xff9HW\xff-<I\xff*6D\
\xffHRa\xffBM\x5c\xff<GV\xff+7E\
\xff,8E\xff5?L\xff5BO\xff8FS\
\xff<JW\xff9FT\xff3@N\xff;HV\
\xff:GU\xff9FS\xff9ET\xff/:H\
\xff0;I\xff6AO\xff4@L\xff1=I\
\xff+7C\xff)3@\xff*6B\xff/:G\
\xff1<G\xff6CN\xff0<H\xff-9C\
\xff+9B\xff&5>\xff$0;\xff%.8\
\xff)2<\xff0=F\xff0>G\xff%1;\
\xff\x1a$-\xff\x16\x1b&\xff\x14\x1a$\xff\x1b#+\
\xff!(1\xff\x12\x1a\x22\xff\x0b\x13\x1a\xff\x0f\x17\x1b\
\xff\x0d\x13\x17\xff\x11\x15\x18\xff$)+\xff/27\
\xff--4\xff',.\xff$,/\xff&-0\
\xff#*-\xff%+0\xff!&*\xff\x17\x1c\x1d\
\xff\x1c!!\xff\x1e$$\xff\x1a\x1f \xff\x1b\x1f\x22\
\xff\x18\x1c \xff\x13\x19\x1b\xff\x0f\x13\x18\xff\x0e\x12\x19\
\xff\x0f\x14\x1b\xff\x15\x1b\x1f\xff\x14\x1a\x1b\xff\x0c\x13\x15\
\xff\x0d\x12\x17\xff\x16\x1c\x1e\xff\x13\x19\x17\xff\x0a\x11\x0d\
\xff\x0d\x19\x11\xff\x18\x22\x1c\xff\x13\x17\x17\xff\x10\x11\x10\
\xff\x0b\x1c\x1a\xff\x08$/\xff\x0f$.\xff\x1b%\x1d\
\xff$#\x1c\xff\x22\x22\x1d\xff!%&\xff/7:\
\xff5?@\xff7>=\xffDGC\xffEHC\
\xff2;<\xff/<D\xff;GL\xff;GI\
\xff9DF\xff>KM\xffEMT\xffGJT\
\xffDLQ\xffDMP\xffFNR\xffHOR\
\xffIPP\xffKPQ\xffNST\xffPTV\
\xffPWW\xffNUV\xffJQQ\xffION\
\xffKPO\xffJON\xffGJJ\xffFIG\
\xffEIG\xffAFD\xffFJH\xffFKH\
\xff@DB\xffCFD\xffIHF\xffLKF\
\xffJIC\xffGGA\xffGE@\xff1;E\
\xff.8B\xff0:D\xff/9C\xff.8B\
\xff2<F\xff4>H\xff/9C\xff.9C\
\xff3?I\xff0<F\xff0<F\xff8DN\
\xff5AK\xff2>J\xff2>J\xff1;H\
\xff3;H\xff5?L\xff+7C\xff%1=\
\xff8FR\xffM[g\xffO]i\xffKZf\
\xffIYe\xffGWc\xff?LX\xff@JW\
\xffAJW\xff=GQ\xff<FP\xff7CL\
\xff<IT\xff9GT\xff.<G\xff5CO\
\xff:HT\xff3@L\xff8GS\xff?O\x5c\
\xff;NU\xff:QX\xff5OU\xff6LS\
\xff8GN\xff/<B\xff/@G\xff/BH\
\xff8IQ\xff:FT\xff2@M\xff4CP\
\xff3CP\xff9JV\xff9LY\xff8MX\
\xff7JS\xff4EO\xff9HV\xff;KX\
\xff8HU\xff?O\x5c\xff<MZ\xff0?M\
\xff4AR\xff:GY\xff3AS\xff+9K\
\xff2AQ\xff<KY\xff5FO\xff3FM\
\xff9LU\xff;NX\xff7IS\xff@N\x5c\
\xff=MY\xff<KW\xff=MY\xff->I\
\xff5GR\xff<MZ\xffCS`\xff^n{\
\xffGWd\xff:IV\xff=MZ\xff3BO\
\xff3BP\xff=L\x5c\xff5DT\xff-<L\
\xff0?O\xff>M]\xffDSc\xff>M]\
\xff7FV\xff1?P\xff6FT\xff7HS\
\xff0@K\xff9HV\xff>M]\xff8GV\
\xff3BR\xff3BS\xff9GY\xff<J\x5c\
\xff;I[\xff@N_\xff=L\x5c\xff3BR\
\xff;JZ\xffBQa\xff@O_\xff>N^\
\xff;K[\xff3BR\xff4CS\xff=K\x5c\
\xff:IY\xff<K\x5c\xff<K[\xff<K[\
\xff-<L\xff4CS\xff<K[\xff<K[\
\xff=L]\xff8DS\xffKS[\xffy\x80\x85\
\xffhpw\xff<CN\xff+5B\xff-:F\
\xff-;G\xff7DP\xff5BP\xff2?N\
\xff<IW\xff9FT\xff3@N\xff8ES\
\xff8ES\xff9FT\xff:ES\xff6BM\
\xff3?J\xff/;F\xff0<H\xff(4@\
\xff#/;\xff)4@\xff*7C\xff-;G\
\xff7DP\xff2>J\xff(4>\xff4?I\
\xff:FO\xff6DL\xff5@H\xff6AI\
\xff5@H\xff2BJ\xff+;D\xff$18\
\xff\x1c',\xff\x14\x1d%\xff\x18!)\xff\x1d!*\
\xff\x17\x1a\x22\xff\x11\x16\x1d\xff\x13\x17\x1c\xff\x19 %\
\xff\x1e'+\xff )+\xff'00\xff).1\
\xff()/\xff'*/\xff%)-\xff\x1a!$\
\xff\x15\x1d!\xff\x19\x1e#\xff\x16\x1a\x1e\xff\x10\x16\x16\
\xff\x0e\x13\x14\xff\x0f\x14\x15\xff\x11\x17\x17\xff\x14\x19\x1a\
\xff\x17\x1c\x1d\xff\x1a\x1f \xff\x14\x1b\x1b\xff\x0e\x15\x18\
\xff\x0d\x13\x1a\xff\x0f\x15\x1b\xff\x0d\x15\x1a\xff\x05\x10\x15\
\xff\x09\x12\x19\xff\x0f\x15\x1a\xff\x0c\x11\x11\xff\x0d\x17\x15\
\xff\x0e\x1e\x1b\xff\x11\x1c\x16\xff\x0e\x13\x12\xff\x0a\x14\x10\
\xff\x0d\x1c\x16\xff\x10 \x1d\xff\x1a&\x1f\xff$0!\
\xff\x1d#\x1c\xff\x13\x19\x16\xff\x1a\x1d\x1e\xff159\
\xffEMN\xffSYX\xffbe`\xffZYU\
\xffABD\xff/9=\xff0>?\xff5BD\
\xff>JL\xffP\x5c^\xffV_d\xffNT^\
\xffEOV\xffDOS\xffDOR\xffFPR\
\xffHQT\xffLVX\xffPZ\x5c\xffSZ^\
\xffT\x5c_\xffR[Z\xffNTT\xffMSR\
\xffMSR\xffHNM\xffFKJ\xffGJI\
\xffDJG\xffAHE\xffFLJ\xffINL\
\xffFHG\xffIIF\xffOMI\xffKKH\
\xffFFA\xffGE@\xffHE@\xff,6@\
\xff$.8\xff)3=\xff0:D\xff3=G\
\xff9CM\xff1;E\xff%.8\xff+6@\
\xff)5?\xff.:D\xff5AK\xff6BL\
\xff9EO\xff6BM\xff2>J\xff5>K\
\xff5>K\xff9CP\xff8EQ\xff/;G\
\xff2?K\xffDR^\xffKYe\xffHWd\
\xffHXe\xffAQ]\xff2@L\xff5@L\
\xff<FS\xff9DN\xff7CM\xff9GP\
\xffAPZ\xffBP\x5c\xff6DP\xff3AM\
\xff;IU\xff9GS\xff;JV\xff:JV\
\xff6HQ\xff1DM\xff6FP\xff7IQ\
\xff7GO\xff5FL\xffEW_\xff<NT\
\xff/BH\xff,<G\xff*9E\xff4CO\
\xff7FQ\xff5EN\xff:MW\xff?S^\
\xff9KT\xff7HP\xff:JU\xff:JV\
\xff@O^\xffCSa\xff;LX\xff1BN\
\xff:HV\xff>L]\xff6FU\xff5ES\
\xff3CQ\xff3CN\xff4DN\xff6FP\
\xff<MW\xff=OZ\xff5GR\xff;KW\
\xffDT`\xffBR^\xff:JV\xff<MY\
\xff>O[\xff@P]\xffCR_\xffQan\
\xffBR_\xff:JW\xff@Q]\xffCP^\
\xff8ET\xff;K[\xff?N^\xff%4D\
\xff\x16%5\xff,;K\xff:IY\xff=L\x5c\
\xff8GX\xff4BT\xff6FU\xff;KW\
\xff9IS\xff3BQ\xff7EX\xff<J\x5c\
\xff>L]\xff=L[\xff5DT\xff9IY\
\xff?N_\xff6FU\xff<LZ\xffDSa\
\xff:JX\xff7HU\xff>N[\xffBR_\
\xff8HV\xff:JW\xffCSa\xff<KY\
\xff8HW\xff<L[\xff7FV\xff8GW\
\xff;JZ\xff:IY\xff:IY\xff9HX\
\xff4BT\xff5CR\xff[en\xffs}\x82\
\xff>IQ\xff/9E\xff:CP\xff5AN\
\xff2AO\xff8GU\xff5DQ\xff,9I\
\xff.;I\xff/<J\xff-;H\xff3@N\
\xff4AO\xff7DU\xff5BM\xff3@I\
\xff6BL\xff1=G\xff/;F\xff,8C\
\xff(4?\xff/;F\xff6DQ\xff1BM\
\xff3AO\xff,9E\xff'2<\xff+4>\
\xff.8@\xff.9B\xff,6?\xff.:@\
\xff(4;\xff\x22-4\xff )0\xff\x1f',\
\xff\x18\x1e#\xff\x19\x1d$\xff %-\xff %+\
\xff\x1b\x1e%\xff\x1c %\xff\x1f#'\xff\x22(,\
\xff!)-\xff\x1f',\xff#-2\xff\x1f&(\
\xff\x1c\x1f#\xff\x19\x1c \xff\x14\x18\x1a\xff\x11\x16\x18\
\xff\x10\x18\x1a\xff\x12\x18\x1b\xff\x14\x18\x1d\xff\x15\x19\x1d\
\xff\x0d\x11\x14\xff\x07\x0b\x0e\xff\x08\x0c\x0f\xff\x06\x0a\x0b\
\xff\x0d\x12\x13\xff\x1a!!\xff\x1b##\xff\x18\x1d\x1f\
\xff\x0f\x17\x16\xff\x0d\x16\x14\xff\x10\x1b\x1a\xff\x08\x16\x17\
\xff\x05\x12\x17\xff\x04\x0d\x13\xff\x10\x14\x17\xff\x17\x22\x1b\
\xff\x11\x22\x17\xff\x0e\x19\x19\xff\x0a\x15\x0f\xff\x07\x15\x08\
\xff\x0b\x17\x0a\xff\x18!\x14\xff\x1c'\x1a\xff\x16#\x1b\
\xff\x10\x17\x18\xff\x0f\x11\x0f\xff\x16\x13\x0f\xff+*(\
\xffDMN\xffANQ\xffOXX\xffhie\
\xffdb`\xffIOO\xff+87\xff&45\
\xff=IM\xffLV[\xffGQW\xffAKR\
\xff@LQ\xffAKQ\xffAMR\xffCPT\
\xffHTY\xffN[^\xffQ_a\xffQ]`\
\xffP[^\xffS[]\xffQXX\xffKSS\
\xffGML\xffION\xffMRQ\xffHLJ\
\xffFKI\xffGLJ\xffGLJ\xffKOM\
\xffPMK\xffNLH\xffMJF\xffJHD\
\xffIGC\xffIFA\xffGD?\xff*4>\
\xff'1;\xff(2<\xff,7@\xff2<F\
\xff6@J\xff1:D\xff,6@\xff2>H\
\xff3?I\xff5AK\xff:FP\xff6BL\
\xff3?I\xff1=H\xff5@K\xff3>I\
\xff5?L\xff8AO\xff7CO\xff7CO\
\xff4BN\xff8GS\xff;KW\xff<KX\
\xff9GV\xff4CQ\xff4CO\xff:GS\
\xffAMX\xff9FR\xff4DN\xff<JS\
\xff=JT\xff?LX\xff<JV\xff;JU\
\xff<JU\xff9HU\xff7GT\xff:JW\
\xff<K[\xff9FU\xff;CQ\xff;GS\
\xff8JT\xff4GO\xff;MU\xff>PV\
\xff9MT\xff3JQ\xff:NU\xff;MT\
\xff9IQ\xff2AJ\xff:KT\xff>QZ\
\xff<OW\xff@RY\xff:LU\xff:JV\
\xff?O]\xff9IW\xff4DQ\xff?M[\
\xff:KT\xff2DL\xff8IR\xff>PW\
\xff>OZ\xff9HU\xff=KZ\xff?L]\
\xff@O]\xff=MZ\xff7GU\xff5DT\
\xff7FV\xff=M\x5c\xff:IY\xff8HX\
\xff?O_\xff?O\x5c\xff8HU\xff7GT\
\xff<JW\xff>LY\xff;IV\xff>KY\
\xff@M\x5c\xff@M]\xff=L\x5c\xff:IY\
\xff5DT\xff5CS\xff5BR\xff5CS\
\xff8GX\xff9HZ\xff=M\x5c\xff;JU\
\xff5FO\xff2AQ\xff3AU\xff9GZ\
\xffAO`\xff>O^\xff3DS\xff5EU\
\xff=O^\xff6HU\xff5GR\xff@Q\x5c\
\xff=O[\xff?P\x5c\xff?P\x5c\xff<MY\
\xff4DQ\xff7GT\xffCS`\xff?P]\
\xff8IV\xff;LY\xff5DT\xff6EU\
\xff;JZ\xff2AQ\xff3BR\xff9HW\
\xff;I[\xff:IY\xff?PZ\xff5DO\
\xff-<I\xff<IY\xff?M]\xff7GV\
\xff5AP\xff2?K\xff.?J\xff&4D\
\xff'3C\xff.;I\xff2?M\xff6CQ\
\xff5BP\xff4AO\xff.:F\xff,7@\
\xff6AI\xff6CJ\xff/;B\xff.:A\
\xff1>D\xff7BJ\xff:IQ\xff0CJ\
\xff)9F\xff)8D\xff&4;\xff\x1d(1\
\xff\x1a#-\xff\x19$+\xff\x17 '\xff\x1b&+\
\xff\x1b#&\xff\x12\x16\x1c\xff\x12\x16\x1b\xff\x13\x16\x1a\
\xff\x0e\x11\x15\xff\x0f\x12\x17\xff\x0f\x14\x18\xff\x13\x18\x1b\
\xff\x15\x1a\x1e\xff\x14\x18\x1d\xff\x12\x18\x1c\xff\x17\x1c\x1e\
\xff\x19\x1c!\xff\x17\x1a\x22\xff\x16\x1c#\xff\x11\x17\x1c\
\xff\x0f\x12\x15\xff\x0a\x0f\x0e\xff\x07\x0c\x0b\xff\x1c  \
\xff\x22((\xff\x1c!%\xff\x18\x1c \xff\x15\x19\x1d\
\xff\x12\x17\x1b\xff\x0f\x14\x18\xff\x11\x14\x18\xff\x10\x13\x13\
\xff\x06\x0e\x0d\xff\x11\x18\x17\xff\x1c'\x22\xff\x17\x22\x1d\
\xff\x0e\x1a\x11\xff\x14!\x14\xff\x1a(!\xff\x12\x1e\x1e\
\xff\x0d\x17\x1a\xff\x0a\x13\x14\xff\x13\x18\x15\xff\x14\x1e\x13\
\xff\x12\x1b\x12\xff\x1b\x1a\x13\xff\x06\x14\x0f\xff\x05\x19!\
\xff\x12\x1e.\xff\x15\x1d\x1b\xff\x0b\x1c \xff\x07\x1c@\
\xff\x13\x1e-\xff\x16\x1a\x18\xff+)'\xffFFD\
\xff09;\xff#.0\xff.44\xffLLJ\
\xffida\xfffea\xffDNL\xff.;;\
\xff(48\xff\x22-5\xff-7=\xff8EH\
\xff>KO\xffCNU\xffGSY\xffJV\x5c\
\xffM[`\xffP`e\xffSfj\xffSeh\
\xffO_a\xffQ[\x5c\xffRYY\xffKSR\
\xffGMM\xffHML\xffFKJ\xffEJH\
\xffLQO\xffLQO\xffJNK\xffLMJ\
\xffMHH\xffLHF\xffKGD\xffKGD\
\xffHEA\xffIFC\xffLHG\xff0;C\
\xff,7?\xff&19\xff)5;\xff0;C\
\xff/9C\xff+5?\xff3>H\xff6BL\
\xff6BL\xff3?I\xff8DN\xff8DN\
\xff1=G\xff3?I\xff:FP\xff8DN\
\xff8BN\xff7AN\xff3?K\xff8DP\
\xff<IU\xff8DQ\xff4@M\xff7DR\
\xff5AN\xff9ER\xff=JU\xff:GS\
\xff>JW\xff<HT\xff:HU\xff;HS\
\xff9FO\xff8GP\xff3AL\xff5CP\
\xff:FT\xff;GV\xff4BP\xff-:H\
\xff0<K\xff;GU\xff>JW\xff7EQ\
\xff.AK\xff3GO\xff:MO\xffCUV\
\xff?RW\xff@T[\xff>RY\xff2DK\
\xff-?E\xff2BJ\xff:JU\xff;LX\
\xff=OX\xff?NV\xff:JT\xff=MW\
\xff@O\x5c\xff=LZ\xff<LZ\xffFRb\
\xffBR[\xff0CI\xff-?G\xff<MW\
\xffDT`\xffCR_\xffEQ^\xff@LZ\
\xff9FU\xff<KX\xff@O]\xff=L\x5c\
\xff1@P\xff8GW\xff?O]\xff=M[\
\xff=M\x5c\xff<K\x5c\xff@O_\xffAO`\
\xff?N\x5c\xffCS`\xff?O\x5c\xff9IU\
\xff8HU\xff?N]\xff:IY\xff<K[\
\xffCRb\xff>M]\xff@N^\xff7ET\
\xff3@P\xff8FW\xff;K[\xff5FS\
\xff3DP\xff>N]\xff>N^\xff9IW\
\xff?N\x5c\xff;MZ\xff1BQ\xff0?O\
\xff2?O\xff7BR\xff<IY\xff=Q^\
\xffCYf\xff@R`\xff3BP\xff5DR\
\xff@P_\xff6ET\xff3CR\xff;L\x5c\
\xff<L\x5c\xff:JZ\xff;JZ\xff=L\x5c\
\xff:IY\xff-<L\xff0?O\xff<K[\
\xffAO`\xff?N^\xff:JW\xff9JW\
\xff=MZ\xff;JZ\xff;JY\xff4DP\
\xff*8E\xff.=H\xff0AL\xff*9G\
\xff.:H\xff7EQ\xff:HU\xff4AN\
\xff2@L\xff/=H\xff3@J\xff.=C\
\xff&4:\xff)5:\xff(49\xff,8>\
\xff.9?\xff&18\xff(6>\xff);?\
\xff!08\xff\x1e+4\xff\x19&-\xff\x11\x1c)\
\xff\x11\x19#\xff\x14\x1b\x1f\xff\x0c\x12\x13\xff\x0c\x13\x12\
\xff\x10\x14\x16\xff\x0f\x12\x1b\xff\x09\x0c\x15\xff\x0f\x0f\x14\
\xff\x15\x14\x17\xff\x0e\x14\x16\xff\x09\x10\x13\xff\x0c\x10\x14\
\xff\x0e\x13\x14\xff\x0c\x10\x10\xff\x0e\x0e\x0f\xff\x0c\x0c\x0d\
\xff\x05\x0b\x0e\xff\x07\x10\x13\xff\x0a\x0c\x0e\xff\x0b\x0b\x10\
\xff\x0e\x10\x15\xff\x0a\x11\x10\xff\x16\x19\x13\xff*&'\
\xff,*2\xff-25\xff'./\xff\x17\x1c\x1f\
\xff\x13\x16\x17\xff\x0f\x12\x13\xff\x10\x15\x16\xff\x18\x1c\x1c\
\xff\x1b \x1c\xff!(#\xff\x17,)\xff\x09!&\
\xff\x08\x19\x17\xff\x16$\x16\xff\x1a+&\xff\x10\x1e#\
\xff\x0a\x16\x18\xff\x18$\x17\xff\x14$\x13\xff\x09\x19$\
\xff\x09\x19?\xff\x1d#2\xff\x0f&S\xff\x05!\x7f\
\xff\x13\x19S\xff\x14\x1a\x16\xff\x0f!$\xff\x11*=\
\xff\x0e $\xff\x16$\x22\xff:B=\xffAB@\
\xff$'*\xff\x1d$\x1e\xff$&\x22\xff&%*\
\xffDEF\xffbf`\xff]ec\xffHRR\
\xff+57\xff)68\xff:GJ\xff>KK\
\xffBNM\xffKVX\xffR^c\xffSah\
\xffN`h\xffNbi\xffTgo\xffUfk\
\xffO]^\xffNVU\xffMTR\xffION\
\xffFKI\xffBGD\xff=C?\xffAGB\
\xffKPL\xffNSP\xffLNI\xffGFB\
\xffIFC\xffKGD\xffJFB\xffKID\
\xffMID\xffLHD\xffNJF\xff0;B\
\xff0<C\xff+6>\xff)4;\xff,7>\
\xff&19\xff!-7\xff)6@\xff-8B\
\xff+7A\xff,8B\xff+7A\xff2>H\
\xff2>H\xff1=G\xff2>H\xff2?G\
\xff5AK\xff7CN\xff5AM\xff4?M\
\xff:GR\xff7BM\xff0<G\xff5AM\
\xff:FR\xff8DP\xff4@L\xff5CN\
\xff9DQ\xff8BN\xff9ER\xff;GS\
\xff=LS\xff1BI\xff1@I\xff;HU\
\xff?LZ\xff:GT\xff4AO\xff1>N\
\xff7BO\xff=JW\xff9HT\xff2CM\
\xff0BI\xff7KQ\xff@RU\xff>PQ\
\xff;NR\xff>QY\xff;NT\xff2EK\
\xff9KS\xff<NX\xff<KY\xff?N]\
\xffAP\x5c\xff@MY\xff>KX\xff>LX\
\xffAN\x5c\xffGTc\xffGUc\xffGSc\
\xffDS_\xff=PY\xff<OX\xff:JV\
\xff8HT\xff@P\x5c\xff@OZ\xff7FR\
\xff3BO\xff9HU\xff:JW\xff;KW\
\xff<MY\xff?O[\xff:JW\xff>N[\
\xff@P]\xff:IZ\xff:HY\xff<K\x5c\
\xffAQa\xff?O\x5c\xffDT`\xffJZe\
\xff8HT\xff/?N\xff3CS\xff.?N\
\xff1AR\xff:KZ\xff<MY\xff7CQ\
\xff5@N\xff8GV\xff;K\x5c\xff<L\x5c\
\xff7FW\xff:JY\xff8IV\xff1AN\
\xff6FR\xff:LY\xff;K[\xff@N^\
\xff2>N\xff,7H\xff<J[\xff=P`\
\xff8N]\xff8KZ\xff5CS\xff2@P\
\xff@O_\xff<K\x5c\xff7GW\xff9IY\
\xff;K[\xff=M]\xff;JZ\xff;JZ\
\xff@O_\xff<K[\xff8GW\xff<K[\
\xff8GX\xff:IY\xff3CP\xff7GT\
\xff<LX\xff;KX\xff>NZ\xff3CN\
\xff$4@\xff9IU\xffCS`\xff8FT\
\xff0<I\xff/=I\xff)7C\xff(6B\
\xff4BO\xff2AL\xff0=I\xff-;F\
\xff*8B\xff+8B\xff)4=\xff,5A\
\xff+3>\xff\x1f)3\xff\x1f)2\xff\x1f'.\
\xff\x1b\x1d&\xff\x14\x14\x19\xff\x10\x13\x1a\xff\x17\x1c-\
\xff\x0e\x13\x19\xff\x0b\x0b\x11\xff\x05\x09\x09\xff\x08\x0d\x09\
\xff\x0c\x10\x0f\xff\x0a\x12\x18\xff\x09\x11\x17\xff\x0b\x0e\x10\
\xff\x0f\x0e\x0e\xff\x0c\x10\x0f\xff\x0a\x0f\x10\xff\x0e\x10\x13\
\xff\x0d\x14\x15\xff\x0c\x14\x0f\xff\x0f\x10\x0d\xff\x10\x0b\x0e\
\xff\x0b\x07\x0e\xff\x09\x08\x0d\xff\x0e\x0c\x0b\xff\x15\x12\x15\
\xff\x15\x17\x1c\xff\x13\x1c\x1b\xff\x1e\x1e!\xff) (\
\xff/+/\xff9><\xff;BB\xff%)0\
\xff\x14\x15\x1a\xff\x15\x11\x16\xff\x12\x15\x19\xff\x13\x1d\x1e\
\xff(&'\xff)*4\xff\x102d\xff\x09-\x99\
\xff\x02$j\xff\x0c*'\xff\x18((\xff\x1a&/\
\xff\x0d\x1c\x1b\xff\x173\x22\xff\x1dBZ\xff\x05'\x94\
\xff\x052\xaa\xff\x0d2x\xff\x122t\xff\x09 \x81\
\xff\x08\x120\xff\x0f\x14\x0a\xff\x12'\x1c\xff\x18+\x1f\
\xff\x0f\x1d\x0e\xff\x14'\x1e\xff+94\xff-0/\
\xff)+'\xff--&\xff2.)\xff-*+\
\xff),.\xffAHE\xffage\xff[aa\
\xffHMP\xff<GK\xff=JL\xffDPR\
\xffCPN\xffEPP\xffLX\x5c\xffN]d\
\xffN\x5ce\xffL\x5cc\xffQ`e\xffO\x5c`\
\xffJVV\xffNTS\xffJPN\xffGMK\
\xffFKI\xffFJH\xffHKH\xffHKH\
\xffGKH\xffBGF\xffACA\xffEEB\
\xffHGD\xffJGC\xffIGB\xffIHD\
\xffIFD\xffJFB\xffJFA\xff%08\
\xff*5=\xff(3;\xff,7?\xff2=E\
\xff/;C\xff*6@\xff(4>\xff1=G\
\xff1=G\xff+7A\xff)5?\xff2>H\
\xff8DN\xff2>I\xff+7A\xff*7?\
\xff,8A\xff1=G\xff7CM\xff0;H\
\xff2?J\xff<HR\xff;GQ\xff@LV\
\xff?KW\xff8DP\xff8DP\xff=IU\
\xff6BN\xff.9E\xff5BM\xff=HT\
\xff8CN\xff,:C\xff,;E\xff3AM\
\xff7DR\xff5CP\xff6ES\xff=L\x5c\
\xff?KV\xff;GR\xff7EP\xff8GU\
\xff7FS\xff5FQ\xff8HP\xff5FL\
\xff8IS\xff5ER\xff8IQ\xff<NU\
\xff<MW\xff;LX\xff8GV\xff7FW\
\xff;JX\xff8ER\xff<IW\xffCP^\
\xff?MZ\xff9GS\xff2AL\xff7EQ\
\xff<KX\xff9KV\xff@R^\xff?P^\
\xff:JW\xff@P\x5c\xff4DS\xff0@M\
\xff?O[\xff?O\x5c\xff:JW\xff9IV\
\xff=MZ\xff>N[\xff7GT\xff8IU\
\xff=M[\xff=K\x5c\xff8GX\xff6FU\
\xff5DS\xff3CP\xff0@M\xff9IU\
\xff<MY\xff8GW\xff8HW\xff:K[\
\xff=M]\xff<N\x5c\xff4ER\xff:HU\
\xff;HU\xff:IW\xff;KZ\xffDSc\
\xffAQ_\xff7GU\xff0?M\xff'5C\
\xff/?L\xff;L[\xff;K[\xff9IX\
\xff6DT\xff7EU\xff?N^\xff=M]\
\xff:KZ\xffAQa\xffDTb\xffAP`\
\xffAPa\xffBRc\xff=M^\xff=M\x5c\
\xff=M]\xff<L\x5c\xff@O_\xffCQb\
\xff?N^\xffAP`\xff:IY\xff;JZ\
\xff=L\x5c\xff9IW\xff5EQ\xff3CQ\
\xff:JW\xff<LY\xff6FS\xff+;G\
\xff0@L\xff8HU\xff.>K\xff2AN\
\xff4@N\xff-:H\xff.;I\xff3@N\
\xff4BP\xff/=J\xff*5A\xff.:F\
\xff3AO\xff4AO\xff1<J\xff)1B\
\xff\x1e%2\xff\x1a!'\xff\x18\x1e-\xff\x0c\x11)\
\xff\x10\x10&\xff\x18\x17\x18\xff\x0c\x16\x11\xff\x0c\x17\x1a\
\xff\x0f\x12\x0e\xff\x10\x11\x0b\xff\x07\x0e\x0b\xff\x08\x0b\x0d\
\xff\x0a\x0e\x10\xff\x05\x0f\x12\xff\x08\x10\x12\xff\x09\x0d\x0c\
\xff\x0c\x0c\x0b\xff\x0e\x0b\x0b\xff\x0d\x0c\x0c\xff\x09\x0a\x0a\
\xff\x0c\x0f\x12\xff\x0a\x10\x12\xff\x0b\x0f\x11\xff\x10\x13\x14\
\xff\x15\x12\x14\xff\x14\x0f\x12\xff\x15\x16\x19\xff\x12\x13\x18\
\xff\x10\x17\x17\xff\x16#\x1d\xff\x1f#$\xff0(2\
\xff630\xff8>2\xffCED\xffGBH\
\xff:9;\xff:;8\xff967\xff,03\
\xff,-4\xff\x1b!2\xff\x152z\xff\x17P\xd0\
\xff\x0e?\x90\xff\x1711\xff\x1c*)\xff\x22/0\
\xff#.)\xff\x17,\x18\xff\x14=[\xff\x0dG\xc7\
\xff\x0fG\xc4\xff\x11.W\xff\x13!\x1e\xff\x12!+\
\xff\x0a#P\xff\x0e+p\xff\x1a4B\xff\x1e-\x1f\
\xff *\x1d\xff,3+\xff122\xff650\
\xff13.\xff..0\xff745\xff:77\
\xff562\xff054\xff:??\xffAGF\
\xffINP\xff5>A\xff.6:\xff=DK\
\xff:EJ\xff8BG\xff;FJ\xffCOR\
\xffLUZ\xffJTX\xffJTU\xffIST\
\xffMVV\xffTZX\xffPVU\xffIOO\
\xffGML\xffKOO\xffNPQ\xffOQQ\
\xffHKK\xff?ED\xffABB\xffGHG\
\xffEED\xffIEC\xffKHF\xffGFE\
\xffHFE\xffHE@\xffFC=\xff\x1d(0\
\xff&19\xff-8?\xff7AH\xff9CL\
\xff4@J\xff3?I\xff(4>\xff*6@\
\xff5AJ\xff7CM\xff6BL\xff4@J\
\xff7CM\xff:FO\xff/;F\xff#/:\
\xff&3;\xff0=E\xff2?G\xff0<F\
\xff1=F\xff2>H\xff7CM\xff<HR\
\xff8DP\xff8DP\xff:FR\xff@LX\
\xff?KW\xff.:F\xff)5A\xff.:F\
\xff+5B\xff4>J\xff6BN\xff5BN\
\xff8ES\xff4CQ\xff4DQ\xff:JW\
\xff<HR\xff:FP\xff<JW\xff=MY\
\xff2BO\xff.>K\xff4BO\xff2BN\
\xff3CQ\xff7GV\xff:JV\xff->J\
\xff+;H\xff8HT\xff=L\x5c\xff<J\x5c\
\xff:GX\xff:GV\xff;HX\xff=JY\
\xff>LY\xff3BK\xff,;D\xff6EM\
\xff<NX\xff>O[\xff<MZ\xff<M[\
\xff?O_\xff?O_\xff9IZ\xff<K\x5c\
\xffAP`\xff=MZ\xff:JW\xff1AN\
\xff0@M\xff:JW\xff@P]\xff8HU\
\xff4DQ\xff;IZ\xff?N^\xff:IY\
\xff1AN\xff3CP\xff5ER\xff1AN\
\xff5ER\xff8GW\xff1@Q\xff6FW\
\xff@Q^\xff7IT\xff5FS\xff<MZ\
\xff5ES\xff:IY\xff9HX\xff5DT\
\xff;KW\xff9IV\xff<LY\xff6ER\
\xff-=J\xff2?O\xff/=M\xff1@P\
\xff<L\x5c\xff=Q`\xff7IX\xff8GW\
\xffCQa\xffDSc\xffAR_\xff@P^\
\xffBQb\xffHXh\xff?O_\xff:JZ\
\xff:JZ\xff;K[\xff=M[\xff;KX\
\xff9IV\xff=LZ\xff3CQ\xff6FS\
\xff;KX\xff9HU\xff6DS\xff8FT\
\xff>LY\xff7DR\xff.<H\xff/=I\
\xff6EQ\xff.<I\xff%4A\xff2BO\
\xff;HV\xff5BP\xff8FS\xff9FT\
\xff2?M\xff1?K\xff5BI\xff3CH\
\xff3EL\xff5FM\xff-=G\xff+8B\
\xff\x1c&*\xff\x0c\x13\x0d\xff\x16\x199\xff\x0d\x19n\
\xff\x09\x10A\xff\x13 \x1a\xff\x0e!\x12\xff\x01\x10\x0c\
\xff\x0b\x0c\x0d\xff\x14\x17\x10\xff\x0c\x14\x15\xff\x0a\x09\x13\
\xff\x0c\x0b\x12\xff\x07\x0c\x0f\xff\x09\x0f\x0e\xff\x07\x0c\x0a\
\xff\x0b\x0c\x0c\xff\x0d\x08\x0d\xff\x0e\x0c\x0e\xff\x0e\x11\x0f\
\xff\x0e\x14\x14\xff\x0b\x10\x18\xff\x0a\x0f\x14\xff\x0d\x13\x12\
\xff\x10\x13\x14\xff\x11\x13\x16\xff\x13\x15\x19\xff\x0e\x13\x13\
\xff\x0d\x14\x1a\xff\x15 $\xff (\x22\xff4/2\
\xff=79\xff:>2\xffBA7\xffPGD\
\xffPJD\xffLID\xffJB@\xff567\
\xff\x22.2\xff#31\xff\x1b/?\xff\x0f*H\
\xff%=E\xff.<@\xff (0\xff0?=\
\xff8I:\xff\x17'\x18\xff\x0f!\x1f\xff\x13.B\
\xff\x12+5\xff\x22\x1c\x12\xff#+)\xff\x12S\x96\
\xff\x03I\xcf\xff\x10B\x9c\xff\x2220\xff#0\x1c\
\xff\x221(\xff0:6\xff:67\xff821\
\xff43.\xff745\xff499\xff478\
\xff999\xff;<>\xff.01\xff698\
\xffOSQ\xffSXY\xffIMP\xff:?E\
\xff6?C\xff;DH\xff<HI\xffEPN\
\xffNWV\xffKUT\xffMVU\xffV\x5c\x5c\
\xffY]^\xff[a`\xffY__\xffSXX\
\xffJNO\xffEIJ\xffHKL\xffLNN\
\xffLNN\xffFIH\xffFHH\xffGHH\
\xffDFF\xffJGG\xffKIH\xffHFE\
\xffIFE\xffHEA\xffGD?\xff(2;\
\xff#-6\xff(3;\xff5>G\xff6@J\
\xff*5>\xff/;E\xff,8C\xff!-8\
\xff,8C\xff7CM\xff9EO\xff7CN\
\xff/;F\xff3?I\xff;GR\xff,8C\
\xff)6>\xff1>G\xff)6?\xff-9D\
\xff2>H\xff.:D\xff/;E\xff5AK\
\xff;GS\xff<HT\xff:FR\xff8DP\
\xff>JV\xff9EQ\xff3>K\xff8CP\
\xff:GS\xff9FR\xff8EQ\xff=JV\
\xffAO[\xff9IU\xff7GS\xff7HS\
\xff:FP\xff:FR\xff@N]\xff?N_\
\xff9FY\xff7EX\xff>K[\xff<JZ\
\xff:IY\xff>M[\xff@O^\xff6ES\
\xff4DP\xff;JW\xff8GU\xff6EV\
\xff:GY\xff:GW\xff6CT\xff7DS\
\xff?LZ\xff>KX\xff>KX\xffES]\
\xff@R\x5c\xffBT`\xffBS`\xff=N[\
\xffAR_\xff:JX\xff7HW\xff;JZ\
\xff5DS\xff5ER\xff1AN\xff'7D\
\xff2BO\xffAQ^\xffCS`\xff;KX\
\xff3CP\xff4DS\xff1@N\xff*:G\
\xff7GT\xff?O\x5c\xff=MZ\xff4DQ\
\xff9IV\xff8HW\xff0>O\xff+:K\
\xff4DQ\xff6FR\xff2CP\xff8IU\
\xff;MZ\xff:KY\xff=KZ\xff9HW\
\xff>O\x5c\xffCS`\xff?O\x5c\xff?P]\
\xffDUb\xff;GW\xff4AQ\xff;JZ\
\xffBSc\xff=Tc\xff1ET\xff6FV\
\xff>M]\xff7GV\xff8IU\xff<MZ\
\xff<M[\xff?O]\xff=M\x5c\xff2BR\
\xff0@P\xff0AO\xff3CP\xff6FS\
\xff8HU\xff;KW\xff4DQ\xff9IV\
\xff7GU\xff4CP\xff:FS\xff6CO\
\xff-:H\xff0=K\xff3@N\xff7DQ\
\xff:FT\xff:GU\xff8HU\xff6FS\
\xff7DR\xff3@N\xff.;I\xff.;I\
\xff1?L\xff5CN\xff5AG\xff1?D\
\xff0AH\xff.AH\xff\x224<\xff\x1e-3\
\xff\x1e*,\xff\x12\x1a\x17\xff\x10\x19&\xff\x16#]\
\xff\x17\x1cB\xff\x0f\x1d\x15\xff\x11\x19\x11\xff\x06\x10\x11\
\xff\x0f\x10\x13\xff\x12\x15\x14\xff\x0d\x11\x11\xff\x0d\x0c\x0b\
\xff\x0e\x0c\x0a\xff\x07\x0b\x09\xff\x09\x0f\x0e\xff\x0b\x11\x0f\
\xff\x09\x0f\x0f\xff\x04\x08\x08\xff\x0a\x0c\x0a\xff\x0e\x11\x11\
\xff\x0e\x15\x14\xff\x10\x17\x16\xff\x0e\x15\x0e\xff\x0b\x13\x1d\
\xff\x08\x11D\xff\x0a\x0fF\xff\x0b\x0f\x1d\xff\x0d\x16\x0d\
\xff\x11\x127\xff\x11\x11A\xff!$4\xff112\
\xff;5<\xff<<;\xffEC9\xffGA=\
\xffGC9\xffH<<\xff5/2\xff\x1b'\x1f\
\xff\x17+(\xff/:<\xff'.,\xff\x1d\x1f\x17\
\xff:<5\xff7@L\xff\x17\x1f2\xff\x1e-;\
\xff%76\xff\x0f\x22 \xff\x11\x1c\x18\xff\x1d\x1b\x17\
\xff#%\x11\xff\x1b\x22\x16\xff\x1e/B\xff\x10[\xa8\
\xff\x0dN\x9c\xff\x15-<\xff\x1f$\x19\xff-60\
\xff08,\xff61+\xff>5/\xff410\
\xff022\xff624\xff;14\xff952\
\xff995\xff>?>\xff=@=\xff=><\
\xffJKG\xff_b`\xffbfe\xffNRS\
\xff>EF\xff2<;\xff6CA\xffANL\
\xffHTR\xffMZX\xffMXW\xffS]]\
\xffV^^\xffW\x5c]\xffW[\x5c\xffSXY\
\xffMQR\xffEIJ\xffCFE\xffGII\
\xffNPP\xffLNN\xffFHH\xffEGG\
\xffGHH\xffDEE\xffHJH\xffLLK\
\xffJFE\xffFC?\xffHF@\xff+5?\
\xff+5?\xff/9C\xff3<G\xff2<F\
\xff.9B\xff3?J\xff.:G\xff+7C\
\xff)5A\xff'3?\xff-9E\xff4@L\
\xff/;G\xff-9E\xffDP\x5c\xffHU]\
\xffCPX\xff>JT\xff7BN\xff&1?\
\xff'3?\xff8DN\xff1=G\xff2>H\
\xff7CN\xff3?K\xff5AM\xff7CO\
\xff3>J\xff9EQ\xffBMY\xff=JW\
\xff:HT\xff7DQ\xff7EQ\xff7EQ\
\xff8HS\xff8HR\xff:IV\xff6DP\
\xff6BL\xff9DQ\xff>KZ\xff<J[\
\xff=L\x5c\xff=M[\xff?LZ\xff>JZ\
\xff:GW\xff=JZ\xffDQa\xffCO_\
\xff<IV\xff;HV\xff>KY\xff7DT\
\xff<JY\xff<IW\xff<IW\xffAN\x5c\
\xffDQ_\xffDQ`\xffFTa\xffGTa\
\xffAR^\xff>O\x5c\xff=N[\xff9JV\
\xff.?K\xff0AM\xff;LY\xff=MZ\
\xff:JV\xff9IV\xff9HU\xff3BP\
\xff9IV\xff;KX\xff8HU\xff8HU\
\xffEUb\xffEUb\xff1AN\xff1AN\
\xff?O\x5c\xff9IV\xff<LY\xff;KX\
\xff=M[\xff=L\x5c\xff:IX\xff8GW\
\xff7GU\xff;KX\xff;LY\xff<LY\
\xff=P\x5c\xff<O[\xff=LY\xff;LX\
\xff?P]\xffCTa\xff@Q^\xff6GT\
\xff9MX\xff?O]\xff>M]\xffAP`\
\xff@P`\xff=P_\xff=P_\xff?P`\
\xff:IY\xff4DS\xff3DQ\xff0BN\
\xff)9F\xff\x222?\xff,;H\xff6FS\
\xff:HV\xff7DR\xff8HU\xff9JW\
\xff6FS\xff6FS\xff4DQ\xff9IV\
\xff9IW\xff;JX\xff>KW\xff(5@\
\xff\x0e\x1c'\xff!/=\xff7DS\xff?LZ\
\xff:HV\xff?M[\xff;IW\xff3BO\
\xff6DQ\xff5CP\xff2@M\xff3AL\
\xff6EO\xff6DP\xff4?J\xff6@M\
\xff/;I\xff+9G\xff-:H\xff\x1b(2\
\xff\x15!(\xff\x1e)+\xff\x12\x1c \xff\x10\x15\x18\
\xff\x1c\x1e\x1c\xff\x18\x1b\x15\xff\x18\x13\x14\xff\x0e\x0e\x14\
\xff\x09\x0c\x0f\xff\x0a\x0c\x09\xff\x09\x09\x03\xff\x08\x0c\x03\
\xff\x0b\x0e\x09\xff\x09\x0b\x09\xff\x05\x0a\x0b\xff\x0a\x10\x11\
\xff\x0b\x14\x13\xff\x07\x11\x0c\xff\x0d\x14\x0c\xff\x0e\x12\x12\
\xff\x0e\x11\x15\xff\x0f\x15\x10\xff\x11\x19\x0d\xff\x0f\x19-\
\xff\x0a\x14j\xff\x11\x15q\xff\x1c#3\xff *$\
\xff\x12\x15?\xff\x07\x08;\xff )0\xff,2(\
\xff,.0\xff88<\xffFCD\xffB@B\
\xffCF:\xff@B7\xff$*+\xff!3*\
\xff-?8\xff)08\xff+0?\xff -3\
\xff\x1e&0\xff\x1e#6\xff\x17\x1d-\xff\x1b(.\
\xff!./\xff\x14#%\xff\x10\x1d!\xff\x11\x1d%\
\xff\x10!\x1d\xff\x0d\x1f\x17\xff\x16&\x1f\xff\x0f!\x1c\
\xff\x19 \x11\xff\x22#\x0e\xff\x1d-N\xff+5W\
\xff1.!\xff),*\xff-2C\xff//3\
\xff+1.\xff+-.\xff3/)\xff85-\
\xff553\xff665\xff9:8\xff8:6\
\xff773\xffIIE\xff_c_\xffekf\
\xffKQN\xff297\xff3=>\xff0>=\
\xff6DB\xffFTR\xffKXW\xffPZZ\
\xffRZ[\xffPVV\xffOTU\xffQVW\
\xffRVW\xffLQP\xffHKJ\xffGII\
\xffKMM\xffNPP\xffJMM\xffIKK\
\xffILL\xffFII\xffEGF\xffIHF\
\xffFCA\xffFD?\xffIGB\xff7AK\
\xff7AK\xff/8C\xff+5?\xff/9C\
\xff0<F\xff1=G\xff+7B\xff/;G\
\xff/;G\xff+7C\xff1=I\xff2>J\
\xff.9F\xff)5A\xff1=I\xff?KU\
\xff?KT\xff@LW\xff:FR\xff*5C\
\xff+6C\xff0<F\xff/;E\xff1=G\
\xff3?J\xff*6B\xff)5A\xff2>J\
\xff1=I\xff3?K\xff>IU\xff=KW\
\xff7GS\xff9HU\xff6EQ\xff.<H\
\xff4AM\xff:EQ\xffAJW\xffAJV\
\xff;FP\xff=GT\xff:FU\xff6ES\
\xff9JV\xff5ER\xff0>K\xff6CO\
\xff6CQ\xff>KY\xff@M[\xff<KU\
\xff?MW\xff:HT\xff<JW\xffCQ^\
\xff=KV\xffBQ\x5c\xffES_\xff9FT\
\xff:GU\xff?LZ\xff6CQ\xff9DS\
\xff?N[\xff5ER\xff2BN\xff;KW\
\xff2BO\xff6FS\xffBS`\xff@Q]\
\xff<LY\xff>N[\xff?O\x5c\xff=MZ\
\xff7GT\xff0@M\xff2BO\xff1AM\
\xff=MZ\xff>N[\xff4DQ\xff7GT\
\xff4DQ\xff7GT\xff:JW\xff4DR\
\xff9HX\xff;JZ\xff;JZ\xff>M]\
\xff:JW\xff4ER\xff;MZ\xff;P]\
\xff6MY\xff8JW\xff3CP\xff5FS\
\xff<MZ\xff8IV\xff:LY\xff6LX\
\xff5LW\xff>P^\xff7EU\xff8GW\
\xff;JZ\xff6EU\xff:JZ\xff;K[\
\xff9JZ\xff6FV\xff3DQ\xff-<I\
\xff(6D\xff(5C\xff-9G\xff5@N\
\xff=HV\xffALZ\xff5ER\xff1BP\
\xff9IW\xff<LY\xff8HU\xff:IV\
\xff;KX\xff8IV\xff7FS\xff6FQ\
\xff(9C\xff,<I\xff<KZ\xffKZg\
\xff<JX\xff5BP\xff1@M\xff*<E\
\xff.@G\xff0?J\xff/>G\xff1AI\
\xff4DL\xff1AJ\xff.9F\xff29L\
\xff07J\xff-6C\xff-6@\xff*4<\
\xff,9<\xff%24\xff\x17!*\xff\x0e\x16\x1e\
\xff\x0f\x18\x17\xff\x13\x1c\x17\xff\x0a\x0f\x0c\xff\x07\x0f\x11\
\xff\x08\x118\xff\x07\x0e8\xff\x0d\x0b\x1e\xff\x04\x07\x12\
\xff\x03\x0a\x0d\xff\x08\x0e\x0c\xff\x0a\x0c\x09\xff\x10\x12\x11\
\xff\x0f\x13\x10\xff\x07\x0c\x07\xff\x0f\x13\x0e\xff\x11\x17\x13\
\xff\x11\x1a\x19\xff\x11\x1d\x14\xff\x0f\x1c\x12\xff\x06\x11)\
\xff\x06\x05B\xff\x0d\x0bG\xff\x22)7\xff',1\
\xff\x0f -\xff\x04\x10/\xff\x1c$1\xff.34\
\xff275\xff:><\xffB@>\xffC=?\
\xff9C8\xff&>/\xff\x220/\xff)42\
\xff)26\xff\x22,1\xff\x1f-+\xff\x2201\
\xff$*.\xff\x1b!$\xff\x16! \xff\x0e\x1d\x17\
\xff\x17'#\xff\x19*$\xff\x14!\x1a\xff\x13\x1e\x1e\
\xff\x12%\x1d\xff\x0b\x22\x16\xff\x0c\x1d\x14\xff\x14\x1a\x0d\
\xff\x16!\x10\xff\x1709\xff\x0b;\x8c\xff\x114m\
\xff%1R\xff\x156\x7f\xff\x177p\xff56:\
\xff832\xff+48\xff292\xff9;6\
\xff=>>\xff;::\xff665\xff:9;\
\xff668\xff555\xffHIE\xffef`\
\xffnke\xff``Y\xffAEF\xff'35\
\xff2?A\xffCOQ\xffMVW\xffTWX\
\xffSVW\xffRWX\xffQWW\xffPVV\
\xffPVT\xffNSR\xffLOO\xffJLL\
\xffMMM\xffTTT\xffSWV\xffNRQ\
\xffJOM\xffILK\xffFGD\xffJFD\
\xffMJF\xffKID\xffLJF\xff3>G\
\xff4?H\xff1<E\xff*4>\xff/:D\
\xff1=G\xff3@J\xff5BK\xff7CO\
\xff7CO\xff5BM\xff7CO\xff4@L\
\xff5BM\xff;GS\xff5BM\xff3BK\
\xff6DM\xff6DN\xff8DO\xff;GT\
\xff?KV\xff5AK\xff.:D\xff9DO\
\xff=JV\xff5CO\xff/=I\xff0?K\
\xff2AM\xff3AM\xff8DP\xff=KW\
\xff:KX\xff;KX\xff;JV\xff8FR\
\xff:GS\xff4AM\xff1>K\xff9GS\
\xff;GU\xffCN\x5c\xffAP]\xff?O[\
\xff@O]\xff5EQ\xff0AK\xff9IS\
\xff=KW\xff=JX\xff>KY\xff=LV\
\xff;JT\xff;IU\xff@NZ\xff;IV\
\xff:GT\xffER_\xff@MZ\xff6CQ\
\xff;HV\xff7DR\xff2=N\xff5@Q\
\xff>MZ\xff<LX\xff:JV\xffBR_\
\xff@P\x5c\xff@O[\xffAQ]\xff;KW\
\xff,<I\xff+9F\xff4CP\xff7DR\
\xff7DR\xff4ER\xff=MZ\xff9HV\
\xff6ES\xff1AO\xff,<J\xff-=K\
\xff0@N\xff<LY\xff7GT\xff2AQ\
\xff5DT\xff7FV\xff=IZ\xff6BS\
\xff7DS\xff6DR\xff:IW\xff=P]\
\xff/DQ\xff2CP\xff6CQ\xff;JW\
\xff?O]\xff>N\x5c\xff;LZ\xff;Q^\
\xffAUb\xff<M]\xff7FV\xff;JZ\
\xff?N]\xff=L\x5c\xff;JY\xff>M\x5c\
\xff<L\x5c\xff8HX\xff:JW\xff6DR\
\xff.;I\xff+7E\xff0;I\xff<ES\
\xff5@N\xff0=K\xff.>J\xff6HT\
\xff=NZ\xff<LY\xff5ER\xff2CO\
\xff2@N\xff&6D\xff ,8\xff+4?\
\xff8CM\xff=HS\xff5AM\xff1>I\
\xff3@K\xff,;G\xff-<I\xff.>G\
\xff,;C\xff$3<\xff /7\xff /7\
\xff\x1e-4\xff\x2207\xff,3?\xff-4D\
\xff'1?\xff -0\xff#1/\xff'46\
\xff#15\xff\x17)$\xff\x11!\x1b\xff\x0a\x15\x0c\
\xff\x0d\x19*\xff\x17&q\xff\x06\x18L\xff\x09\x16B\
\xff\x0e&\x99\xff\x07\x19\x9a\xff\x0b\x12g\xff\x0e\x1aT\
\xff\x03\x07 \xff\x07\x06\x0b\xff\x0e\x0e\x0c\xff\x13\x1b\x11\
\xff\x0c\x13\x19\xff\x04\x04 \xff\x0a\x0c\x1f\xff\x0d\x16\x14\
\xff\x0f\x1a\x15\xff\x13\x1e\x10\xff\x0c\x12\x14\xff\x0e\x11F\
\xff\x09\x12e\xff\x00\x0cS\xff\x10\x13N\xff\x14$%\
\xff'5(\xff\x11\x1c7\xff\x07\x0dM\xff3;\x5c\
\xffQWV\xff9AB\xff/43\xff..*\
\xff\x1a*!\xff\x0f&\x1f\xff\x17&%\xff\x1e+&\
\xff'--\xff2/3\xff+2.\xff#15\
\xff\x1c$)\xff\x17!\x1b\xff\x17#\x1d\xff\x13\x1f\x1f\
\xff\x16%\x1f\xff\x16%\x1e\xff\x13! \xff\x0c!\x1e\
\xff\x0d\x22\x1d\xff\x12\x1e\x1c\xff\x0e\x1b\x1c\xff\x17%\x15\
\xff\x16. \xff\x10=^\xff\x04E\x93\xff\x0d5r\
\xff/Gv\xff*Fp\xff.5?\xffD61\
\xff=:;\xff+79\xff555\xff:78\
\xff<=>\xff:9:\xff677\xff437\
\xff369\xff389\xff5:9\xffILH\
\xfffd`\xfftqj\xff]^W\xff?GF\
\xff<FJ\xffDPV\xffGQT\xffPUV\
\xffW[\x5c\xffRYW\xffSYX\xffRXV\
\xffPUS\xffLSP\xffLSP\xffMON\
\xffONM\xffMOM\xffLPN\xffPUR\
\xffKPM\xffEGE\xffFEA\xffIGC\
\xffNKG\xffNIF\xffLHE\xff6AI\
\xff3>E\xff4?G\xff4>H\xff7BL\
\xff4@J\xff2@I\xff2BJ\xff0>H\
\xff2@J\xff4CL\xff3BK\xff1@I\
\xffAPY\xffQ`i\xffRaj\xffM^e\
\xffI\x5cc\xff@RY\xff5EM\xff/=G\
\xff-<E\xff4@K\xff9EP\xff5AL\
\xff2@K\xff1@K\xff-<G\xff4DO\
\xff<MX\xff9HS\xff3AL\xff3BN\
\xff2AM\xff/=J\xff2AL\xff8FR\
\xff8HT\xff;KW\xff7HT\xff2CN\
\xff.>J\xff5EP\xffBS_\xffCS`\
\xff;J[\xff4DQ\xff3DN\xff3DN\
\xff@NZ\xff>JZ\xff<IY\xff6BR\
\xff7DR\xffAN[\xff>KY\xff;HV\
\xff=JX\xff8ES\xff7DR\xff@M[\
\xff:GU\xffCP_\xffTap\xff@L\x5c\
\xff3BQ\xff<L[\xffEUc\xffEVc\
\xff>N[\xff@P]\xff>NZ\xff=MY\
\xff1@L\xff(3A\xff5@O\xff=GX\
\xff:EU\xff0@P\xff8GW\xff7FV\
\xff8GW\xff<K[\xff8GW\xff0@P\
\xff5DT\xff<K[\xff:IY\xff8GW\
\xff4CS\xff+8I\xff0;M\xff;FV\
\xff@M\x5c\xff<HX\xff7DT\xff<JZ\
\xff8GW\xff3BO\xff>IW\xffAN\x5c\
\xff8FU\xff6EU\xff;JZ\xff8HW\
\xff9HW\xff=M^\xff@R_\xff:KX\
\xff=N[\xffP`m\xffCS`\xff3CP\
\xff;KW\xff<KY\xff8GV\xff7EU\
\xff1>N\xff+8H\xff+8G\xff5BP\
\xff5BP\xff5CP\xff+=F\xff0CK\
\xff9KT\xff4DP\xff2AN\xff6DS\
\xff/;K\xff%1A\xff\x22*7\xff\x1d!,\
\xff\x13\x19\x22\xff&/8\xff8BJ\xff2;D\
\xff/<D\xff->G\xff*8C\xff,8B\
\xff2<G\xff.:C\xff%19\xff\x1f,4\
\xff\x17$+\xff +0\xff28C\xff&/>\
\xff\x19'4\xff\x18#+\xff\x16$!\xff\x12$#\
\xff\x15%%\xff\x1b(&\xff\x13 \x15\xff\x07\x1b\x06\
\xff\x0f\x1e4\xff\x155\xa6\xff\x0d)\x9e\xff\x14\x1aT\
\xff\x0f%|\xff\x09\x19w\xff\x05\x11G\xff\x09\x1bI\
\xff\x06\x0d\x1b\xff\x09\x09\x0d\xff\x13\x11\x12\xff\x11\x1d\x0e\
\xff\x0b\x12.\xff\x0b\x0cN\xff\x0f\x151\xff\x0c\x1b\x0e\
\xff\x0e\x1b\x0f\xff\x19%\x1b\xff\x0e\x171\xff\x08\x10\x5c\
\xff\x0e\x1f\x7f\xff\x09\x1dt\xff\x10\x17`\xff\x11 !\
\xff3;&\xff&*R\xff\x0d\x22v\xff;BY\
\xffCG,\xff$,)\xff\x19&\x22\xff\x1a,!\
\xff\x12%!\xff\x15&\x1f\xff\x1b,(\xff\x1f-)\
\xff'/)\xff*32\xff#3.\xff\x17(%\
\xff\x11$\x1f\xff\x16+!\xff .$\xff\x11\x1f\x10\
\xff\x13!\x14\xff\x13!\x1b\xff\x0e%$\xff\x0a-(\
\xff\x11 \x19\xff\x11\x1c\x19\xff\x0f%#\xff\x1b-\x1a\
\xff$8!\xff$@H\xff\x1f?a\xff/<O\
\xff9;4\xff42)\xff94/\xff>9:\
\xff988\xff687\xff:87\xff676\
\xff543\xff634\xff443\xff344\
\xff276\xff3:9\xff499\xff9?=\
\xffKNO\xffhge\xffacY\xffCGB\
\xff8BC\xff/=B\xff+:>\xffCNP\
\xffT\x5c\x5c\xffQXV\xffQUT\xffRVU\
\xffQXU\xffLUP\xffJSN\xffLNK\
\xffLKH\xffHKI\xffJMK\xffPRP\
\xffPRP\xffLLK\xffIIG\xffGFD\
\xffJGF\xffPLK\xffLHG\xff.9A\
\xff/:B\xff+5?\xff-9C\xff5AK\
\xff3?I\xff4?I\xff6DM\xff2AJ\
\xff1@I\xff2AJ\xff1@I\xff+:C\
\xff/>G\xff<KT\xffFT]\xff?OV\
\xff4FM\xff4DM\xff0?H\xff+:C\
\xff/>G\xff3AJ\xff6CL\xff8DN\
\xff0?H\xff.=F\xff/@I\xff/AI\
\xff6GO\xff8GO\xff,:D\xff-:D\
\xff5AM\xff4@M\xff2?K\xff6DP\
\xff2@L\xff3CO\xff5EQ\xff-@G\
\xff$98\xff&;;\xff.@H\xff9HV\
\xff7EX\xff5CU\xff4EO\xff7IO\
\xff6EP\xff9EU\xff;HV\xff=JX\
\xff=JX\xff7DR\xff;HV\xff@M[\
\xff9FT\xff6BP\xff;HV\xff?KY\
\xff8DR\xffEQ_\xffO\x5ci\xffCN]\
\xff;IZ\xff5DT\xff3CQ\xff>N[\
\xff=MZ\xff9IV\xff?O[\xff?O[\
\xffDUa\xff@R_\xff4FS\xff5GT\
\xff8GW\xff3CS\xff2AQ\xff8GW\
\xff8GW\xff7GW\xff6FV\xff;K[\
\xff?N^\xff=L\x5c\xff2AQ\xff6EU\
\xff;JZ\xff4BQ\xff,:J\xff:HX\
\xff?M]\xff:IY\xff;JZ\xff9HX\
\xff:IY\xff9IW\xff8ES\xff;JX\
\xff<LY\xff<L[\xff<K[\xff<K[\
\xff:JZ\xff4ES\xff;MX\xff<NY\
\xff6GT\xff7HU\xff7GT\xff7GT\
\xff8HU\xff;KX\xff:JZ\xff9IY\
\xff3CS\xff7GT\xff;KX\xff6ER\
\xff;JW\xffCT_\xff8KU\xff/@L\
\xff0AM\xff-=I\xff+8E\xff2?N\
\xff5BR\xff0<L\xff(1?\xff\x1b!/\
\xff\x09\x10\x1c\xff\x10\x19\x22\xff,5>\xff.8@\
\xff&2<\xff\x22/9\xff ,5\xff$.7\
\xff\x1f*2\xff *2\xff%.7\xff$.6\
\xff\x1f*1\xff\x1e+-\xff ,.\xff\x1f18\
\xff%5<\xff\x1a$/\xff\x0b\x1aI\xff\x08\x18F\
\xff\x14$$\xff\x227(\xff\x1a+\x1e\xff\x10\x1a\x16\
\xff\x13\x15\x13\xff\x0e\x1d@\xff\x13!X\xff\x0f\x11\x1b\
\xff\x0c\x10\x15\xff\x09\x0e\x0d\xff\x0e\x0f\x09\xff\x0c\x0c\x05\
\xff\x0b\x0f\x00\xff\x06\x12\x00\xff\x12\x14\x0e\xff\x10\x19\x18\
\xff\x0d\x19\x1e\xff\x10\x1a3\xff\x12\x1f\x22\xff\x0d\x1a\x0c\
\xff\x0d\x1a\x11\xff\x0f\x22#\xff\x0f(J\xff\x0a\x1c=\
\xff\x15\x1d6\xff\x16\x1eS\xff\x0c\x16$\xff\x0c\x19\x0b\
\xff\x1d.#\xff&-8\xff0+=\xff+$1\
\xff\x1b\x1c,\xff')+\xff-8+\xff+<+\
\xff!.)\xff#0*\xff#5)\xff\x1e1\x22\
\xff 0&\xff\x17-*\xff\x14+#\xff\x1a0)\
\xff\x1b2,\xff\x15(\x17\xff\x11\x22\x12\xff\x04\x19\x17\
\xff\x0d\x1f\x1b\xff\x1a,\x19\xff\x16+\x22\xff\x12($\
\xff\x17)\x1d\xff\x0c&\x1e\xff\x09(\x22\xff%1\x1f\
\xff7:,\xff&76\xff%.L\xff<5R\
\xff<:6\xff>91\xff?:8\xff;79\
\xff947\xff>;;\xff@?=\xff;:6\
\xff:65\xff955\xff631\xff754\
\xff696\xff387\xff266\xff4:9\
\xff;@>\xffGKJ\xffFEF\xff@=;\
\xff:=8\xff'./\xff\x18%)\xff(;=\
\xffCSS\xffRXW\xffPSS\xffPQR\
\xffORR\xffMSQ\xffIPN\xffJNL\
\xffMLJ\xffLLI\xffNNK\xffLLI\
\xffOOL\xffTRO\xffNKI\xffIEB\
\xffKGF\xffNJI\xffNJI\xff&19\
\xff2=F\xff7@K\xff0;E\xff,8B\
\xff0<F\xff5AK\xff7CM\xff5DM\
\xff4CL\xff2BK\xff3BK\xff1@I\
\xff2AJ\xff4CL\xff0@I\xff.AH\
\xff1BK\xff6DM\xff7FO\xff5DM\
\xff9HQ\xff4DL\xff.<F\xff=HS\
\xff:HR\xff8GP\xff:KT\xff1BK\
\xff1AJ\xff:IR\xff7DM\xff6AL\
\xff:ES\xff8CQ\xff;FR\xff<HT\
\xff5BN\xff6CO\xff7ER\xff3DL\
\xff5KD\xff>SO\xff+>B\xff(;A\
\xff:JU\xff:KV\xff>NZ\xff>MZ\
\xff1>K\xff0=K\xff6CQ\xff;HV\
\xff3@N\xff0=K\xff:GU\xff<IW\
\xff;HV\xffAO\x5c\xff<KX\xff0>L\
\xff5CQ\xff=KX\xff;KX\xff@O]\
\xffEUc\xff<LZ\xff.>K\xff7GT\
\xff<LY\xff2BO\xff/?L\xff.<I\
\xff1AN\xff.CP\xff1GR\xff4GS\
\xff7HX\xff6FW\xff8HX\xff=M]\
\xff<K[\xff6FV\xff8HX\xff<L\x5c\
\xff<K[\xff=L[\xff1@P\xff6ET\
\xff<K[\xff6EU\xff5EU\xff9IY\
\xff:JZ\xff=M]\xff@O_\xff;K[\
\xff5EU\xff9IW\xff<LY\xff9JW\
\xff9JW\xff<MY\xff<L[\xff<K\x5c\
\xff2CQ\xff$6A\xff*<G\xff:LW\
\xff6FR\xff)8E\xff.>K\xff4DQ\
\xff,;I\xff7GU\xff;K[\xff5GV\
\xff8JY\xff6GU\xff5FS\xff;LY\
\xff;MX\xff7IT\xff4FR\xff2BO\
\xff/?L\xff*9G\xff&3@\xff%3?\
\xff,9F\xff4?M\xff3=J\xff&/;\
\xff\x1b#0\xff\x18!,\xff\x1a#-\xff\x18\x22*\
\xff\x18\x22,\xff\x19#-\xff\x1a\x22,\xff\x19!*\
\xff\x12\x1b$\xff\x12\x1a\x22\xff\x17 &\xff\x17\x1f%\
\xff\x15\x1b!\xff\x15\x1e \xff\x16\x22\x1e\xff\x12$$\
\xff\x1a#'\xff$+-\xff\x17<\x91\xff\x0b.\xb2\
\xff\x07\x18>\xff\x19'&\xff\x15,7\xff\x11!\x1f\
\xff\x17&\x19\xff\x0d\x14\x0e\xff\x06\x0f\x0d\xff\x08\x13\x10\
\xff\x10\x14\x12\xff\x13\x16\x0f\xff\x10\x16\x11\xff\x0d\x10\x1b\
\xff\x04\x0d4\xff\x07\x12#\xff\x0c\x0f\x0d\xff\x07\x13\x12\
\xff\x14 \x17\xff\x0f\x19\x12\xff\x0a\x18\x11\xff\x0d\x16\x15\
\xff\x18!\x1a\xff\x13\x1c\x1a\xff\x07\x10\x0d\xff\x0f(#\
\xff\x0b7\x81\xff\x0f0\x8b\xff\x13\x15$\xff\x0c\x16\x07\
\xff\x13' \xff\x1f*&\xff0+#\xff!/S\
\xff\x0a$\x97\xff\x1b(i\xff691\xff22\x22\
\xff('\x22\xff0//\xff351\xff19,\
\xff!/'\xff\x13\x1f#\xff\x1f&&\xff\x1a30\
\xff\x1b-*\xff\x19)\x22\xff\x0c)J\xff\x06\x22\x81\
\xff\x05$[\xff\x16&.\xff\x1e&&\xff\x11\x1e\x19\
\xff\x12$\x1b\xff\x12*\x1e\xff$0%\xff48=\
\xff\x1c0q\xff\x03\x22\x81\xff\x0c-{\xff6=P\
\xff=;3\xff=74\xff:78\xff867\
\xff946\xff;77\xff>:6\xff<72\
\xff=85\xff;75\xff842\xff511\
\xff220\xff244\xff355\xff144\
\xff7=;\xff=CC\xffEFL\xffd`_\
\xfflg_\xff_[V\xff;CD\xff$8:\
\xff;OQ\xffOWY\xffORT\xffVVW\
\xffXYZ\xffSVV\xffPSR\xffOSR\
\xffNPN\xffONI\xffMLH\xffLJF\
\xffPMI\xffQNJ\xffOLH\xffLIE\
\xffMJG\xffLHG\xffLHG\xff7AJ\
\xff5?I\xff7AK\xff7CM\xff0<F\
\xff2>H\xff2>I\xff5AK\xff5BK\
\xff5CL\xff8FO\xff7EN\xff3BK\
\xff5CL\xff6DM\xff1@H\xff/>G\
\xff9IR\xff>LU\xff9HQ\xff;KS\
\xff8GP\xff4CL\xff6EN\xff9GP\
\xff8FP\xff7GP\xff7HQ\xff7HQ\
\xff7GP\xff?NW\xffAPX\xff;HR\
\xff6CQ\xff,7E\xff6@M\xff@KW\
\xff?KW\xff>JV\xff9FS\xff:IS\
\xff9LP\xffBVW\xff?RW\xff5HL\
\xff<MU\xff<MW\xff=L\x5c\xff=K^\
\xff<IX\xff7DR\xff6CQ\xff>KY\
\xff;HV\xff;HV\xff6CQ\xff0=K\
\xff5BP\xff8GT\xff5FS\xff/@M\
\xff7GT\xff;LX\xff7HU\xff:KW\
\xff:JW\xff4DQ\xff4EQ\xff:IY\
\xff:IW\xff:GU\xff,:H\xff ,:\
\xff&0>\xff\x22.<\xff*6D\xff.:H\
\xff6FS\xff<KZ\xff@P`\xff?O_\
\xff:JZ\xff9JW\xffAR`\xff=N[\
\xff3BR\xff4CT\xff8GW\xff9HX\
\xff:IY\xff:IY\xff=N^\xff>N^\
\xff<L\x5c\xff;K[\xff6FV\xff4DT\
\xff1BR\xff5ET\xff8IV\xff3ER\
\xff2DQ\xff9JW\xff9JW\xff8HV\
\xff9JW\xff3EP\xff'8D\xff\x1c,8\
\xff 0<\xff5ER\xff>N[\xff7GT\
\xff-;I\xff3AO\xff;K[\xff7GW\
\xff7GW\xff1AO\xff,<I\xff7HU\
\xff/AL\xff1CN\xff.?L\xff+:G\
\xff.>K\xff2AP\xff0>K\xff)7B\
\xff$2=\xff*6B\xff0=I\xff*5A\
\xff#,9\xff\x1d%2\xff\x11\x1a%\xff\x11\x1a#\
\xff\x14\x1d'\xff\x18!*\xff\x15\x1d$\xff\x0f\x14\x1b\
\xff\x12\x18\x1d\xff\x13\x19\x1c\xff\x15\x1c\x1f\xff\x13\x1a\x1c\
\xff\x10\x12\x18\xff\x15\x19\x1f\xff\x16\x1c\x1e\xff\x0e\x10\x16\
\xff\x19\x15\x1e\xff\x1b\x1e\x1f\xff#3[\xff\x19:\x91\
\xff\x05\x147\xff\x0c\x11(\xff\x13(N\xff\x1c*!\
\xff\x1a- \xff\x1c/$\xff\x10\x1d\x18\xff\x06\x0f\x13\
\xff\x0b\x17\x16\xff\x0b\x1b\x15\xff\x03\x14\x11\xff\x10#V\
\xff\x08\x22\xa9\xff\x08\x15n\xff\x11\x17\x13\xff\x0c\x19\x0b\
\xff\x12#\x19\xff\x18%\x12\xff\x14\x1b\x12\xff\x10\x18\x17\
\xff\x18&\x1c\xff\x1b\x1d\x1a\xff\x10\x12\x0a\xff\x09 /\
\xff\x0f4\x93\xff\x08-_\xff\x0e\x15\x12\xff\x0e\x0e\x13\
\xff\x14\x1f-\xff\x16\x1e7\xff!\x22-\xff=9G\
\xff3>y\xff)/O\xff-:A\xff\x17>\x83\
\xff\x149}\xff,4>\xff;61\xff0<;\
\xff\x17/,\xff\x10&\x1d\xff\x1a.!\xff\x1a6(\
\xff\x1b+\x19\xff\x1b>9\xff\x17Z\xb2\xff\x0fG\xd9\
\xff\x036\xad\xff\x059\xa3\xff\x0d3l\xff\x11\x22\x13\
\xff\x14#\x18\xff\x19&\x19\xff12(\xff5:]\
\xff\x152\x9d\xff\x0e3\x9b\xff%=c\xff99*\
\xff86/\xff775\xff654\xff743\
\xff944\xff953\xff951\xff:41\
\xff931\xff743\xff743\xff521\
\xff522\xff:99\xff???\xff@AA\
\xff?DB\xff@EE\xffBIK\xffJOP\
\xff\x5cZU\xffunf\xffdd`\xff=FI\
\xff<IN\xffPXZ\xffUY[\xffWY[\
\xffWZZ\xffUWW\xffSUU\xffQTT\
\xffOPO\xffPNJ\xffLKG\xffLKG\
\xffOLH\xffNLH\xffRPL\xffROK\
\xffOLG\xffOKH\xffNJI\xff:DN\
\xff3=G\xff.8B\xff2>H\xff1=F\
\xff.:E\xff0<H\xff8DP\xff8DN\
\xff9EO\xff:FQ\xff9EP\xff7CM\
\xff6BL\xff5AK\xff2>H\xff4@J\
\xff8GP\xff@QY\xff<LS\xff9HR\
\xff6DP\xff0?K\xff7GR\xff6EN\
\xff1?I\xff3BL\xff9JR\xff:KS\
\xff7HQ\xff7FO\xff7FN\xff=IU\
\xff:JX\xff-;H\xff1:I\xff7BO\
\xff6DO\xff6DP\xff4BN\xff5CO\
\xff9IT\xff8HS\xff7FU\xff5ER\
\xff:JX\xff@P^\xff?O\x5c\xff?O^\
\xff:JW\xff7DQ\xff6CR\xff?LZ\
\xff<IW\xff;IV\xff<IW\xff6DR\
\xff5ER\xff5ER\xff4CP\xff4DQ\
\xff4DQ\xff4ER\xff5FS\xff<N[\
\xff>N[\xff6FR\xff0@M\xff<LZ\
\xffHXf\xffBP]\xff=JY\xff6BP\
\xff)3A\xff-5C\xff6<K\xff:@O\
\xff=GV\xff@N[\xff<M[\xff?O^\
\xff@Q_\xff>O[\xff<MZ\xff<MZ\
\xff;LY\xff9HX\xff9HX\xff9HX\
\xff=L\x5c\xffCSc\xff>N^\xff9IY\
\xff8HX\xff9IY\xff2BR\xff/?O\
\xff6FV\xff3DS\xff2CP\xff6GU\
\xff7HU\xff9JW\xff7GT\xff8HU\
\xff<MY\xff<NY\xff2BN\xff\x1d-9\
\xff\x18(4\xff)9E\xff4DQ\xff8ES\
\xff<IW\xff:JW\xff;K[\xff4DT\
\xff4CT\xff1BO\xff*;H\xff)9F\
\xff,<I\xff3CO\xff/?L\xff+;H\
\xff2BN\xff5DQ\xff0=J\xff(6B\
\xff$1;\xff\x22.9\xff\x1c(2\xff\x11\x1c'\
\xff\x10\x1a#\xff\x16\x1f'\xff\x14\x1c$\xff\x10\x1a \
\xff\x10\x18\x1f\xff\x10\x17\x1d\xff\x0f\x15\x19\xff\x0e\x12\x15\
\xff\x0d\x12\x13\xff\x0c\x11\x12\xff\x0e\x13\x14\xff\x11\x15\x16\
\xff\x0c\x12\x11\xff\x0a\x0e\x12\xff\x0b\x0a\x10\xff\x10\x0b\x0e\
\xff\x19\x14\x19\xff\x0a\x15\x17\xff!%#\xff848\
\xff!$,\xff\x1c\x1f,\xff'/0\xff'.*\
\xff\x1a&)\xff\x16-%\xff\x18&\x1d\xff\x11\x11\x13\
\xff\x12\x12\x15\xff\x10\x14\x0a\xff\x11\x18\x0e\xff\x11/m\
\xff\x01*\xbd\xff\x07\x0e}\xff\x13\x1a\x18\xff\x11 \x0f\
\xff\x0f\x1e\x1c\xff\x11\x1f\x1e\xff\x1c*#\xff\x17)!\
\xff\x14\x22\x1b\xff\x15$\x16\xff\x13,'\xff\x0b\x1f\x1f\
\xff\x10\x1a\x22\xff\x08\x13\x11\xff\x02\x15\x08\xff\x0e\x1d\x1a\
\xff\x1c$#\xff\x17\x15B\xff\x1b\x1d?\xff32&\
\xff;/\x1c\xff9.\x1c\xff8?I\xff%Q\x9a\
\xff'S\x97\xff;AN\xff)97\xff\x128B\
\xff\x1028\xff\x137*\xff <+\xff\x1d.&\
\xff\x1b3\x16\xff/C>\xff%Sq\xff\x22Ox\
\xff\x1fQ\x9a\xff\x0fM\x98\xff\x06\x22V\xff\x0f!(\
\xff\x14'/\xff\x162@\xff$@Z\xff,5N\
\xff(7Z\xff4?N\xff<29\xff712\
\xff484\xff==;\xff==;\xff>;:\
\xff?;9\xff>;7\xff>;6\xff>76\
\xff:55\xff;76\xff?;:\xff@?>\
\xff@@?\xffAAA\xffABB\xff@BB\
\xff<A@\xff;@>\xff>FF\xff5@@\
\xff=A@\xffgf^\xffzwn\xff[WW\
\xff=>B\xffEKL\xffV\x5c\x5c\xffSYZ\
\xffPXW\xffTXW\xffQTS\xffLRP\
\xffRTR\xffVUQ\xffQPL\xffMLH\
\xffLKG\xffNKG\xffSOK\xffRNK\
\xffMJG\xffMIF\xffNJH\xff2<F\
\xff6@J\xff1;E\xff3?I\xff6BM\
\xff.:F\xff0<H\xff6BN\xff9EQ\
\xff<HS\xff<HT\xff;GS\xff:FS\
\xff8DP\xff9EQ\xff=HT\xff=HR\
\xff6EN\xff7HP\xff<KT\xff:HS\
\xff9FT\xff7FS\xff4EQ\xff7GS\
\xff9FS\xff4CO\xff5FO\xff7HQ\
\xff5FO\xff3BL\xff2AK\xff3@M\
\xff1BP\xff3DQ\xff8GT\xff6DQ\
\xff5CP\xff<JW\xff;KW\xff.>K\
\xff,<I\xff6FS\xff4CS\xff5BV\
\xff;H\x5c\xff?N^\xff?O[\xff=MY\
\xff8GT\xff?LZ\xff:GU\xff0=K\
\xff,9G\xff5BP\xff>KY\xff8FT\
\xff9HV\xffCR_\xff@O]\xff9IV\
\xff=N[\xff>O\x5c\xff:LY\xff<O\x5c\
\xff9KW\xff6FR\xff7GT\xff<LY\
\xffBR_\xff>L[\xff8DU\xff9EV\
\xff9DR\xff=FT\xffFP^\xffHSa\
\xff6CP\xff1@M\xff6FR\xffAQ^\
\xff?P\x5c\xff8JU\xff5GR\xff<NY\
\xff>O\x5c\xff7HV\xff8GW\xff;JZ\
\xff=L\x5c\xff;K[\xff5EU\xff0@P\
\xff/?O\xff8GX\xff:IY\xff8GW\
\xff;J[\xff7HV\xff1BO\xff0AN\
\xff1BO\xff4ER\xff5ER\xff3CO\
\xff.>J\xff0@M\xff5EQ\xff3CO\
\xff6ER\xff:JV\xff3CP\xff3AO\
\xff<FU\xff1?M\xff0@P\xff5DT\
\xff8GW\xff;KX\xff5ER\xff0@M\
\xff2BN\xff.=H\xff,<H\xff4DO\
\xff6FQ\xff0>J\xff+9E\xff+8D\
\xff%2=\xff\x1d)3\xff\x0f\x1b\x22\xff\x0c\x16\x1e\
\xff\x0a\x14\x19\xff\x08\x10\x14\xff\x13\x1a\x1b\xff\x16\x1c\x1d\
\xff\x10\x16\x17\xff\x08\x0e\x0f\xff\x06\x0b\x0b\xff\x0f\x15\x14\
\xff\x12\x18\x17\xff\x0f\x15\x15\xff\x0a\x0f\x0f\xff\x08\x0d\x0d\
\xff\x0a\x0e\x11\xff\x07\x0a\x0d\xff\x00\x0b\x0a\xff\x07\x0f\x0c\
\xff\x08\x0e\x0d\xff\x0b\x17\x17\xff\x1c+*\xffCEB\
\xffSTY\xffGGR\xff;=9\xff*/6\
\xff\x13#)\xff\x09$\x1b\xff\x16'\x16\xff\x11\x17\x0f\
\xff\x0e\x14\x17\xff\x13\x13\x0e\xff\x12\x14\x07\xff\x0a W\
\xff\x08)\xa9\xff\x02%\x90\xff\x0d!c\xff\x15!C\
\xff\x0e\x14c\xff\x08\x11g\xff\x0c\x1a*\xff\x0f\x18\x11\
\xff\x0b\x11\x09\xff\x08\x11\x06\xff\x12\x1a\x16\xff\x0d\x18\x07\
\xff\x0d\x17\x04\xff\x11\x16\x15\xff\x1b$!\xff 2\x19\
\xff\x16 ?\xff\x0e\x1b\x93\xff!,v\xff675\
\xff40-\xff18@\xffE?>\xffG9.\
\xff@1#\xff;4)\xff-;9\xff*<<\
\xff&:/\xff\x22<-\xff+5+\xff\x188K\
\xff\x13:U\xff-+ \xff2,\x19\xff\x1e.9\
\xff#:O\xff\x18,\x5c\xff\x06&x\xff\x0fB\x89\
\xff&:C\xff.GI\xff#E\x7f\xff\x0f2\x91\
\xff\x151\x8a\xff37K\xff?9*\xffA;B\
\xff=?>\xffECA\xffED?\xffDC?\
\xffCA=\xff?<8\xff=:7\xff;77\
\xff?<=\xff@@>\xffBB?\xffDEC\
\xffABA\xff<==\xff8::\xff466\
\xff466\xff586\xff8=;\xff8>=\
\xff49<\xffGHI\xffojf\xffysl\
\xffVTR\xff8?@\xff>LL\xffL\x5cY\
\xffQ_\x5c\xffRYX\xffQVT\xffUYW\
\xffUWT\xffTSO\xffSSO\xffMMI\
\xffJIE\xffMKG\xffMIF\xffHFE\
\xffKGF\xffMHH\xffNJI\xff1;E\
\xff1;E\xff6@J\xff6BL\xff7CO\
\xff8DP\xff:FR\xff5AM\xff9EQ\
\xff<HT\xff;GS\xff8DP\xff:FR\
\xff9EQ\xff8DP\xff9EP\xff3>H\
\xff-7A\xff.9C\xff4AN\xff;IV\
\xff<JV\xff4DN\xff2BN\xff8FS\
\xff7DQ\xff5CP\xff4CQ\xff6ES\
\xff.=J\xff8ES\xff>JY\xff4@N\
\xff0BO\xff2DR\xff<MZ\xff9IV\
\xff7ES\xff=MZ\xffBR_\xff>N[\
\xff9IV\xff:KU\xff1BL\xff->I\
\xff4DR\xff9HV\xff?L\x5c\xff:IW\
\xff5CP\xff<IX\xff;HX\xff5BR\
\xff:FU\xffBN\x5c\xffALZ\xff;FT\
\xff?KY\xffCS`\xff>O\x5c\xffAQ^\
\xffAR_\xff>P]\xffATa\xff=Q^\
\xff5HT\xff-?J\xff2BO\xff8ES\
\xff2?M\xff:GU\xff6DT\xff*9I\
\xff6ES\xff=PZ\xff@U_\xff<O\x5c\
\xff5FR\xff8HU\xff<KX\xff9IV\
\xff:JW\xff7IT\xff8JU\xffBT_\
\xffCTa\xff>P\x5c\xff;LZ\xff=M]\
\xff;K[\xff4FV\xff7GW\xff7FV\
\xff6EU\xff9HX\xff9HX\xff7FV\
\xff8GW\xff8HU\xff5EQ\xff4DQ\
\xff.?L\xff0@M\xff5ER\xff3@N\
\xff%3?\xff\x1c,7\xff&6B\xff6FQ\
\xff?O[\xff9IU\xff.>J\xff4AO\
\xff6AO\xff*9F\xff+:J\xff4CS\
\xff6EV\xff5ES\xff/@M\xff2BP\
\xff4AN\xff3@J\xff/@I\xff.?H\
\xff(8A\xff(6A\xff+9E\xff.9G\
\xff'3B\xff\x18#0\xff\x10\x1a\x22\xff\x15\x1e#\
\xff\x0b\x13\x15\xff\x07\x0e\x0d\xff\x0f\x15\x12\xff\x13\x19\x15\
\xff\x13\x19\x18\xff\x16\x1d\x1c\xff\x0d\x13\x12\xff\x11\x18\x17\
\xff\x15\x1d\x1c\xff\x12\x18\x17\xff\x09\x10\x0e\xff\x07\x0d\x0c\
\xff\x09\x11\x0f\xff\x07\x0d\x0e\xff\x0c\x0b\x0b\xff\x0d\x10\x0f\
\xff\x0e\x17\x13\xff\x10\x1c\x1a\xff\x07\x17$\xff.0B\
\xffX\x5cb\xffS^e\xffKVa\xff0CF\
\xff\x18'&\xff\x11#\x13\xff\x1a&%\xff\x09\x161\
\xff\x04\x0d\x13\xff\x0d\x12\x06\xff\x0b\x12\x1b\xff\x0c\x134\
\xff\x0f$[\xff\x0bE\xba\xff\x0a9\xba\xff\x12#Z\
\xff\x19\x22g\xff\x16\x1fh\xff\x07\x16\x19\xff\x03\x0c\x1a\
\xff\x08\x0c=\xff\x07\x0b*\xff\x09\x0b&\xff\x0a\x1bJ\
\xff\x11#F\xff\x17) \xff\x1e0\x1f\xff(<*\
\xff/2`\xff'3\x87\xff49X\xff<6/\
\xff883\xff/89\xff521\xff;26\
\xff'5:\xff$17\xff-/+\xff49,\
\xff$DB\xff\x18BS\xff)1:\xff'?b\
\xff\x19Q\x98\xff\x16G}\xff\x11I\x96\xff\x0cL\xa2\
\xff\x12E\x87\xff\x16;\x98\xff\x1bL\xa6\xff.Fn\
\xff7/'\xff83#\xff,Ek\xff\x15M\xc3\
\xff\x0fF\xb2\xff+:O\xffB<)\xffA;6\
\xffC=?\xffEB>\xffEA<\xff@<8\
\xff;83\xff842\xff855\xff875\
\xff:;9\xff:=;\xff<>=\xff<=;\
\xff:;;\xff;==\xff:<<\xff133\
\xff.00\xff423\xff;66\xff?9:\
\xff:;<\xff59>\xff?CD\xffhi`\
\xffqqi\xffEMK\xff/?=\xff5JG\
\xff@SP\xffMWT\xffSXV\xffPSP\
\xffHLH\xffGJI\xffILK\xffLMM\
\xffTSR\xffXXW\xffQRQ\xffLKI\
\xffMKI\xffKHE\xffOLH\xff=GQ\
\xffBLV\xff<GQ\xff4@J\xff1=J\
\xff2>I\xff8DN\xff7CN\xff7CO\
\xff=IU\xff:FR\xff5AM\xff9FP\
\xff:HQ\xff8DN\xff4BK\xff/;C\
\xffHNW\xffRYb\xff;GQ\xff4CL\
\xff5EP\xff6HS\xff:LW\xff5EQ\
\xff8ER\xff<IX\xff:GU\xff<IX\
\xff9FT\xff<IX\xff>KY\xff;GU\
\xff8JU\xff1CM\xff9IV\xff>NZ\
\xff>MY\xff=MX\xff?O[\xffGWc\
\xff@R]\xff4EN\xff.?F\xff.>F\
\xff7FQ\xff1>L\xff7ES\xff=MZ\
\xff9HV\xff5DQ\xff?N[\xffFRb\
\xffAN]\xff=KW\xff>JV\xff=IU\
\xff<JX\xff7GW\xff:JY\xffCRb\
\xffAQa\xffCTc\xffEUd\xff8IY\
\xff6GT\xff8HU\xff9IV\xff=LY\
\xff?MZ\xffESa\xff?O\x5c\xff1BP\
\xff6GU\xff8LV\xff7KU\xff3ES\
\xff.?L\xff3BP\xff;KX\xffER`\
\xff<IW\xff9KV\xff>O[\xff=N[\
\xff8HU\xff=MZ\xff<M[\xff;K[\
\xff;K[\xff9IY\xff;K[\xffAP_\
\xff:JW\xff7GT\xff3CQ\xff0?O\
\xff5DU\xff0?P\xff0?N\xff6FQ\
\xff<LV\xff@O[\xff;GV\xff3?N\
\xff4CL\xff4AK\xff1@N\xff6FS\
\xff<LX\xff;MW\xff4FO\xff-=H\
\xff*8D\xff'8@\xff)<I\xff1?O\
\xff4?M\xff(4?\xff\x1c(2\xff &7\
\xff%*9\xff!-7\xff#29\xff .2\
\xff\x1c'/\xff!-6\xff#2?\xff$/=\
\xff#.;\xff '1\xff\x14\x1a\x1e\xff\x0f\x1b\x19\
\xff\x10\x16\x18\xff\x13\x13\x15\xff\x0c\x0f\x0d\xff\x06\x0d\x08\
\xff\x0f\x13\x12\xff\x1d\x22\x1c\xff\x0f\x18\x15\xff\x10\x16\x10\
\xff\x15\x17\x07\xff\x11\x19\x0d\xff\x07\x10\x10\xff\x05\x0d\x0b\
\xff\x09\x15\x0e\xff\x09\x11\x0d\xff\x0d\x0f\x09\xff\x0e\x0e\x10\
\xff\x12\x16\x17\xff\x16$!\xff )O\xff:Cg\
\xffFRV\xff4DG\xff;IL\xffEPS\
\xff47<\xff\x16&\x16\xff\x166e\xff\x086\xa1\
\xff\x07\x10e\xff\x05\x0a@\xff\x0a\x1fq\xff\x0f\x1cn\
\xff\x0a\x0e\x16\xff\x0a\x22C\xff\x10#Q\xff\x0c\x18\x15\
\xff\x0d\x1c\x16\xff\x0e\x1e\x16\xff\x12\x1f\x0d\xff\x13\x1eX\
\xff\x0f(\xaa\xff\x0a\x1c\x84\xff\x06\x18u\xff\x07\x1a\x7f\
\xff\x0d$O\xff\x10\x22\x15\xff\x19+\x1d\xff->4\
\xff095\xff$!C\xff')1\xff)2$\
\xff01*\xff4/-\xff.&\x22\xff,3D\
\xff\x1cQ\x96\xff\x12I\x8a\xff**-\xff16B\
\xff\x1bL\x90\xff\x1b?o\xff0*-\xff2,(\
\xff*Ky\xff\x19\x5c\xad\xff\x15D~\xff&<V\
\xff$4K\xff(,8\xff*0+\xff0,#\
\xff9)(\xff:.(\xff<:?\xff5CT\
\xff2?Q\xff?6/\xff=3,\xff840\
\xff<63\xff;52\xff941\xff72/\
\xff53.\xff621\xff954\xff873\
\xff664\xff466\xff99:\xff;;;\
\xff9::\xff;;;\xff>>>\xff:;;\
\xff566\xff989\xff>9:\xff=78\
\xff?;<\xff89;\xff**+\xff:83\
\xff`bX\xff[a]\xff7@>\xff'88\
\xff=SO\xffVd_\xff]b`\xff[^]\
\xffTZY\xffOTS\xffLPO\xffY\x5c\x5c\
\xff_cb\xffUYW\xffQSQ\xffRON\
\xffOJH\xffMIE\xffNJG\xff:EO\
\xff:EO\xff8DN\xff:FP\xff4@J\
\xff)5@\xff,8B\xff2>G\xff-8C\
\xff6BN\xff;GS\xff;GS\xff:HS\
\xff6GO\xff6EN\xff0@H\xff2?F\
\xffIPY\xffMV^\xff6CK\xff0?G\
\xff/@I\xff1@M\xff5DP\xff7HP\
\xff7EQ\xff7ER\xff:HU\xff<IV\
\xff=KX\xff;HU\xff<KX\xff>KY\
\xff<LV\xff?MW\xff?MY\xff@NZ\
\xff?NY\xff9JS\xff9JS\xff;LU\
\xff2FN\xff4FO\xff9GS\xff7CO\
\xff2>K\xff.;J\xff6GR\xff=OZ\
\xff8JV\xff3DP\xff8HS\xff>LX\
\xff:HT\xff9GR\xffGT\x5c\xffO\x5ce\
\xff9GU\xff,<L\xff:HY\xff;I[\
\xffETe\xffL[l\xff>M]\xff9HY\
\xff@O]\xff3CP\xff+;H\xff;LY\
\xffDVc\xffEVc\xffBS`\xff?P]\
\xff;LX\xff:LY\xff8IV\xff8HU\
\xff5ER\xff0?M\xff8HU\xffEUb\
\xff<JW\xff7FR\xff:JV\xff2BP\
\xff.>K\xff9IV\xff9HW\xff6DT\
\xff8GW\xff4CS\xff4DR\xff9IU\
\xff6FR\xff8HT\xff5ER\xff/>N\
\xff.;N\xff2@S\xff1@O\xff*;D\
\xff:IR\xffDP]\xff5>Q\xff#1A\
\xff,:F\xff8BO\xff5@R\xff2?O\
\xff/>K\xff4FN\xff-@G\xff%7?\
\xff%6B\xff&7>\xff%.7\xff\x22(.\
\xff\x1d$'\xff\x15\x1e\x1f\xff\x0d\x12\x16\xff\x0e\x0b\x0e\
\xff\x0b\x0b\x09\xff\x07\x0e\x0f\xff\x0c\x17\x14\xff\x13\x1a\x1a\
\xff\x15\x1b \xff\x15\x1c%\xff *4\xff\x1a%-\
\xff\x16#(\xff)14\xff!*&\xff\x12\x1a\x1a\
\xff\x0f\x17\x15\xff\x10\x1a\x17\xff\x10\x1b\x1a\xff\x0a\x10\x1b\
\xff\x0f\x15\x11\xff\x15\x1c\x15\xff\x0e\x19\x0e\xff\x07\x12 \
\xff\x0d\x13E\xff\x12\x140\xff\x08\x08\x10\xff\x06\x09\x07\
\xff\x0c\x0c\x09\xff\x08\x0a\x0e\xff\x01\x10\x12\xff\x12\x12\x1b\
\xff\x15\x19\x1f\xff\x16.*\xff0EF\xff<FI\
\xff-2/\xff#)'\xff.',\xff<4'\
\xff;:3\xff\x13/m\xff\x0b2\xa2\xff\x137\x91\
\xff\x0a$\x82\xff\x0b#\xb5\xff\x0c$\x94\xff\x08\x22N\
\xff\x07\x10\x08\xff\x05\x0e\x04\xff\x0d\x16\x05\xff\x0d\x19\x0d\
\xff\x0a\x17\x03\xff\x0d\x18\x18\xff\x13\x1eS\xff\x10!\x91\
\xff\x0d \x99\xff\x08\x15H\xff\x09\x1bM\xff\x08\x10i\
\xff\x17\x1c[\xff\x18(\x1d\xff\x16'\x1b\xff(.#\
\xff#'=\xff\x17$\x80\xff\x1f%P\xff,(\x1a\
\xff.,$\xff**-\xff.'(\xff-,*\
\xff+3K\xff/4O\xff1+*\xff3,3\
\xff(8Y\xff\x168f\xff\x1e2K\xff.,+\
\xff--*\xff../\xff)&\x18\xff.\x1c\x03\
\xff/)(\xff$C}\xff\x15I\x9d\xff'Fm\
\xff725\xffC70\xffB7+\xffD5'\
\xffG8'\xff@7-\xff865\xff764\
\xff961\xff72/\xff941\xff:52\
\xff940\xff852\xff953\xff:74\
\xff:77\xff866\xff:77\xff=;:\
\xff?<;\xffA>=\xffB>=\xff<:9\
\xff787\xff675\xff;87\xff;76\
\xff832\xff511\xff0,*\xff'$$\
\xff8:5\xffed`\xffmjh\xffNQP\
\xffANK\xffM`]\xffVd`\xff[_a\
\xffbik\xff]ba\xffSXW\xffTYX\
\xffSYX\xffMPN\xffQQO\xffSOO\
\xffOJH\xffPKH\xffLGD\xff4@L\
\xff3@K\xff6DO\xff=JU\xff>JS\
\xff8DN\xff2>H\xff/;E\xff%1:\
\xff ,7\xff5AM\xffDP\x5c\xffCP\x5c\
\xff9GU\xff8ET\xff7FR\xff6FN\
\xff4CL\xff0BI\xff3EL\xff1@J\
\xff'2@\xff&0<\xff2;H\xff5@L\
\xff-;F\xff0>J\xff7EQ\xff:HT\
\xff;IU\xff7EQ\xff8GS\xff;GU\
\xff=LY\xffCO]\xff=KW\xff8GS\
\xff:JV\xff9IU\xff8HT\xff>NZ\
\xff8HT\xff0@M\xff6FS\xff=HV\
\xff3@N\xff8HU\xff4ER\xff7ER\
\xff4CP\xff5ER\xff0@L\xff2AM\
\xff=KW\xff<KV\xffEQ[\xffIT_\
\xff=JY\xff9HX\xff<K[\xff<K[\
\xff<K[\xff=K[\xff5DT\xff7GX\
\xff@O^\xff4DQ\xff*:G\xff9HV\
\xff>O\x5c\xff6GT\xff7HU\xff:KX\
\xff/@M\xff):G\xff6FS\xff<LY\
\xff5ER\xff7GT\xff;KX\xff4DQ\
\xff1AN\xff/?K\xff7GT\xff:JW\
\xff3CP\xff/?L\xff0?N\xff5CS\
\xff4CS\xff.>N\xff,<J\xff/?K\
\xff0@M\xff6DP\xff6BP\xff/;J\
\xff,9I\xff2AQ\xff1AM\xff):B\
\xff+:E\xff-:G\xff1;M\xff3?O\
\xff)6E\xff/9F\xff6AN\xff-9E\
\xff%4=\xff%4<\xff)9@\xff,=E\
\xff,;E\xff\x22.6\xff\x17\x1f,\xff\x0e\x19%\
\xff\x11 #\xff\x16!$\xff\x0b\x15\x1a\xff\x09\x17\x13\
\xff\x09\x16\x0e\xff\x07\x14\x0c\xff\x0c\x19\x0f\xff\x09\x0f\x0c\
\xff\x0b\x11\x14\xff\x0f\x17\x1e\xff\x17\x1c$\xff\x13\x14\x18\
\xff\x13\x1a$\xff\x19/6\xff\x18+-\xff\x10\x15\x16\
\xff\x0e\x14\x0f\xff\x14 \x15\xff\x12 \x1d\xff\x06\x11 \
\xff\x0e\x1e\x1d\xff\x15(\x19\xff\x14\x1d\x0b\xff\x14!O\
\xff\x12\x1e\x99\xff\x09\x12K\xff\x06\x08\x01\xff\x0b\x08\x05\
\xff\x10\x0a\x0a\xff\x0c\x0e\x0f\xff\x0a\x14\x10\xff\x18\x18\x14\
\xff\x14\x1e\x1b\xff\x16'!\xff$.\x1e\xff(' \
\xff(!-\xff$$'\xff&(1\xff\x1a\x173\
\xff\x22%0\xff\x1b;\x8d\xff\x08\x1f\xa5\xff\x09\x11P\
\xff\x0b!2\xff\x14-]\xff\x0f#4\xff\x0f!\x0e\
\xff\x19%\x10\xff\x0f \x09\xff\x12$\x12\xff\x14!\x13\
\xff\x0c\x1c\x0b\xff\x09\x177\xff\x0d\x1f\x82\xff\x126\xaa\
\xff\x08&\x8a\xff\x07\x1a8\xff\x14\x18:\xff\x09\x1a\x94\
\xff\x12$\x82\xff!*3\xff\x22%&\xff**\x22\
\xff2/@\xff#&]\xff\x22\x222\xff0'\x1f\
\xff.,)\xff).%\xff/+$\xff4% \
\xff-%\x14\xff5)\x19\xff6$\x1f\xff,)%\
\xff%Lr\xff O\x9a\xff\x225T\xff2-/\
\xff7(%\xff1&\x1e\xff3++\xff5(%\
\xff12E\xff1L\x82\xff-L\x80\xff4>M\
\xff:4/\xffA84\xffI?<\xffG>9\
\xff?91\xff960\xff:72\xff640\
\xff942\xff720\xff941\xff<74\
\xff=74\xff<84\xff:73\xff:52\
\xff;74\xff<85\xff=85\xff=:6\
\xff@<8\xffA=9\xff=96\xff730\
\xff731\xff521\xff721\xff832\
\xff611\xff410\xff21/\xff230\
\xff+-0\xff>AA\xffssj\xff\x80{t\
\xffQTP\xff.@>\xff3LI\xffK[X\
\xffbfe\xff_dc\xffW]\x5c\xffJNN\
\xffJKJ\xffQQO\xffUSR\xffSPO\
\xffOKI\xffLID\xffLIE\xff5CO\
\xff7EQ\xff9GT\xff8FR\xff8FQ\
\xff;JS\xff<HR\xff:FP\xff9IP\
\xff-;C\xff)5?\xff:FP\xff?LW\
\xff3AO\xff4AO\xff:GU\xff6FQ\
\xff3FN\xff6JS\xff:LT\xff?MW\
\xff:DQ\xff5>J\xff;CP\xff8CN\
\xff4BM\xff6DP\xff8FR\xff;IU\
\xff8FR\xff;IU\xff=KX\xff7DR\
\xff9FU\xff>KZ\xff;HV\xff<JX\
\xff?O\x5c\xff@P]\xffAQ^\xffEUa\
\xff@P]\xff8HU\xff=MZ\xff<IW\
\xff5ER\xffCT`\xffIYf\xff<LX\
\xff<LY\xff?M[\xff<KX\xff9IV\
\xff5CP\xff8FR\xff=KW\xff:GT\
\xff?L[\xff=K[\xff=L\x5c\xff?N^\
\xff8GW\xff6ET\xff<L\x5c\xff8HY\
\xff4DR\xff=MZ\xff@P]\xff1@N\
\xff+<I\xff3DQ\xff6GT\xff8JW\
\xff8IV\xff0AN\xff9IV\xff?P]\
\xff9IV\xff;LY\xff6FS\xff1AN\
\xff-<I\xff&6C\xff.>K\xff;KX\
\xff:JW\xff/?L\xff.>K\xff2BQ\
\xff/?N\xff/>N\xff,;I\xff)9F\
\xff-=I\xff1?L\xff.;H\xff*7D\
\xff-9I\xff-=K\xff+=G\xff.>J\
\xff/=I\xff*6C\xff*5D\xff6@Q\
\xff.9I\xff)4?\xff3>G\xff-8B\
\xff$0:\xff&4<\xff)7>\xff\x22.6\
\xff\x1e'0\xff\x1f+0\xff\x15+1\xff\x0e':\
\xff\x1a+A\xff\x16(,\xff\x0e +\xff\x17+F\
\xff\x1f+P\xff\x08\x15\x1e\xff\x0c\x17\x14\xff\x0d\x11\x13\
\xff\x09\x0e\x14\xff\x09\x12\x14\xff\x0b\x0d\x0c\xff\x15\x0d\x12\
\xff\x19\x1b-\xff\x170G\xff\x1a03\xff\x0e\x17\x16\
\xff\x0e\x13\x15\xff\x1d!\x1a\xff\x18\x1d\x15\xff\x0d\x18\x22\
\xff\x11&2\xff\x15+!\xff\x0f\x19\x0b\xff\x0e\x1c$\
\xff\x0f);\xff\x0e\x1b$\xff\x0c\x0b*\xff\x0d\x0a%\
\xff\x0e\x12\x09\xff\x0c\x18\x0e\xff\x13\x19\x10\xff\x11\x1a\x0f\
\xff\x0a\x1c\x15\xff\x17!\x1d\xff%+\x1b\xff.'*\
\xff4+3\xff7/!\xff(2F\xff\x0c*\x9d\
\xff\x19'\x8c\xff$5Y\xff\x110\x90\xff\x00\x1d\x81\
\xff\x0a\x18(\xff\x1c'\x0a\xff\x1e)\x15\xff\x15+\x1b\
\xff\x18%*\xff\x0f\x1e?\xff\x0a!=\xff\x0b\x19\x0e\
\xff\x07#B\xff\x05+\xad\xff\x0e)\xa1\xff\x0a\x1eZ\
\xff\x0e3\x8c\xff\x0c3\x8d\xff\x09\x19o\xff\x0f%\xa3\
\xff\x0a\x22\x84\xff\x0e\x1eu\xff-,W\xff8,)\
\xff7+%\xff.'#\xff-&!\xff2-'\
\xff2++\xff.*'\xff,)%\xff3,&\
\xff*-+\xff'+.\xff1)*\xff.,/\
\xff05<\xff337\xff6.,\xff4.+\
\xff51.\xff110\xff7-)\xff:.)\
\xff.,)\xff2+\x1b\xff9*\x19\xff:)$\
\xff91,\xff51.\xff<2/\xff80.\
\xff0.+\xff41,\xff74-\xff2.*\
\xff3.-\xff3.,\xff61-\xff;63\
\xff?96\xff=85\xff:52\xff:52\
\xff62.\xff830\xff=84\xff<74\
\xff<74\xff<74\xff951\xff851\
\xff:64\xff;76\xff;65\xff732\
\xff<87\xff<87\xff231\xff597\
\xff468\xff*./\xffBHC\xffvun\
\xffqrj\xffCLJ\xff=KM\xffRba\
\xff_if\xff_gf\xff\x5caa\xffQTT\
\xffQOO\xffSOO\xffONL\xffPNL\
\xffNOM\xffOSM\xffNRM\xff9GS\
\xff2@L\xff3AM\xff6DP\xff0?J\
\xff0?H\xff:IR\xff<IS\xff;IQ\
\xff9GN\xff:GN\xff9EO\xff,9E\
\xff$1>\xff(5C\xff;HV\xff<IV\
\xff*:F\xff1@L\xff:KT\xff:JV\
\xff=KW\xff;IU\xff7ER\xff;KU\
\xff?NY\xff=KW\xff<JV\xff4BN\
\xff1?K\xff7EQ\xff8ER\xff:GU\
\xff=JX\xff=JX\xff8ES\xff:GU\
\xff=MZ\xff?O\x5c\xffBR_\xff=MZ\
\xff=MY\xff@P]\xff?O[\xff?N[\
\xff9HU\xff<LW\xffL]h\xff@P\x5c\
\xff@O[\xff;HU\xff<KX\xff;LY\
\xff:JV\xff;KX\xff<KX\xff<KX\
\xff>L[\xff:IY\xff=L\x5c\xffAP`\
\xff@O_\xff;JZ\xff<K[\xff9IY\
\xff4DR\xff=MZ\xffCS`\xff:KW\
\xff9IV\xff=MZ\xff=N[\xff<MZ\
\xff<LY\xff@P]\xff;LY\xff2CP\
\xff)9F\xff0@M\xff3CP\xff2@N\
\xff7DR\xff3CQ\xff1AN\xff3CP\
\xff6FS\xff5FS\xff0@M\xff.?K\
\xff2AO\xff1=K\xff,8F\xff(7C\
\xff)7C\xff'5A\xff%4@\xff'3@\
\xff/8H\xff-:G\xff$6A\xff\x221=\
\xff)3@\xff9BO\xff3=I\xff'0>\
\xff\x22,9\xff\x22-5\xff%08\xff\x22-5\
\xff ,4\xff!,5\xff +4\xff\x1b$,\
\xff\x17\x1f%\xff\x1a#'\xff\x1c()\xff\x16&*\
\xff\x18%2\xff\x16&%\xff\x11$\x1f\xff\x0f\x1c-\
\xff\x0e\x181\xff\x06\x14\x11\xff\x0c\x14\x13\xff\x0f\x0f\x16\
\xff\x09\x0a\x14\xff\x08\x0f\x0f\xff\x09\x0c\x04\xff\x18\x11\x12\
\xff\x16\x1b+\xff\x11+H\xff$>5\xff\x1c*\x1c\
\xff\x11\x19\x11\xff\x1b+\x1a\xff\x1c0\x1f\xff\x1b('\
\xff\x1c+5\xff\x18%\x22\xff\x11\x16\x13\xff\x0d\x14\x0c\
\xff\x0e#\x00\xff\x17!2\xff\x17\x22\x9d\xff\x09\x16p\
\xff\x0a\x13\x0e\xff\x12\x1a\x11\xff\x10\x18\x0c\xff\x0b\x15\x14\
\xff\x07\x1d^\xff\x18)Y\xff\x177<\xff\x1d7O\
\xff'*,\xff2-\x1a\xff.-.\xff&3U\
\xff)2S\xff1)#\xff#K\x81\xff\x0aO\xe0\
\xff\x06#\x8b\xff\x14\x1d6\xff\x223\x1f\xff\x1d3\x22\
\xff\x1c:t\xff\x0e4\xcc\xff\x0a0\x91\xff\x0e%\x1a\
\xff\x176:\xff$D\x88\xff\x182c\xff\x0f\x16i\
\xff\x0b*\xaf\xff\x092\x89\xff\x191h\xff(<j\
\xff\x1f,t\xff\x11/\x90\xff)/L\xff:,\x22\
\xff-+#\xff&+&\xff+*)\xff2*(\
\xff2+\x22\xff2+2\xff2-2\xff4/)\
\xff4/0\xff'.1\xff04)\xff;2*\
\xff>+$\xff<+\x1e\xff:.&\xff0.%\
\xff()&\xff/)+\xff4*+\xff.**\
\xff(*$\xff((\x1a\xff+%\x22\xff/'+\
\xff1*'\xff/)&\xff.('\xff,('\
\xff-*'\xff30+\xff;72\xff<83\
\xff<74\xff=75\xff?96\xff>97\
\xff@;8\xff>97\xff<74\xff>85\
\xff;41\xff=63\xff@:7\xff941\
\xff61.\xff941\xff<74\xff=95\
\xff;75\xff:55\xff732\xff510\
\xff954\xff843\xff120\xff497\
\xff7=:\xff9?>\xff8=?\xff=FC\
\xff[bY\xffie_\xffVRS\xffEMP\
\xffM[^\xff[ff\xffbhh\xff_bc\
\xff[]]\xffSRR\xffLLK\xffKMK\
\xffINK\xffJOJ\xffGLG\xff<JV\
\xff;IU\xff6DP\xff1?K\xff+:E\
\xff1AI\xff9HQ\xff0?H\xff,8B\
\xff5AJ\xff=IS\xff?JV\xff8EQ\
\xff4AO\xff.;J\xff2>M\xff?M[\
\xff4DQ\xff0>J\xff;HT\xff:IU\
\xff8HT\xff;LX\xff3EQ\xff1AK\
\xff<JU\xffBP\x5c\xff<JV\xff5CO\
\xff6DP\xff9GS\xff:GT\xff<IW\
\xff8ES\xff7DR\xff8ER\xff5CP\
\xff4DQ\xff3CP\xff1AM\xff,<H\
\xff2DL\xff6HP\xff4FM\xff8LT\
\xff7IS\xff5FQ\xff2CO\xff0@M\
\xff:FU\xff:FT\xff;HV\xff=LZ\
\xff<N[\xff=MZ\xff?O\x5c\xff>N[\
\xff=M\x5c\xff=L\x5c\xff9HX\xff<K[\
\xff@O_\xff=L\x5c\xff;KZ\xff<L\x5c\
\xff>N\x5c\xff9IV\xff7GT\xff<LY\
\xff@P]\xff;KX\xff<LY\xff<LY\
\xff:IV\xff=MZ\xff7HU\xff3CP\
\xff3CP\xff6FS\xff5DQ\xff,9G\
\xff5BQ\xff7EU\xff1@N\xff-<I\
\xff/=K\xff0>L\xff/=J\xff/<J\
\xff2>L\xff.:H\xff+8G\xff*9D\
\xff)8B\xff)7C\xff*7B\xff'3@\
\xff$.<\xff\x1f,8\xff\x1e/:\xff\x1c(5\
\xff\x1f'4\xff<CM\xff;DK\xff\x1b$*\
\xff\x11\x19\x22\xff\x1a%,\xff\x1d)0\xff\x1d'/\
\xff\x1d&/\xff\x19\x22+\xff\x1a\x22*\xff\x1c\x22(\
\xff\x12\x16\x1b\xff\x0f\x13\x16\xff\x18\x1b\x1f\xff\x11\x16\x1e\
\xff\x14\x1f\x1f\xff\x18\x22 \xff\x16\x1e \xff\x0f\x19\x1a\
\xff\x06\x0f\x0c\xff\x0c\x13\x0d\xff\x0e\x1a\x0f\xff\x0a\x0d\x0b\
\xff\x08\x0c\x0d\xff\x10\x18\x18\xff\x12\x17\x14\xff\x10\x12\x0c\
\xff\x1a%%\xff!8>\xff\x223N\xff\x14 :\
\xff\x0f&!\xff\x0b(\x13\xff\x14-\x1d\xff /%\
\xff\x19&#\xff\x19$\x1c\xff\x1b \x1e\xff\x0f\x1a\x18\
\xff\x10\x14\x0c\xff\x18\x17\x18\xff\x13!=\xff\x0a\x16-\
\xff\x0d\x13\x16\xff\x13\x1d\x14\xff\x12\x1e\x0b\xff\x10\x1c-\
\xff\x12#n\xff\x14$K\xff\x18/9\xff%9N\
\xff,)(\xff,*(\xff,)'\xff++\x1a\
\xff),\x17\xff4)\x1c\xff36;\xff F\x9c\
\xff\x0fD\xc2\xff\x099\xb3\xff\x1e2Y\xff)8 \
\xff B`\xff\x1c<\x87\xff\x1f;J\xff!2 \
\xff\x1f/\x1b\xff&+\x19\xff$+\x1f\xff(0m\
\xff\x19+\x98\xff\x0e){\xff#1W\xff4+'\
\xff(.8\xff\x1b.k\xff$)E\xff1)&\
\xff/-&\xff2+)\xff6.1\xff70-\
\xff3/)\xff51/\xff83/\xff;1,\
\xff;1)\xff64*\xff04#\xff61+\
\xff6-7\xff4+/\xff3/*\xff1++\
\xff3)*\xff6)(\xff-)+\xff#&)\
\xff)+-\xff0.1\xff3,-\xff2-*\
\xff51,\xff4/+\xff0,(\xff1.)\
\xff51-\xff830\xff=94\xffC>9\
\xffB<7\xffA:6\xffB<8\xff<83\
\xff:62\xff951\xff951\xff:41\
\xff>63\xff?74\xff=74\xff:52\
\xff71.\xff3/+\xff61.\xff=74\
\xff>:9\xff;76\xff610\xff2.-\
\xff510\xff632\xff565\xff:=:\
\xff=BA\xffDJI\xffEKH\xff8?>\
\xff@EB\xffjh^\xffxrk\xffVWX\
\xff8AF\xffCNN\xffXaa\xffbhh\
\xff_ed\xffVZY\xffNOO\xffLPO\
\xffOQN\xffRLI\xffSMJ\xff8ES\
\xff>KX\xff<IU\xff6CP\xff6BP\
\xff6DN\xff3BK\xff2AJ\xff3AK\
\xff:GR\xff<GS\xff9DP\xff:GR\
\xff-<E\xff.=G\xff7GP\xff4FP\
\xff2BO\xff3?M\xff:ER\xffBN[\
\xffAN[\xff=MY\xff;LX\xff8FR\
\xff>LX\xffDQ_\xff@MZ\xff>LX\
\xff=KW\xff;JU\xff:GT\xff5BQ\
\xff3AM\xff;HS\xff=JV\xff4BN\
\xff0@K\xff0?K\xff*:E\xff\x1e.8\
\xff%8;\xff.BF\xff-AF\xff1GL\
\xff3HO\xff8KV\xff5FS\xff3BP\
\xff<HW\xff?LZ\xffAM[\xff9HU\
\xff9KX\xff@Q^\xff>O\x5c\xff;KX\
\xff=L[\xff<K[\xff8HW\xff4CS\
\xff7FV\xff;JZ\xff9HX\xff9JY\
\xff:KY\xff6FS\xff9IV\xff=MZ\
\xff9IV\xff/>K\xff-:H\xff6BP\
\xff5ER\xff5FS\xff9KW\xff7GT\
\xff6FS\xff2AN\xff6CQ\xff4AP\
\xff2?O\xff4AQ\xff5AR\xff3@P\
\xff1>L\xff+8F\xff,9H\xff-:H\
\xff.;I\xff-8G\xff)5D\xff*8D\
\xff+7A\xff.:D\xff+7B\xff(4A\
\xff#.<\xff#1;\xff .9\xff\x1d&5\
\xff\x1f'1\xff'-3\xff-35\xff\x1a$$\
\xff\x12\x19\x1e\xff\x18!'\xff\x14\x1f%\xff\x13\x1e$\
\xff\x14\x1e'\xff\x0e\x16 \xff\x0e\x13\x1b\xff\x17\x1d\x1f\
\xff\x13\x17\x1c\xff\x0f\x12\x13\xff\x10\x1b\x1d\xff\x0b\x17\x1a\
\xff\x0a\x1d\x19\xff\x0e!\x19\xff\x0b\x1b\x15\xff\x13#\x1a\
\xff\x10\x1f\x12\xff\x15\x1f\x13\xff\x15\x1f\x15\xff\x07\x0c\x09\
\xff\x14\x1a\x19\xff ),\xff\x0d\x17\x18\xff\x11\x1a\x15\
\xff\x1e*!\xff5H?\xff1<v\xff\x12\x1f\x81\
\xff\x0e\x1e}\xff\x0b\x17X\xff\x0c\x19&\xff\x11 \x13\
\xff\x11\x1b\x0f\xff\x10\x22\x0d\xff\x1a&\x14\xff\x0b\x15\x07\
\xff\x15\x0e#\xff\x0c\x11F\xff\x04\x185\xff\x0d\x1f&\
\xff\x0c\x1a\x15\xff\x10\x1b \xff\x11,z\xff\x10+\xaf\
\xff\x0f\x1fR\xff\x0e\x1b\x08\xff\x1d'\x22\xff%.<\
\xff''2\xff(')\xff*&*\xff5(-\
\xff4++\xff0*)\xff,%\x19\xff(&\x18\
\xff):a\xff!A\x9a\xff!*T\xff(7(\
\xff,9*\xff2+\x16\xff)$\x0d\xff\x14\x222\
\xff\x16%T\xff\x0f\x18`\xff\x12\x1d^\xff\x19(7\
\xff&-$\xff\x1f*F\xff (H\xff-\x22\x17\
\xff'+;\xff'0q\xff)*C\xff0(#\
\xff70,\xffA02\xff@33\xff:34\
\xff803\xff630\xff:50\xffB36\
\xff?23\xff82+\xff22*\xff-00\
\xff0,1\xff3+-\xff./(\xff410\
\xff:/0\xff6,&\xff0-)\xff0/.\
\xff:1.\xff?/)\xff:2)\xff970\
\xff<83\xff950\xff84.\xff=82\
\xffA;6\xff?:5\xff@:6\xffA;7\
\xff?:6\xffC<8\xffA;5\xff83.\
\xff51,\xff950\xff=94\xffC=9\
\xffB;:\xff;64\xff930\xff:43\
\xff842\xff842\xff<:6\xffB@<\
\xffDB?\xffHED\xffHDC\xff?;:\
\xff843\xff<87\xff>;:\xff885\
\xff466\xff8=;\xffDIF\xffEKI\
\xff?A@\xffHGF\xffXWQ\xffVWS\
\xffIOO\xff?II\xffLWW\xffV``\
\xffU`_\xff]cc\xff`ec\xff\x5cb`\
\xffVZW\xffWRN\xffVQN\xff9DR\
\xff;FS\xff;GS\xff:FQ\xff=IV\
\xffBMZ\xff>KW\xff@LY\xffCN\x5c\
\xff=IV\xff;GS\xff7DP\xff:IS\
\xff5FN\xff9HQ\xff=MU\xff7IR\
\xff2DS\xff3BR\xff8ET\xff9DS\
\xff8BP\xff<IW\xff@P]\xff>NZ\
\xff@NZ\xff?LZ\xff?MZ\xff@O\x5c\
\xffBP^\xff?L[\xff:GU\xffAO\x5c\
\xff?MY\xff;JS\xff?NW\xff9IS\
\xff8IR\xff8JR\xff5GO\xff.?G\
\xff5HK\xff7KN\xff4IL\xff9OT\
\xff6JR\xff9LV\xff=NZ\xff>N[\
\xff?O\x5c\xffBQ^\xffBP^\xff>M[\
\xff;KX\xff<LY\xff9JW\xff6GT\
\xff:IZ\xff;HY\xff9GV\xff7FV\
\xff5DT\xff8GW\xff8GW\xff7GX\
\xff:J[\xff9KY\xff9KX\xff5FS\
\xff5FS\xff9HU\xff1>L\xff,9G\
\xff0?M\xff3CR\xff2CP\xff0@N\
\xff0@M\xff0@M\xff-:G\xff#0=\
\xff,9G\xff,9I\xff(5D\xff,8H\
\xff2>L\xff.:I\xff,9J\xff)7D\
\xff*8E\xff#0=\xff!.:\xff%1<\
\xff%0:\xff$.8\xff\x1d)3\xff\x1c(3\
\xff\x1f*6\xff +5\xff\x1d'2\xff\x16\x1f,\
\xff\x11\x19#\xff\x14\x19\x1f\xff,11\xff+1/\
\xff\x16\x1a\x17\xff\x13\x1a \xff\x12\x1d!\xff\x11\x1c \
\xff\x12\x1a$\xff\x0f\x17\x1e\xff\x14\x19\x1d\xff\x1a\x1d \
\xff\x1b\x16\x17\xff\x18\x1d\x14\xff\x15)\x1c\xff\x12\x1e\x1b\
\xff\x12\x22\x1b\xff\x11&\x1e\xff\x0a\x1f\x18\xff\x16\x1a\x19\
\xff\x1a\x22\x1a\xff\x11\x1c\x16\xff\x0c\x15\x14\xff\x05\x10\x0e\
\xff\x14\x16\x19\xff\x1a##\xff\x10\x1e\x1d\xff\x15%%\
\xff\x18(#\xff(9*\xff\x18/J\xff\x0c\x22h\
\xff\x15%\x85\xff%+\x8b\xff\x13$g\xff\x06\x1b \
\xff\x11\x1c\x11\xff\x10 $\xff\x0c$ \xff\x10\x18\x18\
\xff\x16\x1d0\xff\x0e(\x80\xff\x0e#\xa6\xff\x0d\x1c_\
\xff\x0e\x16\x0e\xff\x11 6\xff\x14+\xa0\xff\x102\xa3\
\xff\x0b2;\xff\x12%\x09\xff\x1a*Q\xff\x185\x7f\
\xff&*E\xff1)#\xff..(\xff/))\
\xff,)*\xff%)*\xff')$\xff)%\x1b\
\xff*$\x19\xff,\x22\x1d\xff/+ \xff,38\
\xff'+8\xff%%1\xff\x15#k\xff\x0f/\x95\
\xff!4\x81\xff\x18,\x8d\xff\x16+\x94\xff\x167\x8d\
\xff\x19-m\xff\x1d(W\xff\x1f#@\xff1)'\
\xff40(\xff41)\xff9.*\xff53*\
\xff08(\xff942\xff641\xff421\
\xff921\xff;51\xff<82\xffB98\
\xff@79\xff:40\xff=6/\xff<5/\
\xff60.\xff5,*\xff2)&\xff+*(\
\xff,*)\xff2-%\xff31(\xff50(\
\xff80'\xff73(\xff31)\xff572\
\xff;83\xff;72\xff@94\xffD<6\
\xffB:4\xff>60\xff;3/\xff92-\
\xff92.\xff;51\xff:4/\xff5/+\
\xff62.\xff:62\xff940\xff72.\
\xff51-\xff631\xff<77\xff@;:\
\xffEA@\xffLHH\xffLKI\xffFEA\
\xff@?=\xff??=\xffB?>\xffA<;\
\xff<87\xff=98\xffA=<\xff?<:\
\xff>;;\xff;9:\xff776\xff264\
\xff>;;\xff97;\xff046\xffJOK\
\xffinl\xffW\x5c]\xff7BB\xff%33\
\xff,:9\xffJRR\xff`dc\xff`fd\
\xffVYX\xffNTR\xffLPN\xff8CR\
\xff6BO\xff2>J\xff5@M\xff;GS\
\xff@LX\xff=JW\xff:FT\xff<GV\
\xff?JX\xff9HU\xff9IV\xff9GV\
\xff<K[\xff>K[\xff<GW\xff8HV\
\xff8JX\xff4EQ\xff2AL\xff1?J\
\xff/<G\xff3AN\xff6FT\xff8FU\
\xff>JW\xff?L[\xff?P]\xff;LX\
\xff9IW\xff?M^\xffAO_\xffCPa\
\xff<K[\xff7GU\xff@OZ\xff?PY\
\xff9LT\xff<OV\xffG[a\xff=PW\
\xff0AJ\xff4FN\xffBT[\xff>QX\
\xff9JS\xff:JU\xff7GT\xff:JW\
\xff7HU\xff>O\x5c\xff:KX\xff>N[\
\xffBN\x5c\xff?N[\xff=MZ\xff7HU\
\xff<KY\xffBO^\xff>MZ\xff:LW\
\xff:KX\xff9IX\xff7GV\xff6EW\
\xff5EW\xff6HX\xff5GU\xff2CP\
\xff8HU\xff>N[\xff9JU\xff,=H\
\xff.>L\xff2BR\xff/=M\xff/<M\
\xff1>L\xff.<I\xff*9C\xff&6=\
\xff)7A\xff)5A\xff\x1f+7\xff\x1d)5\
\xff&1?\xff*5C\xff-9F\xff,9C\
\xff$0:\xff\x22-8\xff%0:\xff\x22,5\
\xff\x1d'1\xff\x1b$/\xff\x1b$.\xff\x16\x1f)\
\xff\x14\x1d'\xff\x18!(\xff\x19\x22(\xff\x13\x1d%\
\xff\x0f\x18\x22\xff\x0d\x15\x1e\xff\x18\x1e!\xff132\
\xff \x1e\x1b\xff\x0e\x0d\x12\xff\x19\x1d&\xff\x16\x1d%\
\xff\x11\x18\x1e\xff\x15\x1d \xff\x14%\x1f\xff\x15 &\
\xff\x1c\x1e)\xff\x1a \x22\xff\x1d-\x22\xff\x12+*\
\xff\x11%$\xff\x13'!\xff\x170)\xff\x18$\x1c\
\xff\x0c\x1f\x17\xff\x08\x1b\x11\xff\x09\x16\x10\xff\x13\x1d\x1e\
\xff\x15\x1f\x1b\xff\x17'\x22\xff\x14%!\xff\x19%%\
\xff\x0b\x19\x1c\xff\x14!\x1a\xff\x14!*\xff\x1f 8\
\xff,%%\xff+)I\xff\x11/\x84\xff\x07$X\
\xff\x13,f\xff\x1a1\x8f\xff\x09\x1eY\xff\x0d\x15@\
\xff\x17%c\xff\x0b*\x7f\xff\x07\x1bG\xff\x10\x18\x12\
\xff\x13\x19\x0b\xff\x0f\x1c\x18\xff\x18\x1f9\xff!..\
\xff =-\xff\x103H\xff\x16)c\xff*0J\
\xff.*#\xff/+*\xff,,-\xff,''\
\xff)'$\xff+*'\xff+((\xff0*,\
\xff2-+\xff.+'\xff3-\x22\xff-4O\
\xff\x124\xa5\xff\x166\x9e\xff\x1dD\xbe\xff!G\x95\
\xff&0#\xff6*&\xff5.-\xff-9Q\
\xff07d\xff34P\xff3/5\xff83-\
\xff:02\xff8--\xff;3,\xff;6/\
\xff56,\xff:4.\xff95.\xff:40\
\xff<62\xff>93\xff>;3\xff<74\
\xff941\xff930\xff;40\xff81,\
\xff2--\xff1,+\xff6-,\xff4-*\
\xff0+(\xff2,*\xff1,)\xff1,)\
\xff3-(\xff4.*\xff3++\xff1++\
\xff0,(\xff0*'\xff92.\xff:3/\
\xff81-\xff92.\xff80,\xff60+\
\xff93/\xff82-\xff71,\xff5/,\
\xff61/\xff4/,\xff/*'\xff.)&\
\xff20+\xff:85\xff@=:\xff@>9\
\xffB>:\xffA=9\xff=96\xff=:6\
\xffA>;\xffD@=\xffB>:\xff@<9\
\xff@<:\xff:65\xff;76\xff?;:\
\xff730\xff/+(\xff+'$\xff*&&\
\xff2,-\xff011\xff5;:\xffJQO\
\xffkml\xffqkn\xff>HH\xff\x1b31\
\xff/BA\xffQZZ\xffa_`\xff]`a\
\xffSYY\xffNSR\xffMLM\xff7EP\
\xff6DO\xff8FP\xff9HT\xff:IU\
\xff;JU\xff>MZ\xff8HT\xff<JW\
\xff@M[\xff<LY\xff<LY\xff7GT\
\xff6GT\xff9GU\xff>JX\xff:HW\
\xff8HV\xff;JU\xff6DN\xff>MU\
\xff>LV\xff2BO\xff-=K\xff-;J\
\xff9DS\xff:GV\xff9HU\xff;LW\
\xff:JV\xff;KY\xffAP]\xffCQ\x5c\
\xff;KX\xff:KW\xff:JW\xff8JS\
\xff9MT\xff<OV\xff>QY\xff<OW\
\xff7GS\xff:JU\xff>OX\xffEV_\
\xffBS\x5c\xff;KV\xff9IV\xff6FS\
\xff;LY\xff<MZ\xff9IV\xff<JW\
\xff=KY\xff3CP\xff5FS\xff7IU\
\xff3BP\xff5BR\xff9IV\xff9JU\
\xff:KW\xff6GT\xff7GU\xff;I[\
\xff5EU\xff5EU\xff9IW\xff6GS\
\xff6FS\xff6ES\xff6GR\xff4EP\
\xff2AO\xff3AQ\xff/<L\xff-9H\
\xff,9G\xff'6C\xff(6B\xff'5=\
\xff'5=\xff+7B\xff/:E\xff\x1e(4\
\xff!+8\xff(2?\xff!+6\xff\x1e)3\
\xff\x1b'/\xff *4\xff\x22+6\xff\x1d'1\
\xff\x1b%/\xff\x19!+\xff\x19 )\xff\x15\x1c%\
\xff\x16\x1d&\xff\x19\x1f)\xff\x16\x1e'\xff\x13\x1d&\
\xff\x14\x1e'\xff\x13\x1b%\xff\x0d\x12\x19\xff \x22&\
\xff.+.\xff\x18\x18\x14\xff\x0f\x15\x14\xff\x11\x1d\x1f\
\xff\x12#(\xff\x1e,6\xff&+2\xff\x1a(-\
\xff\x12,b\xff\x10'\x5c\xff\x15!\x1f\xff\x1a.'\
\xff\x0c% \xff\x0f*!\xff\x185*\xff\x1e4'\
\xff\x10( \xff\x10\x1d\x1b\xff\x12\x14\x17\xff\x17&\x1e\
\xff\x17-\x1a\xff\x11(\x1c\xff\x0c \x13\xff\x0e\x1a\x0e\
\xff\x0f\x1a\x17\xff\x12\x1d\x1a\xff\x10\x1e\x18\xff $\x1e\
\xff,(\x14\xff\x1d'L\xff\x0d\x1et\xff\x0e\x1er\
\xff\x18.\x8c\xff\x1d<\x93\xff\x10*y\xff\x11\x22P\
\xff*6D\xff\x183\x85\xff\x08\x1bm\xff\x14\x1b\x1e\
\xff\x17\x1b\x0c\xff\x0d\x1aK\xff\x13(`\xff%+*\
\xff%1$\xff\x194?\xff\x15.G\xff-*-\
\xff2*\x15\xff.*(\xff,(*\xff-)'\
\xff-*)\xff1,-\xff/+)\xff1/-\
\xff611\xff2/0\xff3+-\xff:/>\
\xff2=d\xff6<Z\xff64E\xff443\
\xff6/$\xff:.'\xff93&\xff4/\x22\
\xff:/%\xff8/'\xff62#\xff34&\
\xff-0*\xff(..\xff,3.\xff53.\
\xff72/\xff:51\xff=83\xff;62\
\xff:62\xff:62\xff;72\xff951\
\xff951\xff;62\xff720\xff40-\
\xff71/\xff83/\xff51.\xff4.+\
\xff3-*\xff0*)\xff0*(\xff-(%\
\xff1,)\xff1+)\xff-'$\xff+%\x22\
\xff*&#\xff*'#\xff/+'\xff1+)\
\xff4/,\xff941\xff83.\xff84-\
\xff73,\xff6/+\xff5.*\xff3-*\
\xff0+)\xff/*'\xff1-)\xff71.\
\xff:41\xff?;7\xff>:7\xff=85\
\xff>96\xff<86\xff@;7\xffC>7\
\xff>:6\xff963\xff640\xff43/\
\xff31/\xff.+*\xff0-,\xff310\
\xff241\xff9:6\xffDDA\xffMPN\
\xffTWV\xffZ`]\xfffmh\xffnws\
\xffpus\xffegg\xffR\x5c[\xffCSR\
\xffCTR\xffVgf\xffanm\xff_ii\
\xffYcc\xffWZ\x5c\xffPRS\xff=OV\
\xff7IP\xff<NU\xff?QX\xff=OW\
\xff3EM\xff1CK\xff8JS\xffFTa\
\xffAN\x5c\xff?O\x5c\xff>N[\xff>N[\
\xff3CP\xff0>L\xff:FT\xff2@M\
\xff0AN\xffAP\x5c\xff8FR\xff5DN\
\xff@NZ\xff:IV\xff8HU\xff5ER\
\xff5BP\xff5BP\xff8HT\xff;KW\
\xff3CO\xff0AL\xff8HQ\xff=MU\
\xff;LV\xff9IU\xff4DP\xff6GR\
\xff<OW\xff;NW\xff8KT\xff=PY\
\xffBR_\xff:JV\xff0AL\xff:KT\
\xff=NW\xff;LW\xff:JW\xff9IV\
\xff?O\x5c\xff8IV\xff;JW\xff<IW\
\xff:KX\xff0@M\xff0AN\xff6HT\
\xff.>N\xff/=P\xff6FV\xff3AO\
\xff4CQ\xff4CO\xff-=J\xff.=K\
\xff3?M\xff3AK\xff5CN\xff7EQ\
\xff2AN\xff->K\xff,<I\xff/@M\
\xff*;G\xff)8E\xff*7E\xff'4A\
\xff(4B\xff%2@\xff'3A\xff(3?\
\xff(4?\xff#0:\xff%0:\xff&/<\
\xff\x22+9\xff\x1d%2\xff\x1b$.\xff\x1a!,\
\xff\x1a#+\xff\x18!*\xff\x18!+\xff\x16\x1f)\
\xff\x14\x1d&\xff\x13\x1a#\xff\x14\x1b$\xff\x14\x1a#\
\xff\x14\x1a\x22\xff\x15\x1c#\xff\x15\x1c%\xff\x15\x1e'\
\xff\x13\x1c&\xff\x14\x1c&\xff\x13\x19\x22\xff\x15\x18!\
\xff&'-\xff!#!\xff\x0e\x13\x0f\xff\x10\x1a\x16\
\xff\x18&'\xff\x1f'5\xff%'3\xff\x1c\x22\x22\
\xff\x10\x15,\xff\x11\x22T\xff\x110I\xff\x1f.%\
\xff\x1d(\x15\xff\x17(\x1b\xff\x17&\x1a\xff\x15'\x18\
\xff\x13)\x1d\xff\x14$\x1d\xff\x1c&\x1c\xff\x12'\x19\
\xff\x07\x1c\x1f\xff\x10 !\xff\x13!\x16\xff\x0a!\x1d\
\xff\x0c\x1f \xff\x11$\x1f\xff\x11\x22\x1e\xff\x1c\x22(\
\xff\x22*%\xff*/*\xff),F\xff -s\
\xff\x0e-\x89\xff\x16,_\xff\x15.a\xff\x13,^\
\xff+*'\xff\x1c/g\xff\x0b(\xa4\xff\x0b\x22\x85\
\xff\x15$H\xff).=\xff0<H\xff)7+\
\xff\x1f#\x17\xff\x1b)?\xff\x172k\xff\x11+]\
\xff%*A\xff9-)\xff1%)\xff.*)\
\xff0,+\xff0,+\xff0,+\xff2--\
\xff1-,\xff3.-\xff411\xff30*\
\xff;.\x18\xff8.\x19\xff4+\x22\xff4+)\
\xff8/,\xff3./\xff013\xff212\
\xff4-,\xff6.)\xff6./\xff7-3\
\xff8.)\xff:3,\xff;54\xff953\
\xff720\xff832\xff831\xff4/-\
\xff3.-\xff4..\xff4.-\xff4/-\
\xff3.,\xff61.\xff830\xff72/\
\xff3.+\xff1,)\xff.(%\xff0,)\
\xff2-*\xff/*'\xff0+(\xff,'$\
\xff/*'\xff0+(\xff.)&\xff/*'\
\xff.*&\xff.*&\xff/+'\xff/+(\
\xff1,)\xff0,)\xff,'$\xff+'\x22\
\xff-($\xff0*&\xff0*'\xff-(%\
\xff.)&\xff2-*\xff2-,\xff71/\
\xff81.\xff6/-\xff70-\xff70-\
\xff4/,\xff4/,\xff92/\xff94/\
\xff551\xff350\xff;=8\xff?A<\
\xffDFC\xffOQO\xffZ[Y\xffbca\
\xffdhg\xffeli\xffipm\xffovt\
\xffryw\xffovs\xffltn\xffp{t\
\xffw\x82}\xffq}{\xffdom\xffPYX\
\xff:HG\xff<QO\xffH^\x5c\xffL[Z\
\xffW``\xff`ii\xffcik\xffDV]\
\xff8JQ\xff6HP\xff:MT\xffASZ\
\xff9LS\xff/BH\xff3EL\xff4CO\
\xff3@O\xff;JW\xff=MZ\xff<LY\
\xff3CP\xff6CQ\xffDP_\xff>LZ\
\xff8JU\xff=LX\xff*7D\xff,9G\
\xff?LY\xff;KW\xff:JW\xff9IV\
\xff6DR\xff6ER\xff9JV\xff9JU\
\xff1BK\xff*<C\xff);A\xff+=D\
\xff/@H\xff4EN\xff8HR\xff?O[\
\xff>O[\xff=N[\xff<MZ\xff>O\x5c\
\xff@O^\xff=MZ\xff=MY\xff=NX\
\xff;LU\xff:JV\xff5ER\xff:JW\
\xff9IV\xff6GT\xff5ER\xff5ER\
\xff4DQ\xff:JW\xff3BP\xff0?L\
\xff4ET\xff4DU\xff1@O\xff1?L\
\xff3?K\xff.9E\xff(7B\xff\x1f/;\
\xff#-:\xff*4<\xff%09\xff(3?\
\xff,8E\xff(6C\xff'7E\xff-<L\
\xff'6D\xff#2>\xff'4@\xff'3@\
\xff*3@\xff(0>\xff$.;\xff\x22+8\
\xff!*7\xff\x1d)2\xff\x1d(0\xff\x1b$/\
\xff\x18\x1f+\xff\x18\x1f)\xff\x19 )\xff\x1b\x1f'\
\xff\x19\x1d$\xff\x13\x1a\x22\xff\x11\x18\x22\xff\x11\x18!\
\xff\x15\x1a#\xff\x14\x1b#\xff\x13\x1b\x22\xff\x15\x1a\x22\
\xff\x15\x1a\x22\xff\x13\x19\x1f\xff\x17\x1e%\xff\x15\x1c&\
\xff\x15\x1c&\xff\x17 )\xff\x16\x1d&\xff\x11\x17\x1f\
\xff\x16\x18\x22\xff\x1d\x1f(\xff!%+\xff %(\
\xff\x16\x17\x1e\xff\x16\x15\x1a\xff\x14\x1a\x19\xff\x13\x16\x17\
\xff\x14\x09\x04\xff\x1a\x227\xff\x149\x85\xff\x1f ;\
\xff\x1c&\x17\xff\x0c,&\xff\x07\x19\x17\xff\x0e\x1d\x16\
\xff\x141!\xff\x113\x1d\xff\x11.\x19\xff\x11$ \
\xff\x0a\x22G\xff\x0f$<\xff\x16,M\xff\x13!E\
\xff\x09\x19\x1b\xff\x13 \x14\xff\x16&\x1c\xff 0(\
\xff 9-\xff'6 \xff((\x13\xff&/3\
\xff%1c\xff*(?\xff\x16(R\xff\x16%`\
\xff\x1f(W\xff\x1c.c\xff\x1e3{\xff\x189\xa5\
\xff\x17-\x85\xff\x1f#/\xff/,,\xff28/\
\xff!6\x1a\xff\x186>\xff\x1e4f\xff$/z\
\xff#1`\xff2+&\xff/&)\xff.*)\
\xff1.-\xff2--\xff40/\xff3/.\
\xff0,+\xff2.-\xff3/.\xff-/.\
\xff+1/\xff30*\xff20)\xff/01\
\xff101\xff52-\xff<03\xff;33\
\xff53,\xff51*\xff702\xff;38\
\xff?93\xff@:1\xff<32\xff823\
\xff5/0\xff50/\xff4/.\xff3.-\
\xff4/.\xff5//\xff4/.\xff3.-\
\xff3.+\xff4/,\xff50-\xff4/,\
\xff1,)\xff2-*\xff3.+\xff5/,\
\xff4/,\xff4/,\xff50-\xff3.+\
\xff1,)\xff1,)\xff0+(\xff0+(\
\xff.)(\xff+%$\xff,&%\xff-(%\
\xff+&#\xff)# \xff*#\x22\xff0*)\
\xff1,*\xff0+(\xff4/,\xff62.\
\xff2.*\xff,(&\xff&! \xff%  \
\xff'#\x22\xff)%$\xff/,*\xff.-)\
\xff12-\xff@A=\xffGGC\xffLMI\
\xffVZU\xff_d_\xffdhd\xffgkf\
\xfflpk\xffnsn\xfflpk\xffkok\
\xffjol\xffjqn\xffgom\xfffki\
\xffimj\xffipk\xffjni\xffjpj\
\xffrzv\xff{\x85\x83\xffv|{\xff^cb\
\xffEOO\xff5CB\xff,>=\xff@PQ\
\xffR^`\xffP\x5c^\xffU`b\xff1CJ\
\xff2DK\xff4FL\xff3FM\xff2EL\
\xff/BI\xff5GN\xff;LU\xff:GU\
\xff<IW\xff;JX\xff<LZ\xff;KX\
\xff>N[\xff?MZ\xff>JX\xff=MX\
\xff?Q[\xff;IW\xff9FS\xff@M\x5c\
\xff?MZ\xff<KX\xff=LW\xff<LX\
\xff=N[\xff=M[\xff=O[\xff<OX\
\xff;NU\xff5HN\xff2DJ\xff7IO\
\xff6GN\xff;KS\xff8HS\xff=NZ\
\xff9IV\xff8HU\xff:IW\xff;JY\
\xff9IW\xff9JV\xff:JV\xff<LW\
\xff;KV\xff9IU\xff4DR\xff:JW\
\xff8IV\xff:KX\xff4EQ\xff0AN\
\xff3CO\xff5DQ\xff/=J\xff'4A\
\xff.=L\xff1@Q\xff.;J\xff4@K\
\xff2<I\xff-6B\xff)8C\xff#3@\
\xff%2?\xff0:E\xff&1=\xff\x1e*8\
\xff\x220<\xff\x1f-;\xff$2C\xff*8I\
\xff*7F\xff&4?\xff(6?\xff&2<\
\xff#-8\xff\x1d&3\xff\x19#/\xff\x1a#.\
\xff\x18 ,\xff\x13\x1d&\xff\x16\x1f)\xff\x18 *\
\xff\x18\x1e)\xff\x19\x1e(\xff\x18\x1e%\xff\x18\x1f$\
\xff\x17\x1c#\xff\x15\x1a#\xff\x12\x18 \xff\x12\x18 \
\xff\x14\x19!\xff\x13\x19!\xff\x12\x19 \xff\x14\x1a\x22\
\xff\x17\x1d%\xff\x1b (\xff\x1a '\xff\x16\x1c#\
\xff\x18\x1e&\xff\x1c\x22)\xff\x1a &\xff\x1b!%\
\xff\x1e\x22)\xff\x1a!-\xff!)1\xff!#%\
\xff\x12\x10\x12\xff\x0e\x0b\x0c\xff\x0b\x0d\x07\xff\x13\x16\x19\
\xff \x1d\x22\xff\x17\x17&\xff\x19 ?\xff*%)\
\xff*4?\xff\x0f7\x5c\xff\x06,,\xff\x155Q\
\xff\x0c%9\xff\x0a\x1c>\xff\x0b\x1fQ\xff\x0f%!\
\xff\x1a1+\xff\x13-1\xff\x102_\xff\x11*8\
\xff\x14+!\xff\x11/$\xff\x1658\xff\x134?\
\xff\x1a**\xff$&$\xff),,\xff*)#\
\xff+&\x1e\xff-/'\xff\x1f3p\xff +g\
\xff*/C\xff(/G\xff3-6\xff42'\
\xff\x1d,_\xff\x09&\x99\xff\x1e(h\xff$&5\
\xff\x19(:\xff *+\xff*&\x19\xff6#'\
\xff3+!\xff&+\x22\xff-+-\xff3/.\
\xff40.\xff1-,\xff1-,\xff0,+\
\xff-)(\xff0,+\xff0+*\xff.++\
\xff*..\xff5.1\xff7/,\xff53/\
\xff=43\xff=3,\xff=00\xff;52\
\xff780\xff762\xff641\xff741\
\xff850\xff62.\xff51/\xff40/\
\xff2-.\xff611\xff721\xff50/\
\xff50/\xff50/\xff3.-\xff4.-\
\xff50-\xff50,\xff50-\xff4/,\
\xff50-\xff61.\xff61.\xff50-\
\xff40-\xff5/,\xff4.+\xff3.+\
\xff1,)\xff0*'\xff/)&\xff-'%\
\xff.&&\xff0((\xff/((\xff/(%\
\xff.'$\xff2+'\xff4*(\xff/('\
\xff.*&\xff)%\x22\xff(%!\xff&$\x1e\
\xff%#!\xff('&\xff.-,\xff775\
\xff?@>\xffFHF\xffOSP\xffW\x5cX\
\xffcie\xfflrn\xffjpk\xffkrm\
\xffqvr\xffrus\xffilj\xffdge\
\xffmql\xffpto\xfflok\xffjpj\
\xffiol\xfflpo\xffjnm\xffghg\
\xffkjf\xffopk\xffrsn\xffoql\
\xfforo\xff{~|\xff|\x82\x80\xffr{y\
\xffemm\xffZ__\xffOUV\xffLY[\
\xffO\x5c^\xffO[]\xffQ^`\xff0CI\
\xff3EL\xff2DK\xff9KR\xff3EL\
\xff.?F\xff5HN\xff7HP\xff:GU\
\xff?LZ\xff<LX\xff>N[\xffBR_\
\xff?P]\xff=KX\xff>JZ\xff;LV\
\xff9KT\xff7FT\xff;GW\xff@M\x5c\
\xffAN]\xff=LZ\xff;LU\xff>PY\
\xff=MZ\xff8HV\xff?P\x5c\xff=QY\
\xff9LT\xff7HQ\xff7GP\xff=KV\
\xff;IT\xff4AN\xff0>L\xff8GT\
\xff;KX\xff7GT\xff6FR\xff;KX\
\xff:HY\xff7FT\xff5ER\xff:JV\
\xff@P\x5c\xff<LW\xff:JW\xff;KX\
\xff6FR\xff4DP\xff:LW\xff9LW\
\xff3EP\xff+<H\xff(6A\xff1=H\
\xff1AM\xff,=K\xff&3A\xff$+8\
\xff*3@\xff/8E\xff+8F\xff-<K\
\xff-=K\xff0=I\xff/<I\xff,<G\
\xff*9E\xff-9G\xff2>M\xff0?M\
\xff3AN\xff1?J\xff%2<\xff\x1a&/\
\xff\x16 *\xff\x14\x1c'\xff\x15\x1e(\xff\x15\x1f%\
\xff\x11\x19!\xff\x11\x19\x22\xff\x14\x1c&\xff\x13\x1c&\
\xff\x16\x1d'\xff\x18\x1f(\xff\x15\x1d%\xff\x16 $\
\xff\x14\x1e\x22\xff\x12\x1a\x1f\xff\x13\x1a!\xff\x11\x1a!\
\xff\x0f\x18\x1f\xff\x13\x1b\x22\xff\x17\x1f%\xff\x17\x1f%\
\xff\x15\x1e\x22\xff\x14\x1d\x22\xff\x14\x1b\x22\xff\x16\x1e#\
\xff\x22',\xff*.1\xff*/0\xff176\
\xff'++\xff\x10\x16\x1b\xff\x0e\x11\x11\xff\x1a\x14\x0e\
\xff\x1e\x18\x12\xff\x17\x18\x1a\xff\x14\x16\x14\xff\x13\x12\x0e\
\xff\x14\x13\x15\xff\x13\x0e\x0d\xff\x1a\x1a\x0c\xff+)\x1c\
\xff)+2\xff#3:\xff 98\xff\x19B]\
\xff\x09(*\xff\x14 K\xff\x133\x9c\xff\x186H\
\xff\x1d0\x10\xff\x1a( \xff\x14&\x1b\xff\x1a1)\
\xff!?7\xff\x16CK\xff\x1d<l\xff\x18#G\
\xff\x1c\x22A\xff\x1e+i\xff1+B\xff8)%\
\xff,#*\xff.')\xff.)%\xff1* \
\xff1&\x19\xff(&\x19\xff((\x16\xff,'\x0b\
\xff(-1\xff%4_\xff))F\xff$)O\
\xff\x16(\x93\xff\x15\x1do\xff#\x22+\xff2+*\
\xff0-+\xff)0&\xff01+\xff61/\
\xff2.,\xff.*)\xff-)(\xff.*)\
\xff1-,\xff1-,\xff5..\xff:,0\
\xff5-/\xff2++\xff0/*\xff.2.\
\xff41/\xff8/.\xff6-0\xff802\
\xff630\xff32-\xff42.\xff52/\
\xff52-\xff50,\xff932\xff610\
\xff3.-\xff610\xff832\xff610\
\xff50/\xff4//\xff50/\xff721\
\xff4/-\xff0+(\xff4/+\xff72/\
\xff61.\xff3.+\xff2-*\xff/*'\
\xff-(%\xff-)%\xff-(%\xff/*'\
\xff/,(\xff.*'\xff-)%\xff.)&\
\xff0)(\xff,&%\xff(##\xff(\x22\x22\
\xff& \x1e\xff(!\x1d\xff,$!\xff+&#\
\xff)($\xff984\xff@A=\xff=>;\
\xffHJH\xffX\x5cZ\xff^b`\xfffki\
\xffotr\xfftzw\xffpvt\xffpus\
\xffrwv\xffotq\xffjql\xffipk\
\xffjpm\xffnpo\xfflom\xffjmk\
\xfforn\xffpto\xffnrm\xffmrm\
\xfflpk\xffoqm\xffqqn\xffopm\
\xffooj\xffppk\xffprn\xffpso\
\xffjmk\xffpsr\xffx\x82\x80\xff~\x8d\x8b\
\xffz\x85\x83\xffouu\xffade\xffIOR\
\xff:EG\xffIUX\xffO\x5c_\xff9LR\
\xff7HO\xff3EM\xff7HO\xff5GN\
\xff;MT\xff9KS\xff7GR\xff:GT\
\xff<IW\xff;KX\xff<LY\xff<LZ\
\xff:IX\xff<IY\xff@M]\xff<MW\
\xff;LW\xff=LY\xffBO_\xff@M]\
\xff>K[\xff=KZ\xff;NV\xff=OW\
\xff=MZ\xff:LX\xff=OZ\xff;NX\
\xff:KV\xff;KX\xff6FS\xff5DQ\
\xff6AP\xff4?M\xff;GU\xff9FT\
\xff:JW\xff>N[\xff9IV\xff9IV\
\xff7EW\xff7FW\xff7GT\xff7GS\
\xff9IU\xff6FR\xff:IV\xff4DP\
\xff/?K\xff$4A\xff':C\xff-AI\
\xff+<H\xff->I\xff-9E\xff\x22,9\
\xff!/;\xff2AN\xff-9D\xff\x10\x18#\
\xff\x1c%1\xff09F\xff(7E\xff(:J\
\xff(:I\xff&7E\xff*;H\xff/AK\
\xff1@K\xff1@L\xff.>H\xff,:C\
\xff-9C\xff+7?\xff\x1a%.\xff\x10\x19#\
\xff\x10\x1a!\xff\x13\x1c#\xff\x1c$*\xff\x1d&)\
\xff\x17 $\xff\x18 '\xff\x14\x1c$\xff\x14\x1b#\
\xff\x13\x1a#\xff\x13\x1c%\xff\x13\x1c%\xff\x12\x1f\x22\
\xff\x13\x1f!\xff\x14\x1d \xff\x13\x1b!\xff\x0f\x19 \
\xff\x10\x1a \xff\x15\x1d%\xff\x11\x19!\xff\x0e\x17\x1d\
\xff\x12\x1a\x1f\xff\x1b#)\xff&+3\xff+05\
\xff+22\xff'--\xff&,*\xff&+*\
\xff\x1a\x1d\x1a\xff\x0b\x0c\x0b\xff\x14\x14\x12\xff('#\
\xff#!\x1f\xff\x15\x15\x1a\xff\x0c\x10\x12\xff\x10\x14\x0c\
\xff\x15\x14\x0f\xff\x0e\x0a\x13\xff\x17\x14\x13\xff\x14\x17\x13\
\xff\x0d\x194\xff#'9\xff%%G\xff\x120s\
\xff\x1a9)\xff\x17.\x14\xff\x14?H\xff\x17=T\
\xff\x18.<\xff$)%\xff\x181)\xff#6D\
\xff 3`\xff&-H\xff**9\xff\x1a,P\
\xff)0Q\xff,.S\xff%)2\xff+(\x1e\
\xff)'\x22\xff+$*\xff-)%\xff4)+\
\xff-+)\xff!+*\xff&).\xff2*-\
\xff4,(\xff5*\x1e\xff0,\x15\xff68?\
\xff(=r\xff,.^\xff517\xff472\
\xff338\xff653\xff30-\xff2.-\
\xff40/\xff510\xff2.-\xff0,+\
\xff2.-\xff40/\xff4/.\xff310\
\xff1/,\xff81)\xff95.\xff33.\
\xff52.\xff31/\xff6/2\xff9/3\
\xff7/-\xff4/(\xff51,\xff20*\
\xff53)\xff61*\xff6//\xff5/.\
\xff40+\xff81.\xff72/\xff61/\
\xff72/\xff831\xff830\xff72.\
\xff50-\xff2-+\xff2-*\xff2-+\
\xff3.,\xff3.,\xff1,)\xff/*'\
\xff.)&\xff.(%\xff0*'\xff.'%\
\xff,&#\xff)%\x22\xff'\x22\x1f\xff($!\
\xff*'&\xff,)(\xff-,+\xff232\
\xff?>=\xffKIF\xffSSO\xff_^Z\
\xff_c^\xffjoj\xffuxv\xffosr\
\xffots\xffuzy\xfftyx\xffous\
\xffmsp\xffpwt\xffqwt\xffmrp\
\xffkom\xffkol\xffosn\xffqup\
\xffotr\xffmpn\xfforo\xffrus\
\xffpqn\xffkmi\xffkoj\xffnrl\
\xffpsm\xffrvo\xffwxs\xffwws\
\xffvws\xffoqm\xffhlh\xffkqo\
\xffntr\xffjpn\xffozx\xff}\x8c\x89\
\xff\x86\x94\x92\xff\x80\x89\x88\xffnqs\xffZ]a\
\xffBGL\xff>HM\xffKV\x5c\xff9GQ\
\xff9HP\xff5EL\xff8HN\xff7HO\
\xff<MV\xff9IV\xff<LY\xff;JT\
\xff>MU\xff<LT\xff8IQ\xff7HP\
\xff4EN\xff6FO\xff=MW\xff;KV\
\xff7GS\xff:IW\xff>K[\xff8ET\
\xff2?N\xff9DR\xff;IT\xff-:G\
\xff,7E\xff=IU\xffDP\x5c\xff:HU\
\xff2BN\xff5GP\xff4HQ\xff4FP\
\xff0?K\xff6CP\xff;JV\xff8GT\
\xff8IU\xff8JU\xff3EP\xff2DO\
\xff5CR\xff2AP\xff5EQ\xff6FS\
\xff5ER\xff4DQ\xff7CR\xff3@O\
\xff1AO\xff(9E\xff\x1d/7\xff\x1f-6\
\xff)4@\xff.9D\xff-7B\xff\x1b#.\
\xff\x18\x22+\xff!-5\xff'17\xff\x1c%.\
\xff\x1b%-\xff!,5\xff$/;\xff(4@\
\xff,6A\xff2;B\xff&.2\xff\x16\x1e!\
\xff\x1a#(\xff\x16!*\xff\x14\x1f)\xff\x18\x1f(\
\xff\x19 )\xff\x18\x22+\xff\x11\x1c$\xff\x0e\x18 \
\xff\x0b\x17\x1d\xff\x0c\x18\x1e\xff\x11\x1a \xff\x11\x1b\x1e\
\xff\x12\x1b\x1f\xff\x14\x1b\x22\xff\x11\x19 \xff\x13\x1b!\
\xff\x13\x1a\x22\xff\x11\x19\x22\xff\x13\x1b$\xff\x14\x1f&\
\xff\x14\x1d%\xff\x16\x1b#\xff\x13\x17\x1e\xff\x0f\x16\x1b\
\xff\x14\x1a\x1f\xff\x19 #\xff\x1b$%\xff )+\
\xff&/2\xff+37\xff+-.\xff)'%\
\xff'%$\xff\x1f\x1e\x1d\xff\x1c\x1e\x1f\xff\x1e\x22#\
\xff\x15\x19\x18\xff\x14\x14\x13\xff!#\x1f\xff\x1b\x1e\x19\
\xff\x0a\x0c\x0a\xff\x07\x08\x09\xff\x05\x09\x0d\xff\x08\x0f\x12\
\xff\x12\x1a\x1c\xff\x18\x17)\xff\x14\x0d#\xff\x0d\x14\x18\
\xff\x0b\x13\x1f\xff\x11\x1b@\xff\x16,c\xff\x11(k\
\xff!84\xff\x1dDJ\xff\x15=N\xff\x15@F\
\xff\x1c<d\xff!;-\xff\x1bC*\xff\x1c9I\
\xff&,P\xff-!$\xff)\x1f\x1a\xff\x1d*B\
\xff!(6\xff, \x19\xff%&\x1d\xff%)&\
\xff+*(\xff-))\xff.+-\xff2-0\
\xff00+\xff,--\xff/,1\xff501\
\xff713\xff104\xff02+\xff33*\
\xff10*\xff51)\xff85.\xff842\
\xff632\xff512\xff3./\xff4//\
\xff4//\xff3/.\xff/+*\xff/+*\
\xff0,+\xff0,+\xff0,*\xff..*\
\xff/,)\xff6.(\xff8/+\xff1-)\
\xff4.+\xff42+\xff2-*\xff1+-\
\xff2.-\xff2/)\xff3/,\xff2/*\
\xff3/'\xff4/*\xff4/-\xff3/+\
\xff2/*\xff3-+\xff2-*\xff1,)\
\xff1,)\xff1-)\xff50.\xff620\
\xff50/\xff3.-\xff0+*\xff.)(\
\xff,(&\xff($#\xff%!\x1e\xff&\x22\x1e\
\xff'\x22\x1f\xff'# \xff'%!\xff**&\
\xff02-\xff8:5\xffBD?\xffMOK\
\xffSWU\xff\x5c`]\xffaec\xffejg\
\xffpuq\xffx~x\xff}\x80{\xff}~z\
\xffz\x7fz\xffuzw\xffuzx\xffpvs\
\xffink\xffink\xffnsp\xffotr\
\xfflqo\xffhnl\xffjpm\xfflqo\
\xffnqp\xffqrp\xffxuq\xff{zv\
\xffz}y\xffntp\xffkql\xffpwr\
\xffuvr\xffrtp\xffosn\xffnsm\
\xffpuo\xffouo\xfflrl\xffnql\
\xffttp\xfftto\xffmoj\xffjoj\
\xffmso\xfflrn\xffgnk\xffr|y\
\xff{\x87\x85\xffz\x85\x84\xffv}~\xffjnr\
\xffY^d\xffEMT\xffBLS\xff8ER\
\xff:IS\xff7FN\xff4GK\xff4FL\
\xff:LT\xff:JX\xff4DR\xff+;E\
\xff1@I\xff7FO\xff9HQ\xff>NW\
\xff5FO\xff3DM\xff:JT\xff:JW\
\xff:JW\xff8HU\xff9FT\xff8ES\
\xff4AO\xff5?M\xff8BP\xff4@M\
\xff0;H\xff5?M\xff>GT\xff9DP\
\xff2@K\xff7HQ\xff:LT\xff;NV\
\xff7GS\xff5EQ\xff7GS\xff;KW\
\xff3CO\xff+=H\xff/BL\xff6HS\
\xff9HR\xff8HR\xff4DO\xff4DP\
\xff1BN\xff-<I\xff.:G\xff3=M\
\xff4CR\xff-=J\xff\x221=\xff&1<\
\xff/8B\xff&08\xff\x1f'/\xff!&/\
\xff\x1e'-\xff\x13\x1d \xff\x15!#\xff\x1f*/\
\xff\x1e'.\xff\x16\x1f&\xff\x13\x1a#\xff\x15\x1c$\
\xff\x17\x1b!\xff,/1\xff543\xff\x11\x11\x0f\
\xff\x09\x0d\x0f\xff\x0f\x17\x1d\xff\x0d\x15\x1f\xff\x13\x16\x1f\
\xff\x19\x1e\x22\xff\x18\x1d%\xff\x14\x1b!\xff\x12\x1c#\
\xff\x11\x1c#\xff\x10\x1b\x22\xff\x0e\x18\x1d\xff\x14\x1d!\
\xff\x19 %\xff\x14\x15\x1f\xff\x13\x16\x1f\xff\x13\x19 \
\xff\x11\x18\x1f\xff\x10\x17 \xff\x10\x17 \xff\x12\x1b$\
\xff\x13\x1c%\xff\x1b (\xff!'*\xff$*+\
\xff(--\xff*.+\xff'*(\xff%')\
\xff\x22\x22'\xff  $\xff!\x1e\x1f\xff%\x1c\x18\
\xff-\x22\x19\xff.&!\xff+'$\xff,+*\
\xff\x1e\x1c\x1a\xff\x15\x10\x10\xff\x15\x13\x14\xff\x06\x07\x06\
\xff\x05\x07\x07\xff\x0c\x0b\x11\xff\x12\x0f\x1c\xff\x19\x1b-\
\xff)0F\xff/4O\xff'0N\xff\x22/I\
\xff\x1b\x1d#\xff\x18!/\xff\x0d\x1d<\xff\x0a\x0e\x11\
\xff\x17&-\xff\x22Ih\xff#1Q\xff&+@\
\xff!4E\xff\x1b,0\xff\x1d01\xff&<H\
\xff*),\xff(&#\xff+**\xff+(%\
\xff*)%\xff+*+\xff,*+\xff-*+\
\xff/--\xff0..\xff1//\xff10/\
\xff300\xff3..\xff0..\xff0//\
\xff1/0\xff.-+\xff0./\xff0..\
\xff0-,\xff-++\xff/,,\xff1..\
\xff2/.\xff1.-\xff3/.\xff40/\
\xff3/.\xff2.-\xff1-,\xff2.-\
\xff3/.\xff/+*\xff/+*\xff0-)\
\xff.+'\xff,(%\xff/+(\xff1-*\
\xff4,)\xff4,)\xff1+(\xff3.*\
\xff40,\xff2/*\xff2/*\xff2/+\
\xff1-*\xff0,)\xff2/*\xff.+'\
\xff.+'\xff.*'\xff.(&\xff.)'\
\xff/*(\xff0+'\xff2-+\xff1-,\
\xff-('\xff(#\x22\xff \x1c\x1b\xff\x1f\x1b\x1a\
\xff%\x22!\xff(&%\xff,,*\xff885\
\xffEDA\xffNNK\xffTWS\xff^c_\
\xfffli\xffipl\xffksn\xffpws\
\xffv{z\xffx~|\xffx}{\xffu{v\
\xffrxs\xffpwp\xffosm\xffmqk\
\xffnrl\xffnto\xffnto\xffmso\
\xffotp\xffqwr\xffqwr\xffpur\
\xffnsr\xffkqp\xffjpn\xffnur\
\xffsxv\xffrus\xffqtq\xfforo\
\xffrvr\xffuws\xffuuq\xffsup\
\xfftuq\xffwzu\xfftzu\xffmuo\
\xffjqm\xffmro\xfflrn\xffmpk\
\xffpok\xffsrm\xffsto\xfflpk\
\xffini\xffmpj\xffkqi\xffltk\
\xffnvp\xffv\x81{\xff\x83\x8e\x8b\xff\x83\x8b\x8a\
\xffx\x7f\x7f\xffbgi\xffOUY\xff:GU\
\xff5CN\xff2BI\xff5FM\xff2DJ\
\xff/BF\xff->H\xff1AN\xff/>K\
\xff3@O\xff8DT\xff1=M\xff1>M\
\xff5DQ\xff6CQ\xff4BO\xff7GS\
\xff7GS\xff2BN\xff5DQ\xff;HV\
\xff:HU\xff9FS\xff?KW\xff?OZ\
\xff:MW\xff3DO\xff3AL\xff;GS\
\xff:FR\xff:IT\xffBOZ\xffAOY\
\xff:IT\xff5EP\xff6FR\xff2BN\
\xff(8D\xff*:F\xff4DP\xff3CO\
\xff+<E\xff/AJ\xff1CK\xff+>F\
\xff,?G\xff1BK\xff4AK\xff3?J\
\xff4BN\xff2BN\xff*8C\xff,7B\
\xff*5>\xff\x1c(0\xff\x17\x1f(\xff\x1f%-\
\xff\x1f&-\xff\x1d\x22)\xff\x13\x19\x1f\xff\x12\x19\x1d\
\xff\x19\x1e#\xff\x17\x1a!\xff\x10\x16\x1b\xff\x0e\x13\x17\
\xff\x09\x0c\x10\xff\x1c\x1f \xff865\xff\x1d\x19\x18\
\xff\x07\x07\x08\xff\x13\x16\x1a\xff\x11\x17\x1c\xff\x0f\x16\x18\
\xff\x13\x19\x19\xff\x14\x18\x1e\xff\x11\x18\x1d\xff\x0d\x15\x1c\
\xff\x13\x1b!\xff\x19!'\xff\x12\x19\x1d\xff\x13\x18\x1b\
\xff\x15\x1a\x1e\xff\x12\x16\x1f\xff\x10\x15\x1f\xff\x0e\x16\x1d\
\xff\x12\x17\x1c\xff\x17\x1c!\xff\x1c#'\xff$(-\
\xff',2\xff(-1\xff),.\xff'**\
\xff!$#\xff  \x1e\xff\x1e\x1c\x1a\xff\x1f\x1c\x18\
\xff \x1b\x18\xff\x22\x1c\x1d\xff% #\xff)#$\
\xff'#$\xff\x1e\x1c\x22\xff\x16\x18 \xff\x16\x18\x1f\
\xff\x11\x10\x12\xff\x10\x0c\x0d\xff\x0b\x06\x0b\xff\x09\x09\x0f\
\xff\x14\x15\x1c\xff\x14\x10!\xff\x1a\x18+\xff;<Q\
\xff:A\x5c\xff\x1a 5\xff\x16\x1b+\xff'0J\
\xff2:a\xff\x1e(M\xff\x14\x1b,\xff\x22\x1a+\
\xff\x1e+Q\xff!5Y\xff+ \x1d\xff(\x22%\
\xff\x1c1P\xff\x18\x22a\xff\x1c%N\xff(1@\
\xff-'0\xff%',\xff,,-\xff/,+\
\xff/,,\xff/*,\xff,)*\xff+*)\
\xff-++\xff.,,\xff/--\xff/--\
\xff/--\xff/--\xff/--\xff1//\
\xff1//\xff1//\xff20/\xff200\
\xff201\xff311\xff40/\xff1-,\
\xff.*)\xff/+*\xff2.-\xff1-,\
\xff1-,\xff1-,\xff1-,\xff-)(\
\xff-)(\xff-)(\xff/+*\xff0-*\
\xff.,(\xff,*%\xff/-(\xff1/+\
\xff0,)\xff/*'\xff/*'\xff1,*\
\xff1,)\xff1,)\xff1,)\xff.)(\
\xff/)'\xff2-+\xff2,+\xff.'&\
\xff.'&\xff0))\xff0'(\xff*$$\
\xff'\x22!\xff(#\x22\xff$ \x1e\xff!\x1d\x1c\
\xff#\x1e\x1d\xff)&%\xff220\xffFED\
\xff]^\x5c\xffiki\xffhlj\xffjom\
\xffsvt\xffx{y\xffvzy\xffv{y\
\xffy}|\xffu{y\xffpwt\xffnur\
\xffpvs\xffpvt\xffnsq\xfflrm\
\xffmsn\xffntn\xffotn\xffntn\
\xffnuo\xffrxr\xffqxr\xfflrm\
\xffnto\xffrxs\xffqwr\xffnto\
\xfflrm\xffquu\xffsww\xffrxu\
\xffpxu\xffnvt\xfflts\xffgon\
\xffhnn\xffprp\xffvus\xffsrp\
\xffoqn\xffsvs\xffwyv\xffntr\
\xffkqo\xffrss\xffuut\xffrpo\
\xffqnl\xffook\xffloj\xffjpk\
\xfflrm\xffoqp\xffqut\xffows\
\xffs}y\xffv\x81\x7f\xff~\x89\x89\xff\x80\x8a\x8c\
\xffs{~\xffdkn\xffbfg\xff/=K\
\xff3AM\xff;KS\xff?NU\xff;LS\
\xff7JP\xff9KQ\xff8IQ\xff8GT\
\xff8ES\xff:HT\xff9GS\xff9GS\
\xff;HU\xff9ES\xff7DQ\xff4CP\
\xff2BN\xff0AK\xff0AM\xff1@L\
\xff/=I\xff2AM\xff;HT\xff:LU\
\xff6LS\xff4GN\xff4FM\xff1@J\
\xff.<H\xff4BO\xff6DP\xff1>J\
\xff.<F\xff1@J\xff4DO\xff1AM\
\xff.>I\xff0@K\xff1AL\xff3CO\
\xff2DL\xff-@H\xff-@H\xff-BH\
\xff0FL\xff1CJ\xff/AI\xff2@G\
\xff,7@\xff/:D\xff+6?\xff%/8\
\xff#,5\xff\x1d'/\xff\x1a$,\xff\x1a#*\
\xff\x16\x1b\x22\xff\x16\x18!\xff\x10\x13\x1b\xff\x0b\x0c\x13\
\xff\x0b\x0d\x12\xff\x0b\x0f\x11\xff\x0b\x0f\x10\xff\x0b\x0d\x0e\
\xff\x06\x0b\x0c\xff\x13\x17\x18\xff/..\xff0,+\
\xff\x15\x10\x11\xff\x0b\x08\x0b\xff\x14\x15\x18\xff\x18\x1d\x1c\
\xff\x1a\x1f\x1e\xff\x18\x1a \xff\x11\x14\x19\xff\x0e\x12\x15\
\xff\x17\x1b\x1f\xff\x1c\x22%\xff\x0b\x0f\x12\xff\x09\x0a\x0c\
\xff\x0f\x13\x16\xff\x17\x1d\x22\xff $)\xff$(*\
\xff(,-\xff,./\xff+,+\xff('&\
\xff$##\xff!\x1d\x1e\xff$\x1e\x1e\xff$ \x1f\
\xff\x1f\x1d\x1c\xff  \x1d\xff##!\xff\x22!!\
\xff\x1e  \xff\x19\x1e\x22\xff\x1a\x1b&\xff\x15\x16$\
\xff\x0f\x15(\xff\x0c\x13*\xff\x0d\x14)\xff\x10\x17'\
\xff\x0c\x13\x15\xff\x09\x0c\x09\xff\x08\x09\x0c\xff\x08\x0f\x1c\
\xff\x0f\x18-\xff\x10\x184\xff.5N\xffGKe\
\xff!)?\xff\x18\x22:\xff5:K\xff-03\
\xff$':\xff%+G\xff'0;\xff,/6\
\xff\x22'3\xff )(\xff+(!\xff)(*\
\xff\x220F\xff)*A\xff('6\xff('*\
\xff+' \xff.-&\xff.-*\xff,**\
\xff+()\xff)''\xff)''\xff+))\
\xff+))\xff)''\xff*((\xff*((\
\xff*()\xff***\xff,*)\xff.,,\
\xff/--\xff0..\xff1/.\xff1/.\
\xff//-\xff20/\xff510\xff3/.\
\xff1-,\xff2.-\xff40/\xff0,+\
\xff.*)\xff0,+\xff1-,\xff/+*\
\xff.*)\xff/+*\xff1-,\xff2--\
\xff40.\xff42/\xff40.\xff3.-\
\xff1-,\xff1-,\xff0+*\xff1,+\
\xff3.,\xff1,)\xff.)&\xff+&%\
\xff.)&\xff2-*\xff-((\xff&  \
\xff$\x1f\x1f\xff!\x1b\x1c\xff \x1a\x19\xff&#\x22\
\xff+*)\xff231\xffHIG\xffVWU\
\xff\x5c^\x5c\xffilj\xfftxv\xffz}{\
\xff|\x7f}\xffx}{\xffuzx\xffsyw\
\xffrvt\xffptr\xffotr\xffosq\
\xffmrp\xffkrp\xffkro\xffmur\
\xffows\xffous\xffmrp\xffmsn\
\xffpvq\xffqwq\xffovp\xffotq\
\xffpvt\xffqxt\xffovr\xffnuq\
\xffovr\xffnur\xfflsp\xffmtp\
\xffoup\xffpsp\xffoqo\xffmrp\
\xffmsq\xfflqo\xffmqp\xfflts\
\xffkrp\xfffsp\xffkur\xffltq\
\xffnsq\xfftxu\xffvvu\xffuvu\
\xffyxv\xff|xw\xff}xx\xff|xw\
\xff}zy\xffzyw\xffuwr\xffrwq\
\xffs{v\xffoxy\xffbnn\xff[jh\
\xffXhf\xffJYX\xff?QQ\xff@QS\
\xff9JL\xff3FG\xffCWQ\xff0=J\
\xff0>I\xff@NX\xffJZa\xffJ[a\
\xff<MV\xff:JQ\xff7GN\xff3EM\
\xff4DL\xff7GO\xff6FN\xff7GO\
\xff8HP\xff8FO\xff9FO\xff6DO\
\xff0?K\xff.>I\xff1@L\xff2@M\
\xff,:F\xff*9E\xff1?J\xff3CL\
\xff2AK\xff5AK\xff6CK\xff3AJ\
\xff2AK\xff4BN\xff4EP\xff1CL\
\xff2@I\xff4@J\xff6BL\xff7DN\
\xff6EN\xff2AJ\xff0@H\xff6FO\
\xff8JS\xff8JT\xff1DL\xff/CJ\
\xff7LR\xff/AG\xff'8>\xff.>@\
\xff%08\xff)3=\xff.7@\xff.6?\
\xff+3:\xff&/6\xff$-5\xff\x1c&-\
\xff\x15\x1a!\xff\x0f\x12\x18\xff\x0d\x12\x17\xff\x0e\x12\x16\
\xff\x0b\x0e\x11\xff\x0c\x0f\x0f\xff\x0a\x0c\x0d\xff\x08\x0a\x0a\
\xff\x06\x0a\x09\xff\x07\x08\x08\xff\x0e\x0e\x0c\xff('%\
\xff,)(\xff\x16\x0f\x13\xff\x15\x12\x15\xff\x14\x17\x15\
\xff\x15\x17\x18\xff\x18\x17\x1b\xff\x1a\x1b\x1e\xff\x1c\x1f!\
\xff\x16\x19\x1a\xff\x0c\x10\x11\xff\x11\x13\x14\xff/-.\
\xff667\xff013\xff.//\xff)*)\
\xff$$\x22\xff# \x1e\xff!\x1d\x1a\xff \x1b\x1a\
\xff\x22\x1d\x1c\xff%\x1e\x1d\xff(#\x1d\xff'$\x1f\
\xff! \x1f\xff\x1d\x1f!\xff\x1a\x1d$\xff\x14\x16%\
\xff\x0f\x14&\xff\x11\x16(\xff\x11\x14'\xff\x0f\x11$\
\xff\x0c\x13$\xff\x0d\x16)\xff\x1a\x221\xff\x16\x1a$\
\xff\x0e\x0f\x0e\xff\x0e\x08\x06\xff\x0f\x10\x12\xff\x1a#7\
\xff -R\xff\x221W\xff<Hk\xff25R\
\xff\x0f\x11\x22\xff-3M\xff>G[\xff*2*\
\xff\x1d\x1a\x17\xff%#'\xff&*(\xff)&)\
\xff)%%\xff')\x1d\xff(&#\xff.%)\
\xff,$$\xff)%\x1c\xff)'\x1b\xff+*)\
\xff-'%\xff*)$\xff*''\xff+'(\
\xff*((\xff(&&\xff'&&\xff(&&\
\xff(&&\xff)''\xff*((\xff)''\
\xff)''\xff*((\xff*((\xff+))\
\xff+))\xff,**\xff/-,\xff//.\
\xff.-,\xff-,+\xff/+*\xff0+*\
\xff0,+\xff1-,\xff0,+\xff-)(\
\xff-)(\xff/+*\xff.*)\xff0,+\
\xff1-,\xff1-,\xff3/.\xff610\
\xff610\xff832\xff721\xff50/\
\xff2-,\xff.)(\xff,&%\xff*&%\
\xff)%$\xff$ \x1f\xff$ \x1f\xff%! \
\xff%! \xff($#\xff-))\xff423\
\xff?A?\xffEED\xffJJI\xff^a`\
\xffots\xffpvt\xffuzy\xff{\x80\x7f\
\xffy~|\xffuzy\xffsxv\xffqvt\
\xffous\xffmsp\xffmtq\xffpvs\
\xffptr\xffptr\xffpus\xffqvt\
\xffous\xffovs\xffpwt\xffqxu\
\xffryu\xffpwr\xfflso\xffnup\
\xffsxu\xffrwu\xffpvq\xffpvs\
\xffpxu\xffrzw\xffovs\xffnur\
\xffqwu\xffqwt\xffmsq\xfflqo\
\xffmto\xffisl\xffiql\xffjpo\
\xfflro\xffntr\xffnsr\xffptq\
\xffrwr\xffuwv\xffwxw\xfftxu\
\xffyyw\xff~\x7fz\xff~}y\xff}zv\
\xff}zv\xffuws\xffjoj\xffagb\
\xffV_Z\xffP[U\xffMZS\xffGUM\
\xff>PE\xff4J>\xff(@5\xff\x22>/\
\xff\x1f;+\xff\x185'\xff\x196+\xff#>4\
\xff*B8\xff'C;\xff#D>\xff7DL\
\xff0=E\xff5BJ\xff?OV\xffCSZ\
\xff9JR\xff4CL\xff6FM\xff6IN\
\xff4FK\xff3DK\xff3CJ\xff5FM\
\xff.?F\xff#29\xff+9@\xff4AI\
\xff6BL\xff3>H\xff4@K\xff6CN\
\xff5BL\xff0@I\xff3AH\xff.:D\
\xff&1;\xff*2<\xff/8B\xff/:D\
\xff/;D\xff,<D\xff.?G\xff5EM\
\xff9DN\xff:CM\xff3>H\xff-8C\
\xff.:D\xff2?H\xff.;D\xff)7A\
\xff+:E\xff+9E\xff(8A\xff*:A\
\xff0@F\xff&49\xff\x15\x22'\xff\x18$(\
\xff\x1a#)\xff!)1\xff#+2\xff &*\
\xff\x1c\x22%\xff\x1b\x22%\xff\x1f&)\xff!),\
\xff\x1b$&\xff\x0f\x19\x19\xff\x09\x11\x11\xff\x13\x1a\x1a\
\xff\x16\x1c\x1c\xff\x15\x1b\x1a\xff\x13\x17\x16\xff\x0f\x12\x12\
\xff\x0b\x0f\x0e\xff\x06\x08\x09\xff\x02\x07\x04\xff\x0f\x15\x0f\
\xff#&$\xff \x1d \xff\x14\x10\x14\xff\x0f\x0f\x0f\
\xff\x0b\x0b\x0b\xff\x14\x12\x14\xff\x1e\x1c\x1e\xff\x1d\x1e\x1d\
\xff\x10\x10\x10\xff\x09\x09\x09\xff\x1e\x1d\x1d\xff644\
\xff-++\xff#!\x1f\xff \x1e\x1d\xff\x1f\x1e\x1c\
\xff\x1e\x1d\x1a\xff\x22\x1f\x1e\xff$\x1f \xff#\x1d \
\xff!\x1e\x22\xff\x1b\x1d!\xff\x15\x1a \xff\x13\x17 \
\xff\x13\x16\x22\xff\x13\x17%\xff\x10\x15$\xff\x10\x13$\
\xff\x13\x16)\xff\x14\x17-\xff\x0e\x14*\xff\x17\x1f6\
\xff,5O\xff>Jb\xff;GZ\xff\x13\x1a%\
\xff\x05\x04\x04\xff\x14\x0d\x0b\xff\x13\x0f\x0a\xff#&2\
\xff6?[\xff'3M\xff(0D\xff$%.\
\xff\x19\x17\x15\xff$\x1f\x1d\xff&$\x1e\xff')\x1f\
\xff$\x1d \xff \x1d\x1b\xff'*#\xff)%$\
\xff-$'\xff,'%\xff()#\xff$\x22\x22\
\xff$#\x22\xff+$\x22\xff-'(\xff)&(\
\xff*'(\xff&&'\xff&('\xff*))\
\xff*((\xff)''\xff)''\xff)''\
\xff)''\xff*((\xff*((\xff*((\
\xff,**\xff+))\xff*((\xff,**\
\xff,**\xff,**\xff.,+\xff0/.\
\xff2/.\xff1.-\xff1-,\xff0,+\
\xff0,+\xff0,+\xff0,+\xff/+*\
\xff/+*\xff0,+\xff/+*\xff0,+\
\xff/,+\xff/+*\xff/+*\xff0*)\
\xff,'&\xff*%$\xff(#\x22\xff$ \x1f\
\xff \x1c\x1b\xff \x1c\x1b\xff\x22 \x1f\xff#%#\
\xff)+)\xff131\xff=@>\xffJNL\
\xffSWU\xff[`^\xffehg\xffnrq\
\xffrxv\xffuzx\xfft{y\xffr{y\
\xffr{y\xffq{y\xffnvu\xffnts\
\xffous\xffmsq\xfflro\xfflsp\
\xffovs\xffpwt\xffowt\xffovr\
\xffous\xffous\xffnur\xffpvs\
\xffqxu\xffszw\xffqxu\xffovs\
\xffpws\xffovq\xffpws\xffpwu\
\xffpvt\xffots\xffotr\xffrwu\
\xffrxu\xffsyw\xffqwu\xffqwt\
\xffqvt\xffotr\xffnsq\xffpvr\
\xffv{u\xffvxt\xffwzu\xff{|v\
\xffxzt\xffz|v\xffwzu\xff}}u\
\xff\x7f|v\xff}yt\xfftuo\xffgnf\
\xff[d\x5c\xffL[P\xff>PD\xff;MA\
\xff1E8\xff\x22<.\xff\x1c;,\xff\x1b<-\
\xff\x126&\xff\x0e1#\xff\x135'\xff\x169)\
\xff\x137%\xff\x15:%\xff\x16=)\xff\x17?+\
\xff\x17A)\xff\x1eE1\xff!F6\xff\x22G7\
\xff+I;\xff1LB\xff)GD\xff2AC\
\xff3BG\xff4BI\xff/?E\xff1AH\
\xff9IP\xff?MX\xff?MY\xff9JU\
\xff7HQ\xff3DM\xff8HP\xff<JS\
\xff/;E\xff)4>\xff2<F\xff3<F\
\xff5>J\xff<EO\xff:DN\xff9CM\
\xff=HS\xff;GQ\xff5AI\xff/<H\
\xff0?K\xff4@K\xff+6A\xff$.8\
\xff(3;\xff-7?\xff/;@\xff0;C\
\xff2<F\xff5?H\xff7@J\xff5?J\
\xff1<F\xff3>H\xff3>H\xff,8B\
\xff(0>\xff\x22*8\xff\x22-8\xff&0:\
\xff%.7\xff#+1\xff\x17\x1c\x22\xff\x0c\x11\x15\
\xff\x09\x0d\x12\xff\x0e\x11\x16\xff\x14\x18\x1a\xff\x0c\x12\x12\
\xff\x0f\x15\x16\xff\x10\x15\x15\xff\x12\x17\x16\xff\x16\x1d\x1b\
\xff\x1c&&\xff\x12\x1f\x1e\xff\x0a\x17\x14\xff\x0b\x19\x16\
\xff\x08\x14\x11\xff\x0e\x18\x17\xff\x14\x1d\x1c\xff\x0e\x17\x15\
\xff\x0e\x14\x13\xff\x10\x15\x12\xff\x0f\x1c\x15\xff\x0f\x1d\x17\
\xff\x10\x1b\x1a\xff\x1b\x1f\x22\xff%#'\xff !\x22\
\xff\x0e\x0f\x0f\xff\x0b\x0a\x0a\xff\x0e\x0d\x0d\xff\x0f\x0e\x0e\
\xff\x17\x17\x17\xff\x16\x16\x16\xff\x1a\x1a\x1a\xff\x22! \
\xff \x1e\x1d\xff\x1f\x1f\x1c\xff\x1e\x1f\x1e\xff\x1d\x1f!\
\xff\x1c\x1f#\xff\x1a\x1c#\xff\x17\x19#\xff\x13\x17$\
\xff\x0f\x14%\xff\x0d\x13(\xff\x0e\x14+\xff\x0c\x13)\
\xff\x0f\x19,\xff\x11\x1d/\xff\x14\x227\xff#/K\
\xff/<Z\xff-?]\xff0?c\xff7Dk\
\xff?Ls\xffDPu\xff-7T\xff\x09\x0f\x1c\
\xff\x07\x06\x03\xff\x0e\x0e\x06\xff\x0f\x12\x11\xff\x15\x19!\
\xff\x13\x18\x22\xff\x12\x16\x1b\xff\x1d\x1f\x17\xff'#\x1c\
\xff0*(\xff'$\x1c\xff\x19\x1a\x14\xff&%'\
\xff%\x1e%\xff\x1f\x1c\x1c\xff&+'\xff#&&\
\xff)#&\xff)##\xff+%%\xff(&)\
\xff$''\xff&*'\xff'*.\xff%(*\
\xff),\x22\xff/+)\xff-*+\xff+))\
\xff*''\xff)''\xff+))\xff+))\
\xff*''\xff*((\xff*((\xff*((\
\xff,**\xff,**\xff+))\xff.,,\
\xff/--\xff/--\xff.,,\xff.+*\
\xff/+*\xff.*)\xff.)(\xff,('\
\xff+&%\xff,'&\xff,'&\xff*&%\
\xff)%$\xff*&%\xff+'&\xff+'&\
\xff($#\xff%! \xff&\x22!\xff\x22\x22 \
\xff !\x1f\xff$%#\xff(*(\xff/1/\
\xff<?=\xffJNM\xffW][\xff_ed\
\xffgnk\xffnvs\xffqzw\xfft|y\
\xffu}z\xfft|y\xffryv\xffovs\
\xffrxu\xffu|x\xffqzt\xffnwr\
\xffjsn\xffiqm\xffjrn\xffmvr\
\xffqxu\xffszw\xffqxu\xffpvs\
\xffpwt\xffryv\xffnur\xffmtq\
\xffntt\xffovt\xffryv\xffqxu\
\xfft{x\xffu|y\xffryv\xffqxu\
\xffryt\xffpwq\xffovq\xffqxt\
\xffryv\xffpwu\xffout\xffrwv\
\xffv{z\xffv{y\xffuzx\xffw|z\
\xffy~|\xffw{y\xffuyw\xffw{y\
\xff\x7f\x7f|\xff\x7f|y\xffwxr\xffsyo\
\xffiti\xff\x5cj_\xffUcV\xffDXI\
\xff4PB\xff-M>\xff&L<\xff\x1fH7\
\xff\x14?-\xff\x0c;'\xff\x0e<(\xff\x14C/\
\xff\x17E0\xff\x16A-\xff\x19F0\xff\x1bK2\
\xff\x15H/\xff\x0dA)\xff\x10B,\xff\x1bL4\
\xff\x1fO6\xff\x1dL5\xff\x1cK4\xff\x1aG5\
\xff\x1fJ8\xff!G8\xff\x1c>2\xff!A:\
\xff,F@\xff5KG\xff4JI\xff/AB\
\xff1@E\xff4?G\xff4CJ\xff5FO\
\xff5FQ\xff6FP\xff<GS\xff9FS\
\xff7FQ\xff3AM\xff-:I\xff(7C\
\xff*6B\xff.7C\xff+5B\xff+4A\
\xff)3>\xff$.8\xff\x22*3\xff\x22(0\
\xff$.5\xff-4?\xff(3<\xff\x221;\
\xff.;J\xff5@J\xff1?A\xff2=C\
\xff/;E\xff05A\xff(28\xff'08\
\xff(2>\xff'1<\xff(2<\xff,6?\
\xff,7?\xff*3<\xff*3=\xff,8@\
\xff/8E\xff(2A\xff'0<\xff'/:\
\xff#)5\xff\x1e'0\xff\x17\x1e#\xff\x10\x14\x15\
\xff\x10\x16\x18\xff\x12\x16\x15\xff\x0c\x12\x0d\xff\x06\x0c\x0a\
\xff\x15\x1b\x17\xff\x11\x1b\x17\xff\x06\x10\x0c\xff\x0a\x10\x15\
\xff\x16%%\xff\x1a-*\xff\x11\x1f\x1f\xff\x13\x22#\
\xff\x0f\x1f\x1e\xff\x0b\x15\x14\xff\x0e\x18\x16\xff\x0b\x17\x18\
\xff\x0b\x14\x0f\xff\x0e\x14\x12\xff\x13\x1e\x18\xff\x0f\x1f\x1b\
\xff\x11\x1c\x1c\xff\x1c\x22%\xff$$'\xff\x14\x16\x17\
\xff\x13\x13\x13\xff\x11\x12\x10\xff\x10\x11\x10\xff\x0d\x0e\x0e\
\xff\x11\x13\x13\xff\x0f\x11\x10\xff\x19\x19\x17\xff\x1f \x1f\
\xff\x1e\x1c\x1d\xff\x19\x1c \xff\x16\x19\x1f\xff\x14\x17\x1f\
\xff\x12\x16\x1f\xff\x0e\x13\x22\xff\x0e\x14&\xff\x10\x160\
\xff\x11\x191\xff\x15\x1f2\xff\x1f(<\xff%0H\
\xff,;V\xff5Fg\xff:Ks\xff=Nx\
\xff8Ku\xff3Bj\xff0<[\xff-8U\
\xff&1M\xff\x1f,E\xff\x15\x1e/\xff\x08\x0a\x13\
\xff\x0b\x08\x04\xff\x0b\x0b\x0d\xff\x10\x15&\xff\x11\x15)\
\xff\x14\x14#\xff$\x22(\xff$\x1f\x19\xff \x19\x13\
\xff&!'\xff%$+\xff\x1a\x19\x1c\xff\x1c\x1a\x1b\
\xff\x1b\x18\x19\xff\x17\x15\x15\xff%((\xff#'&\
\xff%'&\xff'''\xff)&)\xff,))\
\xff,'$\xff,)'\xff('-\xff))+\
\xff-)'\xff.((\xff,''\xff*((\
\xff*((\xff*((\xff)((\xff***\
\xff)))\xff***\xff-++\xff/+*\
\xff0-,\xff.**\xff+'(\xff,))\
\xff)''\xff'$$\xff%!!\xff# \x1f\
\xff\x22\x1f\x1e\xff\x22\x1f\x1e\xff#! \xff$!!\
\xff%$\x22\xff'%%\xff%##\xff# \x1f\
\xff$! \xff#! \xff!\x1f\x1f\xff\x22 \x1f\
\xff*'&\xff522\xffA@?\xffFLJ\
\xffQWT\xff^d`\xffelj\xffmtq\
\xffqxv\xffozx\xffq{z\xffszz\
\xffrzy\xffpyw\xffowv\xffksr\
\xffiqp\xffjts\xffjtr\xffmsq\
\xffnrp\xffnup\xffovq\xffqwr\
\xffqwq\xffrxr\xffrzr\xffpwr\
\xffqwv\xffsyw\xffrwv\xffqvu\
\xffovt\xffqxv\xffqwu\xffqxu\
\xffrxw\xffrxw\xffryw\xffqxu\
\xffszw\xffryw\xffpyv\xffryv\
\xffpxt\xffowr\xffnuo\xffrxu\
\xffv{y\xffx|{\xffy}|\xff{}}\
\xffz~|\xffy\x7f|\xffw}{\xffu|z\
\xffpxv\xffjsp\xffdok\xff]hf\
\xffJYT\xff:ND\xff,C7\xff'D3\
\xff#F3\xff\x16<*\xff\x17=)\xff\x15>*\
\xff\x12B/\xff\x14G3\xff\x16J7\xff\x14I5\
\xff\x12G2\xff\x17J3\xff\x1dM6\xff\x1aH2\
\xff\x1aG0\xff\x1dK3\xff\x1eN5\xff\x1eN6\
\xff\x1eO6\xff\x1dP5\xff\x1eO5\xff\x22R7\
\xff\x22R6\xff\x1fN2\xff\x16G+\xff\x18H-\
\xff K2\xff\x1dB2\xff\x1b=1\xff-JA\
\xff8OK\xff:NL\xff9KJ\xff5JQ\
\xff;FM\xff;GN\xff=MQ\xff6JQ\
\xff+@J\xff$8D\xff/5A\xff8?M\
\xff4CK\xff0;C\xff-7C\xff,>D\
\xff.=E\xff*0<\xff\x1e)2\xff\x14'.\
\xff\x17$+\xff\x14\x1b#\xff\x09\x0f\x11\xff\x0f\x0f\x0c\
\xff\x11\x0f\x0d\xff\x0b\x11\x14\xff\x0f\x18\x1a\xff\x10\x16\x1a\
\xff\x17\x17\x1e\xff\x16\x19\x19\xff\x1b%&\xff,5F\
\xff3>M\xff.9K\xff+8E\xff,1B\
\xff+3D\xff'/>\xff$,7\xff'/8\
\xff*18\xff&-4\xff\x1d&.\xff\x19%+\
\xff\x1f69\xff!5C\xff'0=\xff\x22-3\
\xff\x1c+0\xff\x19,2\xff\x1f29\xff\x18#%\
\xff\x10\x1f\x16\xff\x1c.\x1c\xff\x17(\x1a\xff\x10\x19\x14\
\xff\x1c#\x19\xff\x16\x1e\x1d\xff\x06\x13\x09\xff\x0b\x15)\
\xff\x13\x22/\xff\x12&\x1e\xff\x0b\x15\x16\xff\x14\x1d \
\xff\x12($\xff\x0f\x1b\x12\xff\x0f\x0e\x0b\xff\x12\x1e\x11\
\xff\x13$\x15\xff\x0d\x14\x12\xff\x11\x1a\x17\xff\x0e\x1b\x13\
\xff\x11\x10\x0a\xff\x10\x0f\x0d\xff\x10\x0f\x0f\xff\x1f\x1b\x1c\
\xff \x1e\x1e\xff\x17\x17\x17\xff\x0f\x12\x13\xff\x10\x13\x17\
\xff\x10\x11\x17\xff\x0a\x0b\x12\xff\x10\x12\x1b\xff\x12\x15 \
\xff\x0e\x10\x1d\xff\x0e\x11$\xff\x0d\x12$\xff\x11\x18(\
\xff\x16\x1d.\xff\x18 7\xff\x1c&A\xff*1O\
\xff2>]\xff3Gg\xff:Oq\xff:Ns\
\xff5Gn\xff5Dk\xff1?b\xff%3S\
\xff\x1d*G\xff\x1e';\xff\x1b\x1f.\xff\x14\x1c/\
\xff\x13\x1e1\xff\x18\x222\xff\x0f\x18\x22\xff\x06\x09\x0f\
\xff\x11\x08\x07\xff\x0e\x0e\x13\xff\x0f\x12#\xff\x13\x14*\
\xff! 4\xff96>\xffGA;\xff93)\
\xff#\x1f\x1c\xff\x1b\x17\x1a\xff\x17\x12\x16\xff\x10\x0a\x0b\
\xff\x16\x10\x11\xff \x1c\x1d\xff(''\xff)''\
\xff&&&\xff'''\xff&&&\xff(&&\
\xff+(&\xff+'%\xff*&(\xff*'&\
\xff+&%\xff,('\xff*('\xff+)(\
\xff-+*\xff,*)\xff+('\xff0,,\
\xff*)(\xff+('\xff-'&\xff,'&\
\xff)%$\xff%\x22!\xff\x22\x1f\x1e\xff\x22 \x1f\
\xff!!\x1f\xff\x22! \xff'((\xff154\
\xff=BA\xff@FE\xffBJJ\xffMUU\
\xffWaa\xffYbb\xffT[[\xffORR\
\xffTWX\xffHON\xffEML\xffS][\
\xff`ih\xffisq\xffoxw\xffryv\
\xffryv\xffryv\xffqwv\xffnts\
\xfflrq\xffits\xffjut\xffmuw\
\xffmsu\xfflss\xfflsr\xffjqq\
\xfflss\xffnvv\xffmuv\xffpww\
\xffott\xffntt\xffowu\xffpwt\
\xffrxt\xfft{u\xffrzq\xffntn\
\xffrvr\xfftyv\xffrwt\xffqwt\
\xffryv\xffsyv\xffszv\xffqxu\
\xffqyu\xffryv\xffous\xffrut\
\xffwzy\xffx|{\xffv{z\xffvyy\
\xffvzy\xffw{y\xfftzw\xfftzy\
\xffszw\xffnur\xfffkh\xffVc]\
\xffPe[\xffF^S\xffAZS\xffFb]\
\xff3SM\xff'KD\xff!KC\xff\x1bG=\
\xff\x12B1\xff\x0bA)\xff\x14H/\xff\x1bK2\
\xff\x1aJ1\xff\x18F.\xff\x0e9\x22\xff\x10;%\
\xff\x1aI3\xff\x1fK8\xff\x19D1\xff\x15@.\
\xff\x18D2\xff\x1fN8\xff\x1fP5\xff\x18H.\
\xff\x16I-\xff\x17K0\xff\x15G,\xff\x16C*\
\xff\x1dJ/\xff\x1eM1\xff\x1aI.\xff\x1bI.\
\xff\x19E,\xff\x1bG/\xff\x19F,\xff\x15D(\
\xff\x18C)\xff\x1cC/\xff#F7\xff.ND\
\xff5QL\xff2NI\xff.HD\xff/@I\
\xff6EJ\xff6DK\xff1=A\xff6:A\
\xff3@G\xff,BM\xff2<J\xff.8K\
\xff$4A\xff,7A\xff8AM\xff.CC\
\xff&5>\xff)->\xff\x1e*/\xff\x15,#\
\xff\x12(#\xff\x0e\x1f\x22\xff\x08\x1b\x19\xff\x0b\x18\x11\
\xff\x13\x1c\x15\xff\x0c\x14\x0e\xff\x06\x0c\x06\xff\x12\x12\x0c\
\xff\x0e\x0f\x07\xff\x08\x11\x0e\xff\x0c\x1dB\xff\x1a&U\
\xff\x22*;\xff$.A\xff,:C\xff19C\
\xff/:E\xff0;F\xff2=I\xff/8D\
\xff*2=\xff(/9\xff)3:\xff\x19$*\
\xff\x14 \x22\xff (/\xff\x22'4\xff\x19#,\
\xff\x16$'\xff\x19%.\xff\x1c%1\xff\x12 \x1d\
\xff\x05\x10\x0f\xff\x12\x12\x16\xff\x16\x1e\x1c\xff\x10\x19\x1c\
\xff\x15\x19\x1b\xff\x17$\x15\xff\x0f \x18\xff\x0c\x14=\
\xff\x1b\x1d1\xff\x0e\x1d\x16\xff\x0c\x15\x0e\xff\x0f\x12\x12\
\xff\x09\x1d\x16\xff\x0e#\x11\xff\x0b\x18\x0d\xff\x0a\x16\x17\
\xff\x14 \x1b\xff\x14'\x16\xff\x12%\x14\xff\x17\x1e\x1c\
\xff\x18\x10\x16\xff\x0a\x0c\x0e\xff\x12\x19\x1c\xff\x1e\x18 \
\xff\x0d\x0b\x0f\xff\x09\x0a\x0c\xff\x09\x0c\x0e\xff\x10\x13\x16\
\xff\x15\x17\x1f\xff\x11\x15 \xff\x10\x15#\xff\x11\x18)\
\xff\x15\x1c.\xff\x16 2\xff\x1a$=\xff&.N\
\xff0<]\xff:Il\xff9Mo\xff3Ij\
\xff1Df\xff1>a\xff1;_\xff%0P\
\xff\x18!=\xff\x14\x1f5\xff\x14!1\xff\x12\x1d-\
\xff\x12\x1c-\xff\x14\x1f0\xff\x17!4\xff\x16\x1c0\
\xff\x13\x16(\xff\x16\x15$\xff\x0e\x0e\x18\xff\x06\x09\x0b\
\xff\x0e\x0c\x0b\xff\x0d\x0f\x14\xff\x0b\x0c\x17\xff\x17\x19'\
\xff%'3\xff\x1d\x1e!\xff(# \xff<62\
\xffA?;\xff875\xff$##\xff\x16\x15\x14\
\xff\x1b\x1a\x1a\xff$%%\xff\x22##\xff&%%\
\xff&&&\xff%%%\xff&''\xff#$$\
\xff(((\xff(((\xff)*)\xff**)\
\xff)'(\xff+**\xff.*+\xff.))\
\xff($$\xff$! \xff'!!\xff%\x1e\x1e\
\xff\x22\x1c\x1b\xff#\x1e\x1d\xff##\x22\xff\x1f#\x22\
\xff\x22&'\xff+10\xff187\xff:A@\
\xffCJK\xffSYY\xff_ji\xffjvv\
\xffo{{\xffgss\xffboo\xffgtt\
\xffiuu\xfffss\xffjus\xffovu\
\xfftyx\xffpwv\xfflvu\xfflxv\
\xffkvt\xffhtr\xffhsq\xffkqn\
\xffjqo\xffkqp\xffmsr\xffout\
\xffout\xffltt\xffmtt\xffmut\
\xffnts\xffout\xffrxu\xffryv\
\xffrxw\xffout\xffnts\xffmtu\
\xffktv\xfflux\xffnux\xffnux\
\xffoux\xffmtw\xffltt\xffnvv\
\xfflup\xffmvp\xffmvp\xffnup\
\xffqxt\xffrzu\xffsxu\xfftxw\
\xffuzy\xffx}{\xffx}{\xffy}}\
\xffz}}\xffw|{\xffqzy\xffr{y\
\xffqxw\xffiro\xffcoj\xffUg`\
\xff>ZN\xff)N=\xff\x17B.\xff\x0f<)\
\xff\x15C1\xff\x18D2\xff\x1dF8\xff#L@\
\xff\x1fF;\xff$I>\xff\x22G<\xff\x1cB4\
\xff\x15?,\xff\x17C,\xff\x22O7\xff\x1bK0\
\xff\x0e>#\xff\x11A'\xff\x13D,\xff\x18E.\
\xff\x1eE1\xff\x1eE/\xff\x1bC-\xff\x1fG1\
\xff!J6\xff\x1dJ5\xff\x16H.\xff\x10H+\
\xff\x12M0\xff\x16M2\xff\x1cK2\xff\x1fL2\
\xff\x1dJ0\xff\x16G+\xff\x18I-\xff\x1cK1\
\xff\x19F.\xff\x1aF0\xff\x1cI1\xff\x16E,\
\xff\x18F,\xff!L3\xff'O:\xff&J<\
\xff!C8\xff!G:\xff%OA\xff.8C\
\xff,>K\xff1>L\xff1<J\xff5>N\
\xff5BM\xff4@G\xff3AI\xff4?O\
\xff1;J\xff,4D\xff0<H\xff*=B\
\xff+8C\xff-3F\xff&6C\xff!=@\
\xff\x0e1'\xff\x03#\x18\xff\x0a\x1e\x1c\xff\x0c\x19\x11\
\xff\x11\x18\x15\xff\x15\x19\x16\xff\x0c\x0e\x04\xff\x15\x10\x06\
\xff\x10\x15\x0c\xff\x0e\x1c\x16\xff\x0e)B\xff\x14'?\
\xff!)-\xff'4C\xff%6:\xff%6=\
\xff%7<\xff#4=\xff(7G\xff*7H\
\xff$.?\xff\x1f(4\xff#/5\xff$.5\
\xff\x14\x18!\xff\x0c\x10\x16\xff\x1a\x1c*\xff\x19#.\
\xff (4\xff/1<\xff#)(\xff\x14#\x10\
\xff\x10\x1a\x17\xff\x07\x0c\x19\xff\x08\x10\x0f\xff\x11\x19\x1d\
\xff\x09\x0f#\xff\x0b\x1d\x12\xff\x0f$\x1c\xff\x0f\x18U\
\xff\x17 N\xff\x14'\x22\xff\x10\x1e\x0c\xff\x15\x14\x0c\
\xff\x12  \xff\x0f&\x14\xff\x11  \xff\x0e\x15;\
\xff\x0b\x1c>\xff\x13#>\xff\x09\x1a\x17\xff\x16%'\
\xff\x19\x1d,\xff\x0e\x0e\x11\xff\x10\x13\x14\xff\x0a\x08\x0b\
\xff\x03\x0a\x0c\xff\x0c\x12\x1c\xff\x10\x17&\xff\x15\x1d+\
\xff\x15\x223\xff\x18&;\xff\x1c(C\xff'5R\
\xff3A_\xff9Gc\xff5Cc\xff.=]\
\xff*:[\xff,:X\xff&3Q\xff\x18&D\
\xff\x13 <\xff\x18\x1f6\xff\x19\x1b2\xff\x11\x16)\
\xff\x0b\x15\x22\xff\x12\x1b'\xff\x17\x1f-\xff\x18!2\
\xff\x19 3\xff\x15 4\xff\x13\x1f1\xff\x19\x1c'\
\xff\x12\x11\x18\xff\x0d\x06\x0b\xff\x0a\x05\x07\xff\x09\x07\x07\
\xff\x07\x0b\x0a\xff\x08\x0b\x16\xff\x0e\x0f\x1e\xff\x1c!+\
\xff!',\xff\x1d\x1f \xff\x22\x1d!\xff \x1b\x1f\
\xff \x22\x22\xff.12\xff=>?\xff8::\
\xff$%%\xff \x22\x22\xff\x22##\xff\x22\x22\x22\
\xff$%%\xff%%%\xff'%%\xff(&'\
\xff(''\xff)&'\xff'&&\xff%%%\
\xff! !\xff\x1e\x1b\x1c\xff\x1e\x1b\x1b\xff\x1e\x1d\x1d\
\xff\x1d\x1c\x1c\xff!!!\xff+--\xff366\
\xff=BB\xffBHH\xff?II\xff@MN\
\xffO[^\xffR^a\xffQ^a\xff\x5cik\
\xffamq\xffalq\xff`lm\xff]lk\
\xffWee\xffYee\xffann\xffdrq\
\xff^kj\xffaml\xffhsq\xffjqp\
\xffeom\xffeqo\xffgsq\xffepn\
\xfffpn\xffisq\xffjsq\xffkrq\
\xffirq\xffjqp\xfflrq\xffmsr\
\xfflrq\xffjpo\xffkrp\xfflup\
\xffkup\xffous\xffovt\xffoxv\
\xffmwt\xffhsp\xffisp\xffjsn\
\xffktq\xffjsr\xffkrr\xffltt\
\xffmtt\xffouu\xffpvx\xfftz{\
\xfft{z\xffu{z\xffv|{\xffs{z\
\xffw~}\xffy\x81\x80\xffw\x7f~\xfftzy\
\xffsxx\xffpvv\xffgon\xff[if\
\xffRe`\xffH`Z\xff:XQ\xff/QI\
\xff,JA\xff&E:\xff'I;\xff#I8\
\xff\x1eH4\xff\x1dK4\xff\x1aM2\xff\x16I.\
\xff\x13?+\xff\x22I8\xff&M<\xff\x1fG7\
\xff\x18A0\xff G7\xff\x1eH4\xff\x18C+\
\xff\x17?)\xff\x1cD.\xff\x1aF-\xff\x11?%\
\xff\x12A'\xff\x1aJ0\xff\x16F.\xff\x14A+\
\xff\x16:%\xff\x115\x1f\xff\x10:#\xff\x12@)\
\xff\x17B*\xff\x17A)\xff\x14F*\xff\x11L-\
\xff\x11K/\xff\x18K2\xff!N8\xff$P:\
\xff\x1fN7\xff\x1dP4\xff\x1bP4\xff\x1dO4\
\xff\x1cK3\xff\x1aJ3\xff\x18H/\xff\x15D*\
\xff\x15D+\xff\x17E*\xff\x1aB*\xff\x1a@.\
\xff\x1eA0\xff F5\xff\x22I8\xff;EP\
\xff.=M\xff,8E\xff+:=\xff\x1e+3\
\xff\x1a-E\xff\x170K\xff\x1a(.\xff(,-\
\xff+35\xff &+\xff\x1f&0\xff ,7\
\xff%15\xff'07\xff%6L\xff\x1e6a\
\xff\x1479\xff\x0f'\x0f\xff\x0d\x12\x06\xff\x12\x0e\x07\
\xff\x10\x14\x12\xff\x10\x19\x0c\xff\x10%2\xff\x0c!F\
\xff\x0c\x15\x10\xff\x07\x19\x15\xff\x0e\x1f\x19\xff\x1f)\x10\
\xff-2,\xff-=G\xff/=M\xff,7I\
\xff,9G\xff#2?\xff\x1a&6\xff\x1d)5\
\xff\x1c&1\xff\x1c$.\xff\x19!)\xff#+2\
\xff,5=\xff$,*\xff7:4\xffHII\
\xffDJQ\xff<IJ\xff&=6\xff\x0d\x1c-\
\xff\x0b\x17\x11\xff\x15%\x18\xff\x10 \x17\xff\x12\x1d\x1c\
\xff\x11\x1c\x22\xff\x0c\x1d\x1a\xff\x04\x14\x19\xff\x13\x15,\
\xff\x145s\xff\x0e;l\xff\x11,\x22\xff\x18\x1e\x09\
\xff\x14\x1b\x10\xff\x12!\x16\xff\x1c\x22\x1f\xff\x15\x1e\x16\
\xff\x0f\x1f7\xff\x10\x1dW\xff\x0f\x19+\xff\x14\x1e\x14\
\xff\x15\x14\x1a\xff\x0b\x07\x0a\xff\x09\x06\x07\xff\x0e\x0e\x12\
\xff\x0f\x1d/\xff\x18&F\xff%3Q\xff+9V\
\xff-=X\xff4D`\xff,:X\xff)7V\
\xff*5W\xff&.L\xff\x1e(B\xff\x16#8\
\xff\x12\x1d.\xff\x12\x1a,\xff\x12\x1a-\xff\x13\x180\
\xff\x13\x1a/\xff\x17\x1e0\xff\x1a\x222\xff\x17\x1e1\
\xff\x18\x1e1\xff\x18\x1e1\xff\x14\x19.\xff\x13\x1a-\
\xff\x14\x1b-\xff\x10\x18)\xff\x0e\x16$\xff\x22&,\
\xff++)\xff\x16\x14\x13\xff\x0c\x0d\x0c\xff\x08\x0a\x0e\
\xff\x06\x09\x0f\xff\x0a\x0a\x1f\xff\x19\x1b0\xff#)2\
\xff\x1e#!\xff \x22!\xff'$(\xff#\x1f!\
\xff\x22 \x1f\xff\x1f\x1d\x1d\xff\x22  \xff+()\
\xff'\x22#\xff%!\x22\xff+&'\xff*((\
\xff###\xff#\x22\x22\xff'##\xff*%&\
\xff$\x1f \xff\x22\x1d\x1e\xff\x1f\x1c\x1d\xff\x1b\x1a\x1a\
\xff&\x22#\xff.--\xff/77\xff:GF\
\xffMXY\xff^kk\xfffvu\xffm\x80~\
\xffr\x85\x83\xffl~}\xffZkj\xffRaa\
\xffYfh\xffQ^_\xffIVW\xffS`a\
\xff[gh\xffZfh\xffXdd\xffYee\
\xffXed\xff]ii\xffitt\xffkww\
\xffeoo\xffbkk\xffakk\xffcll\
\xffbnm\xfferq\xffgrq\xffdom\
\xffdon\xffdon\xffcnl\xffdpn\
\xffepn\xffgmm\xffgml\xffgml\
\xffgnm\xffhnm\xffjqp\xffjsq\
\xffhsq\xfflut\xffjtr\xffgqp\
\xffgqq\xffgrr\xfflut\xffrxv\
\xffsxw\xffuzy\xffv|z\xffv}|\
\xffv|{\xffu|z\xfft{{\xffrxv\
\xffovu\xffjrq\xffhqp\xffhut\
\xffaon\xffTge\xffKa^\xff@XT\
\xff8SL\xff2PG\xff-MB\xff)L?\
\xff\x22J;\xff\x17F4\xff\x0d@.\xff\x08=+\
\xff\x0d<(\xff\x0f=(\xff\x0e<&\xff\x13B*\
\xff\x18E-\xff\x1cF,\xff\x1fG+\xff\x18@%\
\xff\x1b@+\xff\x22G4\xff\x1dE/\xff\x1bE.\
\xff\x16A)\xff\x12>'\xff\x16C*\xff\x17H,\
\xff\x17F.\xff\x15D,\xff\x11E,\xff\x13G,\
\xff\x18J0\xff\x1cL3\xff\x1dK4\xff\x18F.\
\xff\x18C)\xff\x18E+\xff\x18G.\xff\x16E-\
\xff\x16E*\xff\x17F+\xff\x19L0\xff\x19P2\
\xff\x1aO5\xff R;\xff%T>\xff$R<\
\xff Q:\xff\x1cR8\xff\x1bS8\xff\x1cR7\
\xff#T;\xff\x22R9\xff\x1bK1\xff\x16F+\
\xff\x16E+\xff\x15D*\xff\x16B)\xff\x1cB,\
\xff\x1fC0\xff\x1cA0\xff\x1fD3\xff6AD\
\xff0:J\xff.4C\xff!54\xff\x13\x1f\x14\
\xff\x12$'\xff\x0b'?\xff\x09\x15\x1a\xff\x07\x0b\x08\
\xff\x05\x0e\x0d\xff\x0d\x16\x14\xff\x0e\x15\x17\xff\x07\x0f\x17\
\xff\x10\x15\x13\xff\x1d\x1f\x1d\xff\x17!5\xff\x17'>\
\xff#10\xff\x13-%\xff\x09\x193\xff\x0e\x0e&\
\xff\x0f\x15\x08\xff\x12),\xff\x09=|\xff\x049\x8f\
\xff\x0b$G\xff\x10\x1e\x1d\xff\x08 \x16\xff\x16%\x13\
\xff%--\xff)6A\xff):G\xff)3B\
\xff*/C\xff%-;\xff\x1d&/\xff\x1d&*\
\xff%-/\xff,35\xff+16\xff<AD\
\xffVWT\xffTUQ\xffQQJ\xffRUQ\
\xffBSU\xff\x1d.a\xff\x121O\xff\x10\x22:\
\xff\x0e\x18\x18\xff\x19'\x1c\xff\x1b(\x19\xff\x15\x1a\x17\
\xff\x13 \x0d\xff\x0d\x1b\x07\xff\x08\x12%\xff\x15\x14\x1e\
\xff\x13)1\xff\x135{\xff\x10-i\xff\x0c*I\
\xff\x0d%7\xff\x13$#\xff\x12!\x17\xff\x12$\x11\
\xff\x0e\x22)\xff\x0b\x18\x1e\xff\x14\x1e\x07\xff\x16!\x14\
\xff\x13\x12\x12\xff\x06\x08\x03\xff\x0f\x0b\x19\xff\x1e @\
\xff&4L\xff.4H\xff.1G\xff '8\
\xff\x1f$0\xff'*6\xff !-\xff\x1c\x1e(\
\xff\x1e\x1f/\xff\x16\x1b-\xff\x14\x1a+\xff\x18\x1e2\
\xff\x1b 3\xff\x1b\x222\xff\x1c#3\xff\x1d$6\
\xff\x1a#6\xff\x18!3\xff\x15\x1d0\xff\x12\x19,\
\xff\x0f\x16'\xff\x0d\x14\x22\xff\x0c\x12\x1f\xff\x0f\x14\x22\
\xff\x11\x16&\xff\x10\x14)\xff\x0e\x12'\xff\x12\x1b1\
\xff\x1c&;\xff\x1f)>\xff(3I\xff(2F\
\xff\x1b$6\xff(.E\xff'-A\xff\x17\x1d$\
\xff\x1d\x22\x1e\xff \x22\x22\xff\x22 $\xff& #\
\xff'\x22\x1f\xff'\x22\x1f\xff& \x22\xff\x22\x1d\x1e\
\xff\x1f\x1b\x1c\xff\x1f\x1c\x1c\xff#\x1e\x1f\xff$!!\
\xff\x1d\x1e\x1e\xff\x1b\x1c\x1c\xff\x17\x1a\x1a\xff\x17\x1b\x1b\
\xff\x1b\x1f\x1f\xff %$\xff*10\xff5=<\
\xffPUS\xffqxw\xffw\x86\x87\xffv\x89\x89\
\xffv\x88\x88\xffq\x82\x82\xffarr\xff^nm\
\xffXki\xffTfe\xffZff\xffXaa\
\xff\x5cee\xff`ih\xffblk\xffdmk\
\xffckh\xffaih\xff`ki\xff[gg\
\xffall\xff\x5cff\xffNWW\xffYbb\
\xffjpq\xffeij\xff_hh\xff`jj\
\xffall\xffcnn\xffcmm\xff_ii\
\xff_ii\xffakk\xffbml\xffcol\
\xffbom\xffdnl\xfffnm\xfffpn\
\xffcom\xffgqo\xffjrr\xfflqt\
\xfflqu\xffoux\xffsyz\xffrxy\
\xffu{{\xffv~}\xffsx{\xffps{\
\xffow|\xffgru\xffZji\xffRdb\
\xffG\x5cX\xff;TN\xff6SL\xff.LB\
\xff)I<\xff,K>\xff,J=\xff,M@\
\xff#F9\xff\x16=/\xff\x15A2\xff\x11B1\
\xff\x0cB-\xff\x12H2\xff\x18I4\xff\x18J3\
\xff\x18I1\xff\x1aK1\xff\x1aK2\xff\x16I/\
\xff\x15K-\xff\x18M/\xff\x13H+\xff\x11F*\
\xff\x15J-\xff\x1bI.\xff\x18C,\xff\x18A+\
\xff\x1dG1\xff\x18G.\xff\x13D)\xff\x14E)\
\xff\x14H,\xff\x12H,\xff\x12J,\xff\x13K/\
\xff\x19M4\xff\x1aK3\xff\x15J0\xff\x14L0\
\xff\x13L/\xff\x12K.\xff\x19O5\xff\x1aN6\
\xff\x11K0\xff\x14O2\xff\x1cP4\xff\x1eM3\
\xff\x1cN4\xff\x18O6\xff\x16P3\xff\x19M1\
\xff\x17J1\xff\x16J5\xff\x1aK7\xff\x1cL6\
\xff\x1bO8\xff\x14M3\xff\x15O6\xff\x1eT<\
\xff!Q9\xff\x1fO5\xff Q6\xff\x1fQ6\
\xff\x1fP6\xff\x1cM4\xff\x1bJ0\xff\x1eK/\
\xff\x1eI2\xff!K9\xff#O=\xff\x22-1\
\xff'.?\xff*.9\xff ;J\xff\x10.T\
\xff\x0b\x18!\xff\x0b\x11\x0b\xff\x15\x19\x0f\xff\x0f\x17\x16\
\xff\x03\x13\x12\xff\x0f\x1d\x17\xff\x13\x1d\x19\xff\x12\x1a\x1a\
\xff\x15\x16\x15\xff\x1f\x1c\x1d\xff ,4\xff\x147B\
\xff\x0e-%\xff\x0b7G\xff\x08H\xa4\xff\x05'n\
\xff\x0b\x14\x0a\xff\x0e4Y\xff\x095x\xff\x09,i\
\xff\x0d-l\xff\x14,H\xff\x0a9p\xff\x100b\
\xff)6A\xff&46\xff\x15(-\xff\x1b'.\
\xff\x1f#2\xff)-8\xff058\xff8>?\
\xffGMK\xff>CC\xff>CE\xffNTS\
\xffKON\xff<>G\xff<AJ\xff9C@\
\xff2DJ\xff)5k\xff\x17!V\xff\x12\x1d!\
\xff\x12!\x14\xff\x10\x22,\xff\x11\x1f7\xff\x0e\x1f\x1a\
\xff\x1b'-\xff\x14*5\xff\x11((\xff\x18%\x19\
\xff\x11\x1b\x0b\xff\x0a\x17J\xff\x0c\x18b\xff\x0b0}\
\xff\x0b9\x8a\xff 9D\xff\x229\x11\xff\x1f8;\
\xff\x0f+|\xff\x06\x1d`\xff\x10)A\xff\x0e!5\
\xff\x07\x07\x0f\xff\x05\x0d\x07\xff\x1b\x1e$\xff#$8\
\xff !.\xff\x1b\x19 \xff\x11\x0f\x16\xff\x12\x11\x19\
\xff\x16\x18#\xff\x13\x1a)\xff\x1a!3\xff\x1d%:\
\xff\x19$9\xff\x17#9\xff\x18#6\xff\x1d%;\
\xff\x1d#:\xff\x16\x1e1\xff\x13\x1a+\xff\x11\x19&\
\xff\x13\x18%\xff\x0d\x12#\xff\x08\x11 \xff\x0c\x14!\
\xff\x0c\x13 \xff\x0d\x15!\xff\x12\x19)\xff\x19\x1d6\
\xff #@\xff(.J\xff/8W\xff5?d\
\xff@Mv\xffP[\x82\xffQ\x5c\x7f\xffEOl\
\xff-6K\xff&/>\xff '2\xff\x1a\x1d \
\xff !!\xff! !\xff\x1b\x1a\x1d\xff\x1a\x1a\x1c\
\xff\x1d\x19\x18\xff\x1c\x19\x18\xff\x1c\x1b\x1b\xff\x1e\x1f\x1e\
\xff ##\xff\x22$$\xff\x1e  \xff\x1f  \
\xff!$$\xff'-,\xff'20\xff.97\
\xff<GF\xffFTR\xffWec\xff]ki\
\xffXfd\xffcqo\xffq{|\xffkut\
\xff\x5cec\xffT^]\xffNZY\xffNZZ\
\xffP]\x5c\xffTa`\xffYcc\xff\x5cde\
\xff`ii\xffbjj\xffbji\xffbkh\
\xffeli\xffelh\xffekk\xff_gh\
\xffeoo\xffXbb\xff<FF\xffQZZ\
\xffemn\xff]dd\xff\x5cff\xffXed\
\xffZff\xff]ii\xffblm\xffblm\
\xff`kk\xff`jj\xff`jj\xffbml\
\xffdrq\xffivu\xfflxv\xffn|z\
\xffo}|\xffn}{\xffkxw\xffovy\
\xffotv\xfffop\xffeoo\xffelk\
\xff\x5cec\xffR^Z\xffBRL\xff4MC\
\xff1QF\xff*J=\xff\x1c?2\xff\x16<,\
\xff\x0e8$\xff\x097 \xff\x0b=%\xff\x0bA(\
\xff\x0bE)\xff\x0fF+\xff\x0fC(\xff\x13E*\
\xff\x1bL1\xff\x18K0\xff\x17K1\xff\x16K1\
\xff\x17L2\xff\x1aL4\xff\x18J0\xff\x15F+\
\xff\x14E)\xff\x19I,\xff\x1aJ.\xff\x14H+\
\xff\x15N/\xff\x1bV7\xff\x1cY:\xff\x15R4\
\xff\x14P2\xff\x17K0\xff\x16E-\xff\x1aJ2\
\xff\x17O5\xff\x12N2\xff\x18S6\xff\x1aT7\
\xff\x1bU8\xff\x1bS6\xff\x17N1\xff\x14J0\
\xff\x1aK3\xff\x1fM5\xff\x1aL1\xff\x17O2\
\xff\x19S6\xff\x17S5\xff\x15Q5\xff\x18S:\
\xff\x17T;\xff\x15R4\xff\x15J/\xff\x18J1\
\xff\x17M6\xff\x18P8\xff\x18Q5\xff\x19N2\
\xff\x18N4\xff\x1aQ8\xff\x19N6\xff\x17J4\
\xff\x18N6\xff\x14M5\xff\x12J1\xff\x15G-\
\xff\x16F,\xff\x16F,\xff\x16F,\xff\x16I-\
\xff\x18J0\xff\x16G0\xff\x13D*\xff\x18J/\
\xff\x1fO8\xff\x1fM;\xff\x1cH8\xff\x13\x1a\x1e\
\xff\x10\x19$\xff\x10\x15\x15\xff\x0e(C\xff\x0b6\x9e\
\xff\x07$Z\xff\x07\x1a\x16\xff\x10\x19\x16\xff\x11\x17\x12\
\xff\x0f\x1b\x16\xff\x13!\x1a\xff\x10\x1d\x1b\xff\x16#'\
\xff\x1d'!\xff\x17 \x17\xff\x14,8\xff\x13>v\
\xff\x0c=\x82\xff\x0e;h\xff\x11;j\xff\x120L\
\xff\x0c(7\xff\x0a2j\xff\x0b>\x84\xff\x07/K\
\xff\x09\x13\x18\xff\x15%;\xff\x1cD\x89\xff1A\x81\
\xffBLQ\xff*9@\xff\x22$&\xff=;:\
\xffBFA\xffEKF\xff@ED\xff@EF\
\xff>CE\xff5;>\xff;@B\xffCJG\
\xffEOH\xff@CD\xffBDD\xffAE>\
\xff?FG\xffP^P\xff4:O\xff!&F\
\xff\x1f-)\xff\x17(/\xff\x15%N\xff\x0c!\x22\
\xff\x1a\x1fA\xff\x18&v\xff\x12*T\xff\x14%\x18\
\xff\x16%\x0e\xff\x13&=\xff\x0e\x18Z\xff\x13)w\
\xff @\x84\xff+Bb\xff%=J\xff$Cx\
\xff\x1d:\x83\xff\x14/M\xff%<c\xff\x18#G\
\xff\x04\x00\x05\xff\x0a\x0d\x0c\xff\x17\x1a\x1d\xff\x19\x1e$\
\xff\x1b ,\xff\x1a!5\xff\x1a%9\xff\x1f)<\
\xff\x1f)<\xff\x16#5\xff\x18\x226\xff\x17 9\
\xff\x16\x1f7\xff\x13\x1d0\xff\x11\x1a*\xff\x10\x17)\
\xff\x0e\x12&\xff\x0b\x10!\xff\x09\x10\x1c\xff\x0a\x11\x1a\
\xff\x11\x16 \xff\x12\x19)\xff\x14\x1d0\xff\x1d%>\
\xff%,L\xff/8Z\xff:Eh\xff:Kn\
\xffBTw\xffIXw\xffFTp\xffBNh\
\xff?Kb\xff<AU\xff/0?\xff%#/\
\xff\x1d\x1c!\xff\x15\x15\x14\xff\x17\x17\x14\xff\x1d\x18\x18\
\xff\x1b\x13\x15\xff\x19\x15\x17\xff\x1a\x1c\x1d\xff\x1c!\x22\
\xff $%\xff %$\xff!('\xff%-,\
\xff(//\xff+32\xff087\xff8BA\
\xffHQP\xffWa_\xffenl\xffkts\
\xffirq\xffdkj\xffZba\xffP\x5cZ\
\xffKVT\xffFSQ\xffS]]\xffXbb\
\xffT^^\xffXbb\xffepp\xff\x5chg\
\xffXdc\xff[fe\xffUcb\xffWff\
\xffVdf\xffWdd\xffWec\xffXec\
\xff[gd\xff[gd\xffZed\xff[dc\
\xff^ji\xffS_`\xff;HH\xffNZZ\
\xffboo\xff^ii\xff`mm\xff_ll\
\xff^ji\xff^ji\xffamk\xffbml\
\xffeoo\xffjqq\xffdmm\xffclm\
\xffirr\xffhvu\xff`lk\xffXed\
\xffYgf\xffTeb\xffDZV\xff@UR\
\xffCWU\xff2KH\xff'C=\xff =2\
\xff\x122%\xff\x113\x22\xff\x127#\xff\x11>'\
\xff\x10C,\xff\x15F/\xff\x1dL6\xff\x1cM6\
\xff\x16H1\xff\x1bM5\xff\x1dP6\xff\x19N5\
\xff\x19M5\xff\x18H2\xff\x1aE0\xff\x1fI2\
\xff\x1eH1\xff\x19E/\xff\x1bK2\xff\x17L1\
\xff\x14L0\xff\x17L2\xff\x19J1\xff\x1bI/\
\xff\x19G.\xff\x18G.\xff\x14E+\xff\x0d@&\
\xff\x16G.\xff\x19L3\xff\x1aQ6\xff\x1aU7\
\xff\x17Q3\xff\x14G+\xff\x16E*\xff\x19H-\
\xff\x16H-\xff\x13J-\xff\x13J-\xff\x13G*\
\xff\x16I-\xff\x14C)\xff\x17C-\xff\x1cG2\
\xff\x1aI3\xff\x18L2\xff\x19M1\xff\x16K.\
\xff\x16L/\xff\x16L0\xff\x18I.\xff\x18J0\
\xff\x1bM4\xff\x1aM2\xff\x19K2\xff\x1bM6\
\xff\x1aM5\xff\x1aM5\xff\x1eS:\xff\x1dW;\
\xff\x1fY?\xff\x1cU<\xff\x1aR8\xff\x1bS:\
\xff\x16O4\xff\x10K1\xff\x14L1\xff\x15F+\
\xff\x18F,\xff\x1bI/\xff\x18G-\xff\x15D+\
\xff\x15G.\xff\x14F0\xff\x12F.\xff\x14I0\
\xff\x19K5\xff\x17F4\xff\x18G3\xff\x0e\x09\x07\
\xff\x04\x0d\x0d\xff\x09\x0a\x03\xff\x07\x0e\x19\xff\x09\x1f]\
\xff\x102u\xff\x078z\xff\x03.\x5c\xff\x0e&:\
\xff\x19&$\xff\x11\x22\x16\xff\x0a\x17\x0e\xff\x0c\x17\x11\
\xff\x1a+$\xff\x16*-\xff\x12-K\xff\x182j\
\xff\x1f5j\xff\x123P\xff\x15)*\xff\x11,(\
\xff\x01G\x84\xff\x09@\x93\xff\x08,a\xff\x0b-;\
\xff\x12,,\xff\x0f6m\xff\x1f@z\xff8:U\
\xff;64\xff9>I\xffEGH\xffUUS\
\xffFLH\xff;B@\xff8><\xff@FF\
\xffFKL\xffCGG\xffAED\xff9>:\
\xff<D@\xffBGD\xffFJF\xff?DD\
\xff25:\xff:@8\xffIPJ\xff<DD\
\xff,:,\xff\x19'%\xff\x19(/\xff\x1a*/\
\xff\x15$'\xff\x17*,\xff\x1a3 \xff\x1e-=\
\xff!%U\xff\x1d)O\xff\x1c(G\xff&,@\
\xff-:B\xff$8g\xff 9w\xff,@u\
\xff(8r\xff/8b\xff5BG\xff\x16\x1f\x1d\
\xff\x07\x04\x04\xff\x0d\x0b\x17\xff\x14\x14)\xff\x18\x1e1\
\xff\x1b#7\xff\x1a$:\xff\x17\x227\xff\x15\x1d0\
\xff\x13\x1b+\xff\x14\x1b(\xff\x13\x1a$\xff\x0f\x15\x1e\
\xff\x10\x15\x1c\xff\x14\x15\x1f\xff\x10\x12\x1c\xff\x13\x16!\
\xff\x17\x1f(\xff\x1c%3\xff\x1b$:\xff\x1b&B\
\xff%/O\xff3=c\xff?Jr\xffBRy\
\xffEV}\xffDVx\xff9Jf\xff1>Q\
\xff1;I\xff(.<\xff\x1a\x1f)\xff\x11\x15\x1c\
\xff\x0e\x11\x13\xff\x0d\x0c\x0b\xff\x0b\x07\x04\xff\x10\x0c\x09\
\xff\x15\x11\x0f\xff\x13\x12\x0e\xff\x13\x13\x0f\xff\x19\x17\x17\
\xff%\x22$\xff+,-\xff+21\xff)10\
\xff*32\xff3:9\xff8@=\xff8A>\
\xff:BA\xffBMJ\xffP\x5cZ\xff`mk\
\xffeqo\xffclk\xffchg\xffbgf\
\xff[`_\xffW_]\xffR\x5cZ\xffOZX\
\xffYca\xffXec\xffVcc\xffXed\
\xffYhg\xffVed\xffVbb\xff^gh\
\xff]fg\xffYcd\xffVdd\xffWeg\
\xffVdf\xffXeg\xffUbc\xffSa`\
\xffSa_\xffVdb\xffUca\xffTb`\
\xff\x5cjg\xffS^]\xff=GG\xffNYY\
\xffeoo\xff_jj\xfffqq\xffkuu\
\xffirt\xfflsw\xffgqt\xffboq\
\xff\x5ckl\xffVed\xffH][\xffCWT\
\xffMXV\xff8LH\xff*A9\xff 7.\
\xff\x1d9.\xff!;.\xff\x1a;/\xff\x16<2\
\xff\x1aB9\xff\x1bD;\xff\x19D8\xff\x18D4\
\xff\x12=-\xff\x19A0\xff\x1fD4\xff J7\
\xff\x1eL8\xff\x1cJ7\xff\x1bJ7\xff O=\
\xff#R@\xff!Q@\xff\x15G6\xff\x10D2\
\xff\x1aL7\xff\x1fO;\xff!O<\xff P=\
\xff\x1bI8\xff\x16G6\xff\x18L:\xff\x14N6\
\xff\x13N2\xff\x14O2\xff\x10J.\xff\x0fF,\
\xff\x10D+\xff\x12F/\xff\x10H0\xff\x11G/\
\xff\x1aK4\xff!R9\xff!R7\xff\x1dQ4\
\xff\x1aO2\xff\x18N1\xff\x17N1\xff\x13G+\
\xff\x15@%\xff\x1aE*\xff\x17D*\xff\x15C(\
\xff\x19H-\xff\x1aJ0\xff L7\xff!L9\
\xff!P6\xff\x1eR6\xff\x18R4\xff\x1aR4\
\xff\x1cU8\xff\x18Q5\xff\x1bP5\xff\x1cP5\
\xff\x1fO5\xff\x1eO6\xff\x1bR:\xff U?\
\xff\x22R<\xff M6\xff!R9\xff\x1eV9\
\xff\x1bR7\xff\x16L4\xff\x14L1\xff\x19T7\
\xff\x17S5\xff\x12M0\xff\x16P4\xff\x18N1\
\xff\x15G-\xff\x16F.\xff\x15F.\xff\x15H0\
\xff\x17K4\xff\x19N7\xff\x1bN7\xff\x1bN6\
\xff\x1bM8\xff!Q>\xff$TB\xff\x0f\x0e\x0d\
\xff\x08\x0e\x08\xff\x06\x0f\x04\xff\x0a\x14\x0b\xff\x11\x14\x16\
\xff\x16\x225\xff\x10=\x85\xff\x0c9\xa3\xff\x1b6e\
\xff\x1a,&\xff\x0d!\x09\xff\x0f\x1f\x0e\xff\x13 \x12\
\xff\x15\x22 \xff\x22)>\xff'0M\xff&3I\
\xff65;\xff:,3\xff*1B\xff\x16Jk\
\xff\x09R\xb2\xff\x0eB\x86\xff\x16:b\xff\x108\x80\
\xff\x22D\x80\xff$W\x9c\xff-Kx\xff??H\
\xff=;5\xffDJG\xffKSQ\xffCJE\
\xff;A?\xff8=>\xff<A@\xffBHG\
\xffDIH\xffFKH\xffEIG\xff9>;\
\xff9;:\xff696\xff8::\xff;>>\
\xff<><\xff>=;\xffGGC\xffFE@\
\xff264\xff#56\xff\x22,E\xff );\
\xff'1(\xff\x222 \xff\x17(+\xff\x17'Y\
\xff!'r\xff((S\xff4/&\xff95\x1e\
\xff'.#\xff\x11\x22-\xff\x1b-4\xff'.)\
\xff\x1b$B\xff'3l\xff)0F\xff\x0b\x10\x0d\
\xff\x06\x07\x08\xff\x10\x10 \xff\x19\x1b0\xff\x11\x19(\
\xff\x0e\x15#\xff\x12\x16&\xff\x12\x15%\xff\x0d\x11 \
\xff\x0b\x11\x1f\xff\x10\x16\x22\xff\x12\x16%\xff\x11\x18&\
\xff\x15\x1d-\xff\x19$6\xff$1H\xff*7R\
\xff/<^\xff;Jm\xff@Pt\xff>Oy\
\xff>Ov\xffEQr\xffAKi\xff-;U\
\xff%4F\xff$0:\xff\x16\x1e$\xff\x0f\x11\x11\
\xff\x0e\x0c\x09\xff\x0e\x09\x08\xff\x0c\x09\x07\xff\x0c\x0d\x0c\
\xff\x10\x10\x11\xff\x11\x13\x12\xff\x10\x12\x11\xff\x10\x13\x11\
\xff\x18\x1b\x1c\xff\x1f$$\xff$+*\xff067\
\xff9>?\xff9?>\xff7?=\xff8@>\
\xffDJJ\xffX]\x5c\xff]d`\xff^da\
\xff^fc\xffXb`\xffS_]\xffR^[\
\xffMYW\xffITR\xffKUS\xffLXV\
\xffP\x5c[\xffR`^\xffWec\xffYfd\
\xff\x5cig\xff[ig\xffYhg\xffXcc\
\xff\x5chg\xffP\x5c]\xff;GI\xffUbd\
\xff\x5cik\xffTac\xffS`b\xffS`b\
\xffXdf\xffXdg\xffVbd\xffUac\
\xffVdb\xffXdd\xffXed\xffYhg\
\xffguu\xffcll\xffELK\xffW`^\
\xffoyx\xffaml\xffaml\xff\x5cjg\
\xffVeb\xffS`a\xffHWW\xff;ML\
\xff.FD\xff'B=\xff\x1a>5\xff\x1c=6\
\xff5GC\xff\x1c;2\xff\x126*\xff\x18<.\
\xff\x1cF4\xff\x19@.\xff\x1aD3\xff\x1eI;\
\xff M>\xff\x22O@\xff!M>\xff#N@\
\xff\x1fG9\xff\x1eB5\xff C5\xff\x1fF5\
\xff!L7\xff\x1aH4\xff\x12C.\xff\x1eM8\
\xff&VA\xff S?\xff\x14J5\xff\x10I3\
\xff\x16P8\xff\x1bW>\xff\x1bX@\xff\x1dYB\
\xff\x1eYC\xff\x1cWB\xff\x16Q<\xff\x13P6\
\xff\x16S5\xff\x11L.\xff\x0cF*\xff\x10I-\
\xff\x15P4\xff\x16V9\xff\x10T6\xff\x12S6\
\xff\x19V;\xff\x19T7\xff\x16N/\xff\x16G*\
\xff\x18K/\xff\x1cS7\xff\x19T8\xff\x16N2\
\xff\x1aJ.\xff\x1bI/\xff\x19K0\xff\x17M2\
\xff\x18N4\xff\x1aO5\xff\x1cN8\xff\x22Q:\
\xff&V9\xff R5\xff\x14K/\xff\x1cR8\
\xff!X>\xff\x1aQ8\xff\x16P6\xff\x18Q7\
\xff\x1fO6\xff\x1cO8\xff\x19U>\xff!VC\
\xff)RA\xff%Q;\xff\x1fQ6\xff\x1bN1\
\xff\x1aJ0\xff\x1dN6\xff\x16L1\xff\x14M0\
\xff\x16Q3\xff\x18S5\xff\x16P2\xff\x16N2\
\xff\x17L3\xff\x19M5\xff\x19M5\xff\x19N6\
\xff\x1bP9\xff\x1eQ9\xff\x1fP9\xff\x1eP9\
\xff\x1dP9\xff\x1eP<\xff\x1fP;\xff\x0b\x19\x0f\
\xff\x08\x10\x19\xff\x0d\x1aU\xff\x08\x15+\xff\x11\x1b\x0f\
\xff\x17\x18\x0e\xff\x1f-?\xff'7l\xff)8Q\
\xff\x1f9;\xff\x144@\xff\x0b.^\xff\x0e/_\
\xff\x1f5A\xff+89\xff.-/\xff9=@\
\xff?IM\xff=8?\xff;@S\xff0Om\
\xff'G}\xff\x1eF\x82\xff\x22D\x92\xff2G\x90\
\xff5Eg\xff+36\xff78$\xffPR@\
\xffGRO\xffHPS\xffACD\xff899\
\xffFGC\xffEHD\xff>BB\xff:>>\
\xff7;:\xff;=>\xff@BB\xff<?>\
\xffB?9\xffFB:\xffB=9\xffKFB\
\xffUPK\xff[VS\xff]YP\xffVSP\
\xffC?\x5c\xff9:M\xff8;A\xff$(B\
\xff51<\xff@C?\xff+5X\xff\x12!X\
\xff\x22$=\xff;30\xff?85\xff@==\
\xff8:7\xff\x1c\x1f\x1b\xff\x10\x16\x0e\xff\x1f\x1d\x15\
\xff\x1a\x1a\x1c\xff\x13\x1c\x19\xff\x15\x17\x0f\xff\x0c\x08\x06\
\xff\x08\x04\x06\xff\x0c\x0a\x12\xff\x0d\x10\x1c\xff\x0a\x11\x1d\
\xff\x0d\x16#\xff\x14\x18'\xff\x18\x1b(\xff\x15\x1c*\
\xff\x1d'<\xff$.F\xff$0M\xff(5X\
\xff-=e\xff.Hs\xff7P{\xff4Jw\
\xff4Fj\xff8Id\xff<Kb\xff@L_\
\xff;FQ\xff:BD\xff188\xff\x22+/\
\xff\x1d(*\xff\x22+.\xff',2\xff&(+\
\xff\x22#$\xff\x1a\x1f\x1f\xff\x17\x1d\x1f\xff\x1b\x1f\x22\
\xff\x19\x1d \xff\x0c\x12\x14\xff\x14\x1b\x1b\xff!'*\
\xff (*\xff%,+\xff,20\xff5<9\
\xff?FC\xffJQO\xffX_^\xffdmk\
\xffisr\xfflut\xffgon\xffZb`\
\xffOYW\xffIVT\xffDRP\xffKVU\
\xffUa_\xffQ^\x5c\xffQ]\x5c\xffTb`\
\xffWec\xffQ^]\xffP]\x5c\xffUa`\
\xffUa`\xffS`_\xffQ_^\xffR__\
\xffT_`\xffLXZ\xff;GI\xffOZ\x5c\
\xffYfh\xffUbd\xffR_a\xffR_a\
\xffUbd\xffXfe\xffWed\xffUcc\
\xffYef\xff\x5cgh\xff^jk\xffepr\
\xffktw\xff^hh\xff@MK\xffEXS\
\xffOg_\xff8VL\xff/OF\xff)JB\
\xff%G@\xff\x1d=9\xff\x1971\xff\x153-\
\xff\x1992\xff\x1fB9\xff\x16@5\xff\x19@9\
\xff2JF\xff\x1fG>\xff\x1aE;\xff\x1bG9\
\xff\x1aJ:\xff\x1bI:\xff\x1eM<\xff\x1eL:\
\xff\x1dK;\xff\x1bK9\xff\x1bJ7\xff\x1aI7\
\xff\x19K9\xff\x1aK:\xff\x1cM<\xff\x1bM9\
\xff\x1dQ;\xff\x1fT>\xff\x18M6\xff\x12H2\
\xff\x10G1\xff\x15K6\xff\x17M7\xff\x16L5\
\xff\x14K6\xff\x15K7\xff\x17N9\xff\x15L8\
\xff\x12H4\xff\x17L9\xff\x18N;\xff\x14N6\
\xff\x17R7\xff\x15Q4\xff\x11M1\xff\x13P5\
\xff\x17W:\xff\x19Z=\xff\x11T6\xff\x12S5\
\xff\x19W8\xff\x14O1\xff\x0eF)\xff\x0eD(\
\xff\x13I,\xff\x16K-\xff\x18M2\xff\x19M3\
\xff\x17I.\xff\x16G-\xff\x16H/\xff\x18L2\
\xff\x19M5\xff\x16L4\xff\x17K1\xff\x1aL3\
\xff\x17N5\xff\x19N6\xff\x1bL5\xff$N7\
\xff'N8\xff!L6\xff\x1eL6\xff\x1dJ4\
\xff&M8\xff$Q;\xff\x19O:\xff\x1bL9\
\xff\x22J:\xff\x1fL7\xff\x1cM5\xff\x1cM3\
\xff\x1eM4\xff\x22Q8\xff\x1fQ6\xff\x1dQ5\
\xff\x1dR6\xff\x1dS6\xff\x19N2\xff\x1cN4\
\xff\x1dM6\xff\x17L4\xff\x1bO8\xff\x1aO7\
\xff\x1bN6\xff\x19K3\xff\x19K3\xff\x1aJ2\
\xff\x19I1\xff\x18H1\xff\x17I0\xff\x1a#\x16\
\xff\x12.J\xff\x0f=\xa7\xff\x05'h\xff\x08%,\
\xff\x1b %\xff,,(\xff241\xff$7F\
\xff\x1d:k\xff\x14>\x83\xff\x0d>\x8a\xff\x1d>z\
\xff%Am\xff Cl\xff5;T\xff>9C\
\xff+>=\xff;E?\xff=C<\xff986\
\xffID=\xff+D`\xff\x1a*\x5c\xff>87\
\xffLH;\xff:;9\xff;=B\xff<EA\
\xff098\xffBBG\xffAAD\xff467\
\xff596\xff3:7\xff/10\xff?=:\
\xffED?\xffA=8\xffMEA\xffWPL\
\xffVRI\xffZVJ\xff]WP\xffkea\
\xfffb^\xffhea\xffqli\xffmid\
\xff_\x5cb\xffUVY\xff[ZR\xffTXT\
\xffeW]\xff_aL\xffDTT\xff9Ae\
\xffNQ[\xffXYI\xffLOG\xffEKK\
\xff?KQ\xff=IJ\xff:DA\xff>CC\
\xff%)#\xff\x05\x09\x00\xff\x08\x06\x05\xff\x0e\x0b\x10\
\xff\x12\x14\x1c\xff\x19\x1e+\xff\x19!3\xff\x1f'=\
\xff#-H\xff&5S\xff)9Y\xff+9\x5c\
\xff2>c\xff3Ad\xff;Lj\xff>Ph\
\xff*<P\xff$0H\xff\x22/@\xff!-7\
\xff\x1e*1\xff\x1e++\xff\x22+(\xff&-)\
\xff,30\xff099\xff2>@\xff:HM\
\xff9GO\xff7DM\xff=IQ\xff;KP\
\xff<LQ\xff?KP\xff?FM\xffFKP\
\xff>IK\xff\x1f+-\xff\x13  \xff *+\
\xff&01\xff4<:\xffELI\xffYa^\
\xffiro\xffjsq\xffdom\xff\x5cgf\
\xffP^[\xffHUS\xffEQP\xffFRR\
\xffANN\xffFST\xffJXY\xffS_a\
\xff_hj\xffR^`\xffMZ[\xffLZ[\
\xffJYZ\xffHUV\xffLXY\xffP]^\
\xffP\x5c]\xffP\x5c]\xffN[]\xffQ^_\
\xffQ]_\xffHTU\xff;FJ\xffQ]_\
\xffUaa\xffS`c\xffWdf\xffVce\
\xffXef\xffVdc\xffR`^\xffS`_\
\xffVbc\xffS`a\xffL]^\xffFVV\
\xffBPP\xff:KI\xff)?:\xff%B:\
\xff C:\xff\x14@5\xff\x12A3\xff\x14E7\
\xff\x15F9\xff\x16D9\xff\x19E8\xff\x1bF9\
\xff!I=\xff\x22M?\xff\x1fM?\xff(NF\
\xff0FB\xff%KA\xff)TH\xff\x22N>\
\xff\x1aI:\xff\x1fK=\xff\x1fO>\xff\x1dP@\
\xff\x22RE\xff%SF\xff#PA\xff\x19H:\
\xff\x1bOB\xff!WL\xff\x1dSH\xff\x19O?\
\xff\x1cQA\xff\x22UE\xff#SD\xff\x1bM=\
\xff\x18K;\xff\x1dN>\xff\x1eM>\xff\x1dL;\
\xff\x19K9\xff\x19I8\xff\x1bJ9\xff\x1bJ8\
\xff\x18F5\xff\x17E4\xff\x1aG7\xff\x19J7\
\xff\x19Q:\xff\x1aT<\xff\x15R8\xff\x18V;\
\xff\x1d\x5c>\xff\x19X9\xff\x16S5\xff\x1cW9\
\xff\x18T5\xff\x12M0\xff\x14N1\xff\x16P4\
\xff\x13M0\xff\x13G*\xff\x16F+\xff\x19G.\
\xff\x1aF0\xff\x1cJ2\xff\x1fM6\xff\x1cK4\
\xff\x16E,\xff\x13B(\xff\x16E+\xff\x19H.\
\xff\x17G1\xff\x1eJ5\xff J3\xff I1\
\xff\x1dG0\xff\x1cI1\xff N5\xff\x1fO6\
\xff S9\xff T9\xff\x1bO7\xff O9\
\xff!N9\xff\x1cL5\xff\x1cJ5\xff\x1dM6\
\xff\x1fN5\xff O5\xff\x1fO4\xff\x1fO3\
\xff P5\xff!Q7\xff\x1cM5\xff O9\
\xff#R;\xff\x1eP7\xff\x1cO7\xff\x19L3\
\xff\x19K2\xff\x19J1\xff\x1cL3\xff\x1dK3\
\xff\x1aH0\xff\x1dK4\xff\x1dM4\xff\x15/4\
\xff\x10<\x5c\xff\x0a<\x8c\xff\x0c8|\xff\x0a0d\
\xff\x13*a\xff\x10 @\xff\x13\x1b\x1c\xff\x18$&\
\xff\x1f+8\xff\x1f=w\xff\x1fC\x87\xff+5I\
\xff44;\xffCG^\xff@KY\xff309\
\xff.0/\xffBA9\xff>80\xff4,(\
\xffC99\xffGI<\xff>A1\xffA?9\
\xffJID\xffBII\xff39<\xff/13\
\xff975\xff;:8\xff>?>\xff@?<\
\xff@><\xffOON\xffKJE\xffPKF\
\xff]ZR\xff^]Q\xfffcY\xfflj_\
\xffkle\xffgh`\xffefa\xffbgd\
\xff\x5ca_\xff[`^\xffSZW\xffR\x5cS\
\xffTYV\xffMYX\xffT_]\xff^g[\
\xff\x5cd]\xffVbV\xffTXQ\xffHQR\
\xff=IG\xff4>;\xff5?@\xff4?G\
\xff7BI\xff:HG\xff<LK\xff5CR\
\xff*2F\xff\x1e$:\xff!&B\xff/7R\
\xff4@X\xff6C]\xff:Gf\xff9Fm\
\xff1Bl\xff5Dh\xff;Hf\xff<I_\
\xff=IW\xffGQW\xff[be\xffUZY\
\xff-/,\xff\x16\x18\x13\xff\x14\x17\x14\xff\x1a\x19\x19\
\xff\x18\x19\x18\xff\x1c\x1e\x1a\xff\x1f\x22\x1d\xff\x1a\x1e\x18\
\xff\x1d \x1f\xff\x1c%'\xff\x1d(,\xff%-1\
\xff+15\xff5<=\xffHPP\xffMWU\
\xffCSP\xff>HJ\xff:??\xff6>=\
\xff6>>\xff3;;\xff3=<\xff>IG\
\xffQ\x5cZ\xff]ec\xffajg\xffeol\
\xffbok\xffP\x5cZ\xffDON\xff@LM\
\xff?MM\xffAOO\xffDRR\xffERT\
\xffEQS\xffGSU\xffHVX\xff@MO\
\xff>GJ\xffISV\xffGTV\xffBPS\
\xffAOQ\xffBPR\xffFSU\xffERT\
\xffGTU\xffHUW\xffJWY\xffMY[\
\xffV`c\xffJVX\xff8AF\xffQZ]\
\xffU``\xffP\x5c]\xffSaa\xffS`b\
\xffQ^`\xffO\x5c[\xffN[[\xffR__\
\xffR_^\xffJXW\xff9MJ\xff*D>\
\xff.B>\xff(>;\xff\x1f82\xff\x1f:3\
\xff\x1d<8\xff\x1a?<\xff\x19C:\xff\x16D5\
\xff\x19F7\xff\x1bH9\xff\x1cK:\xff\x1cL;\
\xff\x1bM=\xff\x16K;\xff\x15J;\xff#L@\
\xff/I@\xff&MB\xff#RB\xff!Q?\
\xff\x1fTA\xff\x1fR@\xff!RA\xff)VI\
\xff*TI\xff\x22LA\xff#I>\xff$H=\
\xff(NB\xff&PD\xff MA\xff#QF\
\xff#QE\xff OB\xff\x1eK?\xff L@\
\xff\x22MA\xff$NA\xff#NA\xff#N@\
\xff N<\xff\x1bH7\xff\x1dH7\xff!M=\
\xff\x1fK<\xff\x1eJ:\xff\x22L=\xff$Q?\
\xff Q>\xff\x19M6\xff\x16M6\xff\x15M5\
\xff\x14L0\xff\x16N1\xff\x1aM2\xff\x1bN3\
\xff\x18O2\xff\x16O2\xff\x15Q3\xff\x17Q6\
\xff\x16P6\xff\x18M4\xff\x1bJ1\xff\x1cG0\
\xff\x1bF0\xff\x18D.\xff\x1aF/\xff\x1cG1\
\xff\x1aE,\xff\x17D)\xff\x1cH/\xff\x1cI/\
\xff\x19J0\xff!J2\xff\x1bE+\xff\x12D*\
\xff\x0fH,\xff\x1cM3\xff O4\xff\x1aO2\
\xff\x18R4\xff\x1bS5\xff\x1aP3\xff\x1dO4\
\xff\x1eO5\xff\x1dO4\xff#S;\xff\x22O:\
\xff\x1eK3\xff L4\xff\x1dJ2\xff\x1dI2\
\xff\x1cH3\xff\x1cG3\xff\x1cH3\xff\x1eL6\
\xff O9\xff\x1fN5\xff\x1fM4\xff\x1bK1\
\xff\x1bK2\xff\x1dL3\xff\x1fM4\xff\x1eN4\
\xff\x1bJ2\xff\x1bJ4\xff\x1cJ4\xff\x09.Z\
\xff\x0a0=\xff\x0e2`\xff\x07-s\xff\x06\x136\
\xff\x09\x0f'\xff\x06\x17$\xff\x11\x19\x16\xff\x1c$\x1e\
\xff#(%\xff (3\xff\x1a$.\xff!\x1d$\
\xff*$\x22\xff461\xffAC:\xffHC?\
\xffCB8\xff=95\xffC<>\xff<=;\
\xff=6:\xffJGC\xffJGC\xffGB?\
\xff?@<\xffA<<\xffB<;\xffFA?\
\xffOLG\xffFG?\xffROK\xff^TQ\
\xffYNG\xfff]V\xffuni\xffed_\
\xffad_\xffdid\xff_ge\xffXa^\
\xffT]Z\xffQYW\xffNXV\xffHTT\
\xffFRT\xffCPP\xffETS\xffAOO\
\xffHSR\xffBNM\xff3>D\xff.7A\
\xff'57\xff>FC\xffLMG\xff9:3\
\xff\x1b\x1d\x1f\xff\x10\x13\x1e\xff\x15\x1e \xff\x15\x1c\x1f\
\xff!!&\xff;74\xff>?F\xff8;\x5c\
\xffEFs\xffEJm\xff:A`\xff8C^\
\xff.9O\xff&2B\xff,7E\xff5?I\
\xff9GJ\xff;EF\xffDJL\xffJRS\
\xffEMM\xffAHK\xffCMP\xff?KN\
\xff6AF\xff/<>\xff0=?\xff2<?\
\xff08=\xff'/3\xff\x22)-\xff\x22('\
\xff\x1c! \xff\x15\x1f\x1a\xff\x15!\x1d\xff\x19\x22\x22\
\xff\x1d##\xff$&(\xff-./\xff**)\
\xff\x1d\x1e\x1b\xff \x22!\xff(10\xff0<:\
\xff;CB\xffLUS\xffXb`\xffYc_\
\xffT_\x5c\xffO[Y\xffJUS\xff@LJ\
\xff;HG\xff<HH\xff?LL\xffCQQ\
\xffDRS\xffCOS\xffBOQ\xff?LO\
\xff<JL\xff;HJ\xff<JL\xff9EG\
\xff8?A\xffGMO\xffDQS\xffIVX\
\xffJWY\xffERT\xff@LO\xff=JL\
\xffCQR\xffCPS\xff@KO\xffEPS\
\xffNZ\x5c\xff>JL\xff2;>\xffS[_\
\xffR^^\xffHUS\xffN\x5c[\xffQ_^\
\xffUbc\xffZff\xff[ff\xffZde\
\xffZef\xff\x5cfe\xffYfc\xffZjf\
\xffQ]Y\xffALJ\xff7EC\xff=KJ\
\xffGXY\xff?QT\xff4LJ\xff*IA\
\xff$A:\xff\x22A6\xff\x1b@3\xff\x1bA5\
\xff\x18B6\xff\x14B6\xff\x14E9\xff\x1cG:\
\xff'E:\xff\x1fI=\xff\x1bO?\xff\x1bO=\
\xff\x18P=\xff\x1fP>\xff\x1bJ8\xff\x1eO>\
\xff\x1dN=\xff\x18J7\xff\x1cJ8\xff\x1fK8\
\xff!M9\xff\x1eM7\xff\x1bK4\xff\x1eL8\
\xff\x1fL:\xff\x1dK8\xff\x1cI6\xff\x1fL8\
\xff M9\xff\x1fK6\xff\x1dJ6\xff\x22N;\
\xff#P=\xff\x1fM;\xff\x1dJ8\xff\x1bH7\
\xff\x1dI8\xff\x22N=\xff\x1fK:\xff\x1fK:\
\xff L:\xff\x1eK6\xff\x1fN;\xff\x1bK8\
\xff\x19I1\xff\x1dM5\xff\x22P9\xff\x22P9\
\xff Q:\xff\x1dO8\xff\x16M3\xff\x14K4\
\xff\x16M6\xff\x1cO7\xff\x1dL5\xff\x1bL5\
\xff\x1dQ:\xff\x1bN8\xff\x19K4\xff\x19I2\
\xff\x19I1\xff\x1bK4\xff\x1bN4\xff\x17K0\
\xff\x16L0\xff\x1fN3\xff!O5\xff\x1bS6\
\xff\x14R5\xff\x1dL3\xff G/\xff\x19F-\
\xff\x12G,\xff\x13D,\xff\x18D+\xff\x1bF,\
\xff\x1aJ.\xff\x19H,\xff!K4\xff K4\
\xff\x1bH0\xff\x1aE0\xff\x19@.\xff\x1bA0\
\xff\x1fD4\xff!G6\xff\x1eG4\xff\x1aF0\
\xff\x17D.\xff\x19F.\xff\x1eJ1\xff\x1bI0\
\xff\x1bK3\xff\x1eM5\xff\x1aH1\xff\x1bG1\
\xff\x1fK5\xff\x1dI3\xff\x1dH3\xff\x13\x15!\
\xff\x08,:\xff\x0c>s\xff\x0a/\x87\xff\x09\x0b \
\xff\x11\x06\x00\xff\x09\x0d\x0c\xff\x0b\x15\x0c\xff\x0e\x19\x10\
\xff\x0e\x16\x1c\xff\x0c\x11\x12\xff\x0a\x0f\x05\xff\x08\x0c\x0d\
\xff\x0f\x15\x17\xff286\xffC?8\xffE>5\
\xffA?5\xff843\xff7=:\xff6A5\
\xffA?4\xffLFK\xff@@F\xff?>3\
\xffKJA\xff`WT\xff^ZV\xff\x5cWS\
\xffpgb\xfflga\xffed^\xfflhc\
\xffdaZ\xffZ[U\xff_`_\xffSYX\
\xffJTT\xffIUX\xffCRV\xff=LO\
\xff@KN\xffCKN\xffCNP\xff?KN\
\xff@KP\xff?MO\xffCRR\xffAPQ\
\xffFRS\xffHON\xff<AG\xff4:A\
\xff8>=\xff@EE\xff@DB\xff>?8\
\xff332\xff!$(\xff\x1a#\x1f\xff\x1a \x1f\
\xff!\x1f%\xffB=8\xffHIC\xff48?\
\xff.4:\xff/2<\xff)/9\xff\x1c$*\
\xff\x14\x18\x1c\xff\x1c\x1a\x1b\xff1/,\xff573\
\xff*/(\xff46.\xff6<6\xff5:7\
\xff4:=\xff*1:\xff\x1f(0\xff#05\
\xff-;B\xff;IP\xffBPT\xff<KK\
\xff5DD\xff.>@\xff-;?\xff.:B\
\xff.9C\xff3?D\xff9EF\xff=IL\
\xff=FG\xff078\xff(01\xff&,*\
\xff,1.\xff?HF\xffMXV\xffNXV\
\xffHTS\xffFSS\xffIUV\xffFQS\
\xff>JL\xff>KN\xff?JM\xff=IL\
\xff;HK\xff=IM\xffANP\xffDRR\
\xffEST\xffCOR\xffCOR\xffBOR\
\xff>KN\xff@LM\xffGTS\xffKUT\
\xffFLK\xffmss\xffs||\xffp|{\
\xffn{{\xffhuu\xff^lk\xffYhg\
\xff[mm\xff\x5cmn\xffUfi\xffN\x5c_\
\xffJWY\xffCPR\xff/:<\xffFQR\
\xff\x5cii\xffann\xffdpp\xffbmm\
\xffbnm\xfffqq\xffhrs\xffgop\
\xfffno\xffgnk\xffeml\xffitu\
\xffWba\xffEQP\xffAKK\xffQ[[\
\xffltt\xff`fh\xff_hh\xff\x5chi\
\xffUba\xffN\x5cX\xffBTN\xff3HD\
\xff)A<\xff$>:\xff!A<\xff\x22B<\
\xff':5\xff\x1b=4\xff\x13@4\xff\x19D8\
\xff\x17E8\xff\x1cC8\xff\x1dD8\xff\x19F;\
\xff\x18I=\xff\x19M=\xff\x17N;\xff\x16L8\
\xff\x15J5\xff\x17M6\xff\x17L3\xff\x1bJ3\
\xff\x1bK4\xff\x18H1\xff\x17H1\xff\x1dM6\
\xff\x1dL5\xff\x1dM6\xff\x1eO9\xff\x1dO8\
\xff\x1bK6\xff\x19L6\xff\x1eO:\xff\x1eO;\
\xff\x1eM:\xff\x1eL9\xff\x1eL9\xff\x1dK9\
\xff\x22O>\xff(SA\xff(RA\xff$P?\
\xff L:\xff\x1fK9\xff\x1fM;\xff\x22P>\
\xff\x22O=\xff#Q?\xff\x1fO;\xff\x18J7\
\xff\x17K6\xff\x1bN7\xff\x1bN6\xff\x18N5\
\xff\x19R9\xff\x1aQ8\xff\x18L4\xff\x17I1\
\xff\x1bK4\xff\x22S=\xff T=\xff\x17O6\
\xff\x17L4\xff\x14E.\xff\x16@)\xff\x1e@+\
\xff\x168#\xff\x112 \xff\x127&\xff\x15?.\
\xff\x16>/\xff\x1e6*\xff\x1d1$\xff\x198'\
\xff\x1aC/\xff\x1eF0\xff E3\xff!H6\
\xff\x1dH4\xff\x1cD4\xff!F8\xff#F8\
\xff\x22E6\xff F5\xff\x1eG3\xff\x1dI1\
\xff\x1eK2\xff\x1fJ2\xff\x1bD.\xff\x17@+\
\xff\x1eG1\xff\x22I3\xff\x1eD/\xff\x1eD0\
\xff\x1fE0\xff\x1eF/\xff G1\xff\x10\x09\x16\
\xff\x07\x162\xff\x0a 9\xff\x0e >\xff\x0f\x16\x13\
\xff\x0f\x10\x09\xff\x06\x06\x08\xff\x08\x0f\x0f\xff\x0a\x14\x13\
\xff\x10\x16\x16\xff\x0f\x13\x12\xff\x03\x11\x0c\xff\x01\x0a\x09\
\xff\x13\x0c\x16\xff>9<\xffKIE\xff522\
\xff?47\xffC@<\xff<?:\xffIDA\
\xffZOH\xffaVN\xffhaT\xfffe]\
\xffqhc\xffqng\xff_c[\xffTUP\
\xffZXU\xffVYW\xffFQN\xffDOO\
\xffCPS\xff>NQ\xff>LR\xff?MS\
\xffAOS\xffDSS\xffBOQ\xffDNQ\
\xffHOR\xffELO\xffDIO\xffAIN\
\xff?HK\xff?IJ\xff>GF\xff;HC\
\xff:IH\xff<EL\xffAIJ\xffCLG\
\xffELI\xffBKK\xff>IH\xff?MJ\
\xff>LJ\xff<HF\xff;FD\xff:EG\
\xff7@H\xff>KG\xffCPI\xff6>>\
\xff196\xff9CC\xff;HJ\xff3>@\
\xff6;<\xffJIH\xff_][\xffMPQ\
\xff=?>\xffUQL\xffTPK\xffIF@\
\xffQSL\xff@FB\xff$,)\xff+63\
\xff.76\xff)/.\xff(++\xff)/0\
\xff'-/\xff&/3\xff)38\xff&26\
\xff%05\xff.4;\xff4;B\xff5@G\
\xff5AD\xff8B?\xffKTQ\xffXa\x5c\
\xff]d_\xffT`_\xffJZW\xff@ML\
\xff6DE\xff1>A\xff1?C\xff/?G\
\xffCPY\xffHR[\xff8BK\xff:FL\
\xff>LP\xffCPT\xffHVY\xffM\x5c^\
\xffSad\xffZfi\xff_lm\xfffst\
\xfffrs\xffbnn\xffu\x7f\x7f\xffrxx\
\xffLRQ\xff\x7f\x86\x84\xff\x81\x89\x88\xffx\x82\x81\
\xffs\x7f\x7f\xffo{|\xffs\x80\x81\xfft\x82\x82\
\xfffut\xffUec\xffLXX\xffT`a\
\xffXbc\xffRZ[\xff7AB\xffAMM\
\xff`hg\xffdjj\xffclk\xffclk\
\xffbkj\xffdml\xfffoo\xffhqp\
\xffmsq\xffntr\xffiqq\xffpw{\
\xffWad\xffBPR\xff=MM\xffO_]\
\xffp{z\xffemj\xffckj\xffbjk\
\xff_gh\xff^ed\xff^dc\xffW`_\
\xffT]^\xffR]^\xffN^_\xffL[[\
\xff?CE\xff7HG\xff4MI\xff,C?\
\xff!:6\xff*>:\xff+<9\xff\x2278\
\xff 7:\xff\x1e::\xff\x1d>:\xff E>\
\xff\x1cD;\xff\x19C7\xff\x1aD9\xff\x1cG:\
\xff\x1aI8\xff\x18J7\xff\x18J8\xff\x1bM:\
\xff\x1bL:\xff\x1aL;\xff\x1cN;\xff\x16K7\
\xff\x17L5\xff\x1aO8\xff\x1bM8\xff\x1cN9\
\xff\x1eP<\xff\x1dM9\xff\x1eO:\xff\x1dP=\
\xff\x1bM;\xff\x1cK:\xff\x1fL:\xff!M=\
\xff!L>\xff L>\xff\x1dM>\xff\x1cN?\
\xff L?\xff\x1eI<\xff\x1eK<\xff#O>\
\xff\x22R?\xff\x1dP;\xff\x1cQ;\xff\x1dQ:\
\xff\x1eP8\xff\x1fP7\xff O8\xff#N:\
\xff$P:\xff!N8\xff!L:\xff\x1fL:\
\xff#E2\xff\x19=+\xff\x1a7'\xff .\x22\
\xff\x19\x22\x1a\xff\x196-\xff\x19J>\xff\x09?3\
\xff\x1a4/\xff7<:\xff6<7\xff(>3\
\xff C5\xff!G7\xff$J:\xff#H;\
\xff\x1fH9\xff\x22I:\xff%I=\xff\x22E8\
\xff D5\xff!G7\xff\x22I5\xff\x1cF/\
\xff\x1eI2\xff\x1fF2\xff\x1a?-\xff\x1fE5\
\xff%L;\xff F5\xff\x1cB1\xff\x1fD3\
\xff\x1eD0\xff\x1aA)\xff\x19@'\xff\x0f2n\
\xff\x06 j\xff\x08\x0c\x1a\xff\x0d\x13\x09\xff\x0f\x15\x0d\
\xff\x10\x0f\x07\xff\x0a\x0d\x12\xff\x0c\x10\x17\xff\x10\x17\x1a\
\xff\x0f\x17\x16\xff\x13\x18\x08\xff\x11\x16\x0a\xff\x07\x07\x07\
\xff\x1a\x12\x1d\xffD>?\xffaYL\xfffYW\
\xff`XV\xffa^O\xffgcS\xffegZ\
\xff_^\x5c\xffZZZ\xff`]X\xffaZZ\
\xff[[\x5c\xffTYX\xffPWV\xffRXX\
\xffRXW\xffOVU\xffQ[Y\xffW``\
\xffU\x5c]\xffU][\xffXce\xffYdi\
\xffUaa\xffXd]\xffZ_`\xff]]i\
\xff_fl\xffU_a\xffT\x5c^\xffZaa\
\xff]bb\xffZ__\xffX\x5c\x5c\xffSYX\
\xffPXX\xffOXX\xffS[Z\xffV]\x5c\
\xffV]\x5c\xffY`_\xffYca\xffXda\
\xffVca\xffUba\xffR_^\xffS[\x5c\
\xffR\x5c_\xffS``\xffUba\xffV_`\
\xffUbb\xffYdf\xffUce\xffR_a\
\xffXac\xffZee\xffbkj\xffill\
\xffglj\xffhrk\xffemh\xff^ff\
\xff]gf\xffP[Z\xff<HK\xff?NR\
\xffDOQ\xff>DF\xffADF\xffEKK\
\xff?EF\xff6<>\xff6=@\xff4;>\
\xff(/1\xff135\xff\x22#'\xff\x13\x17\x1d\
\xff+2:\xff;AB\xff<IO\xff5Pg\
\xff4Kt\xff4B_\xff9EC\xff<GF\
\xff2?D\xff-9=\xff5AC\xff4FH\
\xff6DG\xff7?F\xff0;C\xff2>D\
\xff6AF\xff1=B\xff6CG\xffKX[\
\xffXfh\xffeos\xffhqr\xfflxw\
\xffp||\xffp{\x7f\xffy\x82\x88\xffdko\
\xffCML\xffhsp\xffits\xffbnl\
\xff`oo\xffesw\xffaiq\xff;;?\
\xff697\xffqzq\xffQOH\xff75/\
\xffZZQ\xffYYM\xff8B>\xff;GF\
\xffWWQ\xff\x5cYS\xffYZT\xffZ_W\
\xff]_Z\xff[a\x5c\xffafb\xffdjg\
\xffdlh\xffiom\xffion\xffrwu\
\xff[bb\xffDMO\xff?MN\xffLZ[\
\xffivw\xff`qm\xffaqn\xff`ji\
\xff\x5cfd\xff\x5cec\xff`ed\xff]bb\
\xff]dd\xffZed\xff^ih\xff]ee\
\xff@II\xffOYX\xffaih\xff[a`\
\xffU_]\xffU\x5c\x5c\xffPVU\xffJQO\
\xffENO\xff=HL\xff2CF\xff$<:\
\xff'E@\xff\x22B>\xff\x1c:;\xff\x15:5\
\xff\x14?3\xff\x16?5\xff\x19A4\xff\x16@1\
\xff\x14A0\xff\x15B1\xff\x17D2\xff\x19K6\
\xff\x1dQ<\xff\x1bO;\xff\x16I5\xff\x1aJ6\
\xff\x1dJ7\xff\x1dF4\xff\x1bC1\xff\x18F3\
\xff\x18K8\xff\x1aL8\xff M:\xff!O<\
\xff\x1eM:\xff\x1dI8\xff\x1fM<\xff%RD\
\xff'NF\xff'IB\xff'LD\xff*OE\
\xff*PC\xff&L>\xff$K;\xff%L<\
\xff!K<\xff#N?\xff#M>\xff$K<\
\xff$J8\xff\x22G4\xff F3\xff$I6\
\xff F0\xff%G5\xff%TF\xff\x1fWL\
\xff#[Q\xff\x1aRI\xff\x1cVJ\xff\x1bO@\
\xff\x1c$\x1f\xff)&#\xff,B7\xff\x22F6\
\xff\x1aF0\xff\x1aE1\xff#E5\xff'E6\
\xff#E4\xff&H6\xff&I8\xff$H8\
\xff#F6\xff\x22F5\xff#F5\xff C2\
\xff\x1e@.\xff B-\xff%E3\xff%F8\
\xff$F8\xff F8\xff\x1eE5\xff F5\
\xff I4\xff\x1dH/\xff\x1cE.\xff\x1aB^\
\xff\x186i\xff\x09$[\xff\x03 `\xff\x06\x16<\
\xff\x10#+\xff\x0b)T\xff\x07\x1aI\xff\x0d$A\
\xff\x09%+\xff\x0c!\x17\xff\x0e#\x17\xff\x0c\x1c\x1d\
\xff\x13!4\xff7:@\xffmeX\xff\x89~s\
\xffx{o\xffjpg\xffprj\xffhoi\
\xff`hg\xffZfe\xffbfe\xfffgh\
\xffbji\xffdml\xffkrq\xffnut\
\xffmrq\xffkqp\xffput\xffqvv\
\xffjsr\xffktr\xffous\xfflrq\
\xffhnl\xffelh\xffahj\xffaem\
\xff]gg\xff]he\xffbnh\xffkwo\
\xffpzt\xffoyt\xfflws\xffiro\
\xffjrp\xffjqr\xffkrq\xffkrr\
\xffjrs\xffksr\xffgqo\xffepm\
\xffcnl\xff_jh\xffYdb\xffT__\
\xffS]_\xffT^_\xffVab\xff[ed\
\xffajk\xffbhk\xffYcc\xffTb`\
\xffYfd\xffXfe\xffXee\xff^ff\
\xff]hf\xffZhe\xffYge\xffXei\
\xffWcg\xffT`e\xffN]a\xffP`c\
\xffR`d\xffWbf\xffZfh\xffYff\
\xffR``\xffN[[\xffP[[\xffMXW\
\xffBMK\xffFNK\xff>CD\xff4<C\
\xff;GP\xff;JO\xff/Jc\xff\x16B\x81\
\xff\x0a6\x8d\xff)@n\xffKTR\xffNVU\
\xffFQY\xffFPS\xffJUV\xffO__\
\xff?JJ\xff;BF\xffFSW\xffIUY\
\xffKVY\xffHTV\xffIUV\xffU`c\
\xff\x5cii\xff\x5cik\xffZfj\xffWhh\
\xffVgg\xffRbg\xffR_h\xff@LS\
\xff0?A\xffRad\xffXip\xffYjm\
\xff_wz\xffg\x82\x8b\xffQ`l\xff\x17\x15\x18\
\xffTJF\xff\xc0\xbd\xb7\xff\xc4\xc5\xbb\xffUXS\
\xffHLB\xffMRF\xff2>?\xff;FH\
\xffWVP\xff_[V\xffWWP\xffX\x5cP\
\xff]\x5cQ\xffZZQ\xff]]V\xffZ\x5cV\
\xffUZW\xff[`[\xff\x5c_Y\xffadZ\
\xffSXS\xffGNJ\xffBJH\xffFNO\
\xffV`_\xffLUT\xffNWT\xffO[X\
\xffR][\xffX`_\xffcih\xffput\
\xffjqp\xffclj\xffjqp\xffdjj\
\xff>LK\xffT^]\xffrxw\xffrwv\
\xfflut\xffhqq\xffjnm\xffgkg\
\xffhmj\xffdjl\xff[fh\xffYec\
\xff`ki\xffVdb\xffIVY\xff;JJ\
\xff/A>\xff&98\xff!94\xff\x1b:0\
\xff\x16;.\xff\x12<.\xff\x13?1\xff\x14B2\
\xff\x17C4\xff\x18C3\xff\x18E4\xff\x1bH8\
\xff\x1dJ9\xff\x1fK:\xff\x1cK9\xff\x1dK8\
\xff$P>\xff\x22N<\xff!O<\xff!P=\
\xff P<\xff\x1fL:\xff!M;\xff%O>\
\xff$J>\xff#J=\xff\x22G;\xff E:\
\xff#H;\xff$I:\xff#H7\xff!G8\
\xff\x1fJ<\xff\x1eK<\xff\x1eI:\xff\x1fJ9\
\xff J9\xff J8\xff L6\xff#M6\
\xff\x18M5\xff\x15S=\xff\x1c]M\xff!aV\
\xff,pd\xff\x11PD\xff\x126,\xff%I;\
\xff&E:\xff$E;\xff\x1dO>\xff\x1dD0\
\xff#?+\xff'D0\xff(D2\xff$F5\
\xff I6\xff\x22J4\xff!J3\xff$K6\
\xff%K6\xff\x1eE/\xff\x1fF1\xff!H2\
\xff\x1eE/\xff!F0\xff(J6\xff'E5\
\xff(B4\xff(D6\xff)H9\xff&I8\
\xff!F4\xff\x1fE1\xff\x1eC0\xff;DS\
\xff0K_\xff\x1fC\x8a\xff\x14;\x94\xff\x0d1}\
\xff\x14:b\xff\x1fFp\xff\x1b;a\xff\x18:R\
\xff\x1a6E\xff\x1f6E\xff#<R\xff\x1f8e\
\xff\x156a\xff!3_\xff)7W\xff>DA\
\xffFWX\xff9Wu\xff-Fm\xff6=^\
\xffc`f\xffv{s\xffivs\xffkut\
\xffmts\xffmrs\xffosu\xffkpo\
\xffflk\xffjpp\xffjoo\xffenm\
\xffboo\xffall\xffeli\xffgmk\
\xfflpp\xffhoo\xffapk\xffapg\
\xffakg\xffdjj\xffcjk\xffclm\
\xffdnn\xffaml\xff`lk\xffakj\
\xff_ih\xffbjl\xffcjk\xff`jj\
\xff^ij\xff\x5chg\xff\x5cig\xff\x5cii\
\xff\x5cjh\xffXee\xffXed\xff\x5cih\
\xff^ii\xff\x5chh\xffXee\xffWdb\
\xffZdf\xff]ff\xff[gb\xffXgb\
\xffWec\xffWdf\xffV_e\xffV]^\
\xffR^]\xffR\x5c^\xffX\x5c_\xffY_b\
\xffY`d\xffY`d\xffYbc\xff[dc\
\xffXac\xffXdc\xffT``\xffO[\x5c\
\xffN\x5c[\xffQ^`\xffS_b\xffT]a\
\xffV_b\xff[e`\xffXa^\xffV_a\
\xffU_^\xffS_T\xff?Wn\xff\x1fB\x8c\
\xff\x12:\x94\xff2Is\xffPZX\xffQYX\
\xffO[b\xffR^`\xffMY\x5c\xffK[`\
\xffBLN\xffENP\xffVce\xffS_a\
\xffT`a\xffTac\xffO\x5c^\xffLY\x5c\
\xffMZ]\xffET[\xff:OX\xff9QW\
\xff;SZ\xff8PY\xffF[h\xffCVb\
\xff4IN\xffWmv\xffSo\x80\xffYs|\
\xffc\x82\x8b\xffo\x8f\x9e\xffEZi\xff\x1f#$\
\xff\x88\x81x\xff\xcb\xc6\xc0\xff\xc2\xc1\xbb\xffZ_`\
\xffCHA\xffOQI\xff3?B\xff9EE\
\xffXXQ\xff^]Y\xffY[S\xffW[P\
\xff\x5c\x5cS\xff`^V\xff^\x5cT\xff]ZR\
\xffc^W\xffge\x5c\xffb`V\xff\x5cZM\
\xffBD<\xff9B7\xff=G=\xff>EB\
\xffMTM\xffMML\xffTRQ\xffcge\
\xffz\x80~\xffagf\xff4<:\xffX_]\
\xffjpm\xffgih\xffrsr\xffpvu\
\xffKUS\xffTa^\xffout\xffhon\
\xffZge\xffVcb\xff_de\xffbhg\
\xff_gd\xffekk\xfffkj\xffeli\
\xffejh\xffehh\xffbfg\xff_bc\
\xffY][\xffSZY\xffP\x5cZ\xffHZV\
\xffAXR\xff=XS\xff5SN\xff-KF\
\xff&D>\xff\x1f?7\xff\x1bA6\xff\x18B5\
\xff\x17C5\xff\x18K:\xff\x16L:\xff\x1aL<\
\xff!M=\xff\x1eK;\xff M<\xff&RA\
\xff)VD\xff&S?\xff!N;\xff\x1fK9\
\xff\x1fN;\xff R?\xff\x1cK9\xff\x16E3\
\xff\x1aJ7\xff\x1eO<\xff\x1bM9\xff\x1aL7\
\xff\x1cO:\xff P:\xff!O:\xff!N<\
\xff!N=\xff\x1eM:\xff\x1aI4\xff\x1aJ2\
\xff\x1dQ:\xff\x1bVA\xff\x1cI8\xff\x1dG8\
\xff%TE\xff\x1eSB\xff\x17WE\xff\x0e]F\
\xff\x13ZI\xff\x14_L\xff\x13^H\xff\x16P;\
\xff\x1cF0\xff\x22D0\xff E2\xff F5\
\xff F7\xff\x1fC3\xff#C2\xff#C2\
\xff#?0\xff\x22?0\xff\x1f=.\xff\x1e=-\
\xff\x1e>.\xff\x1f@0\xff\x22F1\xff#D0\
\xff\x1e@,\xff\x1fA/\xff#I8\xff!I7\
\xff!G6\xff D4\xff\x1eC2\xffFOY\
\xff?TX\xffHWV\xffMV\x5c\xff;Lh\
\xff;K^\xffDRV\xffAPW\xff=NT\
\xff7EV\xff9@^\xff=CY\xff8CP\
\xff3DP\xff(?b\xff\x160l\xff\x03\x19:\
\xff\x10+J\xff\x1aC\x85\xff\x0e-}\xff\x13 ]\
\xffGEY\xfffgg\xff_gj\xffcii\
\xffgnl\xffkqq\xffkpq\xffkqo\
\xfflso\xffipl\xfffli\xfffkj\
\xffgkk\xff`ih\xff^ig\xff`jj\
\xffbgo\xffafm\xff[ef\xff[fb\
\xfffic\xffdhc\xffbcb\xffceb\
\xff`dc\xff_db\xffafb\xffbge\
\xff]bc\xff\x5cac\xff[a`\xffY``\
\xffYa_\xffU][\xffQZZ\xffQ[[\
\xffS^]\xffQZ[\xffMVV\xffNXX\
\xffPZ[\xffR\x5c\x5c\xffR^]\xffR]]\
\xffQ]_\xffT``\xffSb^\xffP^]\
\xffQY_\xffW\x5c^\xffWZb\xffUY\x5c\
\xffNZQ\xffITV\xffMSX\xffPWY\
\xffNWY\xffMWV\xffOUT\xffOVT\
\xffNUT\xffJXV\xffJXW\xffIXX\
\xffIWX\xffIUY\xffJV[\xffHSZ\
\xffHT\x5c\xffHY\x5c\xffBVW\xffGV\x5c\
\xffLY^\xffHQJ\xff0Ea\xff\x1eC\x8d\
\xff\x14>\x98\xff.Ep\xffHRP\xffHRT\
\xffCOX\xffDNS\xffDPU\xffBTY\
\xff=JL\xff=FM\xffCQU\xff>MP\
\xff>LP\xff=OS\xff>OU\xff?OV\
\xff=OW\xff=R]\xffCZg\xffIal\
\xffPht\xffWn}\xff]v\x87\xffRiw\
\xff8LT\xff[rz\xffUo~\xffNkr\
\xffZy\x84\xffs\x89\x98\xffRbl\xff4<@\
\xff\x95\x93\x8b\xff\xb7\xb6\xa9\xff}zw\xff@EG\
\xffIKJ\xffQOJ\xff6;<\xff<<<\
\xff[PI\xffZSO\xffVSN\xff[WQ\
\xff_[W\xff_\x5cX\xff]YR\xffZWO\
\xffVVL\xffRSJ\xffRPO\xffSSS\
\xffNRU\xffNWX\xff>HI\xffMTZ\
\xff|\x82\x82\xff\x8c\x8d\x90\xff\x98\x96\x95\xff\x98\x94\x92\
\xff\x9a\x99\x95\xffw{t\xff.4-\xff4:3\
\xff`b\x5c\xff\x5cXT\xffTQN\xffKOM\
\xff4;8\xffAIF\xffW[Z\xffY]\x5c\
\xff[gd\xff[hh\xffPXX\xff]dc\
\xffbkj\xffajg\xffbif\xffdlh\
\xffdnk\xffiqp\xffjqp\xffdpm\
\xffalj\xffajh\xffaki\xff[ee\
\xffZdd\xff_hh\xff\x5cff\xff\x5cgf\
\xffUb`\xffN^[\xffGYV\xff:PK\
\xff.JA\xff$E:\xff\x1dA5\xff\x17>2\
\xff\x11>0\xff\x14A4\xff\x1aE7\xff\x1cH8\
\xff\x1cH7\xff\x1aG4\xff\x19I5\xff\x1cK7\
\xff\x1fM:\xff!P;\xff N<\xff\x1bK7\
\xff\x1cM9\xff\x1eO;\xff\x1cL8\xff\x1aK6\
\xff\x1cM6\xff\x1dL5\xff\x1eM6\xff\x1eK7\
\xff\x1eJ9\xff\x1cH6\xff\x1dI4\xff\x1fK6\
\xff!O<\xff&K:\xff#H6\xff\x1aH3\
\xff\x19E0\xff\x1bQ=\xff\x1bcM\xff\x17cM\
\xff\x13UA\xff\x11N<\xff\x12ZD\xff\x11`F\
\xff\x17T<\xff\x1fH3\xff\x1aD/\xff <+\
\xff(.'\xff#'$\xff#&%\xff!+)\
\xff\x1c*(\xff#1.\xff*42\xff)0.\
\xff,70\xff(;.\xff+B0\xff)D1\
\xff$H3\xff#J6\xff\x22I7\xff!G6\
\xff\x1dC2\xff!F6\xff#H8\xff=S[\
\xffFQ]\xffPWY\xffFSS\xffFPV\
\xffCUX\xffGRZ\xffEJY\xffAJV\
\xff=HT\xff<ET\xff:AO\xff<FK\
\xff:FP\xff3DK\xff3EQ\xff-B^\
\xff\x1dAw\xff\x18@\x83\xff\x154}\xff\x16-h\
\xff%1L\xff5<F\xffAEQ\xffNQW\
\xffRYY\xffX``\xff]ff\xffaig\
\xfffli\xffgli\xffdki\xfffih\
\xffmjj\xffdli\xff_ld\xff]he\
\xff`gh\xff^ff\xffXad\xffU_d\
\xffXaa\xffXac\xffTae\xffXej\
\xffS_e\xffMY^\xffLVZ\xffOZ]\
\xffQWV\xffPSP\xffOSP\xffLOO\
\xffMQP\xffLQO\xffJOM\xffJOO\
\xffION\xffGNK\xffHNL\xffHOM\
\xffFLK\xffHNM\xffIOM\xffJON\
\xffMPR\xffLSR\xffKSQ\xffKSR\
\xffJOS\xffIPK\xffDLR\xff;F[\
\xff8HR\xff6ES\xff5CP\xff7DO\
\xff;GR\xff=HP\xff=FO\xff:CJ\
\xff8AH\xff9EJ\xff:FH\xff=II\
\xff<JI\xff<IH\xff;HG\xff=ID\
\xff<ID\xff9JH\xff;KJ\xff?JO\
\xff;CO\xff:?E\xff,@e\xff\x1bD\x93\
\xff\x0fA\x99\xff$@k\xff7FH\xff8DH\
\xff6CP\xff:IO\xff<HQ\xff=OV\
\xff7FK\xff8EO\xffBS[\xffEU_\
\xff=Q[\xff:MW\xffI\x5cg\xffPes\
\xffOet\xffUk{\xff]t\x81\xff`u\x7f\
\xffat\x80\xff^r\x82\xff`x\x88\xffUky\
\xff?NX\xffbos\xff[hi\xffAWZ\
\xffKgr\xffj\x80\x83\xffq\x85\x8b\xffYhu\
\xff\x8c\x8a\x88\xff\xaf\xaa\xa0\xff\x8e\x97\x96\xffo\x81\x8a\
\xffw\x86\x8d\xffo|\x7f\xff:KR\xff?LQ\
\xffpus\xffmuw\xff]fe\xffUXU\
\xffLLL\xffLLL\xffLLI\xffOOJ\
\xffXZV\xffdhc\xffmll\xffsos\
\xff\x84\x85\x8b\xff\x83\x88\x8b\xffSX[\xffZ[^\
\xff\x80~z\xffsji\xffg]V\xffWPH\
\xffQOF\xffKLB\xff6:0\xff;?5\
\xffWYO\xff\x5cZR\xff`\x5cX\xff\x5c[Z\
\xffZ_]\xffnqo\xff~}{\xff\x87\x85\x85\
\xff\x91\x95\x93\xff\x8e\x93\x91\xffefd\xffFKI\
\xffTYX\xff]`[\xff[_X\xff[`[\
\xff^fc\xffaki\xffdnk\xfffpn\
\xffgom\xffdkj\xffgml\xffglk\
\xffbff\xffcgf\xffeii\xffhkl\
\xffggh\xffdff\xffaee\xff^db\
\xff\x5cca\xffT\x5cY\xffKWQ\xffAPI\
\xff7JD\xff5KE\xff/JB\xff&F;\
\xff\x1eC5\xff\x15A0\xff\x12A0\xff\x17F4\
\xff\x1eD5\xff\x1dB2\xff\x1dD3\xff\x1bF5\
\xff\x1bE3\xff\x1bF4\xff\x1aF5\xff\x1cH5\
\xff J1\xff!G2\xff\x1fE3\xff F4\
\xff!G5\xff!G5\xff\x22G5\xff!H7\
\xff#G8\xff I5\xff\x1bJ4\xff\x1dJ4\
\xff\x1eL5\xff\x1eM7\xff%Q>\xff!P<\
\xff\x1cD2\xff\x1b@1\xff\x1aM9\xff\x1cV>\
\xff\x1fO9\xff\x1dD/\xff\x1aB,\xff%B/\
\xff.6,\xff\x1c&$\xff\x1e2/\xff,JD\
\xff\x1bB:\xff\x12;3\xff(MH\xff8UP\
\xff<VM\xff.M>\xff&G6\xff&F7\
\xff%I9\xff)L<\xff'H9\xff%F7\
\xff&E7\xff&F7\xff'G8\xff4NT\
\xff5NU\xff6MS\xff-HJ\xff3JE\
\xff2IO\xff+HO\xff/JP\xff/LO\
\xff6LT\xff8JM\xff5DO\xff6HR\
\xff2GQ\xff5GK\xff:HE\xffHST\
\xff;Wu\xff\x1aA\x7f\xff\x0e0}\xff\x19.q\
\xff8?U\xff>GK\xff:JS\xffBMS\
\xff:BL\xff/8B\xff3=E\xff5?H\
\xff?EO\xffNT^\xffZ`h\xff^di\
\xff_dh\xff]fk\xffYgm\xffWck\
\xffXbj\xffT`k\xffK[p\xffC[y\
\xff9Y\x81\xff9X\x86\xff6V\x8a\xff7W\x8d\
\xff-L\x81\xff%@t\xff\x22=r\xff/Eq\
\xffFJQ\xffSQF\xff_`X\xffheb\
\xffkjf\xffkng\xffmnh\xffopn\
\xffjjf\xffijc\xffssm\xffuvm\
\xffrtk\xffrsj\xffqrk\xffqsl\
\xfftql\xffqsh\xffqrf\xffqqf\
\xffopg\xffcl_\xffGP`\xff!6s\
\xff ;r\xff\x22;p\xff\x1b3h\xff\x17-c\
\xff\x1b.c\xff\x1f1a\xff\x223b\xff\x1e/_\
\xff\x1f/^\xff(3\x5c\xff'2X\xff&1T\
\xff%2N\xff&3J\xff&4F\xff&5D\
\xff(5A\xff+5@\xff,2A\xff05B\
\xff.8A\xff4<A\xff0Cg\xff\x1fE\x8d\
\xff\x11@\x91\xff&Dp\xff@PW\xffGT\x5c\
\xffEYg\xffJ_e\xffL]i\xffSiu\
\xffDV_\xffCT`\xffZn{\xffav\x83\
\xffPfr\xffAVb\xffUkw\xffZr\x7f\
\xffWo|\xffUm{\xffWm{\xff\x5cpz\
\xff_oy\xffXly\xff]t\x83\xffZm|\
\xff<EQ\xff.13\xff1/*\xffKOQ\
\xffC^j\xff`}|\xffl\x89\x8e\xffPo}\
\xff\x86\x89\x89\xff\xb7\xac\xa3\xff\xa3\xb2\xb0\xff\x8c\xab\xb7\
\xff\x93\xaf\xbc\xff\x8b\xa0\xa8\xff7O\x5c\xff7OX\
\xff|\x90\x94\xffw\x8f\x97\xffi{~\xffhss\
\xffirt\xffoyz\xffw\x82\x83\xff\x85\x8f\x92\
\xff\x95\xa1\xa4\xff\x9c\xae\xad\xff\x95\xa4\xa6\xff\x87\x95\x97\
\xff[ln\xffAQP\xffDRO\xffCMI\
\xffJRG\xffBF@\xffFH@\xffMLH\
\xffaa^\xffX\x5cX\xff)+(\xff@@>\
\xffswt\xff~\x82|\xff\x85\x83\x81\xff\x85\x86\x84\
\xff\x82\x8a\x87\xff\x85\x8a\x87\xff\x89\x85\x85\xffupo\
\xff^`[\xffUWQ\xff|vt\xffdaa\
\xffSRR\xff_[T\xffc`V\xff]YR\
\xffYXS\xffWYU\xffUYT\xffY[V\
\xffab]\xffad`\xffdhd\xffbgd\
\xffafd\xffbge\xffdli\xffenj\
\xffemj\xffdkh\xff_hd\xff]gc\
\xff\x5cfb\xffZda\xffZe_\xff[d`\
\xffYb`\xffX`_\xffP]Z\xffKZT\
\xffFWP\xff=SL\xff8NG\xff3LD\
\xff+LC\xff#D;\xff\x1cD6\xff\x1eC6\
\xff\x1aB4\xff\x16B1\xff\x15A3\xff\x16A4\
\xff\x1dF3\xff D2\xff\x1fB4\xff\x1eC3\
\xff\x1fE3\xff!F4\xff G4\xff\x1eE4\
\xff D4\xff\x1fF2\xff\x1bC/\xff\x1cF2\
\xff\x1bH0\xff\x1dI2\xff\x1bD/\xff\x1bD/\
\xff E1\xff\x1aF2\xff\x19E1\xff\x22D2\
\xff&E2\xff F2\xff\x1dF1\xff$P9\
\xff$S@\xff\x17O>\xff\x1e_L\xff$iT\
\xff\x15\x5cG\xff\x13P;\xff\x17G4\xff&K<\
\xff0RC\xff$L<\xff\x1fD6\xff$A7\
\xff)?9\xff,?:\xff)<5\xff&:3\
\xff'>3\xff&@1\xff'B2\xff3LH\
\xff2SM\xff/OM\xff)KH\xff)MB\
\xff/OH\xff)KD\xff-PH\xff-MD\
\xff+IG\xff)JF\xff-JJ\xff-EH\
\xff/EF\xff0CF\xff'=A\xff+>:\
\xff)E\x5c\xff\x1aA\x81\xff\x122\x83\xff\x16+m\
\xff<CS\xffNWQ\xffLVU\xffVb^\
\xffVdg\xffO^`\xffKXZ\xffMY\x5c\
\xffYeh\xffcmn\xffpy|\xffy\x87\x8a\
\xffh{\x84\xffDZ\x82\xff<W\x92\xff9[\x90\
\xff7W\x89\xff<W\x8e\xff4W\x93\xff0X\x97\
\xff1X\x96\xff1X\x95\xff.W\x97\xff0X\x99\
\xff&J\x8c\xff\x1f@\x84\xff\x22A\x83\xff.H\x86\
\xff[]e\xffrm^\xff\x85\x83y\xff\x8e\x8b\x82\
\xff\x90\x8e\x84\xff\x95\x93\x89\xff\x94\x91\x89\xff\x97\x94\x8e\
\xff\x92\x8f\x87\xff\x90\x8e\x83\xff\x95\x92\x89\xff\x96\x94\x89\
\xff\x96\x95\x8a\xff\x98\x96\x8c\xff\x97\x95\x8b\xff\x97\x96\x8c\
\xff\x9a\x96\x8c\xff\x95\x94\x86\xff\x93\x93\x88\xff\x99\x90\x87\
\xff\x95\x91\x88\xff\x90\x95\x83\xff^ix\xff\x1f6\x82\
\xff >\x82\xff ;z\xff\x160n\xff\x14-m\
\xff\x17.l\xff\x16+f\xff\x18-g\xff\x17+f\
\xff\x17*g\xff\x16*l\xff\x16-m\xff\x15)i\
\xff\x15&e\xff\x16(d\xff\x17)b\xff\x13&^\
\xff\x14%Z\xff\x17&W\xff\x13\x1fS\xff\x1e,U\
\xff5O]\xff>QT\xff(@m\xff\x17@\x8b\
\xff\x0d<\x8d\xff/N}\xffRiq\xffUks\
\xffRhz\xffTkw\xffTjy\xffVt\x81\
\xffDYe\xffBSd\xffXn}\xff_t\x82\
\xffMco\xff=R^\xffSht\xffYow\
\xffWkt\xffUnv\xffXry\xff]qx\
\xff`ry\xff[qz\xff\x5cw\x82\xff^v~\
\xff;FJ\xff*++\xfff`[\xff\x9f\x9f\x9d\
\xffLgu\xffb\x80\x8b\xffj\x8e\x98\xffLk|\
\xff\x83\x88\x85\xff\xa9\xa0\x92\xff\x8d\x94\x8f\xffv\x8a\x91\
\xffx\x8c\x92\xfft\x81\x83\xff<JO\xffNX_\
\xff\x84\x8a\x89\xff\x81\x8e\x93\xff\x81\x8d\x94\xff\x92\x9c\xa1\
\xff\x9e\xac\xb1\xff\xa4\xb3\xb9\xff\xa1\xb3\xba\xff\x9b\xaf\xb7\
\xff\x93\xad\xb5\xff\x8a\xa8\xaf\xff\x84\xa1\xa8\xff\x8d\xa9\xb1\
\xffZs}\xffD[b\xffi}\x83\xffv\x83\x8e\
\xff|\x8a\x8c\xffkuz\xffeor\xfflty\
\xff\x86\x8c\x91\xffuz\x7f\xffDHL\xffotx\
\xff\x93\x9b\x9f\xff|\x87\x89\xffktv\xffY^^\
\xff=HF\xff187\xffB@?\xffDC=\
\xffEH@\xffII?\xffmgd\xffjjj\
\xffHIF\xffUSI\xff`\x5cR\xff]XP\
\xff]XR\xff]ZU\xff\x5c]W\xff[\x5cU\
\xff^\x5cS\xffXYP\xffWZR\xffY[S\
\xffY[R\xffZ]T\xffW\x5cU\xffX]T\
\xff^a\x5c\xffae`\xffbg`\xffagb\
\xff^dc\xffZc_\xffV`\x5c\xffT\x5c\x5c\
\xffS^\x5c\xffS^\x5c\xffT]]\xffU_^\
\xff[bb\xff[a`\xffX]]\xffRZZ\
\xffJXW\xffEUS\xff>SN\xff=SM\
\xff?VO\xff6PG\xff*F;\xff!?6\
\xff\x1bA2\xff\x1aB1\xff\x1aC3\xff\x18C3\
\xff\x18B1\xff\x1aC2\xff\x18F2\xff\x17B0\
\xff\x1cB0\xff F4\xff\x1eF5\xff\x1cD3\
\xff\x1cD1\xff\x1eF1\xff\x1aA,\xff\x1bB)\
\xff!F0\xff\x1eJ3\xff\x1cF2\xff#B0\
\xff&E1\xff\x1dG2\xff\x17D/\xff\x19D.\
\xff\x19G1\xff$U?\xff'YB\xff\x19J4\
\xff\x1eM7\xff+WA\xff!L6\xff\x19>+\
\xff ;.\xff.;5\xff-54\xff#/-\
\xff%22\xff%03\xff(33\xff!,,\
\xff 6-\xff E/\xff$J1\xff1FG\
\xff1HG\xff0HG\xff+FI\xff,GI\
\xff2CM\xff.>F\xff-=B\xff*::\
\xff&8:\xff%5=\xff$.5\xff%-1\
\xff%,6\xff%(2\xff&.8\xff++8\
\xff*<^\xff\x1cF\x84\xff\x0f3\x80\xff\x13&g\
\xffQJj\xfftpy\xffklv\xffpqw\
\xffsy{\xffmwx\xffqz\x80\xffz\x84\x88\
\xff\x81\x87\x88\xff\x84\x89\x89\xff\x87\x91\x92\xff\x93\x9b\x99\
\xffx\x8c\x94\xff8`\x90\xff/W\x9a\xff4^\x9b\
\xff2Y\x94\xff5Z\x98\xff0Y\x97\xff1Y\x95\
\xff2Y\x92\xff/W\x90\xff.U\x91\xff.U\x95\
\xff%G\x89\xff <\x81\xff$;\x7f\xff/E\x82\
\xff\x5c^e\xffpk^\xff~~s\xff\x7f}r\
\xff\x82}s\xff\x87\x84{\xff\x87\x82z\xff\x8d\x88~\
\xff\x8a\x8b\x7f\xff\x88\x87{\xff\x88\x86|\xff\x84\x82x\
\xff\x88\x86|\xff\x8d\x8b\x81\xff\x8b\x87~\xff\x8a\x86}\
\xff\x89\x85}\xff\x89\x84}\xff\x88\x84~\xff\x87\x81{\
\xff\x89\x84~\xff\x8c\x90}\xffWep\xff\x13.x\
\xff\x185\x80\xff\x197v\xff\x0f-k\xff\x10,j\
\xff\x16/n\xff\x15*h\xff\x14*h\xff\x18+i\
\xff\x1a+j\xff\x14)h\xff\x12)f\xff\x14)g\
\xff\x16)j\xff\x17+k\xff\x16(h\xff\x13'e\
\xff\x14(d\xff\x11%`\xff\x10 c\xff\x1c0d\
\xff=Xi\xffEZ\x5c\xff&?m\xff\x14>\x8f\
\xff\x0c:\x93\xff-L\x80\xffQhr\xffNhp\
\xffLfv\xffOhu\xffQix\xffXv\x7f\
\xffJ\x5cc\xffKWc\xffcu}\xffgz\x83\
\xffVip\xffGZ`\xffYmt\xffat|\
\xff^mv\xffYpy\xffYs|\xff`t{\
\xff_t|\xff\x5ct}\xff[w\x87\xffNgz\
\xff5HP\xffakx\xff\xc5\xc1\xbc\xff\xbc\xc4\xbd\
\xffQbv\xffJ`z\xffWn}\xffNao\
\xfftw}\xff\x81~w\xfftpo\xffhn\x82\
\xffy\x81\x99\xff~\x88\x94\xffHQY\xffchl\
\xff\xa2\xad\xb2\xff\xa1\xb6\xbf\xff\x9a\xad\xb7\xff\x97\xab\xb4\
\xff\x8a\xa7\xae\xff\x83\xa3\xab\xff\x82\x9a\xa3\xff\x84\x96\x9e\
\xff\x86\x97\xa1\xff\x85\x96\x9d\xff\x82\x8f\x96\xff\x89\x97\x9c\
\xffy\x83\x8c\xffepz\xffpx\x81\xff|\x80\x89\
\xff\x8b\x8e\x8f\xff\x82\x85\x89\xff\x80\x86\x8a\xff\x84\x8f\x8f\
\xff\x84\x8f\x90\xff\x8d\x92\x93\xff\x9e\xa5\xa5\xff\x97\xa4\xa8\
\xff\x7f\x8e\x92\xffz\x8d\x94\xff~\x90\x98\xff\x87\x93\x98\
\xffy\x8a\x8d\xffw\x85\x88\xff{\x8a\x8f\xffq\x84\x86\
\xfff}{\xffShd\xffV`a\xff}\x83\x83\
\xff`gc\xffU]V\xffW^U\xffX[U\
\xffXYT\xffTSO\xffQQL\xffROH\
\xffUOE\xffPMC\xffQQG\xffWUL\
\xffSQG\xffQRE\xffSQF\xffQLB\
\xffUMF\xffVQI\xffWVL\xffXVN\
\xffWSP\xffWUR\xffXXR\xffWVP\
\xffVZP\xffY_X\xff\x5cb`\xffX^\x5c\
\xffRXU\xffNVS\xffMYX\xffO\x5c\x5c\
\xffT[[\xffTZZ\xffW^]\xffW`_\
\xffW_]\xffW^[\xffQXV\xffGTT\
\xff=PK\xff9PJ\xff8QJ\xff0JA\
\xff'D:\xff%F;\xff#H;\xff\x1eE5\
\xff\x17D1\xff\x10D.\xff\x13C-\xff\x1aE2\
\xff\x1cE3\xff\x1aB0\xff\x1cC.\xff\x1eD-\
\xff C/\xff C1\xff\x1dC1\xff\x1bA/\
\xff\x1c?.\xff\x1bA.\xff\x1fA/\xff$@/\
\xff$@-\xff&D1\xff%A-\xff!>(\
\xff\x22C,\xff%G2\xff%K6\xff H2\
\xff#E3\xff*@4\xff%=5\xff#B:\
\xff&H@\xff%IC\xff,NF\xff&F;\
\xff A2\xff\x1fA/\xff ;-\xff/?B\
\xff.9;\xff(16\xff!.6\xff\x22-6\
\xff%(6\xff\x22%1\xff\x22&6\xff#'5\
\xff)-;\xff//=\xff81@\xffF@P\
\xffJF[\xffRF_\xffKEb\xffM=^\
\xff@Ls\xff\x1bF\x8a\xff\x0a2|\xff\x16)h\
\xffTAs\xffo\x5c~\xffTIo\xff`It\
\xffkX~\xff_Pw\xff_O}\xffcX~\
\xffkZ{\xfflZ\x80\xffULv\xffH@V\
\xffBR\x5c\xff*[\x84\xff+[\x97\xff2V\x96\
\xff/Q\x92\xff(P\x8f\xff%O\x8f\xff.S\x92\
\xff.S\x90\xff-T\x8f\xff2W\x93\xff4Y\x95\
\xff'J\x86\xff\x22@{\xff'>\x7f\xff2J\x87\
\xffRY`\xffgdY\xffz{o\xff}{o\
\xff\x84|t\xff\x85\x81{\xff\x86\x7fy\xff\x8f\x88~\
\xff\x8a\x8a~\xff\x87\x86{\xff\x89\x88~\xff\x82\x80v\
\xff\x88\x86|\xff\x8c\x89\x81\xff\x8a\x84~\xff\x8b\x84}\
\xff\x86\x83{\xff\x8b\x83|\xff\x88\x83x\xff\x81\x83u\
\xff\x86\x86z\xff\x88\x8a|\xff\x5cip\xff\x1e:v\
\xff$=\x83\xff&A{\xff\x195q\xff\x13/i\
\xff\x14.j\xff\x15-i\xff\x14+g\xff\x14*f\
\xff\x17+i\xff\x15)e\xff\x13'a\xff\x14%c\
\xff\x13&b\xff\x11$`\xff\x10!`\xff\x10!`\
\xff\x10!^\xff\x11!]\xff\x0e\x1d^\xff\x1c1c\
\xffAWh\xffF\x5c[\xff%@k\xff\x13?\x89\
\xff\x13=\x90\xff3K\x80\xffYhs\xffTis\
\xffIgr\xffKfs\xffLew\xffSn|\
\xffEXd\xff>O]\xffKcv\xffLe{\
\xffBYl\xff7K]\xff<Sn\xff;Xz\
\xff7Ox\xff7Nv\xff7P}\xff2L\x84\
\xff0J\x83\xff+I}\xff&G~\xff(Bq\
\xff'9L\xffALa\xffuyw\xffrut\
\xff[cq\xffS`v\xffQ_w\xffTaq\
\xff\x85\x82\x83\xff\xa2\x9d\x91\xff}\x8c\x9f\xffGm\xa9\
\xffTs\xbf\xffT{\xb6\xff-Rm\xff)EX\
\xffMp\x9f\xffP{\xac\xffUt\x9d\xffi{\x9b\
\xffl}\x91\xffg}\x8a\xffl|\x88\xffo{\x85\
\xffct\x83\xffWgu\xff[fv\xffnx\x7f\
\xff|\x82y\xff|}w\xff\x81\x82~\xff\x8b\x92\x8b\
\xff\x93\x9d\x94\xff\x92\x9b\x94\xff\x95\x9b\x98\xff\x99\xa0\x9b\
\xff\x9c\xa7\xa1\xff\xac\xb7\xb6\xff\xb2\xc0\xc0\xff\x9a\xab\xac\
\xff\x93\xab\xb0\xff\x93\xaf\xb7\xff\x8f\xaa\xb6\xff\x85\xa1\xac\
\xffq\x8d\x96\xffy\x8e\x97\xff~\x94\x9d\xffw\x8c\x93\
\xffz\x8a\x8c\xffv\x86\x8a\xff\x87\x93\x9c\xff\xb8\xc0\xc8\
\xff\x90\x9e\xa2\xff{\x8f\x93\xff{\x90\x93\xffz\x8b\x8f\
\xff{\x88\x8f\xffs\x7f\x86\xffjw|\xffgpr\
\xffkpq\xffipp\xffamj\xff\x5cdb\
\xffU\x5cX\xffTYR\xffUVM\xffSSJ\
\xffLNC\xffIL@\xffJMD\xffLNC\
\xffMJA\xffNKA\xffNJ@\xffNG=\
\xffKE9\xffMLC\xffTUP\xffVTM\
\xffTPF\xffQPH\xffSVR\xffW[Y\
\xff[^Y\xff\x5c]X\xffQRO\xffLKM\
\xffNRQ\xffSZT\xff[a_\xffY`c\
\xff[a`\xff[_^\xff[``\xffVZZ\
\xffPVU\xffKVT\xffGWS\xffCWR\
\xff:SM\xff/KB\xff(G<\xff#C7\
\xff\x1c>2\xff\x19=1\xff\x15:+\xff\x17?*\
\xff\x1aB-\xff\x1eB/\xff\x1eD2\xff\x1aD2\
\xff\x19B1\xff\x1cD2\xff\x1fE2\xff!D0\
\xff C1\xff\x19@/\xff\x1aB0\xff I3\
\xff\x1fH2\xff\x1dG5\xff\x1aH4\xff\x1fN6\
\xff\x22Q9\xff\x1eR:\xff\x1dU>\xff!]D\
\xff\x1f]D\xff\x1bXB\xff\x22ZB\xff%ZB\
\xff'T>\xff\x22<1\xff\x16\x1d\x1d\xff$/7\
\xff+.8\xff23?\xff17C\xff+1>\
\xff31B\xff?=O\xffFDZ\xffID_\
\xffKEd\xffI@_\xff_No\xffgZ{\
\xffdY{\xffnY\x82\xffaP{\xffZCk\
\xffBKr\xff\x1aF\x88\xff\x094}\xff\x17(j\
\xffR<q\xfflS\x80\xffM:n\xff\x5c=t\
\xffnR\x85\xffcJ|\xffeI\x7f\xff]Gz\
\xffcJw\xffjQ\x81\xffE4r\xff+\x1fF\
\xffES[\xff=f\x85\xff<`\x97\xff>^\x9b\
\xff?`\x98\xffFc\x96\xffIh\x94\xffSn\x92\
\xffZs\x8f\xff[u\x8f\xff_z\x92\xffa|\x95\
\xffUp\x87\xffMi}\xffPi|\xffXm\x81\
\xff^ee\xffjg]\xff}}t\xff\x7f|r\
\xff\x85|u\xff\x85\x81|\xff\x86\x7fy\xff\x8d\x88~\
\xff\x8a\x8b\x7f\xff\x86\x85{\xff\x88\x87}\xff\x83\x82w\
\xff\x88\x86|\xff\x8b\x88\x80\xff\x88\x84}\xff\x8b\x84|\
\xff\x87\x82\x7f\xff\x89\x84\x7f\xff\x85\x83x\xff\x84\x81v\
\xff\x88\x85|\xff\x8e\x87{\xfft|r\xffMiy\
\xffUl\x80\xffTl~\xffC]q\xff>Vk\
\xff<Tm\xff8Tl\xff4Sk\xff0Mj\
\xff0Kh\xff/Kj\xff-Ig\xff)Ce\
\xff(Be\xff&@d\xff$=c\xff\x229a\
\xff#7`\xff!4^\xff\x1b+`\xff 6e\
\xff1Jh\xff2NZ\xff ?h\xff\x19B\x89\
\xff\x14C\x8d\xff\x1cBv\xff.Hi\xff.Fo\
\xff'Cr\xff)Bv\xff-Av\xff,Du\
\xff+?f\xff(?b\xff >s\xff\x1e=x\
\xff\x1f;n\xff\x1c4`\xff\x1a7l\xff\x146{\
\xff\x0c0x\xff\x10.t\xff\x181t\xff\x1a4o\
\xff%;o\xff4Bj\xff2Fm\xff>On\
\xff?LO\xffBIY\xffgkk\xff\x86\x87~\
\xff`j\x81\xff9Q\x8f\xff,V\x96\xff-J\x81\
\xff\xa0\x97\x92\xff\xd1\xc9\xb0\xffx\x98\xb4\xff*_\xac\
\xff0Y\xac\xff7b\xa4\xff:Z\x82\xff?Sg\
\xffAX\x80\xff?Y\x84\xff@U{\xffCOr\
\xff?Li\xffBQh\xffTbs\xff`jz\
\xffcp|\xffp{\x84\xff\x83\x88\x94\xff\x92\x96\x9d\
\xff\x88\x94\x8e\xff|\x8a\x90\xffv\x8b\xa7\xffn\x8d\xb3\
\xffl\x8f\xb8\xfft\x91\xbe\xff|\x96\xc2\xffw\x93\xb7\
\xffo\x8d\xae\xffY|\xa3\xffOr\x97\xff_y\x94\
\xffj~\x8f\xffw\x86\x8c\xff\x80\x89\x83\xff}\x89\x81\
\xffq\x7f\x82\xffy\x83\x8b\xff\x81\x8f\x93\xff\x8b\x97\x96\
\xff\x9f\xa0\x9c\xff\xa5\xab\xa4\xff\xac\xb3\xb1\xff\xa7\xb0\xb3\
\xff\x93\xa5\xa4\xff\x90\xa7\xa7\xff\x90\xaa\xaa\xff\x91\xa8\xaa\
\xff\x94\xa8\xab\xff\x93\xa9\xab\xff\x93\xa9\xab\xff\x8d\xa6\xa8\
\xff\x89\xa5\xa7\xff\x89\xa3\xa7\xff\x86\x9e\xa2\xff\x81\x97\x97\
\xff\x81\x95\x97\xff|\x8d\x95\xffx\x86\x8d\xffx\x87\x8b\
\xffp\x81\x83\xfflz\x82\xffkv\x82\xffdps\
\xffZeg\xffW_]\xffT[T\xffRUQ\
\xffTRN\xffSPP\xffLKK\xffLGD\
\xffQH?\xffOG;\xffOJA\xffQKE\
\xffSJD\xffUKE\xff>65\xff3-.\
\xffQLJ\xffYYL\xff\x5c^Q\xffXZX\
\xffU[\x5c\xffW\x5c\x5c\xffY]]\xffY]^\
\xff]ac\xff`gh\xff[gh\xff\x5cij\
\xffcik\xffadg\xff^fg\xffWbb\
\xffP_\x5c\xffDXP\xff5LD\xff-G;\
\xff#E3\xff\x1bE/\xff\x18E0\xff\x15F1\
\xff\x15H3\xff\x19M7\xff\x19O9\xff\x19P:\
\xff\x1cP:\xff\x1fQ9\xff\x1fP7\xff\x1eO4\
\xff M6\xff#M<\xff\x22L9\xff#L8\
\xff\x22I4\xff'I3\xff&J6\xff\x22G2\
\xff\x1cD-\xff\x1aC/\xff\x1d?,\xff\x1f>,\
\xff'C2\xff$F5\xff\x11@2\xff1-L\
\xffI>^\xff[On\xffWPp\xffKDe\
\xffQBg\xffaTx\xffdW~\xffbR~\
\xff^N}\xffP:k\xffeI{\xffjS\x83\
\xffbN}\xffgO\x80\xff`L|\xff[=m\
\xffBEw\xff\x1aD\x88\xff\x082x\xff\x17(i\
\xffS<s\xffpR\x85\xffT;z\xff\x5c>w\
\xffkU\x83\xffcN{\xffdM|\xffaNy\
\xffdNx\xffhU\x81\xffLC{\xff>0]\
\xffifm\xffs\x86\x8a\xffq\x84\x96\xffn\x85\x95\
\xffl\x89\x8f\xffr\x89\x90\xffw\x8a\x91\xff~\x8c\x8f\
\xff~\x8c\x90\xffz\x8b\x8f\xffy\x8c\x90\xff|\x8f\x92\
\xffs\x84\x87\xffj~\x80\xffj~~\xffj~|\
\xffdkd\xffjg^\xff}~t\xff\x7f|r\
\xff\x84zu\xff\x83\x7f{\xff\x84}x\xff\x89\x84|\
\xff\x89\x88~\xff\x85\x84z\xff\x88\x87}\xff\x82\x81w\
\xff\x86\x83{\xff\x8c\x89\x81\xff\x87\x85{\xff\x87\x82z\
\xff\x85\x7f\x7f\xff\x88\x83~\xff\x87\x86v\xff\x84\x82y\
\xff\x87\x84\x7f\xff\x8d\x84|\xff|~u\xff_z{\
\xfff|{\xfffzz\xffZpq\xffUlm\
\xffSko\xffMio\xffKhp\xffIdp\
\xffGbn\xffGbl\xffC_j\xffA\x5cj\
\xffB\x5ch\xffB[h\xff@Yj\xff?Wh\
\xff>Wf\xff:Sd\xff6Nc\xff.Hg\
\xff\x17.e\xff\x15-Z\xff\x1d>l\xff\x1aF\x8d\
\xff\x14C\x93\xff\x117}\xff\x11-p\xff\x15-r\
\xff\x12/t\xff\x13.u\xff\x1a2v\xff\x1a1w\
\xff 6g\xff%;h\xff\x1d6|\xff\x195|\
\xff\x1b5q\xff\x1b2e\xff\x1c3c\xff%8g\
\xff->a\xff3C[\xff6C]\xff;Gd\
\xffBNh\xff@Le\xff3Jq\xff7Ip\
\xff/@W\xff=Ke\xff\x97\x91\x8d\xff\xc6\xbc\xab\
\xffgw\x90\xff'J\x8f\xff,T\x9a\xff%E|\
\xffyy~\xff\x9a\x93\x84\xffjt\x82\xffCZ\x80\
\xffE]v\xffCYp\xffBLi\xffFJ\x5c\
\xffAOg\xffIXn\xff\x5cet\xffhq\x80\
\xffp{\x8b\xfft\x82\x8d\xff|\x8a\x9d\xff\x7f\x8c\xac\
\xffr\x8a\xa7\xffi\x88\xab\xffd\x84\xb4\xffb\x85\xb7\
\xffX|\xb5\xffIr\xb4\xff@j\xb4\xff0Z\xad\
\xff%Q\xa2\xff K\x95\xff$K\x8b\xff2T\x84\
\xffB`\x89\xffYp\x92\xffmz\x92\xffs}\x90\
\xffv\x82\x92\xffy\x85\x97\xff~\x8a\x9c\xff|\x89\xa3\
\xffn\x7f\xab\xffhz\xab\xff\x5c}\xab\xff^\x84\xaf\
\xffb\x86\xad\xff[\x81\xa8\xff^{\x9e\xff]u\x95\
\xffg\x85\x9e\xffe\x87\x9e\xfff\x88\x9c\xffn\x8b\x9e\
\xffr\x8f\x9e\xffw\x92\x9f\xff|\x96\xa0\xff\x7f\x9c\xa1\
\xff\x82\x9d\xa4\xff\x87\x9e\xa5\xff\x8b\xa2\xa5\xff\x8e\xa4\xa3\
\xff\x91\xa5\xa6\xff\x93\xa4\xa8\xff\x93\xa6\xa9\xff\x95\xa9\xaa\
\xff\x93\xa9\xa8\xff\x94\xa6\xab\xff\x93\xa3\xa8\xff\x92\xa3\xa2\
\xff\x8b\x9d\xa3\xff\x85\x95\x9a\xff\x82\x94\x8d\xff}\x8e\x90\
\xffy\x8d\x8d\xffy\x8c\x8b\xffs\x82\x84\xfflyz\
\xffjqo\xffimi\xffcif\xff\x5c`a\
\xffX\x5c[\xffVXR\xff77;\xff504\
\xffb\x5cZ\xffLMC\xffHF:\xffKGC\
\xffNJI\xffPPJ\xffRQK\xffVRN\
\xff[ZU\xff^`[\xffZ`Z\xff\x5cc]\
\xff`hc\xffdnh\xffhlj\xffkpo\
\xffovo\xffjsh\xffnso\xffkol\
\xffdnc\xffXhY\xffH\x5cM\xff?WH\
\xff7RD\xff$B5\xff\x178-\xff\x1b9/\
\xff%:2\xff%1.\xff'3-\xff%5(\
\xff\x22-)\xff'(1\xff-,1\xff,*.\
\xff((-\xff)'/\xff+&0\xff*$0\
\xff*%0\xff,'4\xff.%5\xff+!3\
\xff)#6\xff-;C\xff<YS\xffM=i\
\xff]Hu\xffgQ\x80\xffdT\x80\xffYIu\
\xffZAq\xffdL}\xff`I{\xffZDv\
\xff^I|\xffT:n\xffa@u\xffeJ}\
\xff_Iy\xffeJz\xff_Kx\xff]>p\
\xffHG~\xff\x1eG\x8a\xff\x093w\xff\x19)h\
\xffXAw\xffy\x5c\x8c\xffZA{\xff^@x\
\xffpY\x8b\xfflV\x8a\xffpV\x89\xffnY\x87\
\xffmU\x86\xffp[\x90\xffRG\x86\xff.\x1fU\
\xffLJS\xff~\x8b\x87\xff\x8c\x97\x99\xff\x84\x94\x90\
\xff\x81\x97\x87\xff\x80\x90\x86\xff\x80\x8d\x8d\xff\x82\x90\x90\
\xff\x7f\x8c\x91\xff{\x8a\x91\xffy\x8b\x92\xffw\x8b\x91\
\xffk~\x86\xffcv\x7f\xffbx\x80\xffez\x81\
\xffaif\xffif]\xffz|q\xff|{q\
\xff\x81xu\xff\x81~z\xff\x83{x\xff\x87\x83|\
\xff\x87\x87}\xff\x85\x83y\xff\x88\x86}\xff\x82\x80x\
\xff\x85\x82z\xff\x8b\x88\x80\xff\x87\x84|\xff\x86\x82{\
\xff\x84\x7f\x7f\xff\x88\x82{\xff\x85\x83z\xff\x82~}\
\xff\x82~|\xff\x89\x83z\xffqzt\xffRp~\
\xffWo\x7f\xffWnz\xffOfq\xffK_n\
\xffK_m\xffF_k\xffE_k\xffH`n\
\xffG`n\xffD`i\xffB^f\xffA\x5cg\
\xffA\x5cf\xffA\x5ce\xffA\x5cf\xff@Zf\
\xff?\x5cd\xff?[f\xff@Ze\xff1Kf\
\xff\x12%e\xff\x11$`\xff\x1c9r\xff\x18B\x8e\
\xff\x14D\x95\xff\x115\x7f\xff\x18+s\xff\x1b0v\
\xff\x1b7u\xff!9x\xff&>w\xff!@z\
\xff\x1f<j\xff\x1d6Z\xff 3f\xff(9f\
\xff0<`\xff<E[\xff=KY\xffAS^\
\xffL[b\xffM_b\xffF_j\xffC_q\
\xffGbt\xffI`x\xffBc\x85\xffAY{\
\xff4F[\xffGVi\xff}\x7fq\xff\x95\x91\x81\
\xffcos\xffH^k\xffN]g\xff=LX\
\xffJQ]\xff\x5c__\xff\x5c^]\xffT`\x5c\
\xffYg`\xffcps\xffty\x81\xff\x83\x82\x89\
\xff\x85\x91\x9b\xff\x8a\x9a\xa3\xff\x90\xa2\xa7\xff\x96\xaa\xac\
\xff\x91\xa6\xac\xff\x87\xa4\xae\xffn\x90\xb9\xffOq\xbd\
\xff<h\xaf\xff4f\xaa\xff)\x5c\xa5\xff%Z\x98\
\xff)Q\x8a\xff2P\x80\xffLb\x88\xffbq\x8c\
\xffo|\x8e\xffx\x86\x94\xffw\x85\x94\xffw\x84\x99\
\xffw\x86\xa1\xfft\x87\xa5\xffi\x82\xa9\xffZ{\xad\
\xffQu\xac\xffEo\xad\xff?l\xaf\xff:h\xaf\
\xff7c\xb0\xff;e\xa6\xff/]\xa4\xff+[\xa7\
\xff)X\x9f\xff+Z\x9e\xff:]\xa1\xff7^\xa5\
\xff/\x5c\xa2\xff2`\xa5\xff9e\xa6\xff<a\xa3\
\xff?c\xa1\xffBe\xa0\xffDf\xa2\xffFh\xa0\
\xffMo\xa3\xffOp\xa2\xffSt\xa1\xffYy\xa2\
\xffZx\x9d\xffYy\x9b\xff_}\xa0\xffe\x7f\x9f\
\xffj\x84\x97\xffs\x8a\x9c\xffy\x8d\x9d\xff{\x92\x97\
\xff{\x96\x9e\xffz\x95\x9f\xff\x7f\x96\x9e\xff\x86\x9c\xa3\
\xff\x8a\xa2\x9f\xff\x8b\xa1\xa0\xff\x8c\xa2\xa0\xff\x90\xa5\xa2\
\xff\x8f\xa1\x9f\xff\x8f\xa0\x9f\xff\x8f\x9e\x9e\xff\x85\x97\x97\
\xff\x83\x98\x94\xff\x83\x94\x94\xffctx\xffmqm\
\xff\x97\x9e\x96\xffl}z\xffdlj\xffadb\
\xff[^U\xffRRI\xffMKD\xffPKC\
\xffSLC\xffPH@\xffNH?\xffRMA\
\xffRMF\xffSTI\xffTRP\xffLHL\
\xffIJG\xffYZ[\xff]Wm\xff^Tn\
\xffcWo\xffhTp\xffdQk\xff`Mh\
\xffZFc\xffI7U\xff?.M\xff?/Q\
\xffB0S\xff?+R\xffG8Z\xffNI_\
\xff@6T\xff<$T\xffD)Y\xffF,Y\
\xffE/\x5c\xffE1\x5c\xffG1\x5c\xffJ1`\
\xffN/a\xffL-^\xffM.c\xffL1f\
\xffF*d\xffH7c\xffgdr\xffN:h\
\xffZAq\xff`Dv\xff_Iy\xff\x5cGv\
\xffZ?q\xffdHz\xff`Iz\xff_Gw\
\xff]Kx\xffW?n\xffbBt\xffhN~\
\xfffQ}\xffoU\x80\xffhS}\xffbBv\
\xffKI\x83\xff\x1fG\x89\xff\x0a5z\xff\x18)i\
\xffW?u\xff|b\x8e\xffcM}\xffbDv\
\xffsY\x8b\xffmS\x8a\xffmR\x83\xffkT\x81\
\xffmO\x83\xffsZ\x8e\xffYH\x85\xff6'Y\
\xffKTY\xffg\x84\x8b\xffq\x84\x98\xffo\x7f\x92\
\xffh~\x8f\xffaw\x8e\xffWp\x92\xffRm\x94\
\xffMk\x91\xffKi\x90\xffKh\x91\xffFh\x90\
\xff:Z\x86\xff0M}\xff0L~\xff:P\x81\
\xffZaj\xfflj^\xffz}q\xff|yq\
\xff\x80xu\xff\x80}y\xff\x81{w\xff\x86\x82|\
\xff\x84\x87|\xff\x83\x81y\xff\x88\x84}\xff\x82\x81w\
\xff\x83\x81y\xff\x89\x86~\xff\x86\x83|\xff\x87\x83~\
\xff\x86\x81~\xff\x86\x83y\xff\x83~}\xff~y|\
\xff\x80\x80x\xff\x8a\x8a}\xff`ps\xff)Hw\
\xff)B|\xff(Dy\xff\x1f=o\xff\x1e:l\
\xff!<j\xff ;g\xff\x22;g\xff$:g\
\xff$;h\xff#;i\xff#;i\xff#;g\
\xff#:g\xff\x229e\xff!9b\xff\x229c\
\xff#;b\xff\x22:_\xff);a\xff$8d\
\xff'7l\xff*>c\xff\x1d;n\xff\x16@\x8e\
\xff\x12B\x96\xff&Jz\xffATl\xff?Ti\
\xff<Ve\xff;Qa\xff/DU\xff)<X\
\xff.=V\xff<HP\xffEU]\xffK]g\
\xffJX_\xffFQZ\xffO`k\xffSny\
\xffNhy\xffLkz\xffNn\x81\xffJiy\
\xffKeq\xffZgq\xffOdq\xffATa\
\xff=MN\xff?NW\xff?RO\xffN]T\
\xffRU]\xffOUc\xffQZ[\xffR^`\
\xffoou\xff\x85\x86\x88\xff\x86\x8f\x90\xff\x87\x98\x95\
\xff\x92\xa2\xa8\xff\x9f\xaf\xb6\xff\xa0\xb1\xb2\xff\x93\xa4\xa6\
\xff\x95\xb1\xb0\xff\x9f\xb7\xbb\xff\x98\xb1\xb7\xff\x8e\xaa\xab\
\xff\x85\x9c\xa4\xff}\x96\x9b\xffd}\x94\xffEZ\x8d\
\xffG]~\xff[h\x85\xffnt\x93\xffv\x82\x98\
\xffy\x82\x92\xffr\x80\x8e\xffn\x84\x95\xffj}\x9c\
\xffu\x86\xa1\xff\x8e\xa3\xa9\xff\x92\xaa\xab\xff\x84\x9e\xaf\
\xff{\x97\xac\xfft\x92\xab\xffl\x8f\xab\xffb\x87\xa7\
\xff\x5c\x82\xa4\xff`\x85\xa7\xff\x5c\x84\xa4\xffHs\xa0\
\xff9_\xa7\xff?f\xa3\xff;i\xa0\xff?i\xa7\
\xff@g\xa2\xff9g\xa1\xff=j\xa0\xffJp\xa4\
\xffAk\xa4\xff>h\xa4\xff;e\xa2\xff9a\xa0\
\xff9]\xa2\xff7^\xa2\xff4]\x9f\xff6]\xa5\
\xff8d\xa2\xff5c\xa0\xff4a\xa4\xff6_\xa8\
\xff0\x5c\xa0\xff.\x5c\x98\xff3]\x9a\xff4\x5c\x9d\
\xff5\x5c\x9f\xff<Z\xa1\xffB_\xa1\xff@f\x9b\
\xff;g\x93\xff>j\x96\xffGh\x9e\xffGf\x9b\
\xffKk\x9a\xffPo\x98\xffRq\x95\xffWv\x98\
\xff[{\x99\xffb\x81\x9c\xffi\x88\x9e\xffk\x89\x9b\
\xffv\x8f\x9c\xffv\x92\x9a\xffi\x7f\x8e\xff~\x86\x7f\
\xff\x96\xa0\x94\xff\x85\x9a\x9a\xff\x89\x9e\x99\xff\x86\x99\x9c\
\xff\x82\x94\x94\xff~\x8e\x8d\xff}\x87\x86\xffx\x80|\
\xffqwt\xffjql\xffae^\xffXZQ\
\xffSOJ\xffTLA\xffJCB\xff1,1\
\xffTTS\xffyy\x80\xffOHj\xff</_\
\xffG9g\xffL:j\xffP<m\xffS<m\
\xffV<r\xffW=s\xffY?u\xffY>u\
\xff[>t\xffS;m\xffUGs\xfffc\x7f\
\xffTKp\xffI2k\xffR:q\xffQ<n\
\xffN;o\xffO=i\xffO<i\xffQ=k\
\xffR9j\xffO8j\xffQ:l\xffO:i\
\xffG/f\xffM9j\xffjqv\xffN9i\
\xffaEw\xffmO\x81\xffgP\x80\xff`Kz\
\xff`Du\xffoQ\x82\xffkT\x83\xffhQ\x80\
\xffcQ~\xff[Br\xffjL}\xffpU\x88\
\xffhQ\x84\xffmS\x83\xfffQ\x7f\xffa@t\
\xffHF\x7f\xff\x1eE\x89\xff\x0c6}\xff\x16)k\
\xffM6t\xffqU\x88\xff_G|\xffbCv\
\xffoS\x8a\xffcI\x82\xff^D{\xff[D|\
\xff`B{\xffkO\x87\xffVA}\xffM9k\
\xffr|\x8a\xff>j\x90\xff1W\x91\xff9Y\x93\
\xff5W\x93\xff/R\x92\xff)P\x91\xff+P\x92\
\xff,Q\x8d\xff+P\x8a\xff,P\x8d\xff,Q\x8d\
\xff%H\x87\xff\x1d?\x80\xff\x1b=\x81\xff\x22>~\
\xffT\x5ce\xfflh`\xffuwq\xffywo\
\xff~xs\xff\x7f}y\xff\x80{x\xff\x86\x81{\
\xff\x83\x85|\xff\x80\x81w\xff\x84\x83y\xff\x80\x7fv\
\xff\x83\x80z\xff\x89\x85\x80\xff\x86\x82{\xff\x84\x80|\
\xff\x83\x80{\xff\x83\x80{\xff\x83~{\xff\x81z{\
\xff\x82\x80{\xff\x88\x8cy\xff]no\xff\x1a;v\
\xff\x197~\xff\x1c9y\xff\x120p\xff\x0e+k\
\xff\x10,j\xff\x11,i\xff\x11+i\xff\x11(e\
\xff\x10(d\xff\x12'h\xff\x11&h\xff\x12'f\
\xff\x12(g\xff\x11&c\xff\x11$a\xff\x13&a\
\xff\x14(c\xff\x11$_\xff\x10\x1d`\xff\x15$]\
\xff9Mi\xffCZ^\xff#@f\xff\x13@\x8a\
\xff\x15E\x95\xff/Jv\xff@NR\xff?LN\
\xff>PS\xff=NS\xff:LT\xff?Xc\
\xff>S`\xffHY]\xffWps\xff\x5cw\x81\
\xffPju\xff>Q^\xffDXh\xffG`p\
\xff@Vd\xffEV\x5c\xffAM^\xff;IY\
\xff;HS\xff=GS\xff.CV\xff5FW\
\xffHQU\xffLY_\xffV^h\xffhor\
\xffx|\x83\xff{\x84\x91\xffz\x86\x92\xffo\x7f\x87\
\xff\xa5\x9d\x97\xff\xc4\xbc\xb0\xff\xa7\xb7\xba\xff\x94\xad\xb7\
\xff\x97\xab\xba\xff\x9b\xa9\xb9\xff\x8e\xa0\xaa\xffm\x85\x8c\
\xffk\x83\x89\xffq~\x88\xffht\x82\xff`j{\
\xffhjw\xffz~{\xff~\x8a\x8e\xff_j\x83\
\xffCUf\xff:Ph\xff5Kw\xff4Gy\
\xff0Fz\xff-E}\xff#@\x82\xff\x166\x80\
\xff7Q\x8a\xff{\x93\xa6\xff\x92\xaa\xaa\xff\x8c\x9f\xa8\
\xff\x8b\x9f\xa4\xff\x8c\xa1\xa6\xff\x90\xa6\xa6\xff\x93\xa6\xa4\
\xff\x95\xa7\xa3\xff\x9b\xaa\xa4\xff\x98\xae\xa6\xff^\x83\x99\
\xff\x1e<\x87\xff\x1e?\x85\xff\x17F}\xff\x1cH\x82\
\xff\x22G\x87\xff\x15B\x88\xff3a\x8f\xff\x84\x99\xa3\
\xff\x8b\x9e\xa0\xff\x83\x9b\xa0\xff\x81\x98\xa1\xff~\x95\xa1\
\xff|\x91\xa3\xff|\x91\xa6\xffl\x8c\xa0\xff?d\x9c\
\xff*Z\x97\xff0b\x96\xff1_\xa2\xff1\x5c\x9f\
\xffGs\x9d\xffZ\x81\x9d\xff^{\x9a\xffTx\x9d\
\xffSt\xa3\xffSq\xa1\xffDg\x9d\xff4\x5c\x9e\
\xff-_\x9b\xff5`\x9f\xff@c\x9e\xff=b\x9c\
\xff4^\x9c\xff6`\x97\xff9]\x93\xff4[\x92\
\xff3]\x95\xff4_\x99\xff8_\x96\xff8^\x8f\
\xff8\x5c\x92\xff5V\x92\xff2O\x87\xffdq\x80\
\xffn}\x8d\xffGe\x95\xffPp\x9e\xff^\x80\x9d\
\xffj\x86\x9a\xffn\x89\x9c\xffo\x8b\x9b\xffv\x8f\x9a\
\xff|\x94\x9c\xff\x7f\x95\x9c\xff}\x95\x99\xffx\x91\x95\
\xffz\x8a\x92\xff}\x8a\x86\xffw\x81\x80\xff`gk\
\xffx\x80w\xff\x83\x85\x86\xffSEg\xff@+_\
\xffI7l\xffI8o\xffI7l\xffL9l\
\xffN8m\xffN7m\xffN6n\xffO8p\
\xffU;q\xffJ3h\xffKAk\xff`au\
\xffQHh\xffE+d\xffM5k\xffL8f\
\xffI4f\xffF0b\xffH2f\xffI3f\
\xffI3f\xffI3g\xffK5i\xffI4g\
\xffF-f\xffK:j\xffkqt\xffX@t\
\xffiK\x80\xffpQ\x88\xffjP\x85\xff_Hz\
\xff^Bt\xfflO\x82\xffeN\x81\xff^D{\
\xffaI\x81\xffZ?u\xffgG\x7f\xffeJ\x85\
\xffX?x\xff\x5c@x\xffYEz\xff^@p\
\xffEGz\xff\x1eG\x89\xff\x0c7|\xff\x16'p\
\xffF,p\xffaA\x80\xff\x5cB\x80\xffgG}\
\xffaG\x7f\xffL3u\xffM4s\xffF4p\
\xffG/m\xffXA\x7f\xffN<{\xffS>n\
\xff\x89\x89\x95\xff;b\x96\xff'N\x92\xff0T\x95\
\xff-R\x92\xff+Q\x8e\xff)R\x89\xff.R\x8c\
\xff+Q\x8f\xff+Q\x8f\xff-S\x91\xff-R\x90\
\xff'K\x88\xff\x22C\x81\xff'B\x82\xff+A\x80\
\xffR[i\xffjf`\xffuwn\xffyvn\
\xff|vr\xff~|x\xff~yv\xff\x85\x80{\
\xff\x84\x85{\xff\x80\x80v\xff\x84\x83y\xff\x7f~u\
\xff\x81~x\xff\x88\x84~\xff\x83\x81{\xff\x81~y\
\xff\x81\x7fw\xff\x81}y\xff\x80}z\xff\x80yy\
\xff\x7f|x\xff\x86\x8at\xff_pp\xff\x1d?z\
\xff\x1f=\x81\xff$>x\xff\x1c5p\xff\x181l\
\xff\x190l\xff\x1b0l\xff\x1b/m\xff\x1b,l\
\xff\x18,h\xff\x19,g\xff\x19+h\xff\x19,h\
\xff\x1a,h\xff\x19)e\xff\x19(d\xff\x18*c\
\xff\x16)e\xff\x15'f\xff\x0f!c\xff\x1c,]\
\xff9LY\xffBOK\xff'?b\xff\x15B\x89\
\xff\x12E\x95\xff'Bz\xff@N]\xffESc\
\xffH[n\xffN`s\xffQdx\xffQn\x7f\
\xffMhu\xffI_d\xffC]j\xff>Vh\
\xff:KX\xff7FI\xff4BK\xff3AS\
\xff5DP\xff7HH\xff7CP\xff@NY\
\xffN]`\xffR\x5c`\xffM`h\xff^ns\
\xffkut\xffkv|\xff\x8d\x8a\x8c\xff\xb7\xae\x9f\
\xff\x8e\x9e\x98\xffl\x8d\x9a\xffo\x91\x9d\xff[z\x87\
\xff\x91\x92\x8a\xff\xa6\xa4\x93\xff}\x8e\x8d\xff`s~\
\xffXhv\xff]gt\xff^iq\xffXil\
\xffdtz\xffx~\x86\xffz\x86\x8d\xff|\x90\x97\
\xff\x85\x97\x9c\xff\x91\xa5\xa3\xffx\x97\xa7\xffE`\x8c\
\xff^n\x82\xff}\x86\x8d\xffqx\x89\xffsx\x85\
\xffjq\x82\xffai{\xffck~\xffci\x84\
\xffmv\x91\xff\x8c\x9b\xa3\xff\x93\xa6\xa2\xff\x8e\xa0\xa9\
\xff\x8d\xa0\xa8\xff\x8b\x9e\xa6\xff\x8a\x9f\xa5\xff\x8c\xa0\xa5\
\xff\x88\xa0\xa4\xff\x8c\xa2\xa6\xff\x8d\xa5\xa7\xffay\x92\
\xffBO{\xffgp\x83\xffbn\x80\xff[e\x82\
\xff^f\x83\xffN[\x7f\xffbn\x8d\xff\x91\xa2\xa4\
\xff\x91\xa4\xa0\xff\x8c\xa0\xa0\xff\x8e\xa1\xa1\xff\x90\xa1\xa2\
\xff\x91\xa1\xa1\xff\x96\xa8\xa7\xff\x82\x9a\xa0\xff0Ey\
\xff\x1a3n\xff*Iu\xff)C~\xff(?v\
\xff[w\x90\xff\x8a\xa5\xa2\xff\x94\xa1\x9e\xff\x90\x9d\x9d\
\xff\x8e\x9e\x9e\xff\x90\xa3\xa3\xffc~\x8d\xff*D{\
\xff#C\x88\xff#G\x8a\xff0X\x89\xffi\x8a\x99\
\xff\x86\x97\x9c\xff\x80\x90\x98\xffz\x91\x9e\xffa\x7f\x9c\
\xff9]\x8b\xff)O\x88\xff)O\x8f\xff>d\x97\
\xff^|\x99\xffXp\x9a\xffKc\x8a\xffrz\x7f\
\xffy\x84\x8d\xffEe\x95\xff=_\x95\xff3X\x8c\
\xff0X\x91\xff5Z\x94\xff:\x5c\x8c\xff>_\x91\
\xffDg\x96\xffFi\x95\xffIl\x93\xffNq\x94\
\xffVw\x9d\xffb\x84\x9d\xffg\x84\x99\xff`u\x8d\
\xffo\x80~\xffpw|\xffSDk\xffD+e\
\xffI3l\xffH4l\xffJ5j\xffM6i\
\xffJ5e\xffI5f\xffH5g\xffI8i\
\xffO9l\xffG1f\xffI?j\xff]ct\
\xffRMm\xffI.h\xffR8l\xffP<h\
\xffP9k\xffP7m\xffL4k\xffM6m\
\xffM7l\xffL7m\xffN6m\xffM5k\
\xffG-g\xffJ9g\xffiqt\xffU<o\
\xfffD\x7f\xff^;}\xffX7x\xffV9v\
\xffZ=s\xff[@v\xffN4s\xffP.r\
\xffS7x\xffU;s\xff_>x\xffP5r\
\xffI.l\xffO0n\xffJ6q\xffT8j\
\xffBDu\xff\x16H\x83\xff\x0a6\x82\xff\x1a\x22w\
\xffM0k\xffgQv\xffWGz\xffbA{\
\xfffP|\xff^L|\xffeV\x81\xffj^\x81\
\xffs_\x81\xffud\x89\xffK:v\xffY<n\
\xff\x8f\x8a\x90\xffBi\x94\xff,T\x94\xff6Z\x97\
\xff1X\x92\xff0W\x91\xff.U\x8d\xff0R\x91\
\xff/S\x8f\xff.T\x8c\xff/S\x8f\xff.R\x90\
\xff&H\x85\xff\x22@z\xff ?}\xff$>~\
\xffPZi\xffhfZ\xffyyi\xffxul\
\xff|uq\xff~zv\xffyzv\xff\x80\x80y\
\xff\x82\x84y\xff\x81~t\xff\x8b\x82z\xff}|r\
\xff\x80~v\xff\x87\x85~\xff\x80\x81{\xff~~y\
\xff\x84|u\xff\x82|x\xff\x7f||\xff{ws\
\xff~|s\xff\x83\x87v\xff]op\xff\x19>t\
\xff\x189|\xff!>x\xff\x1b6o\xff\x183i\
\xff\x1b3j\xff\x1a0j\xff\x19.m\xff\x19-k\
\xff\x17-g\xff\x18/f\xff\x18/g\xff\x16.e\
\xff\x19,e\xff\x18+e\xff\x16*c\xff\x18)c\
\xff\x14(b\xff\x0e#`\xff%.d\xffOWg\
\xffBU[\xff7ES\xff&=g\xff\x19C\x8c\
\xff\x11F\x95\xff'N\x80\xffGbm\xffMes\
\xffHew\xffLhx\xffQiz\xffPkz\
\xffMgx\xff?L\x5c\xff4<K\xff9CT\
\xff6@N\xff7CM\xff?LX\xffCQ_\
\xffHS_\xffIX`\xffQcp\xff\x5clw\
\xff`oy\xff`sz\xff^u\x7f\xff[r\x7f\
\xffQju\xffSgp\xffv}z\xff\x9f\xa0\x8a\
\xffs}{\xffF_o\xffG_h\xffBSc\
\xffRW\x5c\xff`cb\xffbkn\xffbry\
\xffi~\x88\xffx\x89\x92\xff\x85\x93\x9b\xff\x87\x9c\xa1\
\xff\x87\xa0\xa7\xff\x8a\xa1\xaa\xff\x88\xa3\xa9\xff\x8c\xa9\xaa\
\xff\x8c\xa7\xad\xff\x93\xab\xa9\xffq\x92\xa0\xffi\x85\xb2\
\xff\xc5\xc6\xcb\xff\xee\xde\xc8\xff\xdd\xd2\xbf\xff\xe0\xda\xc5\
\xff\xd5\xce\xbc\xff\xb6\xae\x9e\xff\xb0\xad\x9a\xff\xb9\xb7\xa8\
\xff\x87\x95\xac\xffu\x90\xa6\xff\x8f\xa4\xa4\xff\x8b\x9e\xa7\
\xff\x8b\xa0\xa6\xff\x87\x9e\xa3\xff\x85\x9c\xa3\xff\x88\x9c\xa4\
\xff\x86\x9b\xa4\xff\x8c\xa2\xa8\xff\x85\x9d\xa5\xffm\x88\xa0\
\xff\xa1\xa8\xb7\xff\xe3\xda\xbf\xff\xd7\xd0\xbb\xff\xbb\xb3\xab\
\xff\xaf\xad\x9c\xff\xb1\xad\xa1\xff\x87\x94\xa2\xff~\x96\xa1\
\xff\x87\x9a\xa1\xff\x7f\x99\xa0\xff~\x99\x9e\xff\x84\x99\xa2\
\xff\x85\x99\xa1\xff\x88\x9f\xa1\xffo\x8d\x9a\xffq}\x95\
\xff\xa7\xa2\xa0\xff\xa4\x9d\x92\xff\x99\x93\x91\xff\x91\x8f\x93\
\xff}\x8c\x9b\xff\x86\x9a\xa1\xff\x8d\x9e\xa0\xff\x89\x9c\xa0\
\xff\x8a\x9a\x9d\xff\x8c\x9f\xa0\xffj\x84\x90\xffkq\x83\
\xff\x81~\x80\xffwx}\xffny\x8a\xff\x7f\x90\x9a\
\xff\x92\xa0\x9d\xff\x8a\x9d\x98\xff\x89\xa5\x9d\xffo\x8a\x99\
\xffE[}\xffIUu\xffCTu\xff[v\x89\
\xff\x8e\x9c\x97\xff\x86\x99\x97\xffv\x8a\x8d\xff|\x81\x82\
\xff\x95\x98\x8b\xff\x83\x9c\x97\xffXq\x8b\xff)=q\
\xff$?{\xffRu\x96\xffw\x8f\x97\xffXj\x94\
\xff(C\x80\xff\x1fI\x80\xffGo\x94\xffWq\x90\
\xff3U\x8c\xff'S\x8c\xff1\x5c\x92\xff:Z\x8a\
\xffhv\x82\xffwy\x85\xffREr\xffF-h\
\xffL6k\xffK9l\xffK8k\xffM9k\
\xffO8m\xffP:o\xffN9m\xffL8m\
\xffM8m\xffF.e\xffL=j\xffabv\
\xffUMp\xffI.j\xffS<n\xffQ=l\
\xffQ8o\xffQ:p\xffN8n\xffO8n\
\xffO8n\xffN5n\xffN4m\xffL3i\
\xffH-h\xffK7i\xffkow\xffO5p\
\xff_;r\xff_Ar\xffaIu\xff[Ex\
\xff[=p\xffkSz\xfflY\x80\xffx`\x80\
\xffoby\xffUCk\xffu[\x7f\xff\x84w\x85\
\xff\x87x\x8e\xff\x93\x83\x92\xff\x7fz\x91\xfffGy\
\xffSO\x81\xff!T\x85\xff\x03/z\xff\x18\x1dn\
\xff\x87r\x8b\xff\xb9\xb4\xac\xff^V\x82\xfffCx\
\xff\xb0\x9c\xa5\xff\xb9\xb5\xa8\xff\xaf\xb0\xa5\xff\xaf\xb0\xa8\
\xff\xbc\xb8\xad\xff\xa7\xa9\xa5\xffQHv\xffT3j\
\xff\x92\x8e\x97\xffAj\x93\xff&P\x8e\xff5Z\x95\
\xff2X\x92\xff1W\x90\xff/S\x8e\xff/R\x92\
\xff-P\x8e\xff+Q\x88\xff.S\x8c\xff/Q\x8f\
\xff'I\x84\xff Cw\xff\x1e@y\xff#=\x82\
\xffKVh\xffhgZ\xffxxg\xffusk\
\xffvpk\xff{xs\xffrwp\xff}~u\
\xff\x80\x83x\xff\x7f}s\xff\x89\x7fx\xff\x7fzt\
\xff\x80{v\xff\x84~z\xff\x7f|w\xff\x84|x\
\xff\x84xr\xff}ys\xffzxy\xff|vs\
\xff~yq\xff\x83\x84v\xff`km\xff\x1f>s\
\xff\x1c9~\xff\x1f<x\xff\x1a5n\xff\x172h\
\xff\x1a3i\xff\x18.i\xff\x16+h\xff\x16,f\
\xff\x15+d\xff\x16-e\xff\x16-e\xff\x15,d\
\xff\x17+d\xff\x15)b\xff\x15*c\xff\x15)b\
\xff\x11'a\xff\x10%d\xff\x1e*[\xff6@N\
\xff8La\xff4Oh\xff$Eu\xff\x1cC\x91\
\xff\x13E\x97\xff)P\x82\xffH^i\xffLZi\
\xffFZl\xffCXh\xffBQc\xff=M^\
\xff5FY\xff6@S\xffBKZ\xffJWd\
\xffCS`\xffCUb\xffJ_k\xffRfq\
\xffVis\xffVht\xffXit\xffShs\
\xffLdn\xffNbm\xffM]j\xffCQ^\
\xff6GU\xff:DS\xffOQ[\xffgbc\
\xffR[d\xffPgw\xff`t|\xffXmu\
\xff\x8b\x8e\x86\xff\xb3\xb0\xa6\xff\x9e\xaa\xab\xff\x90\xa4\xaa\
\xff\x8c\xa5\xad\xff\x8e\xa4\xac\xff\x93\xa5\xad\xff\x8a\xa3\xa9\
\xff\x86\xa0\xa6\xff\x88\xa0\xa9\xff\x85\x9e\xa7\xff\x87\x9d\xa3\
\xff\x82\x9b\xa6\xff\x8e\xa2\xa1\xffu\x94\xa0\xff_~\xad\
\xff\xa1\xa6\xab\xff\xc9\xbf\xa7\xff\xc0\xba\xa9\xff\xb9\xb8\xa8\
\xff\xb7\xb7\xa8\xff\xb3\xae\xa3\xff\xad\xa9\x9c\xff\xa8\xa4\x96\
\xffq\x84\x9f\xffl\x8b\xaa\xff\x93\xa7\xa8\xff\x8b\x9f\xa5\
\xff\x8a\xa1\xa5\xff\x88\xa0\xa5\xff\x86\x9e\xa5\xff\x89\x9d\xa5\
\xff\x89\x9e\xa5\xff\x8f\xa3\xa3\xff\x88\xa0\xa5\xffk\x8b\xa6\
\xff\x8b\x97\xaa\xff\xc0\xbb\xa0\xff\xb6\xaf\x9f\xff\xb1\xac\xa1\
\xff\xa3\xa7\x92\xff\xa3\xa6\x92\xffw\x88\x97\xffy\x92\xa0\
\xff\x8c\x9d\xa4\xff\x81\x9a\xa1\xff\x7f\x9a\x9d\xff\x84\x97\xa1\
\xff\x82\x97\xa1\xff\x88\x9e\xa0\xffo\x8f\x9f\xff\x8b\x9c\xac\
\xff\xc3\xbe\xaa\xff\xc1\xb8\xa1\xff\xb5\xaf\x9e\xff\xa6\xa3\x98\
\xff\x7f\x8f\x9c\xffy\x95\x9e\xff\x85\x9b\x9f\xff~\x95\x9e\
\xff\x83\x96\x9e\xff|\x92\x9a\xffs\x8e\xa2\xff\xa9\xad\xb3\
\xff\xc4\xba\xa5\xff\xb3\xae\x9c\xff\x98\x9b\x9f\xff|\x8f\x9a\
\xff\x80\x97\x9c\xff~\x94\x9a\xff\x7f\x96\x95\xffx\x8d\x91\
\xff\x8b\x97\x95\xff\xbb\xaf\xa0\xff\xb4\xa8\x9e\xff\x8f\x98\x8f\
\xff\x80\x90\x95\xff}\x95\x95\xffp\x85\x8a\xffz\x7f\x81\
\xff\x98\x99\x93\xff\x86\x95\x97\xffk\x84\x8c\xff{\x86\x8d\
\xff\x85\x8b\x8f\xff\x84\x95\x90\xff\x8e\x9d\x94\xffq|\x8d\
\xffW^w\xff]l~\xff|\x94\x95\xff\x83\x98\x97\
\xffM]{\xff>Nq\xffa\x80\x8e\xffl\x85\x95\
\xffz\x81\x82\xffyx\x85\xffSIu\xffE3f\
\xffL9k\xffL8m\xffK7l\xffJ7k\
\xffM7k\xffN8l\xffO8m\xffO8l\
\xffL9l\xffG/f\xffL>l\xffaew\
\xffVQr\xffF/h\xffQ=k\xffO;j\
\xffQ9l\xffP;j\xffO<k\xffQ<k\
\xffR;l\xffQ;m\xffR;m\xffQ:l\
\xffL4i\xffP>i\xffns{\xffhVw\
\xff\x94z\x86\xff\xb1\xa7\x98\xff\xb8\xb6\xa4\xff\x85\x86\x8f\
\xffpPw\xff\xaf\x9a\xa3\xff\xba\xb4\xaa\xff\xb8\xb3\xa0\
\xff\xa3\xa5\x97\xff_Ns\xff\x95~\x8d\xff\xbb\xb5\xa0\
\xff\xb1\xaf\x98\xff\xbb\xb6\xa1\xff\x9c\xa3\x99\xffuR~\
\xffd\x5c\x87\xff-^\x87\xff\x02-x\xff\x14\x1bl\
\xff\x82i\x7f\xff\xb9\xb9\xa2\xff\x5cW\x83\xfffBw\
\xff\xb6\xa0\x97\xff\xb2\xa7\x9e\xff\x9f\x9a\x95\xff\x98\x97\x8e\
\xff\xa2\xa1\x96\xff\x9a\x9e\x9e\xffTM|\xffT7l\
\xff\x94\x93\x9d\xffEo\x99\xff)Q\x90\xff6X\x93\
\xff1W\x92\xff2U\x90\xff/S\x8e\xff-R\x8f\
\xff,O\x8e\xff+P\x88\xff,Q\x8c\xff-O\x8e\
\xff'H\x83\xff Aw\xff\x1d>x\xff\x22<\x80\
\xffKSi\xffgeX\xffvvh\xffuvo\
\xffyuq\xff\x80~z\xff|}x\xff\x84\x81y\
\xff~\x80u\xffyzq\xff|xr\xffrqk\
\xffwtp\xff\x7f~z\xffz\x7fz\xff\x80\x80{\
\xff\x80\x80v\xffz\x82w\xffw~{\xffzzv\
\xff}|s\xff\x82\x83u\xffckn\xff!<r\
\xff\x1a3{\xff\x1d9u\xff\x1a4k\xff\x171h\
\xff\x1b3i\xff\x1a.i\xff\x19,h\xff\x19-f\
\xff\x18,e\xff\x17+e\xff\x17+e\xff\x17+f\
\xff\x16*d\xff\x14)b\xff\x15)c\xff\x14(a\
\xff\x14)c\xff\x10$d\xff\x1a&X\xff&1B\
\xff4H^\xff;Oh\xff)Es\xff\x17D\x8f\
\xff\x10F\x9e\xff&G\x7f\xff=IU\xff=ES\
\xff3AT\xff-?O\xff-=N\xff2EU\
\xffCXh\xffL\x5cm\xffO`m\xffWjw\
\xffNeq\xffG\x5ci\xffDZg\xffBXc\
\xff>Q]\xff;LX\xff;JU\xff:GS\
\xff8GS\xff>NY\xffBR`\xffCYe\
\xffG^j\xffTgr\xff\x84\x85\x89\xff\xb0\xab\xa5\
\xff\x87\x93\x97\xffk\x86\x96\xffy\x91\x9b\xffe~\x86\
\xff\x97\xa1\x93\xff\xbb\xba\xa8\xff\xa1\xae\xad\xff\x8d\xa2\xa8\
\xff\x85\x9e\xa5\xff\x87\x9c\xa6\xff\x8c\x9f\xa8\xff\x84\x9d\xa3\
\xff\x83\x9c\xa2\xff\x89\x9c\xa6\xff\x87\x9c\xa8\xff\x89\xa0\xa7\
\xff\x86\x9d\xa8\xff\x91\xa4\xa3\xff\x81\x9e\xaf\xff<_\x90\
\xff;GP\xffb`I\xffutf\xff__T\
\xffsqg\xff\xa6\xa4\x9c\xff\xa9\xa7\x9b\xff\x9c\x99\x8e\
\xffn\x82\x9d\xffo\x8d\xac\xff\x95\xa7\xa8\xff\x8b\x9e\xa4\
\xff\x89\xa0\xa5\xff\x89\xa1\xa5\xff\x88\x9f\xa6\xff\x89\x9e\xa7\
\xff\x88\x9c\xa6\xff\x8c\x9e\xa3\xff\x8b\xa5\xad\xffe\x89\xa8\
\xffGXn\xff[[D\xffZWM\xff\x8e\x8b\x87\
\xff\x9c\xa3\x95\xff\x92\x98\x8d\xffj|\x91\xffx\x94\xa2\
\xff\x8c\x9e\xa4\xff\x81\x98\xa1\xff\x81\x99\x9e\xff\x86\x96\xa1\
\xff\x84\x97\xa0\xff\x8b\x9f\xa1\xffw\x94\xa5\xffVp\x82\
\xffggZ\xff\x95\x95\x80\xff\xa3\xa3\x96\xff\x8f\x91\x8b\
\xfft\x89\x97\xffx\x92\x9e\xff\x85\x99\x9d\xff\x86\x99\xa1\
\xff\x84\x94\x9d\xff\x83\x99\x9d\xffh\x82\x93\xffpu|\
\xff\xa1\x9b\x8a\xff\xa8\xa6\x9a\xff\x86\x8e\x91\xffy\x8c\x98\
\xff\x85\x98\x9c\xff\x81\x93\x9d\xff\x82\x93\x9e\xffz\x88\x93\
\xff\x85\x8f\x8f\xff\xb6\xa9\x9d\xff\xa9\x9e\x9a\xff\x84\x8c\x8d\
\xffv\x8e\x96\xffy\x90\x99\xffm\x81\x89\xffv\x80~\
\xff\x91\x94\x94\xff}\x88\x98\xff}\x8e\x92\xff\xad\xb0\x9c\
\xff\xb0\xac\x9e\xff\x86\x8f\x93\xffx\x8e\x8e\xff~\x95\x93\
\xff\xab\xad\x9f\xff\xac\xac\x9c\xff\x86\x91\x93\xffy\x8d\x95\
\xff\x95\x97\x92\xff\xa3\x9f\x96\xff\x8a\x94\x95\xff~\x8b\x94\
\xff\x88\x88\x7f\xffxz|\xffROt\xffG8h\
\xffM=m\xffQ>o\xffR?o\xffQ?o\
\xffQ<o\xffO:m\xffP:m\xffS<p\
\xffS?r\xffM5m\xffRAr\xffhh|\
\xff\x5cSv\xffJ0k\xffS=p\xffR=p\
\xffT;q\xffR:p\xffR;q\xffQ:p\
\xffP8m\xffP8o\xffR:p\xffQ8o\
\xffJ2g\xffN<g\xffor|\xffkYv\
\xff\xa6\x86\x8e\xff\xb5\xac\x96\xff\xad\xaf\x93\xff}\x84\x85\
\xfftQt\xff\xaa\x94\x8f\xff\xa8\xa5\x8f\xff\xa3\x9d\x8c\
\xff\x94\x93\x8f\xff\x5cFv\xff\x91r\x87\xff\xb0\xa3\x94\
\xff\xa1\x98\x8a\xff\xa2\x9a\x8a\xff\x94\x95\x93\xffvQ\x7f\
\xff`\x5c\x80\xff)Y\x88\xff\x03.|\xff\x15\x1eh\
\xffz_o\xff\xb0\xad\x95\xff`^\x82\xffjHv\
\xff\xa7\x94\x90\xff\xaa\xa2\x9a\xff\xa4\x9c\x95\xff\x9f\x9a\x8f\
\xff\xa2\xa0\x8f\xff\x9a\x9b\x97\xffPI{\xffJ1i\
\xff\x8e\x8f\x9b\xffFr\x9c\xff*R\x91\xff4W\x91\
\xff/U\x8e\xff0T\x8f\xff/S\x8e\xff,P\x8d\
\xff+P\x8c\xff,Q\x88\xff,P\x8b\xff-N\x8d\
\xff'G\x83\xff!?v\xff\x1c;x\xff!;|\
\xffMTk\xffcaW\xffrrf\xffrtn\
\xffmli\xffpmj\xffnnk\xff\x7fys\
\xff\x82\x80x\xffwxq\xffyws\xffbjc\
\xffY_Y\xfffkg\xfffpk\xfffnh\
\xffloe\xffgpe\xffdli\xffgfb\
\xffopg\xff\x7f\x85v\xffaop\xff\x1e=q\
\xff\x173z\xff\x1b7s\xff\x193j\xff\x160g\
\xff\x1a1h\xff\x19,i\xff\x18+h\xff\x18,f\
\xff\x17+d\xff\x17+e\xff\x17+e\xff\x17+e\
\xff\x16)d\xff\x15(b\xff\x14'b\xff\x14&`\
\xff\x15'b\xff\x0e$a\xff\x1a)Z\xff,3G\
\xff5BM\xff:FQ\xff)@g\xff\x18C\x8d\
\xff\x11G\xa3\xff%F\x7f\xff;JU\xff?NY\
\xff<Sc\xffB]k\xffIaq\xffDcq\
\xffIkz\xffNcs\xffBM^\xff>K\x5c\
\xff<KZ\xff2@M\xff3BO\xff;JW\
\xff>KY\xffER`\xffL^i\xffRep\
\xffYlx\xff`s\x7f\xffcv\x82\xffdz\x88\
\xffaw\x85\xff_tz\xff\x8d\x90\x89\xff\xbc\xb7\xa2\
\xff\x8d\x99\x92\xfff\x81\x90\xffq\x8b\x99\xff\x5ct\x83\
\xff\x94\x95\x94\xff\xb8\xb0\xa5\xff\x99\xa5\xa5\xff\x85\x9e\xa4\
\xff\x83\x9e\xa5\xff\x86\x9b\xa6\xff\x8c\x9e\xa7\xff\x86\x9e\xa4\
\xff\x82\x9d\xa3\xff\x86\x9a\xa3\xff\x8a\x9d\xa9\xff\x87\x9c\xa4\
\xff\x84\x9c\xa7\xff\x90\xa6\xa7\xff\x82\xa0\xb3\xff>b\x94\
\xff@LT\xffaeK\xffkrd\xffV]R\
\xffnqg\xff\xa0\xa2\x98\xff\xa0\xa2\x96\xff\x9a\x98\x8d\
\xffp\x83\x9d\xffo\x8e\xa9\xff\x92\xa4\xa4\xff\x8d\x9f\xa6\
\xff\x8b\xa1\xa7\xff\x8a\xa2\xa7\xff\x89\xa0\xa8\xff\x8b\xa0\xa8\
\xff\x8a\x9f\xa7\xff\x8f\xa1\xa4\xff\x8e\xa6\xae\xfff\x89\xa7\
\xffJZo\xffbdK\xffYZM\xff\x92\x8d\x8a\
\xff\x9c\xa2\x94\xff\x8f\x93\x86\xffl\x7f\x94\xff{\x97\xa4\
\xff\x8b\x9e\xa4\xff\x7f\x97\xa0\xff\x80\x98\x9d\xff\x86\x96\xa1\
\xff\x84\x97\xa0\xff\x88\x9d\x9f\xffx\x95\xa7\xffRm\x83\
\xffX\x5cR\xff\x8e\x91~\xff\x9f\xa2\x97\xff\x88\x8b\x88\
\xffr\x88\x96\xff{\x95\xa0\xff\x86\x9a\x9e\xff\x7f\x96\x9c\
\xff\x80\x93\x99\xff\x85\x9d\xa1\xffh\x83\x94\xffafn\
\xff\x93\x8d{\xff\xa0\x9d\x91\xff\x80\x8a\x8a\xffx\x8b\x9a\
\xff\x86\x98\x9e\xff\x80\x94\x97\xff\x84\x9a\x99\xffp\x84\x92\
\xffds\x80\xff\x98\x96\x8d\xff\x8f\x92\x8d\xffv\x89\x89\
\xffw\x94\x91\xff|\x90\x97\xfft\x83\x8a\xffu\x81~\
\xff\x8d\x97\x90\xff{\x8e\x99\xffy\x85\x90\xff\x9d\x96\x89\
\xff\x9e\x96\x8f\xff|\x8a\x98\xffx\x90\x99\xffy\x90\x94\
\xff\x9b\x9d\x96\xff\x98\x99\x94\xff\x81\x8d\x98\xfft\x8c\x99\
\xff\x96\x9b\x98\xff\xa0\x9f\x96\xff\x84\x90\x95\xffq\x86\x90\
\xff\x82\x86~\xffv}|\xffSPu\xffI5o\
\xffN;m\xffQ>q\xffS?r\xffR>r\
\xffR<q\xffQ;p\xffR;p\xffR<p\
\xffR?p\xffL5k\xffO?o\xfffg{\
\xff[Tw\xffI0i\xffR=l\xffR=n\
\xffT;o\xffT;q\xffS<r\xffS:q\
\xffR:o\xffR:p\xffS:p\xffS<n\
\xffL4g\xffN:g\xffpr{\xffq\x5c}\
\xff\xa0\x81\x8e\xff\xb2\xa8\x99\xff\xb1\xae\x9a\xff\x90\x94\x98\
\xff\x83c\x80\xff\xb1\x9b\x90\xff\xae\xaa\x92\xff\xab\xa4\x92\
\xff\xa3\xa3\x97\xff{i\x83\xff\xa2\x88\x90\xff\xb7\xab\x98\
\xff\xac\xa1\x94\xff\xad\xa5\x98\xff\xa2\xa3\x99\xff\x8cv\x8b\
\xffns\x8b\xff$T\x88\xff\x00*\x82\xff\x14\x1al\
\xff}a{\xff\xbc\xb9\xa3\xff\x80w\x98\xff\x7fb\x8f\
\xff\x9c\x94\x93\xff\x96\x95\x8b\xff\x9b\x92\x8b\xff\xa1\x92\x8c\
\xff\xa6\x9c\x90\xff\x9e\x9d\x99\xff^X\x87\xffS>q\
\xff\x8b\x8e\x98\xffCp\x98\xff(O\x8f\xff2U\x8f\
\xff/S\x8c\xff0Q\x8d\xff/R\x8d\xff,O\x8f\
\xff,P\x8d\xff-P\x88\xff,O\x89\xff.N\x8b\
\xff)G\x83\xff!>u\xff\x1d;w\xff!9}\
\xffIOh\xffa_V\xffwym\xffdid\
\xff&(%\xff\x11\x0e\x0c\xff\x0d\x0d\x0b\xffLC?\
\xff\x82\x80z\xffx|v\xff}~x\xffZ`[\
\xff('#\xff\x22\x1c\x17\xff$#\x1f\xff$\x22\x1d\
\xff(#\x1b\xff$\x22\x1b\xff\x22 \x1f\xff\x1b\x16\x11\
\xffGB:\xff\x88\x89{\xffbmo\xff\x1d<n\
\xff\x173x\xff\x1d8r\xff\x192j\xff\x17/f\
\xff\x19.e\xff\x19+f\xff\x16)f\xff\x16)d\
\xff\x16)b\xff\x17*d\xff\x18*e\xff\x17)d\
\xff\x15'b\xff\x14&a\xff\x13%`\xff\x14&`\
\xff\x14%_\xff\x0d\x22^\xff\x15&Y\xff'1S\
\xff+?M\xff6FL\xff)Aj\xff\x18@\x90\
\xff\x0eE\x9d\xff$M\x82\xff<Wd\xffC[h\
\xffA^m\xffA_l\xffE_o\xffC_n\
\xffEbq\xffKaq\xffATc\xff:N]\
\xffAXg\xffI_m\xffQgt\xffUkx\
\xffWmz\xffYq}\xffUr}\xffVs~\
\xffXq}\xffVp|\xffYr~\xff`u\x81\
\xff\x5cs\x7f\xff\x5cmx\xff\x88\x8a\x85\xff\xb5\xae\x9b\
\xff\x8a\x95\x8e\xffh\x80\x8e\xffn\x88\x97\xff\x5cu\x85\
\xff\x95\x97\x92\xff\xbb\xb3\xa4\xff\x9c\xa9\xa7\xff\x85\x9f\xa5\
\xff\x82\x9e\xa6\xff\x84\x9b\xa6\xff\x89\x9c\xa5\xff\x84\x9c\xa2\
\xff\x83\x9d\xa3\xff\x87\x9d\xa5\xff\x88\x9e\xa7\xff\x8a\x9d\xa6\
\xff\x84\x9b\xa4\xff\x8d\xa2\xa6\xff\x84\xa2\xb6\xff@c\x96\
\xff6BL\xffY_G\xffmug\xff\x5ceY\
\xffpvi\xff\x9e\xa1\x96\xff\x9a\x9e\x8f\xff\x95\x93\x86\
\xffm\x82\x99\xffp\x91\xa8\xff\x94\xa7\xa5\xff\x8a\x9e\xa5\
\xff\x89\x9f\xa5\xff\x89\xa1\xa6\xff\x88\xa0\xa7\xff\x8a\x9f\xa7\
\xff\x8a\x9f\xa7\xff\x8e\xa1\xa5\xff\x8c\xa4\xab\xfff\x87\xa4\
\xffO_r\xffegM\xff\x5c]P\xff\x91\x8b\x89\
\xff\x9a\x9e\x8f\xff\x8c\x8f\x82\xffl\x7f\x95\xff~\x98\xa4\
\xff\x8b\x9e\xa3\xff\x7f\x98\xa1\xff\x7f\x9a\x9e\xff\x88\x99\xa3\
\xff\x87\x98\xa2\xff\x86\x9d\x9e\xffx\x95\xa7\xffYo\x87\
\xff]^X\xff\x8f\x8e}\xff\x9c\x9d\x94\xff\x88\x87\x85\
\xfft\x89\x96\xff~\x96\xa2\xff\x87\x99\x9e\xff\x80\x95\x9c\
\xff\x83\x96\x9c\xff\x85\x9d\xa1\xfff\x82\x94\xffejr\
\xff\x94\x8d{\xff\x99\x98\x8b\xffz\x85\x86\xffx\x8c\x9c\
\xff\x83\x95\x9c\xff~\x93\x90\xff\x86\x9c\x95\xffs\x86\x93\
\xffku\x7f\xff\x9e\x96\x89\xff\x95\x91\x89\xffz\x87\x85\
\xff}\x95\x98\xff\x82\x95\x99\xffv\x82\x87\xffw\x81~\
\xff\x90\x9c\x92\xff}\x95\x97\xffw\x86\x8e\xff\x97\x8d\x8a\
\xff\x99\x90\x8c\xff}\x8c\x92\xff\x7f\x92\x98\xffz\x87\x95\
\xff\x90\x8e\x8f\xff\x90\x8f\x89\xff\x85\x90\x95\xff{\x90\x9b\
\xff\x8a\x8f\x8f\xff\x8a\x91\x89\xffz\x91\x95\xffo\x86\x91\
\xff}\x82\x84\xffw|\x86\xffULy\xffK1o\
\xffM:k\xffM:k\xffK9j\xffL9j\
\xffO:k\xffQ<m\xffR=n\xffR=m\
\xffS?n\xffM5k\xffP?n\xfffgz\
\xff]Vt\xffN4k\xffU@o\xffT?p\
\xffU=n\xffS>l\xffQ<j\xffR<j\
\xffQ<j\xffR=k\xffT<j\xffR;j\
\xffO5k\xffT>p\xffrt~\xff\x95\x8d\x96\
\xff\xa2\x9a\x98\xff\xa0\xa1\x92\xff\xb1\xad\xa2\xff\x8b\x85\x95\
\xfft\x5c\x81\xff\x8b|\x85\xff\xa2\x9b\x8f\xff\xab\xa7\x9e\
\xff\x8d\x8a\x8d\xffsfz\xff}qz\xff\x90\x86\x83\
\xff\xab\xa4\x97\xff\xaf\xa9\xa6\xff\x8a\x8a\x8c\xff{m|\
\xfffk\x85\xff\x22Q\x81\xff\x041}\xff\x19 h\
\xffwe\x82\xff\x9d\x9d\x93\xffe`i\xffxiu\
\xff\xa8\xa5\xa1\xff\xa1\xa5\xa7\xff\xa4\x99\x9e\xff\xaa\xa0\x9e\
\xff\xb2\xab\xa6\xff\xac\xac\xac\xff\x91\x94\xa5\xff\x91\x89\x97\
\xff\x94\x99\x9d\xffAn\x98\xff)Q\x8e\xff5V\x90\
\xff1S\x8c\xff1Q\x8d\xff.Q\x8c\xff-P\x8f\
\xff,N\x8b\xff+N\x85\xff*M\x88\xff-L\x8b\
\xff'E\x81\xff\x1f<t\xff\x1d9w\xff 7z\
\xffFLf\xff^\x5cV\xffptj\xffcmi\
\xff+0/\xff\x12\x11\x10\xff\x04\x03\x02\xffF;8\
\xff\x84\x82{\xffpxq\xffx|u\xff_d^\
\xff)!\x1c\xff'\x14\x0f\xff1\x1f\x1c\xff*\x1b\x17\
\xff.\x1d\x15\xff0 \x1a\xff)\x1b\x1c\xff#\x13\x0f\
\xffNA9\xff\x8a\x84w\xfffjm\xff 9l\
\xff\x181x\xff\x1b6r\xff\x192h\xff\x190e\
\xff\x1a.c\xff\x1a+f\xff\x17)f\xff\x17)c\
\xff\x15(a\xff\x15'b\xff\x16(c\xff\x15'b\
\xff\x14'`\xff\x13&_\xff\x12&_\xff\x14%^\
\xff\x15$]\xff\x12$]\xff\x10!Y\xff\x0f\x1eU\
\xff\x22>\x5c\xff8Pb\xff#Dv\xff\x12>\x92\
\xff\x11D\x9b\xff*J\x7f\xff>Sc\xffHVh\
\xffBWk\xff=Vg\xffBZj\xffD\x5ck\
\xffD^n\xffHap\xffMfu\xffMhv\
\xffJgu\xffNjy\xffOjy\xffOhw\
\xffRiw\xffSjw\xffSkx\xffRkx\
\xffRlx\xffTp{\xffUr|\xffVt~\
\xffTr\x7f\xffUlz\xff\x83\x87\x85\xff\xb3\xac\x9c\
\xff\x8e\x97\x90\xffl\x84\x90\xffo\x89\x98\xff[v\x85\
\xff\x92\x94\x8d\xff\xba\xb2\xa3\xff\x9b\xa7\xa8\xff\x81\x9b\xa2\
\xff\x80\x9d\xa4\xff\x84\x9c\xa7\xff\x8a\x9c\xa5\xff\x84\x9c\xa2\
\xff\x82\x9c\xa2\xff\x85\x9c\xa3\xff\x83\x9b\xa3\xff\x89\x9d\xa5\
\xff\x87\x9e\xa4\xff\x8f\xa0\xa4\xff\x86\xa3\xb5\xff@c\x95\
\xff-9E\xffQX@\xffmse\xffYaR\
\xffmrd\xff\x9e\xa0\x94\xff\x9e\xa1\x90\xff\x92\x92\x84\
\xffj\x7f\x99\xffp\x91\xaa\xff\x94\xa7\xa6\xff\x88\x9d\xa3\
\xff\x87\x9e\xa4\xff\x88\xa0\xa4\xff\x87\x9e\xa6\xff\x89\x9e\xa6\
\xff\x89\x9d\xa5\xff\x8d\xa0\xa3\xff\x8c\xa3\xaa\xfff\x86\xa2\
\xffK\x5cm\xff^cH\xffZ\x5cO\xff\x8e\x88\x85\
\xff\x98\x9b\x8b\xff\x8a\x8b\x81\xffj~\x95\xff}\x97\xa4\
\xff\x8a\x9c\xa2\xff\x7f\x97\xa1\xff\x80\x9a\x9f\xff\x87\x99\xa3\
\xff\x86\x99\xa2\xff\x85\x9d\x9d\xffv\x95\xa6\xffQi\x82\
\xff[]X\xff\x8e\x8c}\xff\x9b\x9a\x90\xff\x86\x84\x80\
\xfft\x87\x96\xff\x7f\x96\xa2\xff\x87\x99\x9e\xff\x83\x96\x9d\
\xff\x80\x96\x9c\xff\x87\xa0\xa4\xfff\x82\x96\xff`fn\
\xff\x91\x8cy\xff\x96\x97\x89\xffv\x83\x85\xffs\x8a\x99\
\xff\x81\x96\x9c\xff\x80\x96\x98\xff\x81\x96\x9a\xffp\x83\x96\
\xffjv~\xff\x98\x93\x82\xff\x8f\x8b\x87\xff{\x85\x91\
\xff\x7f\x91\x9e\xff\x7f\x93\x98\xfft\x84\x85\xffv\x80}\
\xff\x8e\x99\x90\xff~\x96\x94\xffv\x8b\x8e\xff\x8f\x8b\x8a\
\xff\x8f\x8b\x86\xffy\x8c\x90\xff\x80\x96\x98\xffz\x8b\x91\
\xff\x8c\x90\x87\xff\x8d\x90\x84\xff\x80\x8f\x93\xffz\x8f\x9a\
\xff\x89\x90\x8c\xff\x8e\x90\x85\xff}\x8d\x91\xffs\x88\x90\
\xff\x81\x83\x86\xffuv\x83\xffVMy\xffN5q\
\xffQ=r\xffU?w\xffT>w\xffR=u\
\xffS;s\xffS:s\xffT;t\xffS;t\
\xffV=v\xffQ7r\xffT?x\xffed\x82\
\xff]S|\xffO0r\xffU<u\xffU;v\
\xffZ=w\xffV>s\xffU=s\xffU<r\
\xffT=q\xffV>r\xffW=q\xffU;p\
\xffQ6n\xffU>s\xffrr\x7f\xff\x95\x99\x98\
\xff\x86\x92\x96\xffNPb\xffKCc\xff9\x1fV\
\xff%\x14O\xff'\x1cM\xffN<e\xffWHs\
\xff/ U\xff\x1e\x0cG\xff\x19\x0cC\xff,\x1aK\
\xffZKl\xffM?m\xff%\x17T\xff'\x0dG\
\xff& X\xff\x17@|\xff\x10;\x82\xff&*t\
\xffNEk\xff+02\xff\x00\x00\x00\xff4%'\
\xff\x88{\x7f\xff\xa2\xa5\xb0\xff\xa2\xa0\xaa\xff\xa1\xa5\xa5\
\xff\x98\x9c\x9f\xff\x91\x93\x9e\xff\x92\x98\x9e\xff\xac\xa7\xa4\
\xff\x96\x9d\xa1\xff=l\x97\xff)Q\x8e\xff4U\x8e\
\xff1R\x8b\xff3R\x8e\xff,P\x8a\xff*N\x8d\
\xff(K\x88\xff)L\x84\xff+K\x86\xff,K\x89\
\xff&C\x80\xff\x1c9r\xff\x1a6t\xff\x1d4v\
\xffBId\xffZXS\xfflpg\xffaig\
\xff%)(\xff\x17\x19\x15\xff\x0d\x0c\x0b\xffI98\
\xff\x84~w\xffqxq\xffv{u\xff\x5cf[\
\xff-+\x22\xff-\x22\x1b\xff0*\x22\xff.,#\
\xff6.#\xff50'\xff742\xff0)$\
\xffNJ@\xff\x83\x85u\xff_ij\xff\x1e;l\
\xff\x151w\xff\x1c5r\xff\x181g\xff\x15.a\
\xff\x19.d\xff\x18+f\xff\x16(e\xff\x15(b\
\xff\x14(`\xff\x15(a\xff\x15(a\xff\x14'`\
\xff\x13&_\xff\x13&^\xff\x13&_\xff\x14%\x5c\
\xff\x15#[\xff\x14#\x5c\xff\x11\x22W\xff\x0e\x1fY\
\xff#<^\xff4I\x5c\xff\x22An\xff\x13A\x89\
\xff\x16F\x9a\xff)J\x81\xff;Rc\xffBRd\
\xff>Si\xff<Vg\xff@Yi\xff@\x5cj\
\xffB^m\xffC]m\xffFap\xffIet\
\xffDbq\xffDcq\xffHet\xffKeu\
\xffLfu\xffNiv\xffPjv\xffSlw\
\xffSlx\xffTnz\xffUp{\xffVp}\
\xffWq\x80\xffWkz\xff\x80\x84\x85\xff\xb2\xac\x9b\
\xff\x91\x99\x91\xffl\x84\x8f\xffp\x8a\x99\xffYt\x83\
\xff\x92\x95\x8e\xff\xb9\xb2\xa3\xff\x9c\xa9\xa7\xff\x82\x9d\xa3\
\xff\x81\x9d\xa5\xff\x84\x9c\xa6\xff\x89\x9c\xa5\xff\x84\x9d\xa2\
\xff\x83\x9c\xa2\xff\x85\x9c\xa3\xff\x85\x9e\xa5\xff\x89\x9d\xa5\
\xff\x89\xa0\xa5\xff\x90\xa1\xa2\xff\x88\xa3\xb3\xff<_\x91\
\xff+:C\xffU\x5cC\xffmqe\xff[`R\
\xfforf\xff\x9b\x9a\x92\xff\x99\x9b\x90\xff\x8d\x8f\x86\
\xffgz\x9a\xffn\x8c\xad\xff\x93\xa5\xa8\xff\x89\x9d\xa5\
\xff\x88\x9f\xa5\xff\x88\xa0\xa5\xff\x88\x9f\xa6\xff\x89\x9f\xa6\
\xff\x89\x9e\xa6\xff\x8d\xa0\xa4\xff\x8c\xa3\xab\xffg\x87\xa5\
\xffG\x5cm\xffYaH\xffV[O\xff\x8c\x86\x85\
\xff\x96\x97\x8c\xff\x86\x89\x81\xffd|\x94\xffz\x97\xa5\
\xff\x89\x9b\xa1\xff\x80\x98\xa1\xff\x7f\x99\x9e\xff\x84\x97\xa0\
\xff\x83\x97\xa0\xff\x85\x9c\x9e\xffw\x95\xa6\xffSl\x86\
\xffY]Y\xff\x86\x89z\xff\x92\x95\x8b\xff\x7f\x82~\
\xffo\x85\x93\xff}\x98\xa2\xff\x86\x9d\x9e\xff\x82\x98\x9c\
\xff\x80\x95\x9c\xff\x87\x9f\xa4\xffh\x82\x95\xff_em\
\xff\x8d\x89w\xff\x96\x96\x8a\xffu\x83\x86\xffp\x8a\x97\
\xff\x82\x99\x9d\xff~\x96\x9b\xff~\x96\x9e\xffn\x81\x96\
\xffgw{\xff\x92\x95|\xff\x89\x8a\x85\xfft\x82\x91\
\xff~\x92\x9c\xff|\x93\x97\xffq\x84\x88\xfft\x7f\x80\
\xff\x8d\x94\x90\xff\x81\x95\x96\xffu\x8c\x8f\xff\x89\x8d\x87\
\xff\x89\x8c\x86\xffx\x8d\x91\xff\x7f\x95\x95\xff}\x8c\x91\
\xff\x8b\x8c\x8a\xff\x89\x8a\x8a\xff\x80\x8f\x95\xff{\x92\x97\
\xff\x84\x8d\x8e\xff\x8a\x8a\x86\xff\x7f\x8f\x92\xfft\x8a\x89\
\xff\x82\x85~\xff}\x7f\x82\xffWT|\xffK6r\
\xffQ<v\xffT>z\xffR=x\xffS=y\
\xffS<w\xffT<w\xffT<w\xffR:v\
\xffS;u\xffK1n\xffS@v\xffll\x86\
\xff`W~\xffO2s\xffYAx\xffZ@x\
\xff]@w\xff[A{\xff\x5cC|\xff\x5cAz\
\xffZ@x\xff[@x\xff\x5c@x\xffZ=w\
\xffR5o\xffYAu\xff\x7f}\x8e\xff\x95\x9a\x96\
\xff~\x8e\x9a\xff##M\xff\x13\x05<\xff1\x16R\
\xff) R\xff$\x1cO\xff#\x10K\xff\x1e\x0cI\
\xff&\x17P\xff)\x1eO\xff#\x1dM\xff&\x16N\
\xff\x1e\x0dE\xff\x1c\x0eH\xff&\x1aW\xff3\x1bS\
\xff.'\x5c\xff\x1fC\x83\xff\x11:\x89\xff\x1b o\
\xffTKo\xffcjg\xffPVX\xffkbg\
\xff\x8e\x88\x88\xff\x98\x9d\x9f\xff\x88\x8e\x94\xff\x8c\x91\x98\
\xff\x8b\x95\x9a\xff\x8e\x91\x9c\xff\x8f\x94\x9b\xff\x9d\x9d\x9b\
\xff\x90\x99\x9b\xffCl\x92\xff%N\x8f\xff0R\x8e\
\xff/O\x8a\xff/Q\x8a\xff*O\x87\xff+L\x8a\
\xff,J\x87\xff+K\x83\xff*J\x86\xff+J\x89\
\xff$A~\xff\x196n\xff\x185p\xff\x1c0s\
\xff>Dc\xffVVP\xffloe\xff`ie\
\xff\x1b\x1e \xff\x11\x14\x11\xff\x0c\x0d\x0e\xffE55\
\xff\x7fys\xffqtn\xffqvp\xffU`Z\
\xff+1+\xff)(#\xff!+#\xff&1(\
\xff/2+\xff*/'\xff(1'\xff\x1b\x1e\x19\
\xff>?9\xff~\x80t\xff[ij\xff\x1e7h\
\xff\x12-q\xff\x1e3r\xff\x19/f\xff\x15,`\
\xff\x18-b\xff\x16)b\xff\x14'a\xff\x14&a\
\xff\x12%^\xff\x13&_\xff\x13&`\xff\x13'_\
\xff\x12']\xff\x13&]\xff\x14%\x5c\xff\x12$Z\
\xff\x13$Z\xff\x15\x22[\xff\x14\x22U\xff\x12!U\
\xff';X\xff4HU\xff&Aj\xff\x17E\x88\
\xff\x15F\x98\xff J\x82\xff6Oa\xff9Pa\
\xff7Th\xff:Wg\xff>Wg\xff@Yi\
\xffD\x5cl\xffF\x5cl\xffE\x5cl\xffD]m\
\xffFao\xffIcq\xffKcr\xffJcq\
\xffNdt\xffNgv\xffNhv\xffQju\
\xffRjv\xffTkw\xffVmx\xffVn{\
\xffWq\x7f\xffWkz\xff}\x82\x87\xff\xb3\xad\x9e\
\xff\x94\x9b\x93\xffi\x81\x8d\xffn\x8b\x99\xff\x5ct\x83\
\xff\x91\x95\x8e\xff\xb8\xb3\xa2\xff\x9d\xa9\xa7\xff\x84\x9e\xa4\
\xff\x81\x9c\xa6\xff\x83\x9c\xa4\xff\x89\x9c\xa4\xff\x85\x9c\xa2\
\xff\x84\x9c\xa4\xff\x87\x9d\xa4\xff\x85\x9c\xa3\xff\x84\x9b\x9f\
\xff\x87\xa0\xa4\xff\x8e\xa0\xa1\xff\x8a\xa4\xb2\xff>b\x93\
\xff%4?\xffOV>\xfflse\xffX^Q\
\xffjnb\xff\x9a\x99\x94\xff\x95\x97\x8e\xff\x88\x8a\x82\
\xffcx\x97\xffm\x8b\xac\xff\x95\xa8\xaa\xff\x8a\x9e\xa5\
\xff\x87\x9e\xa4\xff\x88\x9f\xa5\xff\x88\xa0\xa6\xff\x89\xa0\xa5\
\xff\x88\x9d\xa5\xff\x8c\x9e\xa3\xff\x8b\xa2\xa9\xffg\x89\xa7\
\xffJ^s\xffW_J\xffRXM\xff\x8b\x84\x84\
\xff\x94\x95\x8c\xff\x83\x88\x7f\xffcy\x92\xffz\x95\xa4\
\xff\x8a\x9c\xa1\xff\x83\x99\xa1\xff\x80\x99\x9f\xff\x84\x99\x9f\
\xff\x84\x98\xa0\xff\x87\x9b\xa0\xff{\x96\xa8\xffUl\x86\
\xffUZT\xff\x87\x88y\xff\x90\x95\x8b\xffz\x81|\
\xffp\x87\x95\xffy\x98\xa1\xff\x84\x9c\x9c\xff\x84\x98\x9c\
\xff\x80\x94\x9a\xff\x87\x9c\xa2\xffj\x81\x94\xff[en\
\xff\x89\x88v\xff\x93\x92\x87\xffs\x82\x84\xffs\x8d\x98\
\xff\x87\x9a\x9b\xff|\x93\x97\xff~\x98\x9d\xffo\x85\x96\
\xfffv\x80\xff\x8e\x8f\x7f\xff\x85\x89\x85\xffq\x81\x8f\
\xff|\x93\x96\xffx\x92\x95\xffm\x81\x8c\xfft}\x83\
\xff\x92\x97\x93\xff\x84\x95\x99\xfft\x89\x91\xff\x83\x8a\x88\
\xff\x85\x89\x85\xffz\x8c\x90\xff\x86\x96\x96\xff\x83\x8d\x96\
\xff\x88\x87\x8a\xff\x81\x84\x85\xff\x7f\x91\x98\xff\x83\x95\x9b\
\xff\x86\x8a\x8c\xff\x86\x87\x85\xff\x7f\x90\x9a\xffv\x89\x91\
\xff\x82\x85\x7f\xff\x8b\x8d}\xffuut\xffmgl\
\xffrlj\xffqkj\xffnjh\xffpii\
\xffqii\xffslk\xfftkn\xffleh\
\xffg_d\xffj_g\xffphm\xff}}q\
\xffrmi\xff]N_\xffMDS\xff=8J\
\xff>8N\xff95L\xff93J\xff;4K\
\xff50F\xff70G\xff;2I\xff80H\
\xff6+E\xff?6K\xffSV^\xff\x93\x97\x97\
\xff\x85\x90\x9a\xff46U\xff&\x1bK\xff6 W\
\xff.#S\xff+!S\xff/!Q\xff/#O\
\xff+\x1fL\xff+\x1eM\xff(\x1fN\xff-\x1fR\
\xff,\x1fS\xff, S\xff(\x1dR\xff+\x14G\
\xff)#V\xff\x1e@\x85\xff\x12;\x8b\xff\x0e\x1b`\
\xffhXv\xff\xb5\xad\xab\xff\xa5\xae\xaf\xff\x9f\xa3\xa9\
\xff\x94\x9c\x9c\xff\x8c\x95\x97\xff\x8e\x94\x97\xff\x94\x98\x9e\
\xff\x92\x98\x9f\xff\x92\x94\x9c\xff\x92\x96\x9f\xff\x97\x99\x9f\
\xff\x90\x9b\x9a\xffMn\x8e\xff%L\x8f\xff.Q\x91\
\xff1O\x8c\xff-Q\x88\xff)O\x86\xff-K\x88\
\xff-I\x87\xff*J\x81\xff)J\x84\xff+I\x8a\
\xff%B\x7f\xff\x187l\xff\x197o\xff\x19.q\
\xff7@_\xffOPL\xffhj`\xff_ib\
\xff\x1e#$\xff\x0c\x11\x13\xff\x07\x0d\x0e\xff>52\
\xffzzp\xffqto\xffwxv\xffNXT\
\xff\x17\x1f\x1e\xff\x12\x16\x17\xff\x12\x17\x19\xff\x12\x18\x18\
\xff\x1e\x1d!\xff\x1b\x1f\x1e\xff\x0e\x17\x0e\xff\x02\x06\x06\
\xff4/5\xff}|r\xff[gh\xff#7j\
\xff\x17-o\xff\x1f1m\xff\x18,c\xff\x14*^\
\xff\x17-^\xff\x15+\x5c\xff\x15)^\xff\x15(a\
\xff\x13%_\xff\x13&_\xff\x12%_\xff\x12&]\
\xff\x12%Z\xff\x12$Y\xff\x13%X\xff\x15%W\
\xff\x15$X\xff\x14!Z\xff\x13!S\xff\x11\x1fR\
\xff%7U\xff3FU\xff$?k\xff\x17D\x8b\
\xff\x14F\x9a\xff\x1fI\x7f\xff5L]\xff:N_\
\xff7Rf\xff<Te\xff<Td\xff>Xg\
\xffAZj\xffB[k\xffE\x5cm\xffE]m\
\xffE_m\xffH`o\xffKap\xffLbq\
\xffLcq\xffLet\xffMgv\xffPhu\
\xffRiu\xffUkw\xffUkw\xffWo|\
\xffTo}\xffRix\xff{\x81\x82\xff\xb3\xac\x9b\
\xff\x95\x9b\x92\xfff\x81\x8c\xffm\x8b\x96\xff]s\x82\
\xff\x91\x94\x8d\xff\xb8\xb4\xa2\xff\x9c\xa8\xa5\xff\x85\x9c\xa4\
\xff\x81\x9a\xa7\xff\x86\x9d\xa4\xff\x8b\x9e\xa2\xff\x85\x9a\xa1\
\xff\x83\x99\xa3\xff\x88\x9c\xa4\xff\x89\x9c\xa4\xff\x82\x9c\x9f\
\xff\x83\x9e\xa2\xff\x8d\xa0\xa2\xff\x8a\xa3\xaf\xffAf\x96\
\xff%8E\xffKU;\xffhrb\xffU^P\
\xffinb\xff\x97\x97\x92\xff\x94\x97\x8c\xff\x89\x8e\x81\
\xffd{\x95\xffn\x8e\xaa\xff\x93\xa7\xa5\xff\x89\x9e\xa3\
\xff\x87\x9e\xa4\xff\x88\x9f\xa5\xff\x86\x9e\xa4\xff\x88\x9e\xa4\
\xff\x89\x9e\xa6\xff\x8b\x9e\xa2\xff\x8c\xa4\xaa\xffj\x8b\xa7\
\xffL^u\xffU[H\xffPXI\xff\x89\x85~\
\xff\x92\x94\x88\xff\x83\x87}\xfffz\x91\xff{\x96\xa3\
\xff\x88\x9b\x9f\xff\x85\x96\xa1\xff\x83\x98\xa1\xff\x81\x9b\x9e\
\xff\x86\x9a\x9f\xff\x87\x9b\x9e\xff\x7f\x96\xa8\xffTk\x84\
\xffSXR\xff\x85\x85v\xff\x90\x93\x89\xffz\x80{\
\xffr\x85\x94\xff{\x96\xa1\xff\x86\x9b\x9d\xff\x84\x97\x9d\
\xff\x82\x96\x9a\xff\x89\x9d\xa2\xffk\x81\x95\xffVcm\
\xff\x84\x85u\xff\x92\x8e\x84\xffq~\x83\xffs\x8c\x9a\
\xff\x88\x9b\x9a\xff\x81\x95\x9a\xff\x83\x98\xa0\xffr\x88\x99\
\xfffs\x83\xff\x8c\x89\x7f\xff\x85\x86\x82\xfft\x82\x8e\
\xff\x80\x95\x97\xff{\x94\x96\xffp\x83\x8e\xffr||\
\xff\x8e\x97\x88\xff\x86\x96\x99\xffw\x88\x96\xff\x83\x88\x84\
\xff\x85\x87\x81\xff{\x8a\x91\xff\x83\x97\x98\xff~\x8b\x99\
\xff\x83\x84\x85\xff\x85\x8az\xff|\x94\x92\xff\x81\x93\x9d\
\xff\x85\x86\x8a\xff\x87\x85\x82\xff\x7f\x8f\x94\xffv\x8a\x92\
\xff\x87\x8b\x80\xff\x86\x87d\xff\x85\x86\x5c\xff\x89\x8d]\
\xff\x89\x8b[\xff\x8b\x8d]\xff\x88\x8d[\xff\x89\x8d[\
\xff\x89\x8c\x5c\xff\x8b\x8d^\xff\x8b\x8bb\xffzzS\
\xffyxN\xff\x88\x86V\xff\x85\x82T\xff}xM\
\xffkhB\xffWZ;\xff8B)\xff\x1a-\x1a\
\xff\x1f1\x22\xff\x1d-\x1a\xff\x18)\x16\xff\x1b+\x19\
\xff\x1a*\x17\xff\x1c,\x19\xff\x1b)\x17\xff\x1b,\x19\
\xff\x1b,\x1b\xff\x1b(\x1a\xff\x17 \x14\xff\x90\x97\x97\
\xff\x8c\x95\x9f\xff,0N\xff\x11\x097\xff\x1c\x0cB\
\xff\x17\x0a@\xff\x15\x09B\xff\x15\x09A\xff\x16\x07@\
\xff\x18\x09C\xff\x1b\x0bF\xff\x1d\x0eH\xff\x22\x14K\
\xff!\x13H\xff!\x13H\xff \x13H\xff#\x0d>\
\xff##N\xff\x16A|\xff\x13>\x84\xff\x12 a\
\xffcT|\xff\xa7\x9d\xa3\xff\x91\x98\x9f\xff\x92\x93\x9e\
\xff\x91\x95\x9e\xff\x91\x93\x9d\xff\x94\x96\x9f\xff\x91\x95\x9e\
\xff\x8f\x94\x9d\xff\x96\x97\xa3\xff\x91\x95\x9f\xff\x97\x98\xa0\
\xff\x94\x9d\x9e\xffTu\x92\xff%J\x8d\xff,P\x90\
\xff4P\x8e\xff.O\x87\xff)N\x86\xff-J\x88\
\xff+H\x85\xff)H\x7f\xff*G\x82\xff)F\x87\
\xff$A~\xff\x1a8n\xff\x1c8r\xff\x1d0s\
\xff7?^\xffJMI\xffeg_\xff_gb\
\xff\x1d#%\xff\x0d\x13\x13\xff\x07\x0e\x0f\xff<42\
\xfftul\xffotn\xff{~z\xffLVS\
\xff\x09\x11\x0f\xff\x09\x0d\x0d\xff\x10\x16\x18\xff\x0f\x14\x15\
\xff\x18\x16\x1c\xff\x17\x1a\x1f\xff\x12\x18\x19\xff\x06\x08\x0e\
\xff403\xff{}n\xff\x5cjg\xff\x229k\
\xff\x13-l\xff\x1e0j\xff\x19,d\xff\x14*_\
\xff\x15-^\xff\x14*\x5c\xff\x14(\x5c\xff\x15(`\
\xff\x13%^\xff\x13']\xff\x12%\x5c\xff\x10%Y\
\xff\x12$X\xff\x12$W\xff\x13#W\xff\x14#T\
\xff\x14#U\xff\x14!Y\xff\x12 S\xff\x0f\x1dQ\
\xff\x224U\xff0CT\xff\x22=h\xff\x14B\x88\
\xff\x17H\x9a\xff\x22H}\xff7K[\xff9L\x5c\
\xff4Nc\xff;Rc\xff;Ud\xff=Vf\
\xff?Vf\xff?Yi\xffA[j\xffB\x5ck\
\xffC]k\xffE^l\xffH`n\xffJap\
\xffJbo\xffKds\xffLeu\xffMft\
\xffPiu\xffSjv\xffTkw\xffWn{\
\xffRm|\xffPiw\xffx\x7f\x7f\xff\xb2\xa9\x98\
\xff\x94\x98\x91\xfff\x7f\x8a\xffm\x8b\x95\xff]t\x83\
\xff\x90\x92\x8b\xff\xb6\xb2\xa0\xff\x9c\xa8\xa5\xff\x86\x9c\xa3\
\xff\x81\x99\xa7\xff\x85\x9c\xa2\xff\x8c\x9f\xa1\xff\x86\x9b\xa3\
\xff\x83\x99\xa5\xff\x88\x9b\xa5\xff\x89\x9b\xa5\xff\x84\x9d\xa1\
\xff\x82\x9d\xa0\xff\x8d\xa1\xa3\xff\x8c\xa5\xb0\xff?d\x95\
\xff';J\xffLU=\xfffmb\xffT^Q\
\xffima\xff\x95\x97\x90\xff\x93\x96\x8d\xff\x87\x8d\x82\
\xff_z\x95\xffn\x8e\xaa\xff\x97\xa9\xa6\xff\x89\x9d\xa3\
\xff\x87\x9d\xa3\xff\x87\x9f\xa5\xff\x86\x9e\xa4\xff\x88\x9e\xa4\
\xff\x87\x9c\xa4\xff\x8a\x9d\xa2\xff\x8b\xa3\xa9\xffk\x8b\xa7\
\xffHZr\xffT[G\xffOXG\xff\x86\x83{\
\xff\x91\x93\x87\xff\x81\x85|\xffgz\x92\xffz\x96\xa4\
\xff\x87\x9c\x9f\xff\x88\x96\xa2\xff\x87\x9a\xa4\xff\x81\x9c\x9f\
\xff\x88\x99\xa0\xff\x86\x9d\xa0\xff\x80\x98\xa9\xffXm\x87\
\xffRYR\xff\x83\x83s\xff\x8e\x8f\x86\xffx}x\
\xffq\x82\x91\xff{\x96\xa2\xff\x85\x9b\x9d\xff\x86\x98\x9e\
\xff\x83\x98\x9b\xff\x8a\x9f\xa3\xffk\x80\x95\xffVbm\
\xff\x84\x84t\xff\x8f\x89\x82\xffoz\x80\xffr\x8b\x99\
\xff\x85\x9a\x9a\xff\x81\x95\x9a\xff\x85\x99\x9e\xffq\x86\x95\
\xffgq\x7f\xff\x90\x8by\xff\x86\x85y\xfft\x7f\x8a\
\xff|\x94\x92\xff}\x95\x94\xffo\x81\x89\xffq|y\
\xff\x8f\x99\x8d\xff\x85\x96\x9a\xffy\x86\x96\xff\x82\x82~\
\xff\x86\x84}\xff\x7f\x88\x97\xff\x83\x98\x9d\xff{\x8a\x96\
\xff~\x7f\x7f\xff\x8a\x86z\xff|\x92\x90\xff{\x93\x99\
\xffy\x82\x83\xff\x80\x84}\xff~\x91\x91\xfft\x87\x93\
\xff\x86\x8a\x84\xffxu`\xffklO\xffnpT\
\xffooR\xffssS\xffqsR\xffrqN\
\xffrqL\xffuuQ\xfftrR\xffgdD\
\xffgcB\xffhdC\xffb]<\xff][;\
\xffCG)\xff18 \xff-:(\xff#7'\
\xff\x1f1&\xff%0(\xff -&\xff!-&\
\xff(4*\xff+7.\xff'4*\xff(4-\
\xff'6-\xff#1(\xff!,#\xff\x8c\x93\x94\
\xff\x89\x92\x9d\xffBG`\xff1-O\xffA:]\
\xffD>^\xffFB`\xffJEc\xffMGe\
\xffUOk\xffYTo\xff]Yp\xffecw\
\xffdbu\xffcas\xfffdw\xffrk}\
\xff`j~\xff#O\x82\xff\x0c8\x7f\xff\x0f\x1da\
\xff]Pu\xff\x9f\x9a\x9a\xff\x8e\x96\x9a\xff\x91\x93\x9c\
\xff\x94\x97\x9f\xff\x96\x98\xa0\xff\x94\x96\x9e\xff\x92\x94\x9c\
\xff\x94\x97\x9e\xff\x95\x98\x9e\xff\x90\x94\x9a\xff\x98\x9a\x9e\
\xff\x96\x9d\xa0\xffQq\x8f\xff#H\x8a\xff-P\x8d\
\xff4P\x8e\xff*M\x87\xff%L\x83\xff)G\x85\
\xff*F\x84\xff(F\x7f\xff(F\x80\xff(D\x83\
\xff#?|\xff\x1a7m\xff\x1d6p\xff\x1e1s\
\xff8B`\xffLOL\xffdf^\xff]g`\
\xff\x1c#$\xff\x0c\x12\x11\xff\x08\x0e\x0f\xff:31\
\xffssj\xffjni\xffuyv\xffOXW\
\xff\x0c\x15\x14\xff\x0c\x0f\x10\xff\x11\x18\x18\xff\x15\x19\x19\
\xff\x15\x15\x18\xff\x11\x17\x19\xff\x15\x19\x1f\xff\x07\x05\x0f\
\xff3./\xffw{h\xffWfd\xff\x1d4f\
\xff\x0f+j\xff\x1b.f\xff\x15(a\xff\x13']\
\xff\x15*\x5c\xff\x14(\x5c\xff\x12$Y\xff\x12%Z\
\xff\x11$Y\xff\x14&Z\xff\x14&Z\xff\x12$W\
\xff\x13$V\xff\x13#U\xff\x13\x22U\xff\x13\x22R\
\xff\x12 S\xff\x13!T\xff\x11\x1fO\xff\x0c\x1bN\
\xff 1R\xff-?P\xff :f\xff\x15B\x88\
\xff\x16G\x98\xff!G}\xff5I[\xff6J[\
\xff2Mc\xff8Pb\xff:Sc\xff<Te\
\xff=Tc\xff>Vh\xff?Yh\xffAZi\
\xffB\x5cj\xffB\x5cj\xffF]l\xffG^m\
\xffI`o\xffIaq\xffIbr\xffJdr\
\xffMfr\xffPhs\xffPiu\xffSkz\
\xffPkz\xffNfu\xffv~\x7f\xff\xb0\xa8\x97\
\xff\x95\x9a\x94\xffg\x80\x8c\xffk\x89\x94\xff\x5cs\x82\
\xff\x90\x90\x89\xff\xb6\xb1\xa0\xff\x9a\xa9\xa5\xff\x86\x9c\xa3\
\xff\x81\x99\xa5\xff\x85\x9c\xa3\xff\x8b\x9f\xa3\xff\x85\x9c\xa3\
\xff\x84\x9a\xa5\xff\x88\x9a\xa4\xff\x88\x99\xa3\xff\x86\x9e\xa4\
\xff\x83\x9d\xa1\xff\x8b\x9f\xa2\xff\x8d\xa6\xb2\xff=b\x94\
\xff#6E\xffKS;\xffdla\xffQ[O\
\xffgk_\xff\x93\x96\x90\xff\x90\x95\x89\xff\x84\x89}\
\xff]y\x95\xffm\x8c\xaa\xff\x97\xa7\xa6\xff\x88\x9e\xa3\
\xff\x88\x9f\xa3\xff\x87\x9f\xa5\xff\x86\x9e\xa4\xff\x89\x9e\xa4\
\xff\x87\x9d\xa4\xff\x89\x9c\xa1\xff\x8c\xa3\xa9\xffi\x8c\xa5\
\xffEXo\xffQXD\xffLUF\xff\x84\x80z\
\xff\x91\x91\x86\xff\x7f\x82z\xfff{\x93\xff{\x96\xa5\
\xff\x87\x9c\x9f\xff\x87\x97\xa1\xff\x86\x9a\xa3\xff\x82\x9b\xa0\
\xff\x86\x99\xa0\xff\x87\x9d\xa2\xff}\x99\xa9\xffUk\x84\
\xffOXP\xff\x82\x82t\xff\x8b\x8e\x85\xfft{v\
\xffo\x84\x90\xff{\x96\xa2\xff\x83\x9a\x9d\xff\x84\x97\x9c\
\xff\x83\x97\x9b\xff\x8a\x9f\xa3\xffh~\x92\xffP^h\
\xff\x80\x82r\xff\x8c\x89\x7f\xffny\x80\xffr\x8b\x99\
\xff\x85\x99\x9b\xff\x81\x94\x95\xff\x84\x9b\x99\xffn\x86\x91\
\xff^nz\xff\x85\x8as\xff{\x84r\xffm\x7f\x87\
\xffz\x92\x95\xff~\x90\x95\xffp~\x86\xffr~z\
\xff\x8f\x9a\x91\xff\x83\x95\x9f\xffz\x87\x95\xff\x80}v\
\xff\x88\x81{\xff\x82\x87\x97\xff\x7f\x98\xa0\xffz\x8d\x93\
\xffy|x\xff\x8a\x82{\xff\x83\x8e\x93\xffw\x91\x9e\
\xffov}\xffv|t\xff\x81\x91\x8c\xffz\x8d\x92\
\xff\x86\x8b\x82\xffOPA\xff,4\x1e\xff<E0\
\xffAH2\xffBJ/\xffCK0\xffEM1\
\xffHN2\xffMS7\xffLR6\xffIM4\
\xffDG0\xff6: \xff,2\x18\xff&.\x18\
\xff\x1f'\x16\xff\x1b\x22\x14\xff!)\x1c\xff+4'\
\xff2<1\xff)6-\xff\x1d,%\xff\x1a'\x1f\
\xff\x1d*!\xff(6.\xff/=4\xff+80\
\xff+;1\xff)9.\xff$0&\xff\x87\x8c\x8c\
\xff\x84\x8b\x90\xff\x82\x86\x91\xff\x88\x8a\x95\xff\x8c\x8e\x95\
\xff\x96\x96\x97\xff\x9a\x9c\x99\xff\x94\x9a\x96\xff\x92\x97\x96\
\xff\x97\x9a\x9a\xff\x97\x9c\x9c\xff\x97\x9a\x9a\xff\x9a\x9e\x9e\
\xff\x98\x9d\x9d\xff\x97\x9c\x9c\xff\x94\x99\x98\xff\x9c\x9f\x98\
\xff\x82\x94\x93\xff*W\x82\xff\x060{\xff\x0c\x1da\
\xffYPo\xff\x9a\x99\x94\xff\x8c\x94\x96\xff\x8e\x90\x96\
\xff\x8a\x8e\x92\xff\x89\x8c\x91\xff\x8e\x91\x95\xff\x91\x94\x98\
\xff\x91\x94\x98\xff\x90\x96\x98\xff\x8e\x96\x96\xff\x95\x99\x9a\
\xff\x8f\x96\x9b\xffMl\x8b\xff&J\x8a\xff-O\x8a\
\xff2N\x8c\xff+L\x88\xff%H\x82\xff(F\x83\
\xff*F\x83\xff'D~\xff'D\x7f\xff'C\x80\
\xff!>x\xff\x197j\xff\x1b5l\xff\x1d/p\
\xff5?^\xffIMK\xff`d\x5c\xff\x5ce_\
\xff\x1b!#\xff\x09\x10\x10\xff\x08\x0f\x10\xff920\
\xffrrk\xffhmh\xffrus\xffOWV\
\xff\x0b\x14\x13\xff\x0a\x0e\x0f\xff\x0f\x17\x18\xff\x13\x17\x18\
\xff\x15\x16\x16\xff\x0e\x16\x15\xff\x0e\x13\x18\xff\x09\x07\x10\
\xff2.-\xffmtc\xffRbd\xff\x1f3e\
\xff\x11(g\xff\x18+`\xff\x11%Z\xff\x11%X\
\xff\x15'X\xff\x15&X\xff\x12$U\xff\x12$V\
\xff\x12#V\xff\x13\x22U\xff\x14$U\xff\x14#T\
\xff\x12\x22S\xff\x12!R\xff\x12!R\xff\x10 P\
\xff\x0f\x1eO\xff\x10\x1fP\xff\x0f\x1eM\xff\x0c\x1bM\
\xff!0R\xff->O\xff!:f\xff\x17B\x89\
\xff\x17H\x9a\xff!F~\xff4G\x5c\xff5I[\
\xff2Lb\xff7N_\xff8Oa\xff:Rc\
\xff=Tc\xff=Ug\xff>Wg\xff@Yh\
\xffAZi\xffB[j\xffD[k\xffE\x5cm\
\xffH_n\xffF^n\xffF_o\xffHbq\
\xffKdq\xffNfq\xffNfs\xffQhx\
\xffNhx\xffMet\xffr{~\xff\xae\xa8\x98\
\xff\x97\x9e\x96\xffg\x80\x8c\xffl\x88\x93\xff^r\x82\
\xff\x93\x91\x8b\xff\xba\xb3\xa2\xff\x99\xa7\xa4\xff\x85\x9a\xa2\
\xff\x81\x99\xa6\xff\x85\x9c\xa3\xff\x8b\x9e\xa3\xff\x85\x9c\xa3\
\xff\x84\x9a\xa5\xff\x89\x9b\xa5\xff\x89\x99\xa5\xff\x86\x9e\xa5\
\xff\x83\x9c\xa2\xff\x8a\x9d\xa3\xff\x8c\xa3\xb2\xff?c\x97\
\xff\x1e1@\xffFN6\xffaj_\xffPYM\
\xffei]\xff\x90\x94\x8d\xff\x8e\x93\x87\xff\x81\x87{\
\xff]x\x95\xffn\x8c\xac\xff\x96\xa6\xa6\xff\x89\x9e\xa4\
\xff\x88\x9e\xa4\xff\x87\x9f\xa5\xff\x86\x9e\xa4\xff\x89\x9e\xa4\
\xff\x86\x9d\xa4\xff\x88\x9c\xa0\xff\x8c\xa2\xa9\xffj\x89\xa3\
\xffEUm\xffRVC\xffKSE\xff\x84\x80z\
\xff\x8f\x91\x86\xff|\x7fw\xffez\x92\xff}\x97\xa6\
\xff\x86\x9d\x9f\xff\x86\x97\xa1\xff\x84\x9a\xa3\xff\x81\x9b\x9f\
\xff\x85\x98\x9e\xff\x85\x9b\x9f\xff}\x98\xa8\xffPg\x80\
\xffKTL\xff\x81\x81s\xff\x89\x8c\x83\xffrxv\
\xffo\x83\x92\xff|\x97\xa3\xff\x83\x9a\x9d\xff\x82\x95\x9a\
\xff\x80\x94\x98\xff\x89\x9e\xa2\xffj\x80\x94\xffP^h\
\xff}~n\xff\x89\x85{\xffkw|\xffq\x8d\x9a\
\xff\x81\x98\x9a\xff\x80\x92\x93\xff\x85\x9a\x99\xffn\x85\x92\
\xffXi|\xff\x80\x83x\xffx\x7fy\xffk}\x8c\
\xffw\x8e\x9a\xff~\x8c\x95\xffp}\x84\xffn{y\
\xff\x8a\x96\x8f\xff\x82\x96\x9e\xffw\x86\x90\xffltf\
\xff{\x81m\xff\x85\x8f\x93\xff\x82\x9c\x9d\xffr\x89\x8c\
\xff[ea\xffnuh\xff\x89\x98\x91\xffz\x92\xa1\
\xffT`v\xff[el\xff\x7f\x91\x8f\xff}\x92\x94\
\xff\x7f\x85}\xffFH;\xff#.\x1d\xff&3!\
\xff -\x19\xff ,\x16\xff -\x17\xff!-\x18\
\xff\x22-\x16\xff\x22-\x15\xff +\x13\xff\x1c*\x0f\
\xff\x1e(\x10\xff\x1e!\x0f\xff\x1a\x1e\x11\xff\x17\x1d\x13\
\xff#*\x22\xff7=6\xffAF<\xffEI=\
\xffDH<\xff2A6\xff*;/\xff'7+\
\xff#4(\xff'8,\xff-?2\xff+;/\
\xff*;/\xff(9-\xff*5+\xff\x87\x88\x8c\
\xff\x84\x87\x8e\xff\x8f\x90\x98\xff\x8c\x8f\x97\xff\x89\x8c\x90\
\xff\x89\x86\x88\xff\x8b\x85\x89\xff\x8c\x8f\x92\xff\x89\x8d\x91\
\xff\x8a\x8b\x90\xff\x8a\x8d\x92\xff\x87\x8c\x92\xff\x84\x87\x90\
\xff\x84\x86\x90\xff\x82\x84\x8e\xffoqz\xffdfi\
\xff_oy\xff&Ty\xff\x084u\xff\x10!g\
\xffTJr\xff\x8b\x8c\x91\xff~\x86\x90\xff\x80\x81\x8c\
\xffhlw\xffKNZ\xff_co\xffz|\x88\
\xffuy\x83\xffrz\x82\xffqz\x82\xffuw\x80\
\xffnt}\xffB`\x7f\xff*M\x8b\xff.O\x89\
\xff/I\x89\xff+H\x87\xff%G\x82\xff(E\x81\
\xff(D\x80\xff%C{\xff%B{\xff#@|\
\xff >v\xff\x1a5g\xff\x192g\xff\x1c.n\
\xff2<\x5c\xffCII\xff]a[\xff]eb\
\xff\x1d\x22%\xff\x07\x0f\x0f\xff\x07\x10\x10\xff70.\
\xffonh\xfffkf\xfforq\xffKVT\
\xff\x0c\x15\x13\xff\x0b\x0e\x0f\xff\x11\x18\x1b\xff\x12\x16\x18\
\xff\x16\x19\x16\xff\x12\x19\x13\xff\x0f\x15\x17\xff\x08\x09\x0f\
\xff-,(\xffirb\xffTaf\xff!.]\
\xff\x12%^\xff\x1a*\x5c\xff\x13&W\xff\x12%V\
\xff\x16%V\xff\x15#T\xff\x14\x22S\xff\x14\x22S\
\xff\x13!T\xff\x12!S\xff\x12!R\xff\x13\x22R\
\xff\x12\x22Q\xff\x12!Q\xff\x11!P\xff\x10 O\
\xff\x0e\x1dN\xff\x0f\x1eM\xff\x0e\x1dJ\xff\x0d\x1bL\
\xff#0R\xff-=N\xff 9e\xff\x16A\x87\
\xff\x17H\x98\xff E}\xff1DZ\xff4IY\
\xff2Ja\xff4K]\xff5K^\xff8O`\
\xff=Sc\xff<Te\xff;Te\xff<Uf\
\xff=Vf\xff>Wg\xffAXh\xffCZj\
\xffF]m\xffD\x5cm\xffC]n\xffG`o\
\xffJcp\xffLdp\xffMes\xffOfv\
\xffLfv\xffJbq\xffpyz\xff\xad\xa6\x96\
\xff\x97\x9d\x97\xffe~\x8b\xffm\x89\x94\xffcu\x84\
\xff\x92\x90\x89\xff\xb8\xb0\x9f\xff\x98\xa5\xa1\xff\x84\x9a\xa2\
\xff\x82\x9a\xa6\xff\x86\x9d\xa4\xff\x8b\x9f\xa4\xff\x85\x9d\xa4\
\xff\x84\x99\xa5\xff\x88\x9b\xa4\xff\x89\x99\xa5\xff\x83\x9b\xa2\
\xff\x82\x9c\xa1\xff\x8b\x9e\xa2\xff\x87\x9f\xae\xff@d\x98\
\xff!4B\xffAI0\xff^fZ\xffOXL\
\xffbg[\xff\x8f\x93\x8c\xff\x8d\x91\x88\xff\x81\x86{\
\xff\x5cx\x93\xffm\x8c\xaa\xff\x97\xa7\xa4\xff\x8a\x9e\xa3\
\xff\x89\x9e\xa4\xff\x87\x9f\xa5\xff\x86\x9e\xa4\xff\x89\x9e\xa4\
\xff\x86\x9c\xa3\xff\x89\x9c\xa1\xff\x8b\xa2\xa8\xffg\x87\xa0\
\xffCSk\xffOS@\xffKSD\xff\x83\x81{\
\xff\x8c\x8f\x84\xffz}u\xffcw\x90\xff|\x96\xa5\
\xff\x85\x9b\x9e\xff\x85\x95\xa0\xff\x84\x98\xa1\xff\x81\x9a\x9d\
\xff\x84\x98\x9d\xff\x84\x9a\x9d\xff}\x97\xa7\xffSg\x81\
\xffGRJ\xff|\x7fp\xff\x88\x8a\x81\xffous\
\xffn\x81\x92\xff|\x96\xa2\xff\x84\x9a\x9d\xff\x83\x96\x9b\
\xff\x81\x94\x99\xff\x89\x9e\xa2\xffi~\x93\xffIWb\
\xffvvh\xff\x86\x83z\xffmw~\xffm\x8a\x9a\
\xff|\x96\x9b\xff\x7f\x93\x96\xff\x88\x99\x98\xffq\x84\x8a\
\xffR_l\xffyti\xff}{t\xffu\x7f\x8a\
\xff|\x8d\x9b\xff\x7f\x8a\x96\xffl}\x83\xfflyz\
\xff\x8b\x97\x8f\xff\x86\x9a\x9a\xffk\x7f\x87\xffCUY\
\xffRf`\xffv\x88\x8c\xff\x8a\x9e\x9c\xffq\x83\x93\
\xffBRr\xffO^w\xff\x85\x93\x95\xff\x80\x97\x9e\
\xffOi\x8b\xffMh\x89\xffy\x8e\x98\xffs\x88\x93\
\xff\x89\x88\x8a\xff\x90\x86\x81\xff\x95\x8f\x8b\xff\x98\x95\x8c\
\xff\x84\x7fu\xffyul\xff\x80~u\xffyxp\
\xfflkd\xffnkc\xffwvl\xffxxm\
\xffoi^\xff^VN\xffXRM\xffXWQ\
\xffKOJ\xffCLE\xff;H<\xff2@4\
\xff2A4\xff0C2\xff0D5\xff2E6\
\xff*?/\xff#8(\xff$9)\xff*=.\
\xff1C6\xff+</\xff+5*\xff\x7f\x84\x86\
\xff\x82\x84\x8b\xff}\x7f\x86\xffv\x7f\x84\xffgos\
\xffKGO\xffNIT\xfffjv\xffnu|\
\xffjnt\xffims\xffbgp\xff`fp\
\xffdhr\xffX\x5cg\xffBER\xffOMW\
\xffP\x5cg\xff%Lw\xff\x0f9y\xff\x10$h\
\xff92\x5c\xffVUa\xffLRd\xffGFV\
\xffACO\xff[]l\xffgiw\xffMO`\
\xffJM_\xffMQd\xffMSf\xffUXf\
\xffSYd\xff6Vu\xff(N\x8b\xff/P\x88\
\xff1H\x89\xff,F\x86\xff&E\x80\xff(A~\
\xff'@~\xff$@y\xff\x22?{\xff!>{\
\xff <u\xff\x1b4g\xff\x1a1h\xff\x1b,j\
\xff09[\xffCHI\xffU\x5cW\xffZda\
\xff\x1b#&\xff\x07\x10\x0f\xff\x09\x10\x12\xff2-)\
\xffhka\xffcga\xffjok\xffGTT\
\xff\x0d\x16\x15\xff\x0a\x0e\x0f\xff\x0f\x16\x18\xff\x11\x18\x18\
\xff\x15\x19\x16\xff\x12\x17\x14\xff\x10\x15\x18\xff\x06\x08\x0c\
\xff'*&\xffdob\xffOZ]\xff29`\
\xff.=h\xff\x18)Z\xff\x13#T\xff\x14#U\
\xff\x15#V\xff\x14#S\xff\x13\x22S\xff\x12!Q\
\xff\x12!R\xff\x12 P\xff\x13!Q\xff\x12 P\
\xff\x12 P\xff\x12 Q\xff\x12 P\xff\x11 Q\
\xff\x10\x1eO\xff\x10\x1eK\xff\x0d\x1dH\xff\x0c\x1bK\
\xff\x22.N\xff*9K\xff 8e\xff\x15@\x87\
\xff\x17G\x97\xff!E{\xff0BV\xff2FW\
\xff/H_\xff2HZ\xff2J\x5c\xff5L_\
\xff9N_\xff8Qa\xff9Rb\xff9Rb\
\xff:Sc\xff<Td\xff>Ue\xffAXh\
\xffBYi\xffBZk\xffB[l\xffE^n\
\xffH`o\xffKap\xffIbp\xffLet\
\xffKdt\xffGap\xffpxw\xff\xad\xa6\x96\
\xff\x9a\x9d\x99\xffe~\x8c\xffm\x89\x94\xffdw\x85\
\xff\x92\x8e\x8b\xff\xb5\xac\x9c\xff\x98\xa4\xa0\xff\x81\x9a\xa1\
\xff\x81\x9a\xa5\xff\x86\x9e\xa3\xff\x8c\xa0\xa5\xff\x88\x9e\xa5\
\xff\x84\x9a\xa5\xff\x86\x9a\xa2\xff\x87\x97\xa2\xff\x82\x99\xa0\
\xff\x81\x9b\xa0\xff\x8b\x9d\xa1\xff\x87\xa0\xad\xffAh\x9a\
\xff&8G\xffAJ2\xff\x5cdX\xffNWK\
\xff`dX\xff\x90\x91\x8b\xff\x8d\x90\x88\xff\x81\x83{\
\xff^v\x94\xffo\x8c\xaa\xff\x97\xa6\xa3\xff\x8a\x9e\xa2\
\xff\x88\x9d\xa4\xff\x86\x9d\xa3\xff\x85\x9d\xa3\xff\x88\x9e\xa3\
\xff\x86\x9b\xa1\xff\x89\x9c\xa1\xff\x8b\xa2\xa9\xffg\x87\xa2\
\xffCTo\xffKQ=\xffHO?\xff\x82}x\
\xff\x8a\x8e\x82\xffx|s\xff`v\x8f\xffz\x96\xa5\
\xff\x86\x9a\x9d\xff\x84\x94\x9e\xff\x82\x97\x9f\xff\x7f\x99\x9c\
\xff\x83\x97\x9d\xff\x83\x9a\x9c\xff~\x97\xa8\xffRi\x81\
\xffCLG\xffuwi\xff\x83\x85|\xffpvs\
\xffn\x80\x93\xffx\x93\xa2\xff\x81\x97\x9d\xff\x83\x95\x9c\
\xff\x80\x94\x9b\xff\x88\x9e\xa0\xffe~\x90\xff>LV\
\xffdbT\xff|yo\xffny}\xffp\x8d\x99\
\xff{\x97\x9a\xff\x80\x8f\x99\xff\x8a\x9b\x9b\xffu\x89\x89\
\xffBU\x5c\xffMQG\xffai_\xffo\x84\x84\
\xff{\x90\x98\xff}\x8d\x94\xffj~\x85\xffhy{\
\xff\x8c\x96\x90\xff\x8a\x99\x96\xffl\x81\x90\xff>Vt\
\xff@Z}\xffr\x82\x96\xff\x8d\x9e\x97\xffy\x87\x9f\
\xffM`\xa1\xffOc\xa2\xff|\x8b\x9c\xff\x82\x98\x96\
\xffSo\x9e\xffKk\x9c\xffu\x8f\x9a\xffl\x83\x92\
\xff\x90\x8c\x91\xff\xae\x9f\x9d\xff\xb0\xa3\xa4\xff\xc5\xb7\xb1\
\xff\xcc\xb9\xb4\xff\xb6\xa6\xa1\xff\xb7\xa9\xa6\xff\xbc\xaf\xaf\
\xff\xb6\xaa\xab\xff\xa5\x99\x9b\xff\x9e\x96\x94\xff\x9d\x95\x93\
\xff\x84\x7f|\xff``[\xffKMH\xffELE\
\xff5A:\xff(7-\xff$8*\xff'?1\
\xff/G:\xff,B4\xff'>0\xff'?1\
\xff&>0\xff+@3\xff*@2\xff*@2\
\xff2G9\xff1D7\xff-9.\xffRXb\
\xffTVd\xffQS`\xffHPZ\xff9CK\
\xffOPY\xff\x5c^l\xffEI[\xff<AQ\
\xffDFX\xffGHZ\xffBDV\xffGJY\
\xffKO]\xffFKY\xffKO_\xff\x84\x85\x8e\
\xff|\x8a\x92\xff'Oz\xff\x0a3w\xff\x0d#h\
\xffA<c\xffino\xffbqz\xff`fr\
\xfflq{\xff\x8c\x91\x9c\xff\x8b\x90\x9b\xffs{\x86\
\xfft}\x8a\xffv~\x8c\xffmx\x89\xffnu\x83\
\xffow\x81\xffDf\x83\xff&N\x8b\xff,L\x86\
\xff2H\x86\xff*D\x82\xff&B~\xff(@~\
\xff&?}\xff#>x\xff\x22=y\xff =y\
\xff\x1d:q\xff\x183e\xff\x17-d\xff\x18)f\
\xff/8Z\xffAEG\xffSYU\xffWa`\
\xff\x1a&(\xff\x08\x13\x12\xff\x0b\x13\x16\xff2/,\
\xffcf_\xff_d`\xffdki\xffEQP\
\xff\x0d\x15\x16\xff\x0b\x0e\x12\xff\x13\x19\x1a\xff\x14\x19\x1b\
\xff\x15\x17\x1b\xff\x12\x15\x16\xff\x10\x15\x19\xff\x05\x0a\x0b\
\xff#(&\xff`h_\xffMWX\xff5<W\
\xff5C_\xff\x17(T\xff\x12!R\xff\x12!R\
\xff\x13\x22T\xff\x13!Q\xff\x11\x1fP\xff\x11\x1eO\
\xff\x11 N\xff\x10\x1fN\xff\x0f\x1eN\xff\x0f\x1dM\
\xff\x0f\x1dL\xff\x0e\x1eM\xff\x0e\x1eM\xff\x0e\x1eL\
\xff\x0e\x1dL\xff\x0f\x1dJ\xff\x0f\x1bG\xff\x0d\x1aI\
\xff\x1f,J\xff'8I\xff 6b\xff\x16>\x84\
\xff\x19F\x96\xff\x1eAw\xff->R\xff1CT\
\xff-F[\xff/EW\xff1HZ\xff2J]\
\xff6L\x5c\xff5N^\xff6O_\xff7P`\
\xff8Qa\xff9Rb\xff:Sc\xff=Ue\
\xff?Wg\xff?Xh\xff@Yi\xffB\x5cl\
\xffE^m\xffH_n\xffE`n\xffIbq\
\xffG`q\xffC\x5cl\xffmtu\xff\xac\xa6\x96\
\xff\x9b\x9f\x99\xffe~\x89\xffk\x86\x93\xffcw\x86\
\xff\x93\x91\x8d\xff\xb8\xb0\x9f\xff\x9a\xa5\xa3\xff\x81\x99\xa1\
\xff\x81\x9a\xa5\xff\x85\x9d\xa4\xff\x8c\x9f\xa6\xff\x8a\x9e\xa5\
\xff\x86\x9a\xa4\xff\x84\x98\xa2\xff\x85\x95\xa1\xff\x84\x9c\xa4\
\xff\x82\x9c\xa2\xff\x89\x9a\x9f\xff\x89\xa2\xaf\xffCg\x9a\
\xff\x221D\xff>D/\xffZaW\xffMTI\
\xff^aW\xff\x8f\x8e\x89\xff\x8d\x8f\x84\xff\x80\x82y\
\xff]v\x92\xffl\x8a\xa6\xff\x95\xa4\xa3\xff\x89\x9c\xa3\
\xff\x87\x9c\xa3\xff\x84\x9c\xa2\xff\x83\x9b\xa1\xff\x88\x9d\xa3\
\xff\x85\x9b\xa1\xff\x89\x9c\xa1\xff\x8c\xa2\xab\xffl\x89\xa6\
\xffHVl\xffGL9\xffDI=\xff\x7f|s\
\xff\x87\x8b\x7f\xffxyq\xffcx\x91\xffz\x96\xa7\
\xff\x86\x9a\x9e\xff\x82\x95\x9d\xff\x80\x97\x9f\xff\x7f\x99\x9d\
\xff\x83\x96\x9d\xff\x83\x99\x9c\xff}\x97\xa9\xffHaz\
\xff7@<\xffll_\xff|}t\xffmuu\
\xffn\x84\x93\xffu\x94\x9f\xff}\x94\x9a\xff\x82\x95\x9a\
\xff\x7f\x94\x95\xff\x8a\x9d\x9f\xffl\x82\x95\xff9HR\
\xffCH9\xff^ZQ\xffbkv\xffs\x8e\x95\
\xff\x80\x95\x98\xff~\x8d\x99\xff\x83\x94\x97\xffn\x87\x92\
\xff>Yz\xff<Lg\xff@[v\xffXw\x8d\
\xff}\x8f\x94\xffy\x8a\x8d\xffe{\x80\xffgwy\
\xff\x8c\x93\x90\xff\x88\x95\x94\xffn\x85\x99\xffHe\x9c\
\xff>a\xa0\xffn\x83\x9d\xff\x90\xa1\x93\xff{\x8d\x99\
\xffKj\x9d\xffGq\x9e\xffz\x94\x99\xff\x88\x95\x94\
\xffPi\x9a\xffDe\x97\xffv\x8f\x94\xffq\x86\x88\
\xff\x91\x91\x8b\xff\xb4\xac\x9f\xff\xa4\x9f\x98\xff\xa7\xa1\x93\
\xff\xbc\xb2\xa4\xff\xb7\xa8\x9f\xff\xa2\x94\x8d\xff\x9b\x8d\x89\
\xff\x89|z\xff\x80ws\xff\x86\x7fz\xffnhd\
\xff?IB\xff5F=\xff:H<\xff.=1\
\xff>MA\xffVcV\xffEUI\xff.D6\
\xff)?1\xff*@4\xff/C8\xff*?4\
\xff-A6\xff3I=\xff*C7\xff+C6\
\xff'=0\xff(>1\xff,?2\xffTZf\
\xffadq\xffhiu\xffgjt\xfflry\
\xff\x86\x8a\x90\xff}\x82\x87\xffz|\x87\xffw{\x86\
\xffv}\x89\xff}\x84\x91\xff|\x82\x8f\xffw|\x89\
\xffx~\x8b\xffy\x81\x8c\xffx\x80\x8e\xff\x85\x8b\x95\
\xffv\x8a\x91\xff+U\x81\xff\x070z\xff\x09\x1eg\
\xffRGn\xff\x88\x8d\x89\xfft\x86\x8d\xffw|\x8d\
\xffmy\x86\xffjv\x82\xffz\x84\x8f\xff\x89\x92\x9a\
\xff\x87\x8c\x93\xff\x83\x88\x8e\xff\x7f\x86\x8d\xff\x87\x87\x8b\
\xff\x8c\x8b\x8e\xffUq\x8a\xff#J\x89\xff+K\x87\
\xff-G\x82\xff(E}\xff$Bz\xff'A{\
\xff$?y\xff!<s\xff!:s\xff\x22:v\
\xff!8q\xff\x1a/b\xff\x16+`\xff\x19*d\
\xff.9W\xff;CB\xffLUR\xffQ_^\
\xff\x1c**\xff\x0e\x18\x16\xff\x0f\x17\x18\xff21-\
\xff_d_\xff[b`\xff`gg\xffFON\
\xff\x0f\x16\x16\xff\x0b\x0f\x0f\xff\x14\x1a\x19\xff\x13\x19\x18\
\xff\x13\x16\x16\xff\x12\x16\x15\xff\x11\x16\x17\xff\x04\x09\x0c\
\xff!%#\xff`e]\xffGUX\xff'2P\
\xff+7V\xff\x19)U\xff\x14\x22S\xff\x12!R\
\xff\x13!R\xff\x11 N\xff\x10\x1fM\xff\x11\x1fO\
\xff\x12$J\xff\x10%C\xff\x0c ?\xff\x0e\x1f>\
\xff\x12 @\xff\x14\x22E\xff\x0f\x1fF\xff\x0e\x1fH\
\xff\x0d\x1dI\xff\x0d\x1cJ\xff\x12\x1aG\xff\x10\x1aG\
\xff\x1a*F\xff$6G\xff 4_\xff\x18=\x80\
\xff\x1bE\x95\xff\x1d@v\xff+<Q\xff0?P\
\xff+CV\xff-DU\xff0EW\xff/FY\
\xff3HX\xff1IY\xff2K[\xff5M]\
\xff6O_\xff6O`\xff7P`\xff9Rb\
\xff;Td\xff<Ue\xff<Vf\xff>Xh\
\xffB\x5cj\xffE^l\xffD_m\xffG`o\
\xffE_o\xff?Zj\xffiqv\xff\xac\xa5\x96\
\xff\x9d\xa0\x99\xffc{\x86\xffh\x83\x91\xffaw\x85\
\xff\x90\x92\x8b\xff\xb8\xb1\xa0\xff\x9c\xa5\xa6\xff\x83\x9a\xa3\
\xff\x81\x9a\xa5\xff\x84\x9a\xa3\xff\x87\x9b\xa3\xff\x88\x9b\xa2\
\xff\x87\x9a\xa3\xff\x83\x98\xa2\xff\x83\x96\xa3\xff\x80\x9c\xa4\
\xff}\x9a\x9f\xff\x8a\x9c\x9b\xff\x8c\xa2\xad\xffFf\x99\
\xff!+A\xff:<(\xffV^S\xffHQG\
\xff\x5c_W\xff\x8e\x8d\x87\xff\x8a\x8f\x82\xff{}u\
\xff^u\x92\xffm\x8a\xa7\xff\x94\xa1\xa4\xff\x88\x9b\xa2\
\xff\x87\x9c\xa2\xff\x84\x9c\xa2\xff\x84\x9c\xa2\xff\x88\x9e\xa3\
\xff\x86\x9b\xa1\xff\x89\x9c\xa1\xff\x8d\xa1\xab\xffm\x86\xa2\
\xffDP`\xff?E8\xff=C>\xffvvl\
\xff\x80\x86}\xffuwr\xffcx\x90\xff|\x96\xa4\
\xff\x82\x99\x9d\xff~\x94\x9f\xff\x80\x95\x9f\xff\x7f\x96\x9c\
\xff\x81\x95\x9d\xff\x83\x99\x9e\xff}\x96\xa8\xffC[q\
\xff4>6\xffYZH\xfffgZ\xffamj\
\xffl\x86\x90\xffz\x97\x9a\xff}\x94\x98\xff\x7f\x92\x9a\
\xff}\x93\x93\xff\x88\x9c\x97\xffo\x82\x9a\xff>U}\
\xff7Tu\xffAZ}\xffPh\x90\xffo\x8c\x96\
\xff\x7f\x96\x93\xff~\x92\x94\xff\x82\x94\x90\xffj\x83\x94\
\xff@c\x98\xff9[\x95\xff3[\x93\xffTq\x96\
\xff\x80\x8c\x90\xffv\x86\x89\xffbx|\xffgst\
\xff\x8c\x91\x8c\xff\x86\x96\x94\xffn\x86\x97\xffCf\x99\
\xff@d\x9d\xffk\x88\x9a\xff\x90\x9f\x9a\xffv\x88\x9a\
\xff?c\x96\xff@l\x94\xffv\x92\x99\xff\x82\x90\x9b\
\xffKi\x94\xffHk\x95\xff\x80\x91\x94\xff\x94\x96\x99\
\xff\x9f\x9b\x9a\xff\xb1\xa9\x9e\xff\xae\xa5\x9b\xff\xa7\x9d\x95\
\xff\xaa\x9f\x99\xff\x9f\x95\x8e\xff\x8a\x81x\xff\x8f\x87{\
\xff\xa1\x9a\x8c\xff\xc2\xba\xad\xff\xd5\xcc\xc4\xff\x96\x8d\x85\
\xff_aW\xff\x83\x89\x7f\xff\x87\x87|\xffSTI\
\xffdi^\xff\x86\x8c\x7f\xffCL@\xff&8*\
\xffdsf\xff\x8a\x8f\x85\xff\x92\x91\x88\xff\x96\x96\x8d\
\xfflpg\xffMXN\xffN]R\xffM\x5cO\
\xffXbV\xffS^R\xff:H?\xff\x82\x8c\x98\
\xff\x87\x8f\x9a\xff\x88\x8c\x98\xff\x87\x8d\x98\xff\x80\x89\x91\
\xff}\x84\x8e\xfft|\x85\xff{\x80\x88\xff\x81\x87\x8d\
\xff\x7f\x88\x8e\xff\x80\x8b\x91\xff\x83\x8d\x93\xff~\x84\x8b\
\xff\x80\x86\x8d\xff\x88\x8e\x94\xff\x85\x8a\x91\xff\x8e\x8f\x8f\
\xff\x88\x94\x8f\xff:Y\x82\xff\x09/u\xff\x0f\x19a\
\xffnPw\xff\xc0\xb3\xa9\xff\xac\xb4\xad\xff\xb4\xae\xac\
\xff\xb8\xb4\xad\xff\xbc\xb6\xad\xff\xc4\xbb\xb0\xff\xc3\xbe\xb2\
\xff\xc8\xc1\xb5\xff\xcc\xc4\xb7\xff\xcb\xc3\xb5\xff\xd5\xc9\xba\
\xff\xd4\xd0\xc2\xff|\x94\xa5\xff\x1dD\x81\xff)G\x81\
\xff+H\x80\xff'D|\xff#Bx\xff!=u\
\xff!;t\xff!:q\xff!9p\xff$8t\
\xff\x225p\xff\x19._\xff\x15*^\xff\x16(a\
\xff*4T\xff9<<\xffNQN\xffU`^\
\xff$,+\xff\x10\x14\x15\xff\x16\x19\x1a\xff42-\
\xffZb]\xffS_\x5c\xff[fd\xffISP\
\xff\x11\x1a\x17\xff\x0b\x13\x0f\xff\x14\x1b\x19\xff\x12\x19\x18\
\xff\x12\x19\x18\xff\x12\x18\x19\xff\x11\x14\x1c\xff\x07\x0a\x13\
\xff#$'\xff[b[\xffBV[\xff$2U\
\xff)5W\xff\x18)U\xff\x11 S\xff\x11 O\
\xff\x12 Q\xff\x11 N\xff\x10\x1fL\xff\x10\x1eN\
\xff\x13&G\xff\x13)C\xff\x0d!<\xff\x0f!<\
\xff\x12 ;\xff\x16#A\xff\x12 C\xff\x0e\x1dF\
\xff\x0b\x1cF\xff\x0c\x1bF\xff\x13\x19F\xff\x11\x19E\
\xff\x19(B\xff#4D\xff 6\x5c\xff\x19<\x81\
\xff\x1bE\x95\xff\x1e?w\xff(:P\xff.<N\
\xff+BT\xff,CT\xff0CW\xff-EW\
\xff/FW\xff0GW\xff/IX\xff2K[\
\xff3L\x5c\xff3L\x5c\xff4N]\xff7P`\
\xff8Qa\xff8Ra\xff:Td\xff>Wg\
\xff?Yg\xffB\x5cj\xffD^k\xffD^m\
\xffC]m\xff?Zh\xffdns\xff\xa5\x9d\x8e\
\xff\x9c\x9f\x96\xffb{\x87\xffg\x83\x91\xffay\x84\
\xff\x92\x93\x8c\xff\xb8\xb1\xa2\xff\x97\xa5\xa6\xff\x83\x9a\xa2\
\xff\x82\x9b\xa5\xff\x82\x9a\xa5\xff\x85\x9a\xa2\xff\x87\x9a\xa1\
\xff\x87\x99\xa1\xff\x83\x99\xa2\xff\x85\x99\xa4\xff|\x97\x9f\
\xff{\x98\x9c\xff\x8a\x9f\x9c\xff\x8b\xa4\xac\xffCg\x99\
\xff\x1b*?\xff17!\xffNXJ\xffCNC\
\xffU[R\xff\x85\x8a\x84\xff\x85\x8d\x85\xffu|v\
\xffXp\x8f\xffl\x8a\xa7\xff\x93\xa3\xa6\xff\x87\x9a\xa1\
\xff\x85\x9b\xa1\xff\x83\x9a\xa2\xff\x83\x9a\xa2\xff\x88\x9c\xa1\
\xff\x85\x9a\x9f\xff\x87\x9a\x9f\xff\x86\xa1\xaa\xff]\x81\x9d\
\xff3FX\xff4:6\xff.76\xff`i_\
\xfft\x80r\xffqws\xff_x\x91\xff~\x97\xa2\
\xff\x7f\x98\x9c\xff{\x94\x9f\xff\x7f\x93\x9d\xff\x81\x94\x9b\
\xff\x80\x93\x9a\xff\x81\x97\x9e\xffz\x95\xa0\xffIat\
\xff<IF\xffKQL\xffMUW\xffH[i\
\xffh\x80\x8e\xff\x81\x98\x9b\xff\x80\x94\x9a\xff~\x8f\x9d\
\xffy\x90\x97\xff\x81\x99\x93\xffj\x7f\x97\xff@a\x9e\
\xff;e\xa2\xff5`\x9f\xffAk\x9a\xffj\x8c\x95\
\xff|\x93\x91\xffx\x8c\x8e\xff\x80\x92\x8d\xffk\x82\x8e\
\xffBb\x93\xff3Z\x94\xff5Z\x92\xffUp\x93\
\xffw\x8b\x8f\xffn\x87\x8a\xffWuu\xffdrn\
\xff\x8a\x92\x89\xff\x88\x97\x96\xffr\x86\x97\xff?a\x98\
\xff6]\x9d\xffb\x86\x9b\xff\x87\x9b\x9e\xffq\x84\x99\
\xffGd\x95\xffUm\x9b\xff\x8a\x94\x9f\xff\x97\x9e\x9d\
\xff\x90\x95\x9d\xff\x97\x99\x9b\xff\xa1\xa0\x93\xff\xab\xa7\x99\
\xff\xb2\xb1\x9d\xff\xac\xa7\x9a\xff\xaa\x9f\x96\xff\x98\x8c\x8b\
\xff\x99\x8b\x8d\xff\xb0\xa4\x9f\xff\xc3\xbb\xb0\xff\xd5\xce\xbf\
\xff\xdd\xd6\xc6\xff\xde\xd6\xc5\xff\xe0\xd6\xcb\xff\xd2\xc7\xc0\
\xff\xc4\xbd\xb3\xff\xb8\xb2\xa8\xff\x8c\x89~\xff{yn\
\xff\x95\x8c\x85\xff\x86\x82w\xffP\x5cO\xffr\x81q\
\xff\xcf\xd0\xc4\xff\xd7\xce\xc5\xff\xd7\xc8\xbf\xff\xe4\xd6\xcd\
\xff\xb4\xac\xa3\xff\x93\x91\x87\xff\xa5\xa7\x9c\xff\x96\x96\x8a\
\xff\xaf\xa9\x9e\xff\xb3\xad\xa2\xffpqo\xffjko\
\xffrot\xff\x9a\x94\x99\xff\xa6\xa3\xa3\xff\x98\x98\x94\
\xff\x98\x99\x93\xff\xae\xad\xa7\xff\xb7\xaf\xa8\xff\xbe\xb5\xa8\
\xff\xc0\xb6\xa6\xff\xc2\xb7\xa7\xff\xcb\xbf\xb0\xff\xcc\xbf\xaf\
\xff\xcc\xbf\xb0\xff\xcf\xc4\xb4\xff\xcf\xc5\xb5\xff\xe3\xd2\xbf\
\xff\xcc\xcf\xba\xffMj\x89\xff\x0a.o\xff\x14\x15[\
\xff\x8aY\x7f\xff\xf1\xd2\xc2\xff\xd8\xd5\xc4\xff\xd5\xc9\xbd\
\xff\xd7\xcf\xc0\xff\xd9\xcf\xc1\xff\xd4\xca\xbb\xff\xd1\xc8\xba\
\xff\xd7\xcb\xbf\xff\xd7\xca\xbe\xff\xd4\xca\xbd\xff\xdd\xd1\xc0\
\xff\xe4\xdd\xc4\xff\x87\x9f\xa3\xff\x12=t\xff)I\x7f\
\xff*I~\xff\x22?z\xff\x22?x\xff!:u\
\xff\x22:r\xff\x22:q\xff!8n\xff\x224o\
\xff\x1e1j\xff\x16,[\xff\x14'\x5c\xff\x15%^\
\xff*2T\xff56:\xffIJK\xffQ[Z\
\xff (&\xff\x0f\x11\x12\xff\x1f\x1f\x1f\xff@;7\
\xffZ^]\xffNWX\xffZcb\xffIOO\
\xff\x11\x16\x16\xff\x0c\x11\x10\xff\x15\x19\x19\xff\x11\x15\x18\
\xff\x10\x15\x19\xff\x0f\x13\x18\xff\x0f\x12\x19\xff\x05\x0a\x0d\
\xff\x1f\x22!\xffS]R\xff>RT\xff\x221O\
\xff(4S\xff\x14'O\xff\x0f\x1fP\xff\x10\x1fM\
\xff\x11\x1fO\xff\x11\x1eL\xff\x11\x1eL\xff\x11\x1dM\
\xff\x14%G\xff\x13'C\xff\x0e ;\xff\x13\x22>\
\xff\x12\x1f;\xff\x15!?\xff\x14!D\xff\x0f\x1bD\
\xff\x0c\x1bF\xff\x0d\x1bF\xff\x12\x17D\xff\x0f\x17B\
\xff\x19'A\xff#3C\xff\x1f4Y\xff\x19:\x80\
\xff\x1aD\x94\xff\x1e>w\xff(:P\xff-<M\
\xff*@R\xff)@R\xff-?T\xff*BT\
\xff,CU\xff/EV\xff.GX\xff0HY\
\xff0HY\xff0IZ\xff2J[\xff4L]\
\xff5M^\xff5N_\xff8Qb\xff<Uf\
\xff<Vd\xff?Yg\xff@Zh\xffA[j\
\xffA[k\xff>Xg\xffakq\xff\xa8\xa0\x91\
\xff\x9f\xa2\x99\xff`y\x84\xffd\x80\x8c\xff`w\x81\
\xff\x91\x91\x8a\xff\xb9\xb2\xa3\xff\x98\xa6\xa7\xff\x82\x99\xa1\
\xff\x82\x9a\xa4\xff\x81\x9a\xa4\xff\x85\x9b\xa3\xff\x88\x9b\xa2\
\xff\x87\x9a\xa2\xff\x82\x99\xa2\xff\x86\x99\xa2\xff\x83\x99\xa1\
\xff~\x96\x9d\xff\x85\x9b\x9d\xff\x88\xa5\xae\xffAk\x9b\
\xff\x10&9\xff)2\x1a\xffJVB\xffBK=\
\xffUYN\xff\x7f\x84\x81\xff~\x84\x80\xffoxs\
\xffZs\x92\xffk\x89\xa8\xff\x90\xa1\xa3\xff\x87\x9a\xa1\
\xff\x85\x9a\xa1\xff\x82\x98\xa1\xff\x83\x99\xa1\xff\x86\x9b\xa0\
\xff\x81\x99\x9e\xff\x85\x9a\x9c\xff\x84\x9e\xa9\xffZ}\xa0\
\xff:IX\xffHC=\xffBD>\xffTYK\
\xffZcP\xffgkb\xfff|\x8e\xff\x7f\x98\xa0\
\xff}\x97\x9b\xffx\x91\x9b\xff|\x92\x9b\xff\x80\x94\x9a\
\xff\x7f\x92\x98\xff~\x94\x99\xffv\x91\x9c\xffEe\x95\
\xff3W\x8b\xff?`\x95\xffBc\x9a\xff4\x5c\x97\
\xff\x5cx\xa0\xffw\x92\x9d\xff{\x92\x95\xff}\x8c\x98\
\xffz\x8d\x94\xff\x81\x95\x93\xffl~\x94\xffFd\x9b\
\xff=e\x97\xff4\x5c\x92\xffAe\x95\xffk\x86\x96\
\xff{\x8f\x93\xffw\x8a\x91\xff}\x8f\x8f\xffi\x81\x8b\
\xffA^\x85\xff4Y\x88\xff9X\x8e\xffSj\x91\
\xffo\x86\x8c\xffk\x82\x8a\xffd|\x81\xfffnr\
\xffryv\xff\x81\x8d\x91\xff{\x90\x9c\xffIe\x92\
\xffHi\x97\xffq\x8d\x96\xff\x96\xa3\x98\xff\x9d\xa1\x95\
\xff\x98\x9c\x98\xff\xa5\x9f\x9c\xff\xb0\xa7\x98\xff\xa3\xa5\x97\
\xff\x8e\x91\x99\xff\x85\x86\x97\xff\x8a\x92\x98\xff\x8f\x96\x92\
\xff\xa7\xa5\x9b\xff\xb2\xae\xa3\xff\xad\xac\xa0\xff\xc1\xc0\xb1\
\xff\xd7\xcf\xc8\xff\xde\xd2\xcc\xff\xe0\xd7\xcb\xff\xdc\xd3\xc5\
\xff\xd7\xce\xc0\xff\xd4\xcb\xbb\xff\xd5\xca\xbf\xff\xdd\xcf\xc6\
\xff\xdf\xd3\xc8\xff\xda\xcb\xc2\xff\xd7\xc8\xbd\xff\xd1\xc3\xb8\
\xff\xcc\xbd\xb4\xff\xd2\xc5\xba\xff\xd0\xc8\xbe\xff\xd8\xd2\xc4\
\xff\xe2\xd3\xc8\xff\xda\xca\xbe\xff\xd8\xc5\xba\xff\xda\xc7\xbb\
\xff\xd8\xc9\xbc\xff\xd3\xc7\xba\xff\xdb\xd0\xc3\xff\xd7\xcc\xbf\
\xff\xdb\xcb\xc1\xff\xd0\xbf\xb7\xff\xa5\x9a\x97\xff\x80vg\
\xff\xa3\x96\x88\xff\xd8\xc8\xba\xff\xdb\xca\xbd\xff\xd4\xc6\xb6\
\xff\xd3\xc8\xb7\xff\xd6\xca\xb8\xff\xd9\xc7\xb9\xff\xdb\xca\xbb\
\xff\xd2\xc5\xb4\xff\xcf\xc3\xb3\xff\xd6\xc9\xb9\xff\xd8\xc9\xba\
\xff\xd7\xc7\xba\xff\xd6\xc8\xba\xff\xd5\xc7\xb9\xff\xe5\xd2\xbf\
\xff\xcb\xcf\xba\xffGj\x88\xff\x05/q\xff\x10\x17`\
\xff\x85T|\xff\xed\xcb\xbf\xff\xd3\xd0\xbe\xff\xcf\xc3\xb6\
\xff\xcf\xc7\xb8\xff\xd0\xc6\xb8\xff\xd0\xc7\xba\xff\xd0\xc7\xba\
\xff\xd0\xc7\xbb\xff\xd0\xc7\xbc\xff\xcc\xc5\xbc\xff\xd5\xc9\xbd\
\xff\xe1\xd6\xc2\xff\x89\x9e\xa3\xff\x14>w\xff&D|\
\xff%Dy\xff\x22>z\xff!9s\xff$6s\
\xff 7o\xff!9l\xff 5j\xff\x1e1k\
\xff\x1c.f\xff\x17*Y\xff\x15%X\xff\x13$Y\
\xff$2Q\xff2<<\xff@IG\xffEUS\
\xff\x1d)$\xff\x0e\x12\x11\xff$(&\xffGIA\
\xffW^Y\xffJUV\xffS]`\xff@JM\
\xff\x0c\x16\x17\xff\x03\x0b\x0b\xff\x09\x12\x15\xff\x09\x0f\x14\
\xff\x0c\x0f\x16\xff\x0d\x0f\x12\xff\x0b\x10\x12\xff\x04\x0b\x08\
\xff \x22\x1f\xffOWP\xff;NS\xff -N\
\xff(2T\xff\x14&N\xff\x0f\x1eN\xff\x10\x1eK\
\xff\x12\x1eM\xff\x12\x1eK\xff\x12\x1eJ\xff\x11\x1dI\
\xff\x13\x22C\xff\x12$?\xff\x10\x1e:\xff\x14 <\
\xff\x13\x1f:\xff\x14\x1f<\xff\x13\x1c@\xff\x13\x1bC\
\xff\x10\x1dF\xff\x0d\x1cE\xff\x11\x17B\xff\x0e\x16?\
\xff\x19&A\xff#2C\xff\x1f2X\xff\x189~\
\xff\x1bC\x94\xff\x1e=w\xff%9N\xff,;L\
\xff(>P\xff'>P\xff+>R\xff(@Q\
\xff*AS\xff-BU\xff,DV\xff-EW\
\xff-EX\xff-EW\xff.FX\xff0H[\
\xff1J\x5c\xff3K]\xff5M_\xff8Pa\
\xff<Tc\xff=Vd\xff>Wf\xff?Yi\
\xff>Xh\xff:Sd\xff^gp\xff\xa8\xa0\x91\
\xff\x9f\xa2\x99\xffcy\x84\xffe\x7f\x8a\xff^u}\
\xff\x90\x92\x8a\xff\xb8\xb1\xa4\xff\x97\xa5\xa7\xff\x81\x99\xa1\
\xff\x80\x9a\xa3\xff\x81\x9a\xa4\xff\x86\x9c\xa4\xff\x89\x9c\xa3\
\xff\x87\x9a\xa1\xff\x82\x98\xa3\xff\x84\x97\xa2\xff\x84\x99\xa3\
\xff\x82\x98\xa5\xff\x87\x9b\xa4\xff\x87\xa0\xaf\xffAe\x9b\
\xff\x12 <\xff*+\x1d\xffGPE\xff9E:\
\xffHMA\xffxyt\xff\x81\x82{\xffqwp\
\xffZp\x93\xffn\x88\xaa\xff\x8d\x9e\xa1\xff\x86\x9a\xa1\
\xff\x84\x99\xa1\xff\x82\x98\xa0\xff\x82\x98\x9f\xff\x84\x9a\x9e\
\xff\x82\x98\x9d\xff\x86\x99\x9c\xff\x86\x9d\xa4\xffd\x82\x98\
\xffAW\x5c\xffR\x5cF\xffT_U\xffJXV\
\xff@RZ\xffNVk\xffar\x93\xff\x83\x96\x9e\
\xff|\x95\x97\xffv\x90\x98\xffz\x92\x99\xff~\x93\x97\
\xff\x7f\x91\x97\xff~\x94\x98\xffu\x90\x98\xffBk\x9a\
\xff.`\xa1\xff4d\xa3\xff7c\xa4\xff3\x5c\xa3\
\xff\x5cx\x9c\xff|\x94\x99\xff{\x90\x93\xff|\x8e\x92\
\xffs\x8e\x8f\xffz\x92\x92\xffg}\x97\xff>]\x99\
\xff5_\x92\xff4]\x90\xffCg\x94\xffk\x82\x91\
\xff{\x8b\x8d\xffr\x87\x8d\xffu\x8d\x91\xff_}\x8d\
\xff3U\x86\xff#M\x88\xff(O\x89\xffHf\x8b\
\xffp\x81\x87\xfflz\x84\xffp~\x89\xffqw\x83\
\xfflro\xffruu\xff\x86\x90\x8d\xff\x97\x9d\xa3\
\xff\xa5\xa3\xa2\xff\xa3\xa1\x9f\xff\xab\xa6\x98\xff\xa5\x9f\x9c\
\xff\x89\x89\x9d\xff|\x89\x98\xff\x8e\x9a\x96\xff\x8b\x92\x98\
\xffRl\x99\xffDa\x97\xffNf\x91\xffn\x84\x94\
\xff\xbd\xbf\xb2\xff\xd4\xc6\xbb\xff\xb4\xa9\xa2\xff\xd2\xc9\xb7\
\xff\xe9\xdd\xcf\xff\xda\xce\xc6\xff\xd8\xcd\xbf\xff\xda\xcf\xc1\
\xff\xd9\xce\xc0\xff\xda\xce\xc1\xff\xd9\xcd\xc0\xff\xd9\xcc\xc0\
\xff\xda\xcd\xc0\xff\xdc\xcd\xc0\xff\xe9\xd6\xca\xff\xd7\xcb\xbd\
\xff\xc3\xbc\xaf\xff\xdb\xd2\xc3\xff\xe6\xd3\xc8\xff\xde\xd0\xc1\
\xff\xd6\xca\xbd\xff\xd7\xcc\xbe\xff\xd5\xcb\xbd\xff\xd0\xc5\xb7\
\xff\xd2\xc6\xb9\xff\xd7\xce\xc0\xff\xd6\xca\xbc\xff\xd9\xcf\xbf\
\xff\xd6\xc9\xbe\xff\xbe\xae\xa8\xff\xb0\xa8\x9a\xff\xc8\xc0\xb3\
\xff\xcd\xc2\xb4\xff\xd5\xc6\xb8\xff\xd4\xc3\xb8\xff\xd1\xc7\xb9\
\xff\xce\xc5\xb7\xff\xcd\xc3\xb3\xff\xd0\xc3\xb5\xff\xd0\xc4\xb9\
\xff\xc9\xbf\xb5\xff\xc7\xbb\xb4\xff\xce\xc2\xba\xff\xd0\xc4\xbb\
\xff\xcd\xc3\xba\xff\xce\xc4\xbb\xff\xce\xc3\xb9\xff\xdd\xcd\xbf\
\xff\xc9\xce\xbb\xffFk\x88\xff\x00-l\xff\x0d\x18]\
\xff\x81Uy\xff\xea\xcb\xbc\xff\xd5\xd2\xc2\xff\xd4\xc7\xba\
\xff\xd2\xca\xb8\xff\xd2\xc9\xb8\xff\xd7\xcb\xbd\xff\xd5\xca\xbc\
\xff\xd2\xca\xbc\xff\xd4\xca\xc0\xff\xd0\xc9\xbf\xff\xd9\xcc\xbf\
\xff\xea\xd9\xc9\xff\x8f\x9e\xaa\xff\x16:y\xff%?z\
\xff\x22>v\xff$=w\xff#8p\xff 2m\
\xff\x1e3j\xff 6i\xff\x1e1f\xff\x1c.g\
\xff\x1b-c\xff\x18)W\xff\x16&U\xff\x12\x22V\
\xff /P\xff4=>\xffBHG\xffITV\
\xff7@=\xff/44\xff9@=\xffHOH\
\xffR[V\xffGUT\xffLY[\xffGTT\
\xff/<;\xff,98\xff1?>\xff3?>\
\xff6>?\xff:=?\xff:?@\xff4<:\
\xff>AC\xffSWW\xff8HS\xff!,N\
\xff(0O\xff\x16$M\xff\x0e\x1cK\xff\x0f\x1dI\
\xff\x10\x1dJ\xff\x12\x1dH\xff\x12\x1eH\xff\x12\x1cG\
\xff\x13 @\xff\x15!>\xff\x12\x1e;\xff\x13\x1e:\
\xff\x14 <\xff\x14\x1f<\xff\x11\x1b=\xff\x13\x1cB\
\xff\x10\x1bC\xff\x0e\x1bB\xff\x0f\x16@\xff\x0e\x15=\
\xff\x18%?\xff\x22/@\xff\x1f/U\xff\x196}\
\xff\x1bB\x94\xff\x1d<u\xff$7L\xff*9J\
\xff'=P\xff&=N\xff*=Q\xff'?P\
\xff'?Q\xff+AS\xff*AS\xff+CU\
\xff+CU\xff+BT\xff-DV\xff/FX\
\xff/HY\xff/HY\xff1I[\xff3L^\
\xff:Q`\xff;Q`\xff;Sc\xff=Vf\
\xff;Te\xff7Pc\xff\x5cfn\xff\xa7\x9d\x8f\
\xff\x9f\xa0\x97\xfffz\x84\xffg\x82\x8b\xff\x5ct~\
\xff\x93\x94\x8c\xff\xb8\xb1\xa5\xff\x96\xa4\xa6\xff\x81\x99\x9f\
\xff\x80\x9a\xa2\xff\x81\x9a\xa4\xff\x86\x9c\xa3\xff\x88\x9b\xa2\
\xff\x85\x99\xa0\xff\x82\x98\xa0\xff\x82\x97\x9d\xff\x7f\x98\x9c\
\xff\x7f\x97\xa0\xff\x8a\x9c\xa3\xff\x89\xa1\xae\xff?a\x93\
\xff\x11\x1a3\xff)&\x1a\xff=HB\xff5C<\
\xff=E;\xff]d[\xffrqf\xffnrk\
\xffXp\x90\xffp\x8b\xa7\xff\x8e\xa1\xa0\xff\x83\x96\x9f\
\xff\x82\x98\x9d\xff\x81\x96\x9e\xff\x81\x97\x9e\xff\x81\x99\x9d\
\xff\x81\x96\x9b\xff\x85\x99\x9c\xff\x86\x9a\xa1\xff^|\x9b\
\xff7W\x83\xff>[v\xffHe\x85\xffDf\x92\
\xff<e\x9c\xff@^\xa0\xffUp\xa5\xff\x7f\x95\x9c\
\xff}\x94\x95\xffu\x8e\x96\xffv\x90\x96\xff|\x92\x97\
\xff~\x91\x96\xff\x7f\x94\x98\xffw\x8f\x95\xffGi\x93\
\xff6[\x9b\xff<^\x9c\xff8_\x96\xff:Z\x99\
\xff_w\x91\xffz\x91\x90\xffx\x8e\x93\xffy\x8e\x93\
\xffu\x8d\x8f\xffz\x90\x91\xffe}\x94\xff<[\x93\
\xff7^\x92\xff5]\x8e\xff>b\x90\xffe\x7f\x8a\
\xfft\x85\x87\xffm\x83\x85\xffm\x87\x88\xff]v\x87\
\xff6S\x83\xff/N\x80\xff9[\x7f\xff\x5cs~\
\xff|\x84y\xffy\x82\x80\xff{\x86\x82\xff{\x86\x86\
\xff\x88\x93\x86\xff}\x81x\xff\x81zt\xff\x8f\x8e\x8b\
\xff{\x85\x9b\xff\x83\x90\x9b\xff\x9d\xa1\xa1\xff\x80\x87\xa1\
\xffG`\x9c\xff8g\x9a\xffNy\x9c\xffXl\x94\
\xffEa\x9d\xff@d\x97\xff5R\x8a\xffr\x83\xa1\
\xff\xd5\xd5\xc6\xff\xd6\xca\xc1\xff\xa1\x99\x98\xff\xc1\xb8\xb0\
\xff\xe3\xd4\xc7\xff\xdd\xcf\xc4\xff\xdd\xd0\xc3\xff\xdb\xd0\xc1\
\xff\xda\xcf\xc1\xff\xd9\xce\xbf\xff\xda\xcc\xbe\xff\xdc\xcd\xc0\
\xff\xde\xce\xc0\xff\xda\xcb\xbe\xff\xd7\xcf\xbf\xff\xcb\xc5\xb5\
\xff\xc2\xba\xac\xff\xd3\xcc\xbb\xff\xd7\xcb\xbf\xff\xdb\xcb\xbb\
\xff\xdb\xca\xbe\xff\xd7\xcb\xbe\xff\xd7\xcd\xbf\xff\xd4\xca\xbc\
\xff\xcd\xc3\xb4\xff\xd3\xc5\xb8\xff\xda\xcb\xbe\xff\xd6\xc9\xba\
\xff\xd5\xc5\xbd\xff\xc7\xb7\xae\xff\xbc\xb2\xa1\xff\xd2\xc7\xbd\
\xff\xd2\xc3\xba\xff\xd2\xbf\xb8\xff\xd2\xc2\xb8\xff\xcc\xc3\xb3\
\xff\xcb\xc4\xb2\xff\xd0\xc7\xb5\xff\xd4\xc7\xb7\xff\xd4\xc6\xba\
\xff\xce\xc2\xb7\xff\xcd\xc0\xb5\xff\xd1\xc5\xba\xff\xd3\xc8\xbd\
\xff\xd1\xc7\xbd\xff\xd1\xc7\xbd\xff\xd1\xc6\xbc\xff\xe0\xcd\xc1\
\xff\xd0\xd2\xbe\xffLq\x8c\xff\x03-i\xff\x0f\x16W\
\xff\x85Vx\xff\xef\xce\xbc\xff\xd9\xd5\xc4\xff\xd4\xc8\xbc\
\xff\xd0\xca\xbe\xff\xcf\xc9\xbd\xff\xd1\xca\xbc\xff\xd4\xcb\xc0\
\xff\xd5\xcc\xc3\xff\xd2\xc8\xc0\xff\xd0\xc8\xc1\xff\xdb\xce\xc4\
\xff\xe8\xdb\xca\xff\x91\xa1\xac\xff\x155u\xff&<x\
\xff\x228q\xff\x1e3n\xff\x227l\xff\x1f3i\
\xff\x1b/f\xff\x1c1d\xff\x1e.c\xff\x1e,e\
\xff\x1d+`\xff\x17'S\xff\x14$R\xff\x12 R\
\xff /I\xff5=8\xff=B>\xffERQ\
\xffNXT\xffW[]\xffU\x5c\x5c\xffRXU\
\xffSZT\xffGQJ\xffIRI\xffPXQ\
\xffU[W\xffW]Z\xffW]Z\xffV]X\
\xffT[X\xffS[W\xffQ[W\xffM[X\
\xffJSV\xffGPO\xff/BJ\xff\x22.H\
\xff(0H\xff\x15\x22K\xff\x0e\x1bK\xff\x0f\x1dG\
\xff\x10\x1cF\xff\x13\x1dG\xff\x15\x1dG\xff\x14\x1cF\
\xff\x14\x1f?\xff\x14 ;\xff\x12\x1e:\xff\x0f\x1c7\
\xff\x11\x1e9\xff\x11\x1c:\xff\x12\x1c=\xff\x13\x1d@\
\xff\x0f\x19A\xff\x0e\x19@\xff\x0f\x17?\xff\x0e\x14<\
\xff\x16#=\xff -=\xff\x1f-T\xff\x195}\
\xff\x1aA\x93\xff\x1d;s\xff$5K\xff(7G\
\xff$;M\xff$;M\xff(;O\xff%=N\
\xff&=O\xff)>P\xff*@R\xff+AS\
\xff*@R\xff+AS\xff-BT\xff-CU\
\xff.DV\xff.EW\xff.FX\xff/HZ\
\xff5L\x5c\xff7N]\xff8P`\xff9Qb\
\xff:Rc\xff5M`\xffVbj\xff\xa7\x9e\x90\
\xff\xa1\xa1\x98\xffcw\x80\xfff\x81\x89\xff[r}\
\xff\x90\x90\x88\xff\xb9\xb2\xa6\xff\x95\xa3\xa5\xff\x80\x97\x9e\
\xff\x7f\x99\xa2\xff\x80\x9a\xa4\xff\x84\x9b\xa2\xff\x86\x99\xa0\
\xff\x83\x98\x9f\xff\x80\x98\xa0\xff\x7f\x95\x9f\xff}\x96\xa1\
\xff\x7f\x96\xa1\xff\x8b\x9c\x9d\xff\x87\xa0\xa3\xffDi\x8e\
\xff 2=\xff6<%\xffJQC\xffSSF\
\xffQRH\xffFPE\xffOTH\xffVaa\
\xffPo\x8b\xffm\x8f\x9f\xff\x89\x9f\x9a\xff\x82\x96\x9d\
\xff\x82\x97\x9d\xff\x81\x95\x9e\xff\x80\x96\x9e\xff\x80\x98\x9d\
\xff\x80\x95\x9a\xff\x83\x98\x9b\xff\x87\x9a\xa0\xff`~\x9f\
\xff0`\xa4\xff<f\xa9\xffDi\xa8\xffAj\xa8\
\xff3g\xa1\xff-c\xa1\xffKp\x9f\xff|\x93\x95\
\xff~\x92\x93\xfft\x8c\x96\xfft\x8f\x97\xffx\x90\x95\
\xff{\x8e\x94\xff\x80\x94\x99\xffv\x8e\x93\xff@d\x93\
\xff3W\x9c\xff9_\x97\xff8_\x90\xff7\x5c\x93\
\xffYu\x8c\xffq\x8e\x8b\xffr\x8f\x8f\xfft\x87\x8f\
\xffs\x84\x8e\xff{\x8f\x8e\xffbz\x8d\xff7W\x8e\
\xff,P\x90\xff)L\x88\xff7T\x8b\xffcw\x89\
\xffr\x89\x81\xffp\x7f\x86\xffu\x80\x82\xffx}{\
\xffpv\x81\xffz\x80\x80\xff\x88\x86\x80\xff\x88\x84{\
\xffy{o\xfftzt\xfft|t\xfffys\
\xff\x83\x98\x89\xff\x8b\x97\x91\xffz~~\xfffmn\
\xff>]\x83\xffNu\x98\xffc\x85\x9e\xffWu\x9a\
\xff?e\x9b\xff:a\x9b\xff>a\x9b\xffCh\x99\
\xffWq\xa1\xffl\x80\x9c\xfffv\x91\xff\xab\xab\xb2\
\xff\xf3\xeb\xd7\xff\xcd\xc6\xbb\xff\x9c\x96\x97\xff\xbd\xb6\xae\
\xff\xd5\xca\xbd\xff\xd2\xc5\xb9\xff\xd6\xca\xbe\xff\xda\xce\xc2\
\xff\xdd\xd1\xc4\xff\xd9\xce\xc0\xff\xd9\xcc\xbf\xff\xdb\xcd\xbf\
\xff\xdc\xca\xbc\xff\xd9\xcc\xc0\xff\xda\xd3\xc4\xff\xd1\xc5\xb5\
\xff\xc8\xbc\xaf\xff\xd8\xd0\xc0\xff\xd9\xce\xc2\xff\xd9\xcb\xba\
\xff\xdb\xcb\xbe\xff\xdc\xca\xbe\xff\xd7\xc9\xbb\xff\xd5\xca\xbb\
\xff\xd7\xca\xbb\xff\xd6\xc5\xb8\xff\xd9\xc7\xba\xff\xda\xc8\xbb\
\xff\xd8\xc7\xbc\xff\xd6\xc4\xb8\xff\xd3\xc2\xb5\xff\xd0\xc6\xb4\
\xff\xd2\xc5\xb4\xff\xd6\xc6\xb6\xff\xd5\xc4\xb7\xff\xd3\xc5\xb4\
\xff\xd5\xc9\xb9\xff\xd5\xca\xba\xff\xd7\xc7\xb8\xff\xd7\xc8\xba\
\xff\xd3\xc5\xb7\xff\xd0\xc1\xb4\xff\xd4\xc8\xb9\xff\xd4\xc8\xbb\
\xff\xd4\xc6\xba\xff\xd3\xc7\xbb\xff\xd2\xc8\xbc\xff\xe1\xd0\xc0\
\xff\xd0\xd2\xbb\xffKo\x8c\xff\x0a+m\xff\x12\x14Z\
\xff\x82Sz\xff\xef\xcd\xc0\xff\xd9\xd6\xc3\xff\xd2\xc8\xb7\
\xff\xd3\xcb\xbc\xff\xd4\xcb\xbc\xff\xd6\xcb\xbe\xff\xd6\xcc\xbe\
\xff\xd6\xcc\xc0\xff\xd6\xcd\xbf\xff\xd5\xcc\xbe\xff\xde\xce\xc0\
\xff\xe9\xdf\xc7\xff\x91\xa5\xaa\xff\x142m\xff\x225o\
\xff#5m\xff\x1c-f\xff\x1c2d\xff\x1d0e\
\xff\x1b-c\xff\x1a._\xff\x1b-_\xff\x1f+c\
\xff\x1d*^\xff\x14$O\xff\x12 L\xff\x10\x1eO\
\xff\x1c+K\xff.7:\xff17:\xff,9@\
\xff3?C\xff9AJ\xff4AG\xff4?E\
\xff9AI\xff6>E\xff09@\xff0:@\
\xff2<B\xff1;B\xff09B\xff2:B\
\xff.:D\xff,7D\xff(5D\xff&6G\
\xff,6I\xff-6B\xff\x1f2A\xff\x1d*G\
\xff$/I\xff\x13\x22H\xff\x0f\x1aG\xff\x0f\x1bE\
\xff\x10\x1bE\xff\x13\x1bE\xff\x14\x1cD\xff\x13\x1bD\
\xff\x14\x1f=\xff\x14\x1f;\xff\x12\x1f;\xff\x11 <\
\xff\x12\x1f;\xff\x11\x1d:\xff\x11\x1d<\xff\x10\x1b<\
\xff\x0e\x19?\xff\x0c\x19=\xff\x0f\x17>\xff\x0e\x14<\
\xff\x15!;\xff\x1d+9\xff\x1d+Q\xff\x194{\
\xff\x1c?\x91\xff\x1c8r\xff\x1f1H\xff%4E\
\xff\x228K\xff\x229J\xff'9M\xff#;L\
\xff#;L\xff&<N\xff&=O\xff'=O\
\xff(>P\xff(>P\xff)?Q\xff*AS\
\xff*@R\xff+AS\xff*BT\xff,EV\
\xff1HX\xff2IY\xff6M]\xff6O`\
\xff7Pb\xff3M^\xffN[e\xff\x92\x8a{\
\xff\x99\x98\x8e\xffgx\x82\xffi\x7f\x88\xffZq{\
\xff\x8e\x8f\x87\xff\xb9\xb1\xa7\xff\x93\xa1\xa3\xff~\x96\x9b\
\xff}\x97\xa0\xff\x7f\x99\xa3\xff\x82\x99\x9f\xff\x84\x98\x9d\
\xff\x81\x96\x9c\xff\x7f\x98\x9e\xff~\x95\x9f\xff|\x93\xa1\
\xff\x81\x96\xa4\xff\x8b\x9c\xa1\xff\x7f\x96\xa0\xffDj\x98\
\xff:Qh\xffMZS\xffHZ]\xffM]f\
\xffG[s\xff8[p\xffB\x5cw\xffDZ\x88\
\xffCf\x99\xffk\x8e\x9d\xff\x8b\x9c\x9c\xff\x82\x96\x9c\
\xff\x80\x97\x9e\xff\x81\x96\x9d\xff\x7f\x95\x9c\xff\x7f\x97\x9c\
\xff\x80\x93\x9a\xff\x83\x97\x9b\xff\x88\x9a\x9d\xffa}\x95\
\xff+[\x9d\xff4a\xa4\xffAc\xa5\xffDd\xa1\
\xff=d\x97\xff6]\x9a\xffIl\x9a\xffz\x90\x96\
\xff}\x91\x94\xffs\x8b\x95\xffs\x8d\x96\xffu\x8d\x93\
\xffy\x8b\x93\xff\x7f\x92\x96\xffv\x8c\x91\xff=b\x8f\
\xff4V\x95\xff8`\x93\xff9a\x8e\xff3Y\x93\
\xffOo\x95\xffo\x88\x8f\xffx\x89\x8e\xffq\x83\x8f\
\xffg\x81\x8c\xffo\x87\x8a\xff[v\x85\xff8T\x89\
\xff:V\x8a\xffJ`\x86\xff]n\x85\xffz\x81\x7f\
\xff\x82\x87\x80\xff\x80\x82\x86\xff\x80\x83~\xff\x84\x84y\
\xffxz\x83\xffls|\xffbdm\xff]bl\
\xffTin\xffPej\xffTcl\xffM]n\
\xffe}\x88\xffp\x82\x9c\xffbx\x95\xffny\x82\
\xff}~}\xffR`\x93\xff7Y\x9a\xffAd\x98\
\xffPp\x97\xffcy\x9b\xffy\x86\x9f\xff\x88\x9c\xa2\
\xff\x94\xa5\xa4\xff\x8c\xa2\x9d\xff\x81\x8d\x91\xff\xbd\xb2\xa8\
\xff\xbe\xac\xa0\xffwko\xff\x9a\x9b\x90\xff\xe1\xd7\xc2\
\xff\xda\xcd\xbe\xff\xcc\xc2\xb8\xff\xcd\xc2\xb8\xff\xd1\xc5\xbb\
\xff\xd4\xc8\xbe\xff\xd6\xca\xc0\xff\xdb\xcf\xc4\xff\xda\xd0\xc3\
\xff\xd9\xcc\xbe\xff\xd6\xcc\xbf\xff\xd6\xcf\xc2\xff\xcd\xc0\xb3\
\xff\xc5\xba\xaf\xff\xd4\xce\xbf\xff\xd8\xcb\xc1\xff\xd8\xcb\xbb\
\xff\xd5\xca\xbd\xff\xda\xc9\xbd\xff\xd8\xc8\xbb\xff\xd1\xc7\xb9\
\xff\xd7\xca\xbd\xff\xd6\xc5\xb9\xff\xcf\xbd\xb1\xff\xd4\xc4\xb9\
\xff\xd6\xc9\xbd\xff\xd4\xc7\xba\xff\xd6\xc7\xb9\xff\xd2\xc4\xbc\
\xff\xd4\xc6\xbb\xff\xd7\xc8\xbb\xff\xd4\xc7\xba\xff\xd1\xc5\xb7\
\xff\xd0\xc6\xba\xff\xd1\xc6\xb8\xff\xd5\xc7\xb8\xff\xd6\xc8\xb8\
\xff\xd3\xc5\xb7\xff\xcf\xc1\xb3\xff\xd4\xc9\xbb\xff\xd6\xca\xbc\
\xff\xd3\xc9\xbb\xff\xd3\xca\xbc\xff\xd1\xca\xbb\xff\xe0\xd0\xbf\
\xff\xd2\xd4\xbe\xffMp\x8f\xff\x0d)o\xff\x0e\x11[\
\xffxOy\xff\xeb\xca\xbe\xff\xd8\xd7\xc2\xff\xd6\xc9\xb9\
\xff\xd3\xcc\xba\xff\xd4\xcd\xbc\xff\xd5\xcc\xbe\xff\xd5\xcb\xbf\
\xff\xd7\xcc\xc1\xff\xd8\xcf\xc0\xff\xd6\xce\xbd\xff\xdc\xd0\xbb\
\xff\xea\xe3\xc5\xff\x94\xaa\xa6\xff\x112g\xff\x1c/i\
\xff 0e\xff\x1b+_\xff\x17,`\xff\x1c.b\
\xff\x1b+_\xff\x18,\x5c\xff\x18+]\xff\x1c)_\
\xff\x1b(\x5c\xff\x12\x22O\xff\x12\x1eK\xff\x11\x1dO\
\xff\x12\x1fM\xff\x1d&F\xff\x1e$E\xff\x18!E\
\xff\x1b!F\xff\x1b!J\xff\x18\x22H\xff\x17$G\
\xff\x18%H\xff\x14\x22J\xff\x14#N\xff\x15!N\
\xff\x12 I\xff\x13!J\xff\x14 J\xff\x16 H\
\xff\x12 G\xff\x15 G\xff\x17!I\xff\x15 H\
\xff\x17 I\xff\x18\x1fF\xff\x0f\x1cD\xff\x15!I\
\xff\x22/L\xff\x13$D\xff\x0e\x1cD\xff\x0e\x1aC\
\xff\x0f\x1aC\xff\x10\x1aB\xff\x11\x1bB\xff\x12\x1cB\
\xff\x14 >\xff\x17!?\xff\x13\x1f<\xff\x15\x22?\
\xff\x13!=\xff\x11\x1f;\xff\x0f\x1d9\xff\x0d\x199\
\xff\x0f\x1a>\xff\x0e\x1b=\xff\x0e\x16:\xff\x0e\x158\
\xff\x15!9\xff\x1b*9\xff\x1c,Q\xff\x1d4{\
\xff\x1d=\x90\xff\x1b4p\xff\x1f3J\xff%5F\
\xff!6H\xff!8J\xff$8M\xff\x228K\
\xff%9M\xff';M\xff$<N\xff$<N\
\xff%=O\xff%<N\xff&=O\xff'?Q\
\xff'>P\xff)?Q\xff,AS\xff-CT\
\xff.EU\xff/FU\xff0HX\xff3K\x5c\
\xff5N_\xff5N^\xffAMY\xffieY\
\xff\x83\x83|\xffhx\x81\xfff|\x85\xffXn{\
\xff\x92\x91\x8a\xff\xb9\xb1\xa7\xff\x92\xa1\xa3\xff}\x95\x9b\
\xff}\x95\x9f\xff\x7f\x98\xa1\xff\x7f\x98\x9e\xff\x81\x97\x9c\
\xff\x81\x97\x9c\xff\x7f\x96\x9d\xff\x7f\x96\x9c\xff|\x95\x9d\
\xff|\x93\x9b\xff\x86\x99\x9f\xff|\x94\xa3\xffCk\xa0\
\xff9[\x8d\xffLe\x89\xffAd\x99\xff@e\x9f\
\xff=e\xa8\xff8i\xaa\xffBl\xa8\xff;_\xa7\
\xff=d\xa2\xffl\x89\x9c\xff\x8a\x99\x9b\xff\x81\x93\x9d\
\xff~\x95\x9c\xff\x7f\x94\x9a\xff}\x93\x99\xff}\x94\x99\
\xff}\x90\x9a\xff\x83\x95\x9b\xff\x83\x97\x9c\xffUw\x96\
\xff)X\x99\xff2a\x99\xff=d\x98\xffAc\x94\
\xff>b\x8f\xff6Z\x94\xffKl\x99\xffx\x8d\x94\
\xff{\x8e\x92\xffs\x8a\x95\xfft\x8b\x95\xfft\x89\x91\
\xfft\x89\x90\xff|\x90\x94\xffu\x89\x8f\xff<^\x8b\
\xff1Q\x8e\xff/X\x90\xff)V\x8a\xff&M\x90\
\xffFh\x96\xffh\x84\x8d\xffv\x85\x87\xffo\x83\x86\
\xffp\x83\x86\xff|\x88\x82\xffz\x86\x7f\xffr\x81\x83\
\xff}\x8d\x83\xff\x88\x91\x83\xff\x8c\x8b\x7f\xff\x8a\x82x\
\xff}yz\xffuzu\xffmyo\xffYjn\
\xff8Kl\xff\x1e7f\xff\x120_\xff!?`\
\xff5Q_\xff5Ea\xff/9[\xff&8c\
\xff:[\x8a\xffC_\x9e\xff>Z\x9a\xffTg\x88\
\xff\x98\x91\x8e\xffz\x82\x97\xff]y\x9c\xffq\x8c\xa1\
\xff\x8c\x9e\xa2\xff\x9a\xa9\xa6\xff\x9d\xab\xa8\xff\x97\xa7\xa4\
\xff\x94\xa4\xa4\xff\x7f\x95\x9b\xffrz\x82\xffike\
\xffPTS\xffOZ_\xff\xb1\xb5\xa6\xff\xe6\xde\xcc\
\xff\xd9\xce\xc4\xff\xd9\xce\xc4\xff\xd8\xcc\xc3\xff\xd1\xc5\xbc\
\xff\xcc\xc0\xb5\xff\xcd\xc1\xb6\xff\xd1\xc5\xba\xff\xd5\xc9\xbd\
\xff\xdc\xcd\xc0\xff\xdc\xcd\xc1\xff\xda\xcd\xc0\xff\xce\xbc\xb1\
\xff\xca\xb8\xae\xff\xd8\xce\xc0\xff\xd7\xc9\xbe\xff\xd8\xca\xba\
\xff\xd2\xc7\xbb\xff\xd2\xc4\xb8\xff\xd2\xc5\xb9\xff\xcf\xc6\xb9\
\xff\xd0\xc6\xb9\xff\xd8\xca\xbd\xff\xd3\xc3\xb6\xff\xcc\xbe\xb3\
\xff\xcd\xc5\xb8\xff\xcf\xc6\xb9\xff\xd0\xc4\xb4\xff\xd5\xc6\xbc\
\xff\xd4\xc7\xba\xff\xd4\xc7\xb8\xff\xd3\xc7\xb9\xff\xd3\xc7\xba\
\xff\xd4\xc7\xba\xff\xd4\xc7\xb9\xff\xd4\xc8\xb9\xff\xd7\xca\xbc\
\xff\xd5\xc8\xba\xff\xce\xc1\xb3\xff\xd3\xc8\xba\xff\xd6\xca\xbc\
\xff\xd3\xc8\xba\xff\xd5\xca\xbd\xff\xd2\xc9\xba\xff\xe1\xd0\xbf\
\xff\xd3\xd3\xc2\xffPt\x8c\xff\x0b)h\xff\x09\x11V\
\xffqNt\xff\xeb\xcb\xbd\xff\xdc\xda\xc2\xff\xd9\xc8\xbb\
\xff\xd7\xca\xbc\xff\xd6\xcb\xbd\xff\xd7\xcc\xbe\xff\xd6\xce\xbe\
\xff\xd5\xce\xbe\xff\xd6\xcd\xc0\xff\xd4\xcd\xc2\xff\xda\xcc\xc0\
\xff\xeb\xe2\xcb\xff\x9d\xb4\xb2\xff\x13,d\xff\x1a'd\
\xff ,_\xff\x1b,[\xff\x1a*]\xff\x1a(X\
\xff\x18)V\xff\x17)W\xff\x18(X\xff\x18(W\
\xff\x17&V\xff\x13 O\xff\x13\x1eJ\xff\x15\x1fL\
\xff\x14\x1eK\xff\x12\x1eI\xff\x11\x1eJ\xff\x0f\x1cI\
\xff\x0d\x1aG\xff\x10\x1cI\xff\x10\x1dJ\xff\x11\x1dJ\
\xff\x13\x1eI\xff\x0e\x1cH\xff\x0e\x1bM\xff\x10\x1eJ\
\xff\x0f C\xff\x0e\x1cG\xff\x11\x19L\xff\x12\x1bJ\
\xff\x11\x1eH\xff\x13\x1dH\xff\x17\x1dK\xff\x15\x1dG\
\xff\x10\x1dD\xff\x0f\x1dG\xff\x0b\x18D\xff\x16 E\
\xff#,J\xff\x14!C\xff\x0f\x1bF\xff\x10\x1aD\
\xff\x12\x1dC\xff\x12\x1eB\xff\x10\x1cA\xff\x10\x1d>\
\xff\x13\x22;\xff\x15!:\xff\x10\x1c4\xff\x10\x1b5\
\xff\x10\x1c7\xff\x0f\x1a7\xff\x0e\x187\xff\x0c\x177\
\xff\x10\x19=\xff\x11\x19?\xff\x0e\x17:\xff\x0c\x175\
\xff\x14 9\xff\x19):\xff\x18,Q\xff\x1d3z\
\xff\x1b:\x8c\xff\x1a0n\xff\x19-G\xff 3E\
\xff$4F\xff\x227H\xff!7K\xff\x226K\
\xff'8M\xff(9L\xff(<N\xff&;M\
\xff';M\xff'<N\xff)=O\xff)=O\
\xff(=O\xff)=O\xff,?Q\xff+@Q\
\xff-CS\xff,DT\xff,EV\xff/HY\
\xff0M[\xff4N_\xffBMZ\xffbc[\
\xffx}y\xffbpz\xffd{\x84\xffVm|\
\xff\x90\x8e\x88\xff\xb9\xb1\xa3\xff\x91\xa1\xa1\xff{\x93\x9a\
\xff}\x92\x9d\xff}\x94\x9e\xff~\x97\x9e\xff\x7f\x97\x9c\
\xff\x7f\x95\x9b\xff~\x93\x9c\xff|\x94\x9b\xff|\x95\x9a\
\xff}\x95\x9b\xff\x83\x99\x9e\xff{\x92\xa0\xffFn\xa0\
\xff6b\xa3\xffAk\xa7\xff?g\xa8\xff=g\xa4\
\xff<e\xa2\xff<e\xa0\xff>g\x9d\xff6^\x9d\
\xff?d\x9e\xffn\x88\x9b\xff\x85\x99\x99\xff}\x90\x9c\
\xffz\x92\x9a\xffy\x90\x98\xffz\x8f\x98\xffz\x8f\x99\
\xffy\x8e\x98\xff\x80\x94\x98\xff\x80\x96\x9a\xffVw\x98\
\xff-U\x99\xff6\x5c\x9a\xff9b\x96\xff:a\x95\
\xff3`\x93\xff0X\x95\xffRj\x97\xffw\x8b\x91\
\xffw\x8c\x8d\xffq\x85\x8f\xffo\x86\x8f\xffn\x86\x8f\
\xffj\x85\x8f\xffo\x89\x93\xfff}\x8a\xff0Q\x87\
\xff%J\x8e\xff0V\x8e\xff6X\x8a\xffD_\x8a\
\xffcv\x88\xffx\x86\x86\xff\x85\x89\x83\xff\x88\x8a\x82\
\xff\x88\x8b\x83\xff\x8a\x89\x82\xff\x8a\x88\x81\xff\x86\x86\x7f\
\xffw|{\xff^gq\xffM[q\xffWfu\
\xffZkl\xffQeh\xffL`k\xff7Me\
\xff!6Y\xff\x1a-X\xff\x16*X\xff\x17*S\
\xff\x17%P\xff\x1d P\xff\x18!F\xff\x15+J\
\xff2T\x85\xffHk\xa1\xffQp\x9f\xffWn\x85\
\xff\x8e\x90\x8c\xff\x9f\xa5\x9d\xff\x94\xa6\xa3\xff\x96\xaa\xa8\
\xff\x9d\xaa\xaa\xff\x96\xa3\xa2\xff\x8d\x9b\x9d\xff\x84\x99\x9f\
\xff\x86\x99\xa1\xff{\x89\x91\xffkmr\xffX[\x5c\
\xffNZ\x5c\xffu~v\xff\xca\xc4\xb3\xff\xe3\xd7\xc8\
\xff\xd5\xc9\xbe\xff\xd7\xcb\xbf\xff\xd9\xcd\xc2\xff\xdb\xcf\xc4\
\xff\xda\xce\xc2\xff\xd2\xc6\xb9\xff\xcb\xbf\xb3\xff\xcb\xc0\xb3\
\xff\xcd\xc1\xb5\xff\xd3\xc6\xba\xff\xd8\xcc\xbf\xff\xcd\xbf\xb3\
\xff\xc9\xbb\xae\xff\xd6\xcb\xbe\xff\xd6\xc8\xbb\xff\xd6\xc7\xb9\
\xff\xd6\xc9\xbd\xff\xd2\xc6\xb8\xff\xd0\xc5\xb7\xff\xd1\xc8\xba\
\xff\xd0\xc6\xb8\xff\xd5\xc7\xb9\xff\xd5\xc6\xb9\xff\xce\xc0\xb3\
\xff\xca\xbf\xb1\xff\xd0\xc4\xb7\xff\xd1\xc4\xb6\xff\xd2\xc6\xb7\
\xff\xd3\xc6\xb8\xff\xd4\xc7\xb7\xff\xd3\xc6\xb8\xff\xd3\xc6\xb8\
\xff\xd4\xc7\xb8\xff\xd3\xc6\xb8\xff\xd4\xc7\xb9\xff\xd7\xca\xbc\
\xff\xd2\xc5\xb7\xff\xcb\xbe\xb0\xff\xd2\xc7\xb9\xff\xd6\xca\xbc\
\xff\xd1\xc7\xb9\xff\xd2\xc8\xba\xff\xd2\xc9\xba\xff\xe0\xcf\xbc\
\xff\xd6\xd4\xc1\xffTu\x8a\xff\x0b(f\xff\x0b\x10T\
\xffpJq\xff\xe5\xc7\xbc\xff\xdb\xda\xc4\xff\xda\xc8\xbe\
\xff\xda\xc8\xbf\xff\xd8\xc9\xbd\xff\xd8\xcc\xbe\xff\xd5\xcd\xbd\
\xff\xd5\xcc\xbd\xff\xd4\xca\xbd\xff\xd2\xc9\xbd\xff\xe2\xcd\xc5\
\xff\xef\xe5\xd4\xff\x93\xa3\xa6\xff\x12$Z\xff\x1a$[\
\xff$*Y\xff\x1c(U\xff\x19'V\xff\x1a$P\
\xff\x18'O\xff\x18&P\xff\x17%P\xff\x17&P\
\xff\x17%L\xff\x15 G\xff\x13\x1eA\xff\x16\x1fC\
\xff\x17\x1fF\xff\x16 E\xff\x16!E\xff\x15!F\
\xff\x13\x1fC\xff\x16 E\xff\x17!F\xff\x16 E\
\xff\x17 D\xff\x14\x1fA\xff\x13\x1eD\xff\x16!D\
\xff\x17#A\xff\x17!D\xff\x16 D\xff\x17\x1fE\
\xff\x16 F\xff\x15\x1eE\xff\x16\x1cE\xff\x15\x1eB\
\xff\x12\x1e=\xff\x11\x1eB\xff\x13\x1cB\xff\x1b\x22C\
\xff\x22+G\xff\x17 A\xff\x11\x18E\xff\x11\x17F\
\xff\x14\x1bE\xff\x15\x1cD\xff\x13\x1aC\xff\x11\x1b>\
\xff\x14!9\xff\x13 4\xff\x0f\x1d1\xff\x11\x1d5\
\xff\x11\x1d5\xff\x12\x1c8\xff\x11\x1a;\xff\x0f\x17:\
\xff\x0e\x15<\xff\x10\x15B\xff\x10\x17@\xff\x0d\x169\
\xff\x14\x1d:\xff\x19&:\xff\x17)O\xff\x1c/u\
\xff\x1e:\x89\xff\x18,k\xff\x0b\x1c=\xff\x1a,A\
\xff*8M\xff\x224E\xff 6I\xff\x228K\
\xff$7I\xff%8I\xff$:K\xff$:J\
\xff%;K\xff&;L\xff&<L\xff&<L\
\xff%<L\xff&<M\xff(=O\xff'=O\
\xff*?Q\xff(@R\xff)CT\xff-EW\
\xff.HX\xff3JZ\xffDNX\xffija\
\xffu}z\xffTdo\xff_w\x80\xffVm{\
\xff\x8f\x8d\x86\xff\xb9\xb2\xa2\xff\x90\x9f\xa0\xffz\x90\x98\
\xff{\x91\x9b\xff{\x92\x9c\xff|\x94\x9b\xff}\x95\x9a\
\xff\x7f\x95\x9a\xff~\x93\x9e\xff{\x93\x9c\xff{\x94\x9a\
\xff\x7f\x94\x9a\xff\x80\x99\x9d\xffy\x8f\x9e\xffEk\x9c\
\xff3\x5c\x9f\xff;c\xa1\xff=b\xa1\xff=c\xa0\
\xff=c\x9f\xff?b\x9f\xff<d\x9c\xff2\x5c\x9c\
\xff?a\x9d\xffn\x86\x9a\xff\x85\x99\x98\xff|\x8f\x9a\
\xffy\x91\x98\xffv\x91\x96\xffw\x8e\x97\xffy\x8d\x98\
\xffv\x8d\x95\xff}\x92\x94\xffz\x94\x93\xffRu\x8f\
\xff/U\x93\xff4X\x94\xff<\x5c\x95\xff;]\x98\
\xff5]\x97\xff*W\x95\xffHh\x91\xffp\x8b\x8b\
\xffq\x8a\x89\xffj\x83\x8a\xffi\x83\x89\xffj\x85\x88\
\xffk\x85\x88\xffm\x84\x88\xffj\x7f\x89\xffUi\x89\
\xffZm\x88\xffs~\x8a\xff\x83\x87\x85\xff\x8c\x92{\
\xff\x8f\x90}\xff\x88\x8a~\xff\x7f\x83|\xff}\x80\x7f\
\xffx{{\xffpy}\xffZkx\xff=Mq\
\xff,<p\xff\x18/g\xff\x1a7b\xff2Pg\
\xff5P`\xff+B\x5c\xff%9\x5c\xff#2X\
\xff\x1e*N\xff\x1d&J\xff\x1c!E\xff\x1c\x22@\
\xff\x1a)9\xff%/@\xff*4?\xff&8C\
\xff:Qi\xffPk{\xff]xx\xff^pm\
\xff\x85\x8c\x85\xff\x99\xa1\xa1\xff\x94\xa5\xa5\xff\x8d\xa2\xa1\
\xff\x8f\x9f\x9f\xff\x8f\x9b\x9c\xff\x8a\x98\x9b\xff\x84\x98\x9d\
\xff\x83\x97\x9e\xffy\x84\x8a\xffffg\xff`ac\
\xffVac\xff\x8b\x91\x88\xff\xd7\xcf\xbc\xff\xde\xd3\xc4\
\xff\xd2\xc9\xbd\xff\xd7\xcb\xbe\xff\xd8\xcc\xc0\xff\xd7\xcb\xbf\
\xff\xd7\xcb\xbf\xff\xda\xce\xc2\xff\xd9\xcd\xc1\xff\xd3\xc9\xbc\
\xff\xcc\xc1\xb4\xff\xcb\xbe\xb3\xff\xc8\xbe\xb1\xff\xc1\xb7\xab\
\xff\xcb\xbe\xb2\xff\xda\xcd\xc0\xff\xd4\xc7\xb9\xff\xd5\xc8\xba\
\xff\xd3\xc7\xb9\xff\xd1\xc6\xb8\xff\xd2\xc7\xb9\xff\xd4\xc9\xbb\
\xff\xd3\xc7\xb9\xff\xd2\xc5\xb7\xff\xd5\xc8\xba\xff\xd4\xc5\xb8\
\xff\xce\xbe\xb1\xff\xcf\xc2\xb4\xff\xd3\xc6\xb8\xff\xd1\xc4\xb6\
\xff\xd1\xc4\xb6\xff\xd2\xc5\xb7\xff\xd2\xc5\xb7\xff\xd3\xc6\xb8\
\xff\xd3\xc6\xb8\xff\xd3\xc6\xb8\xff\xd3\xc6\xb8\xff\xd4\xc7\xb9\
\xff\xcf\xc2\xb4\xff\xc8\xbb\xad\xff\xcd\xc2\xb4\xff\xd5\xc9\xbb\
\xff\xd3\xc9\xbb\xff\xd1\xc7\xb9\xff\xce\xc4\xb6\xff\xdd\xcb\xb8\
\xff\xd7\xd5\xbd\xffVt\x88\xff\x0d&`\xff\x0f\x12O\
\xfftKk\xff\xe4\xc6\xb9\xff\xd6\xd7\xc4\xff\xd1\xc3\xbc\
\xff\xd4\xc9\xbe\xff\xd3\xc7\xbe\xff\xd2\xc8\xbd\xff\xd1\xc6\xbf\
\xff\xd5\xc8\xbf\xff\xdc\xd1\xc2\xff\xeb\xdf\xca\xff\xeb\xdb\xca\
\xff\xaf\xb5\xa6\xffLdg\xff\x0d\x1fN\xff\x15\x22U\
\xff\x1f%T\xff\x17#Q\xff\x11\x22L\xff\x14#H\
\xff\x18$P\xff\x19\x22P\xff\x17\x22O\xff\x18\x22P\
\xff\x1a#M\xff\x18 G\xff\x14\x1cB\xff\x16\x1cC\
\xff\x16\x1dD\xff\x15\x1dD\xff\x15\x1dD\xff\x16\x1fE\
\xff\x16\x1eE\xff\x16\x1dF\xff\x16\x1fG\xff\x16\x1fF\
\xff\x16\x1cF\xff\x14\x19F\xff\x15\x1cD\xff\x15\x1dB\
\xff\x12\x19C\xff\x14\x1bD\xff\x16\x1cI\xff\x17\x1bI\
\xff\x14\x1dD\xff\x14\x1cE\xff\x15\x1aF\xff\x15\x1cC\
\xff\x13\x1e?\xff\x10\x1cC\xff\x11\x1aE\xff\x18\x1fB\
\xff\x1f*C\xff\x17\x22=\xff\x12\x1b?\xff\x12\x1a@\
\xff\x13\x1c@\xff\x13\x1a@\xff\x13\x18A\xff\x13\x19=\
\xff\x17!<\xff\x12\x226\xff\x11\x225\xff\x13#8\
\xff\x14#8\xff\x14!;\xff\x13\x1d;\xff\x0e\x196\
\xff\x0d\x168\xff\x0e\x14;\xff\x11\x15;\xff\x0f\x146\
\xff\x12\x1b5\xff\x1a':\xff\x19)N\xff\x18,m\
\xff\x1a7\x82\xff\x1a,l\xff\x13\x1fC\xff\x1d,B\
\xff'5M\xff 3F\xff\x1b3F\xff\x1d6H\
\xff\x1f7F\xff 8G\xff\x1e8G\xff\x1f8H\
\xff 9I\xff 9I\xff 9I\xff!:J\
\xff!:J\xff\x22;K\xff$<M\xff$;L\
\xff%;M\xff&<N\xff*?Q\xff,AS\
\xff,BT\xff2BT\xffHMS\xfflk`\
\xffpwu\xffK^j\xffXpz\xffWmy\
\xff\x94\x91\x89\xff\xb4\xad\x9f\xff\x8a\x9a\x9c\xffv\x8c\x95\
\xffy\x8f\x99\xff{\x91\x9b\xff{\x92\x99\xff{\x93\x98\
\xff~\x94\x9a\xff}\x92\x9c\xffx\x91\x9a\xffz\x92\x99\
\xff~\x92\x99\xff|\x96\x9a\xffv\x8d\x9b\xffCh\x9a\
\xff0Z\x9d\xff:a\x9d\xff:`\x9d\xff>a\x9e\
\xff=`\x9b\xff<`\x9c\xff;a\x9a\xff.Z\x97\
\xff:_\x97\xffi\x84\x95\xff\x82\x97\x95\xff|\x8c\x97\
\xff{\x8e\x95\xffx\x8e\x94\xffv\x8c\x93\xffw\x8c\x94\
\xffv\x8b\x93\xff|\x8f\x91\xffz\x91\x91\xffSq\x8e\
\xff/P\x91\xff2V\x94\xff1Y\x94\xff(S\x91\
\xff\x22Q\x8c\xff\x1fK\x8d\xff?^\x8c\xffm\x82\x8b\
\xffu\x87\x8b\xffr\x84\x8c\xfft\x84\x88\xffz\x87\x84\
\xff~\x88\x81\xff\x83\x88\x7f\xff\x89\x8b\x83\xff\x94\x91\x84\
\xff\x97\x93\x80\xff\x92\x8f\x83\xff\x89\x83\x81\xfftry\
\xffgqq\xffbwt\xff\x5cts\xffYos\
\xffTmp\xffMlo\xff5Tj\xff\x1d5b\
\xff\x1c-f\xff .d\xff -]\xff\x22-[\
\xff\x1e*T\xff\x16&J\xff\x13%C\xff\x16%?\
\xff\x18%?\xff\x1f)?\xff(/?\xff,6@\
\xff(<A\xff1AK\xff?KT\xffKW\x5c\
\xffT`^\xffT^U\xffINI\xffbgf\
\xff\x8b\x93\x92\xff\x94\xa3\xa1\xff\x8c\x9f\xa4\xff\x87\x9c\xa1\
\xff\x88\x99\x9c\xff\x8c\x98\x9b\xff\x8b\x99\x9b\xff\x87\x99\x9d\
\xff\x84\x94\x9b\xfft{\x83\xff^ae\xff_cc\
\xff]db\xff\x9f\xa2\x99\xff\xde\xd5\xc3\xff\xdb\xcd\xc0\
\xff\xd7\xca\xc0\xff\xd8\xcc\xbf\xff\xd7\xcb\xbf\xff\xd6\xca\xbe\
\xff\xd5\xc9\xbd\xff\xd6\xca\xbe\xff\xd7\xcb\xbf\xff\xd8\xcc\xc0\
\xff\xd8\xcc\xc0\xff\xd8\xcb\xbf\xff\xcc\xc1\xb4\xff\xb8\xae\xa2\
\xff\xc0\xb3\xa7\xff\xd5\xc7\xba\xff\xd8\xcb\xbd\xff\xd9\xcc\xbe\
\xff\xd3\xc6\xb9\xff\xd2\xc6\xba\xff\xd4\xc8\xbc\xff\xd2\xc6\xba\
\xff\xd4\xc7\xb9\xff\xd5\xc8\xba\xff\xd3\xc7\xb9\xff\xd3\xc6\xb8\
\xff\xd1\xc3\xb5\xff\xcb\xbf\xb1\xff\xd0\xc3\xb5\xff\xd0\xc3\xb5\
\xff\xd0\xc3\xb4\xff\xd0\xc3\xb5\xff\xd1\xc4\xb6\xff\xd1\xc4\xb6\
\xff\xd2\xc5\xb7\xff\xd3\xc6\xb8\xff\xd2\xc5\xb7\xff\xd3\xc6\xb8\
\xff\xd2\xc5\xb7\xff\xce\xc1\xb3\xff\xd1\xc5\xb7\xff\xd3\xc8\xba\
\xff\xd3\xc8\xba\xff\xd1\xc6\xb8\xff\xd0\xc4\xb7\xff\xda\xc9\xba\
\xff\xd5\xd5\xc1\xffRs\x88\xff\x0c$_\xff\x10\x10M\
\xffrIh\xff\xe7\xc5\xb2\xff\xd9\xd7\xc1\xff\xce\xc4\xb6\
\xff\xcc\xc6\xb8\xff\xd1\xc7\xbe\xff\xe1\xd1\xca\xff\xec\xdb\xcf\
\xff\xe9\xda\xcd\xff\xd7\xd0\xc0\xff\xbc\xb9\xad\xff\x8f\x8e\x8b\
\xffQ[\x5c\xff*@M\xff\x0e\x1fK\xff\x10\x1aN\
\xff\x16\x1bK\xff\x12\x1dJ\xff\x0f\x1fJ\xff\x12#K\
\xff\x15!K\xff\x14!J\xff\x14!J\xff\x13!I\
\xff\x15!J\xff\x15!F\xff\x14\x1f@\xff\x15\x1eA\
\xff\x16 D\xff\x13\x1fC\xff\x13\x1eC\xff\x14\x1fD\
\xff\x14\x1fD\xff\x13\x1eC\xff\x15\x1fD\xff\x15\x1fE\
\xff\x14\x1fD\xff\x12\x1aC\xff\x17 C\xff\x1f+C\
\xff\x1d(A\xff\x15\x1fB\xff\x12\x1aC\xff\x14\x1dD\
\xff\x10\x1f@\xff\x10\x1dB\xff\x14\x1dD\xff\x14\x1fC\
\xff\x12 A\xff\x10\x1fD\xff\x0c\x19A\xff\x14\x1eB\
\xff\x1d(E\xff\x15 @\xff\x12\x1aC\xff\x13\x1bC\
\xff\x14\x1e@\xff\x12\x1d=\xff\x10\x19<\xff\x10\x1a9\
\xff\x14!;\xff\x13\x22<\xff\x13!:\xff\x12 8\
\xff\x10\x1c7\xff\x0e\x185\xff\x0f\x174\xff\x0f\x177\
\xff\x11\x179\xff\x15\x188\xff\x15\x1b4\xff\x12\x1a2\
\xff\x14\x1e0\xff\x18%5\xff\x18&J\xff\x16(h\
\xff\x171z\xff\x1b-f\xff\x22/J\xff\x222B\
\xff$1G\xff$4H\xff\x1e2G\xff\x1c3I\
\xff 6I\xff\x1e5I\xff\x1d5H\xff\x1e5I\
\xff\x1e6I\xff\x1e5I\xff\x1e5I\xff 7K\
\xff 8L\xff\x229K\xff#:J\xff$9I\
\xff#9J\xff$9K\xff(;N\xff)?P\
\xff$<N\xff4BR\xffoqr\xff\x95\x93\x86\
\xffnts\xffCXd\xffWoz\xffSiv\
\xff\x93\x8f\x87\xff\xb4\xad\x9f\xff\x85\x98\x98\xfft\x8a\x92\
\xffu\x8d\x97\xffy\x8e\x99\xffz\x91\x98\xffy\x91\x97\
\xff|\x92\x97\xff{\x90\x99\xffx\x90\x9a\xffz\x91\x98\
\xff|\x8f\x97\xff}\x93\x96\xffs\x8b\x96\xffCf\x98\
\xff1Y\x9c\xff;a\x9f\xff:`\x9b\xff:^\x99\
\xff8]\x97\xff8]\x97\xff:^\x99\xff-X\x97\
\xff8]\x96\xffg\x80\x92\xff\x7f\x93\x91\xffw\x88\x95\
\xffu\x89\x93\xfft\x8a\x92\xffs\x8a\x92\xffs\x89\x92\
\xffq\x86\x8f\xffw\x8d\x8f\xffr\x8a\x93\xffBa\x90\
\xff!C\x8e\xff*K\x8e\xff1U\x8f\xff8X\x8e\
\xffF`\x8c\xffTi\x87\xffnw\x86\xff\x81\x85\x86\
\xff\x83\x86\x86\xff\x80\x85\x87\xff\x7f\x85\x84\xff\x82\x88\x82\
\xff\x7f\x86}\xff\x82\x85~\xff\x7f\x7f}\xffinz\
\xffXau\xffJYr\xff8Iw\xff+<u\
\xff:Nu\xffSgr\xffScl\xffBWe\
\xff:Sa\xff5Id\xff,:c\xff\x221]\
\xff\x1c)T\xff\x1b&O\xff\x1a#K\xff\x19!E\
\xff\x19%B\xff\x1d,;\xff(4=\xff-9@\
\xff0<E\xff2@K\xff5GN\xff=OQ\
\xffKT[\xffN[[\xffQ^U\xffX^Z\
\xffYUa\xffYNj\xff^[v\xff\x84\x8f\x98\
\xff\x91\xa0\xa2\xff\x8c\x9d\xa0\xff\x83\x97\x9e\xff\x84\x96\x9c\
\xff\x88\x98\x9c\xff\x8a\x98\x9a\xff\x8c\x99\x9d\xff\x87\x99\x9f\
\xff\x80\x8d\x96\xffouy\xff^cb\xff]cb\
\xffgli\xff\xb5\xb5\xa9\xff\xe0\xd7\xc7\xff\xd9\xca\xbc\
\xff\xd7\xcc\xc0\xff\xd8\xcd\xc1\xff\xd7\xcb\xbf\xff\xd7\xcb\xbf\
\xff\xd8\xcc\xc0\xff\xd7\xcb\xbf\xff\xd6\xca\xbe\xff\xd5\xc9\xbd\
\xff\xd4\xc8\xbc\xff\xd8\xcc\xc0\xff\xd8\xcc\xc0\xff\xc8\xbc\xb0\
\xff\xc6\xba\xae\xff\xcd\xc0\xb4\xff\xcb\xbe\xb0\xff\xd1\xc4\xb5\
\xff\xd7\xca\xbc\xff\xd9\xcd\xc1\xff\xd6\xca\xbe\xff\xd1\xc5\xb9\
\xff\xd6\xc9\xbb\xff\xd5\xc8\xba\xff\xd2\xc5\xb7\xff\xd4\xc7\xb9\
\xff\xd6\xc9\xbb\xff\xd1\xc4\xb6\xff\xcb\xbe\xb0\xff\xcf\xc2\xb4\
\xff\xcf\xc2\xb4\xff\xcf\xc2\xb5\xff\xd0\xc3\xb5\xff\xd0\xc3\xb5\
\xff\xd1\xc4\xb6\xff\xd2\xc4\xb7\xff\xd2\xc5\xb7\xff\xd2\xc5\xb7\
\xff\xd2\xc5\xb7\xff\xd3\xc6\xb8\xff\xd2\xc7\xb9\xff\xd0\xc5\xb7\
\xff\xd0\xc5\xb7\xff\xd0\xc5\xb7\xff\xd0\xc5\xb7\xff\xda\xc9\xbc\
\xff\xd1\xd4\xc4\xffPs\x88\xff\x09\x22\x5c\xff\x0f\x0eJ\
\xffmCa\xff\xe4\xc0\xad\xff\xd9\xd8\xc3\xff\xd8\xca\xbd\
\xff\xe2\xd7\xc4\xff\xe7\xdc\xc9\xff\xd9\xcd\xbb\xff\xb5\xae\xa4\
\xff\x8f\x8e\x8d\xffgms\xffJV^\xff<IU\
\xff@LW\xff>LX\xff!.D\xff\x1f*?\
\xff 'A\xff\x1a\x1fD\xff\x16\x1bF\xff\x14\x19G\
\xff\x12\x1bF\xff\x13\x1dH\xff\x12\x1eH\xff\x13\x1eJ\
\xff\x15\x1fL\xff\x14\x1cH\xff\x11\x1aA\xff\x13\x1bB\
\xff\x15\x1dF\xff\x13\x1cF\xff\x13\x1cD\xff\x13\x1dD\
\xff\x12\x1cC\xff\x12\x1cC\xff\x12\x1cD\xff\x14\x1cF\
\xff\x13\x1aC\xff\x11\x17?\xff\x1e(D\xff0>F\
\xff.>=\xff\x1b'<\xff\x0f\x18?\xff\x10\x1a@\
\xff\x0e\x1c>\xff\x10\x1bB\xff\x12\x1aB\xff\x11\x1a@\
\xff\x11\x1c@\xff\x0e\x1bE\xff\x0b\x15B\xff\x14\x1cB\
\xff\x1c&D\xff\x12\x1d>\xff\x0f\x17A\xff\x0f\x18?\
\xff\x11\x1a?\xff\x10\x18>\xff\x0e\x15?\xff\x0d\x15=\
\xff\x0f\x199\xff\x14\x186\xff\x17\x1c7\xff\x19\x1e7\
\xff\x1a\x1e7\xff\x1c!6\xff\x1d#6\xff\x1e#6\
\xff!'8\xff!*6\xff\x1f,4\xff\x1e*6\
\xff\x1f)2\xff\x1e)2\xff\x1a%C\xff\x1b&b\
\xff\x1c-s\xff\x1c+\x5c\xff\x221@\xff\x223<\
\xff%0C\xff#3D\xff\x223G\xff!3J\
\xff$4I\xff\x223G\xff!3H\xff\x224I\
\xff#5J\xff$6J\xff$6K\xff$6K\
\xff#6J\xff&7J\xff&8I\xff%7H\
\xff%8I\xff#7H\xff%9K\xff)>O\
\xff!8L\xff3AQ\xff\x8b\x89\x86\xff\xb6\xb1\xa1\
\xffmuu\xff5L[\xffSlx\xffQds\
\xff\x8e\x89\x83\xff\xba\xb2\xa4\xff\x88\x9a\x9a\xffr\x88\x90\
\xffs\x8b\x95\xffw\x8c\x96\xffw\x8e\x95\xffw\x8f\x95\
\xffz\x91\x96\xffy\x8e\x97\xffv\x8d\x98\xffx\x8f\x96\
\xffz\x8e\x95\xff}\x91\x95\xfft\x8a\x95\xffCd\x96\
\xff0U\x98\xff9]\x9b\xff8^\x99\xff8]\x95\
\xff6[\x95\xff6Z\x97\xff6\x5c\x99\xff-V\x97\
\xff7Z\x96\xfff~\x91\xff{\x91\x8f\xffo\x89\x93\
\xffj\x87\x8f\xffj\x89\x8d\xffj\x88\x8e\xffk\x86\x8d\
\xffl\x83\x8a\xffq\x88\x87\xffp\x85\x8c\xffVm\x89\
\xffMa\x87\xff_s\x89\xffk\x81\x86\xffy\x84\x83\
\xff\x8c\x8e\x87\xff\x95\x93\x84\xff\x98\x94\x82\xff\x8a\x88~\
\xff\x80\x82}\xffx~z\xffr|z\xffkxt\
\xffdtp\xffftv\xff]ir\xff.Al\
\xff\x163k\xff\x198j\xff\x162l\xff\x182h\
\xff'@l\xff1Gj\xff*;]\xff\x223V\
\xff\x1d.X\xff\x1a&T\xff\x1d%M\xff\x1e)F\
\xff\x1a'?\xff\x1a'=\xff /?\xff&8>\
\xff.<C\xff3AI\xff4DO\xff:HQ\
\xffDPW\xffJXW\xffPaQ\xffQaN\
\xffWY^\xffYWj\xffXVt\xff\x5cW~\
\xff`T\x8b\xffg[\x98\xffuu\x9a\xff\x8d\x9d\xa0\
\xff\x88\x9d\x9a\xff\x84\x98\x9b\xff\x86\x98\xa0\xff\x87\x99\xa0\
\xff\x89\x9a\x9d\xff\x8a\x9a\x9c\xff\x8a\x9a\x9d\xff\x86\x97\x9d\
\xff|\x88\x91\xfflqs\xff`eb\xffY`_\
\xffz}y\xff\xcb\xc5\xb8\xff\xe1\xd6\xc8\xff\xda\xcb\xbf\
\xff\xd8\xcc\xc0\xff\xd8\xcc\xc0\xff\xda\xce\xc2\xff\xd9\xcd\xc1\
\xff\xd7\xcb\xbf\xff\xd7\xcb\xbf\xff\xd8\xcc\xc0\xff\xd8\xcc\xc0\
\xff\xd7\xcb\xbf\xff\xda\xce\xc2\xff\xd4\xc7\xbb\xff\xc8\xbc\xb0\
\xff\xd2\xc6\xba\xff\xdb\xce\xc1\xff\xcf\xc2\xb4\xff\xc9\xbc\xae\
\xff\xcd\xc1\xb3\xff\xce\xc2\xb8\xff\xd6\xca\xc0\xff\xd7\xcb\xc0\
\xff\xd8\xca\xbe\xff\xd7\xca\xbc\xff\xd5\xc8\xba\xff\xd5\xc8\xba\
\xff\xd6\xc9\xbb\xff\xd6\xc9\xbb\xff\xd0\xc3\xb5\xff\xd0\xc3\xb4\
\xff\xd0\xc3\xb4\xff\xd0\xc3\xb4\xff\xd0\xc3\xb4\xff\xd0\xc3\xb4\
\xff\xd0\xc3\xb5\xff\xcf\xc3\xb5\xff\xd0\xc4\xb6\xff\xd0\xc4\xb6\
\xff\xd1\xc4\xb6\xff\xd1\xc5\xb7\xff\xcf\xc4\xb7\xff\xd0\xc4\xb6\
\xff\xd2\xc6\xb9\xff\xd1\xc5\xb8\xff\xce\xc2\xb5\xff\xd8\xc7\xb8\
\xff\xd4\xd3\xc2\xffUt\x86\xff\x08\x1fW\xff\x08\x09D\
\xffoFd\xff\xeb\xcb\xbe\xff\xe4\xe8\xd8\xff\xd8\xcc\xc6\
\xff\xc4\xb6\xac\xff\x94\x8e\x87\xffbgg\xffDQX\
\xff:HV\xff6CU\xff=GZ\xffENc\
\xffHOa\xff>EO\xff1<@\xff-::\
\xff/;@\xff09C\xff05G\xff),D\
\xff#(I\xff\x1f&J\xff\x19!G\xff\x16\x1eE\
\xff\x14\x1aD\xff\x12\x18A\xff\x13\x17@\xff\x15\x17@\
\xff\x15\x19@\xff\x13\x1a>\xff\x15\x1b?\xff\x14\x1a?\
\xff\x12\x18=\xff\x14\x1a@\xff\x16\x1c@\xff\x15\x1b?\
\xff\x14\x19>\xff\x17\x1a?\xff!(>\xff'35\
\xff\x22.+\xff\x19!2\xff\x15\x1a=\xff\x15\x1d?\
\xff\x13\x1d;\xff\x15\x1c=\xff\x16\x1a>\xff\x18\x1c>\
\xff\x17\x1e=\xff\x13\x1b@\xff\x14\x19A\xff\x1b\x1e>\
\xff %=\xff\x19!<\xff\x15\x1c>\xff\x14\x1c:\
\xff\x17!9\xff\x1b#;\xff\x1e\x22@\xff\x1e#?\
\xff!(;\xff%+6\xff(.8\xff(/7\
\xff*/8\xff*16\xff*26\xff+28\
\xff*3:\xff'3;\xff%3;\xff%2:\
\xff&29\xff&2:\xff\x1f)F\xff\x1a!^\
\xff\x1a'n\xff\x1e*[\xff\x1f0;\xff#3:\
\xff&1>\xff!0=\xff\x1f0@\xff!1A\
\xff\x221>\xff$3A\xff&6D\xff&7D\
\xff&7D\xff&6E\xff'6G\xff&6F\
\xff&6E\xff'7F\xff%6F\xff%6G\
\xff&8I\xff#6G\xff$8J\xff%;N\
\xff\x1b3I\xff,:I\xff\x82|x\xff\xb2\xab\x98\
\xffrz{\xff/GY\xffLdr\xffObq\
\xff\x8d\x89\x81\xff\xb9\xb1\xa3\xff\x86\x98\x99\xffp\x87\x8f\
\xffr\x89\x92\xfft\x89\x92\xfft\x8c\x92\xfft\x8c\x92\
\xffx\x8e\x93\xffw\x8c\x95\xffs\x8b\x95\xffu\x8d\x93\
\xffy\x8d\x93\xffz\x8f\x93\xffq\x88\x94\xff@c\x94\
\xff0T\x96\xff5Z\x96\xff6[\x95\xff6^\x94\
\xff4[\x95\xff5X\x99\xff3Z\x99\xff*S\x96\
\xff3V\x93\xff_w\x8d\xffv\x8c\x88\xffp\x85\x8b\
\xffm\x84\x8a\xffm\x85\x88\xffq\x86\x8b\xffs\x87\x8a\
\xffv\x88\x8a\xff{\x89\x87\xff\x83\x8e\x85\xff\x85\x8e\x84\
\xff\x8a\x8e\x86\xff\x95\x98\x81\xff\x93\x9b|\xff\x8f\x94~\
\xff\x8c\x8d\x81\xffu\x80w\xffjuv\xffgwt\
\xff`rs\xff[nq\xffXmr\xffTkr\
\xffPgo\xffPen\xffEUj\xff$2i\
\xff\x1a/g\xff\x1f4g\xff\x1f0e\xff\x1f.]\
\xff\x1d-Y\xff\x10%S\xff\x0a\x1eM\xff\x12\x1fJ\
\xff\x16%D\xff\x1c->\xff 0:\xff$2=\
\xff+;D\xff/BH\xff0FL\xff3HQ\
\xff:HV\xff?JU\xffHSV\xffU`Z\
\xffZ`b\xffTYd\xffVYm\xffZZ~\
\xff^Z\x8c\xffh`\x94\xffqe\xa1\xffzn\xa6\
\xffym\xa7\xffti\xa7\xffja\x98\xff|\x81\x97\
\xff\x89\x9a\x9d\xff\x89\x9c\x9d\xff\x8c\x9c\xa2\xff\x88\x99\x9e\
\xff\x86\x97\x9a\xff\x87\x98\x9a\xff\x87\x99\x9c\xff\x85\x95\x9d\
\xff{\x85\x90\xffinn\xffbe`\xffW__\
\xff\x8c\x90\x8a\xff\xd7\xce\xc0\xff\xdd\xd2\xc5\xff\xda\xca\xc0\
\xff\xda\xcd\xc0\xff\xd8\xcc\xc0\xff\xd8\xcc\xc0\xff\xd9\xcd\xc1\
\xff\xda\xcd\xc1\xff\xd9\xcd\xc1\xff\xd8\xcc\xc0\xff\xd9\xcd\xc1\
\xff\xd8\xcb\xbf\xff\xdb\xcf\xc3\xff\xd5\xc9\xbd\xff\xc4\xb8\xac\
\xff\xce\xc2\xb6\xff\xdd\xd0\xc4\xff\xdd\xcf\xc1\xff\xd7\xca\xbb\
\xff\xd3\xc7\xba\xff\xcb\xbf\xb5\xff\xc9\xbd\xb3\xff\xd2\xc6\xbc\
\xff\xda\xcc\xc0\xff\xda\xcd\xbf\xff\xd9\xcc\xbd\xff\xd7\xca\xbc\
\xff\xd4\xc7\xb9\xff\xd5\xc8\xba\xff\xd7\xca\xbc\xff\xd0\xc3\xb3\
\xff\xd0\xc3\xb3\xff\xcf\xc2\xb2\xff\xcf\xc2\xb2\xff\xd0\xc3\xb2\
\xff\xcf\xc2\xb2\xff\xd0\xc4\xb3\xff\xd0\xc3\xb2\xff\xd1\xc4\xb3\
\xff\xd2\xc4\xb4\xff\xd3\xc6\xb6\xff\xd0\xc6\xb7\xff\xd0\xc5\xb8\
\xff\xd1\xc4\xb8\xff\xce\xc3\xb6\xff\xce\xc2\xb5\xff\xd9\xc8\xb6\
\xff\xdb\xd7\xc0\xffYv\x85\xff\x05\x1bQ\xff\x09\x07D\
\xffmDe\xff\xcb\xae\xa7\xff\x95\x9e\x94\xffafo\
\xffHO_\xff:DS\xff9CR\xffCL]\
\xffIQc\xffNUe\xffLQb\xffBI\x5c\
\xff?H[\xff;CU\xff.6F\xff)5B\
\xff)7E\xff/:G\xff09A\xff2=A\
\xff1<B\xff/;B\xff,8A\xff(5?\
\xff'2B\xff$/>\xff%-=\xff'.>\
\xff&/<\xff&0;\xff'2<\xff&1<\
\xff&1;\xff(2;\xff*3=\xff(1;\
\xff)0?\xff,2=\xff-36\xff)/0\
\xff(.0\xff+.;\xff*1@\xff)6@\
\xff*7<\xff*5:\xff,3<\xff/8?\
\xff+5:\xff)4>\xff,6B\xff.5<\
\xff,57\xff)49\xff(2<\xff*4;\
\xff*68\xff+7:\xff,6=\xff,6<\
\xff-8;\xff.8C\xff-5D\xff+5@\
\xff*5?\xff*6A\xff)6A\xff(4A\
\xff)5C\xff'4D\xff'3C\xff'2A\
\xff,4A\xff1:C\xff(,H\xff\x1a\x1cV\
\xff\x17\x1fb\xff ,Z\xff(:E\xff):@\
\xff-8D\xff+9C\xff'6B\xff$5<\
\xff'6=\xff*:A\xff+;D\xff):B\
\xff'8?\xff&7@\xff%6?\xff&6@\
\xff'9A\xff(8B\xff%3E\xff'4H\
\xff)7I\xff%5F\xff$5H\xff%8M\
\xff\x192H\xff'6E\xffzsn\xff\xae\xa7\x97\
\xffqz{\xff-CT\xffD^l\xffGYf\
\xff\x88\x84}\xff\xab\xa2\x96\xff\x81\x91\x93\xffm\x86\x8c\
\xffp\x87\x90\xffr\x88\x92\xfft\x8b\x92\xfft\x8b\x91\
\xffv\x8c\x92\xffs\x89\x92\xffr\x8a\x90\xfft\x8d\x92\
\xffw\x8c\x92\xffy\x8f\x8f\xffq\x87\x91\xff>b\x93\
\xff-R\x94\xff9X\x96\xff/X\x94\xff)W\x91\
\xff&S\x8e\xff)P\x90\xff(O\x91\xff I\x8c\
\xff/P\x8e\xff`u\x91\xff~\x8c\x8b\xff}\x8a\x88\
\xff\x80\x8b\x89\xff\x82\x8a\x89\xff\x83\x88\x88\xff\x84\x88\x87\
\xff\x8c\x89\x87\xff\x8d\x88\x80\xff\x8b\x8a|\xff\x84\x8c~\
\xff~\x82\x84\xffww{\xffbiw\xffNZ{\
\xff?Kx\xff'@s\xff-Iv\xffPko\
\xffTij\xffMdk\xffB_j\xff:Ve\
\xff5Nc\xff,Ab\xff$5`\xff\x1b,]\
\xff\x17*Y\xff\x17*O\xff\x19%Q\xff\x1a!J\
\xff\x18\x22B\xff\x1a&<\xff!)A\xff'.G\
\xff+8D\xff2DF\xff6IN\xff;LS\
\xff<JT\xff;HQ\xff?NP\xffGUT\
\xffO[X\xffUb[\xffW^b\xff__t\
\xffja\x8e\xffh\x5c\x96\xffi_\xa0\xffmf\xa7\
\xffvn\xa5\xff\x7fv\xa5\xff|o\xa3\xffsh\x9e\
\xffmi\x9c\xfffb\x9a\xfff]\x98\xffwu\x99\
\xff\x89\x9b\x9b\xff\x8a\x9a\x99\xff\x8c\x97\x9b\xff\x8a\x97\x9d\
\xff\x88\x97\x9b\xff\x88\x98\x9a\xff\x87\x99\x9a\xff\x81\x91\x99\
\xffu}\x88\xffdhf\xff`d`\xff\x5cec\
\xff\x9e\xa2\x98\xff\xe1\xd8\xc9\xff\xdb\xd1\xc6\xff\xda\xcb\xc2\
\xff\xdf\xd0\xc2\xff\xd9\xce\xc2\xff\xd9\xcd\xc1\xff\xda\xce\xc2\
\xff\xdb\xcf\xc3\xff\xdc\xd0\xc4\xff\xdc\xcf\xc3\xff\xdb\xcd\xc1\
\xff\xda\xcc\xc0\xff\xdd\xd2\xc5\xff\xd5\xc9\xbd\xff\xc7\xbb\xb0\
\xff\xd3\xc8\xbb\xff\xda\xce\xc2\xff\xd9\xcc\xbe\xff\xdc\xcf\xc1\
\xff\xde\xd1\xc4\xff\xd9\xcc\xc2\xff\xd3\xc5\xbc\xff\xcd\xc0\xb6\
\xff\xcd\xc0\xb2\xff\xd4\xc7\xb9\xff\xdb\xce\xc0\xff\xda\xcd\xbf\
\xff\xd8\xcb\xbd\xff\xd7\xca\xbc\xff\xd7\xca\xbc\xff\xcd\xc1\xb5\
\xff\xce\xc3\xb5\xff\xcf\xc5\xb3\xff\xcf\xc4\xb3\xff\xd0\xc5\xb5\
\xff\xd1\xc6\xb6\xff\xd3\xc5\xb4\xff\xd4\xc5\xb1\xff\xd6\xc6\xb5\
\xff\xd6\xc5\xb5\xff\xd3\xc5\xb5\xff\xd0\xc7\xb7\xff\xcc\xc4\xb5\
\xff\xcc\xc2\xb4\xff\xd1\xc7\xb6\xff\xd4\xca\xb7\xff\xe2\xd6\xc2\
\xff\xeb\xe9\xd8\xfffy\x89\xff\x08\x17C\xff\x12\x15D\
\xff5&J\xffWP[\xffDMV\xff3=N\
\xff8DX\xffBL_\xffLTd\xffNTe\
\xffIQb\xffHP_\xffGN\x5c\xffAKY\
\xff?L\x5c\xff>I[\xff/:M\xff(6J\
\xff'6K\xff(5J\xff)4D\xff*7B\
\xff.8B\xff/8A\xff/9A\xff1:D\
\xff2;D\xff0:@\xff0;?\xff5=A\
\xff08?\xff0:A\xff4>C\xff2=B\
\xff/:?\xff/:@\xff1<A\xff09@\
\xff/8@\xff2:@\xff19<\xff09:\
\xff29A\xff4<C\xff2;D\xff1;B\
\xff1<A\xff1;@\xff3;A\xff4=C\
\xff3=@\xff1<?\xff2<A\xff3;A\
\xff09?\xff0;@\xff0;B\xff0;D\
\xff.9B\xff0;D\xff/<C\xff-9B\
\xff-9B\xff,8F\xff,7H\xff-:F\
\xff/9F\xff09F\xff/9F\xff-8H\
\xff.8I\xff.8G\xff08I\xff/7K\
\xff,:C\xff1CD\xff%/F\xff\x16\x18L\
\xff\x19\x1cT\xff\x22.M\xff-<K\xff.=L\
\xff/>J\xff0AI\xff/@H\xff/=I\
\xff/<I\xff.?J\xff.>K\xff-=J\
\xff,<I\xff,>H\xff);D\xff*<D\
\xff-=F\xff-9D\xff,7D\xff-9C\
\xff,8B\xff(8@\xff%6?\xff,;D\
\xff!3?\xff(5<\xffomg\xff\xa3\xa2\x98\
\xffq{z\xff#5B\xff2Qb\xffF\x5cm\
\xffsqu\xff~vo\xffkur\xffx\x8b\x8e\
\xffq\x88\x94\xffj\x85\x95\xffp\x8a\x93\xffv\x8c\x90\
\xffr\x8b\x90\xffm\x88\x92\xffp\x88\x8f\xfft\x89\x92\
\xffo\x86\x92\xffs\x8a\x8e\xffk\x86\x8e\xff:Y\x8e\
\xff\x22D\x91\xff)L\x93\xff$L\x8c\xff(P\x8c\
\xff2U\x89\xffC[\x8d\xffWf\x8d\xffes\x8a\
\xfft~\x8a\xff\x83\x88\x88\xff\x8c\x8b\x8a\xff\x89\x87\x89\
\xff\x88\x88\x85\xff\x84\x88\x83\xff\x80\x84\x7f\xff}\x82\x7f\
\xffy~|\xffx}z\xffmxx\xffIas\
\xff1Et\xff*=s\xff%;q\xff 6t\
\xff\x1f2u\xff\x171k\xff#=k\xff>Sh\
\xff5H_\xff';]\xff\x1d4]\xff\x16+W\
\xff\x15(T\xff\x15#S\xff\x12\x1fR\xff\x14\x22M\
\xff\x17#D\xff\x1a#@\xff\x22)?\xff'.@\
\xff+6B\xff/>C\xff1EI\xff6HT\
\xff<LY\xff=MW\xff>NQ\xffAPR\
\xffJVW\xffS\x5cY\xff[cZ\xff[ac\
\xff\x5c]w\xffdd\x86\xffg`\x96\xffk`\xa0\
\xffqe\xa9\xffxk\xa8\xff~v\xa5\xff~x\xa1\
\xffyp\x9f\xffwn\x9f\xffpg\x9d\xffj`\x99\
\xffjc\x9a\xffmf\x9d\xffkb\x9e\xfflh\x96\
\xff\x85\x91\x9d\xff\x8a\x98\x98\xff\x8a\x97\x99\xff\x8a\x97\x9f\
\xff\x88\x96\x9e\xff\x8a\x99\x9c\xff\x89\x9b\x98\xff\x81\x8d\x96\
\xfftw~\xffcdc\xffZec\xffdnj\
\xff\xb9\xb8\xa7\xff\xe7\xdc\xc9\xff\xdb\xd0\xc8\xff\xdd\xcf\xc5\
\xff\xdf\xcf\xc3\xff\xdc\xd1\xc5\xff\xdc\xd0\xc4\xff\xdb\xcf\xc3\
\xff\xda\xcf\xc2\xff\xdd\xd0\xc4\xff\xdf\xd0\xc4\xff\xdd\xcf\xc3\
\xff\xdd\xcf\xc3\xff\xe0\xd4\xc8\xff\xd3\xc7\xbc\xff\xc9\xbe\xb2\
\xff\xd9\xcd\xc0\xff\xdc\xce\xc3\xff\xdb\xce\xc0\xff\xda\xcc\xbf\
\xff\xdb\xce\xc0\xff\xdd\xcf\xc2\xff\xe0\xd2\xc6\xff\xdb\xcd\xc0\
\xff\xd1\xc4\xb6\xff\xcd\xc0\xb2\xff\xcf\xc2\xb4\xff\xd4\xc7\xb9\
\xff\xdb\xce\xc0\xff\xdb\xce\xc0\xff\xd8\xcb\xbd\xff\xcd\xc3\xba\
\xff\xcd\xc3\xb7\xff\xcd\xc5\xb5\xff\xd0\xc6\xb5\xff\xd2\xc7\xb9\
\xff\xcf\xc4\xb9\xff\xcd\xc4\xb4\xff\xd1\xc7\xb6\xff\xd0\xc5\xb8\
\xff\xcf\xc3\xb9\xff\xce\xc2\xb9\xff\xd1\xc5\xb9\xff\xd6\xcb\xb9\
\xff\xde\xd1\xbf\xff\xe5\xd8\xc6\xff\xe1\xd6\xc5\xff\xc8\xbf\xb5\
\xff\x9d\x9d\x98\xffBPg\xff\x0f\x1dE\xff\x10\x169\
\xff\x1f\x1d;\xffBAS\xffFQ`\xffEM]\
\xffKP^\xffIP^\xffHN^\xffHP]\
\xffHQ]\xffFP\x5c\xffEN[\xffAJW\
\xffBLY\xff>HW\xff3@P\xff/;M\
\xff/<N\xff-:K\xff.8J\xff-7I\
\xff18J\xff29I\xff19H\xff3<G\
\xff2<D\xff1<B\xff3=C\xff7>D\
\xff4<C\xff2=E\xff5>G\xff3<E\
\xff09B\xff1;C\xff3<E\xff3<E\
\xff1;D\xff1;B\xff1<C\xff3>D\
\xff3?F\xff2=E\xff2;E\xff2;D\
\xff1<E\xff1;E\xff09D\xff1;E\
\xff1;G\xff0:C\xff0:D\xff1;G\
\xff1;F\xff0<E\xff/<F\xff-9H\
\xff,9G\xff-:J\xff+:L\xff+<I\
\xff,=I\xff,=F\xff*;F\xff,>E\
\xff0>F\xff/=F\xff/<E\xff0;G\
\xff/;I\xff.=E\xff-<F\xff-;K\
\xff-@G\xff2IG\xff%4H\xff\x11\x16F\
\xff\x11\x16H\xff\x1f+B\xff1=M\xff4AP\
\xff1@I\xff2AH\xff3BI\xff2@K\
\xff3>J\xff5AL\xff8FM\xff5CK\
\xff3AJ\xff7CM\xff8DN\xff6BL\
\xff5AK\xff5@M\xff2@M\xff/AJ\
\xff-@G\xff/AG\xff0?F\xff4?D\
\xff-;A\xff!/3\xffOXV\xff\x9b\x9f\x9a\
\xff\x7f\x86\x80\xff\x22.0\xff#7A\xffSgr\
\xffv{~\xff\x83|v\xfffjd\xffm|~\
\xffs\x8a\x97\xffg\x81\x92\xffk\x86\x90\xffq\x89\x8e\
\xffo\x87\x8e\xffi\x84\x93\xffk\x83\x8c\xffm\x81\x8b\
\xffe\x7f\x8d\xffm\x84\x8a\xffh\x83\x87\xffF^\x83\
\xff8P\x85\xffEc\x88\xff^q\x89\xffs~\x89\
\xff~\x87\x86\xff\x8c\x8d\x87\xff\x93\x91\x87\xff\x94\x93\x86\
\xff\x8c\x92\x80\xff\x82\x8a\x7f\xff\x80\x86\x80\xffz\x83z\
\xffv\x7fz\xffmyy\xffetv\xff^rv\
\xffYnt\xffZou\xffPju\xff,Jj\
\xff\x15.j\xff\x1b3o\xff =l\xff\x1e7j\
\xff 3j\xff\x1e2`\xff\x1c2Y\xff\x1c0W\
\xff\x16(R\xff\x13!Q\xff\x16\x1fQ\xff\x17\x1fL\
\xff\x18\x22E\xff\x1a%>\xff\x1c):\xff&/9\
\xff07?\xff3>J\xff4BQ\xff4ET\
\xff6HW\xff9K\x5c\xff7M[\xff<KW\
\xffBNW\xffFST\xffGTQ\xffWd[\
\xffflq\xfffe\x81\xffg_\x8b\xffkb\x9a\
\xfflc\xa3\xffkd\xa1\xffqg\xa6\xffyn\xa8\
\xffyo\xa5\xff{p\xa1\xff\x80w\xa0\xff}v\xa0\
\xffrk\x9f\xffoh\x9c\xffnh\x9d\xffof\x9e\
\xffoe\x9d\xffqg\x9f\xffkc\x9f\xffic\x9a\
\xff{\x82\x9c\xff\x8c\x99\x9b\xff\x88\x98\x97\xff\x86\x98\x9c\
\xff\x88\x97\xa2\xff\x89\x99\x9f\xff\x87\x9a\x98\xff}\x8a\x96\
\xffqrv\xffeda\xffWdb\xffu~x\
\xff\xce\xca\xb7\xff\xe8\xdc\xcb\xff\xda\xd0\xc7\xff\xdc\xd1\xc4\
\xff\xdf\xd1\xc2\xff\xdd\xd1\xc5\xff\xdd\xd1\xc5\xff\xdc\xd0\xc4\
\xff\xde\xd0\xc4\xff\xde\xd0\xc4\xff\xdd\xd0\xc4\xff\xde\xd0\xc4\
\xff\xdd\xcf\xc3\xff\xe2\xd5\xc9\xff\xd6\xca\xc0\xff\xcb\xbf\xb3\
\xff\xdb\xce\xc0\xff\xdd\xce\xc4\xff\xde\xd1\xc2\xff\xdc\xcf\xc2\
\xff\xdd\xd0\xc1\xff\xde\xd1\xc2\xff\xdd\xd0\xc0\xff\xde\xd1\xc2\
\xff\xde\xd1\xc3\xff\xda\xcd\xbf\xff\xd4\xc7\xb9\xff\xce\xc1\xb3\
\xff\xd0\xc3\xb5\xff\xd9\xcb\xbd\xff\xdc\xcd\xc1\xff\xd4\xc7\xb5\
\xff\xd3\xc4\xb4\xff\xd1\xc3\xb7\xff\xce\xc3\xb7\xff\xcf\xc6\xb9\
\xff\xd0\xc8\xbb\xff\xcb\xc4\xb8\xff\xcc\xc4\xb8\xff\xce\xc4\xb8\
\xff\xd4\xc8\xba\xff\xdc\xd0\xbf\xff\xe4\xd6\xc6\xff\xe0\xd3\xc5\
\xff\xc8\xbe\xb4\xff\x9d\x98\x94\xffoom\xffMKQ\
\xff;>F\xff%1R\xff\x17 H\xff\x0f\x114\
\xff&!8\xffLIT\xffIT\x5c\xffBMW\
\xffEMY\xffFNX\xffHOZ\xffKQ\x5c\
\xffLS^\xffIR\x5c\xffENX\xffDLW\
\xffDNX\xffALW\xff7AP\xff3>O\
\xff3=O\xff2<M\xff2<K\xff2;J\
\xff3;K\xff4<J\xff4=H\xff4>H\
\xff3=G\xff3<G\xff2;E\xff2;D\
\xff3=E\xff4=F\xff3<E\xff3<E\
\xff3<E\xff4<E\xff5>G\xff6>H\
\xff4=F\xff3<E\xff3<E\xff5?F\
\xff4>E\xff2;D\xff2;E\xff3<F\
\xff4>H\xff2=F\xff2<F\xff3=I\
\xff3<I\xff1<D\xff2<F\xff2;I\
\xff2<H\xff1>G\xff1<H\xff1;I\
\xff.:H\xff-:I\xff.;I\xff0?I\
\xff0@I\xff.<I\xff,:I\xff-;I\
\xff.<H\xff.=H\xff/<J\xff/:K\
\xff.:K\xff/?H\xff-<G\xff,:K\
\xff.@I\xff6JL\xff)4M\xff\x0f\x12D\
\xff\x09\x0bA\xff\x1e&A\xff8AM\xff9DL\
\xff6@H\xff7BJ\xff7DJ\xff3EI\
\xff7FK\xff9FL\xff;GJ\xff<GJ\
\xff<GJ\xff:FJ\xff:FL\xff<GN\
\xff9EL\xff6DN\xff1BM\xff0DK\
\xff1FJ\xff.BF\xff3AG\xff4?D\
\xff5@E\xff'3:\xff:DH\xff\x8c\x88\x89\
\xff\x96\x95\x91\xff[a\x5c\xffOYY\xffYil\
\xfft\x85\x85\xff\x91\x94\x92\xffuuo\xffWb_\
\xffl\x7f\x89\xffn\x85\x94\xffg\x7f\x89\xffl\x81\x88\
\xffj\x7f\x86\xffd{\x87\xffl~\x84\xffp\x81\x87\
\xffn\x83\x8d\xffu\x86\x8a\xffw\x8a\x7f\xffv\x87\x87\
\xffz\x89\x87\xff\x8d\x8e\x83\xff\x97\x90\x86\xff\x97\x90\x83\
\xff\x93\x90~\xff\x90\x91|\xff\x8b\x8d}\xff}\x81|\
\xffmsw\xffhss\xffeuu\xff]nx\
\xffWjt\xffTjo\xffPio\xffMhn\
\xffJfn\xffHdn\xff@^m\xff+Ce\
\xff\x1a,d\xff\x1f/h\xff!6b\xff\x1b/]\
\xff\x1b*^\xff\x1d(Y\xff\x1a$P\xff\x14 J\
\xff\x17$E\xff\x1a%>\xff );\xff)/=\
\xff18B\xff4@F\xff6GF\xff9II\
\xff;KP\xff7JS\xff7MW\xff8OY\
\xff;OV\xffGVZ\xffV][\xffW_Z\
\xff^fb\xffcjk\xff^bu\xfffb\x89\
\xffri\x9f\xffth\xad\xffob\xac\xffnb\xa9\
\xffrg\xa6\xffxo\xa7\xff~w\xaa\xff\x81{\xa7\
\xff\x7fx\xa1\xffzp\x9d\xffxm\x9e\xffwk\xa0\
\xffsi\x9e\xffph\x9d\xffsk\xa0\xffsj\xa2\
\xffne\x9d\xffmd\x9d\xffmf\x9e\xffhb\x9b\
\xffop\x98\xff\x88\x94\x9a\xff\x89\x9c\x9a\xff\x86\x9a\x9e\
\xff\x89\x9a\xa0\xff\x8b\x99\xa3\xff\x85\x98\x99\xffx\x84\x8e\
\xffjjn\xffcca\xffYba\xff\x8d\x93\x8b\
\xff\xdb\xd7\xc4\xff\xe6\xdc\xcc\xff\xd9\xcf\xc7\xff\xdc\xd1\xc5\
\xff\xe1\xd4\xc5\xff\xdd\xd1\xc5\xff\xde\xd2\xc6\xff\xdf\xd4\xc8\
\xff\xdf\xd3\xc7\xff\xe0\xd2\xc6\xff\xdf\xd1\xc5\xff\xdf\xd1\xc5\
\xff\xde\xcf\xc6\xff\xe2\xd7\xca\xff\xd8\xcc\xc0\xff\xcc\xc1\xb5\
\xff\xdd\xd1\xc3\xff\xdf\xd1\xc5\xff\xde\xd1\xc2\xff\xde\xd0\xc4\
\xff\xdf\xd2\xc2\xff\xdf\xd2\xc2\xff\xdc\xcf\xc0\xff\xde\xd1\xc1\
\xff\xdf\xd2\xc4\xff\xdf\xd2\xc4\xff\xdc\xcf\xc1\xff\xd7\xca\xbc\
\xff\xd5\xc7\xb9\xff\xcf\xbf\xb3\xff\xd4\xc4\xb8\xff\xd6\xc5\xb4\
\xff\xd4\xc5\xb6\xff\xd4\xc7\xb7\xff\xd2\xc8\xbb\xff\xcf\xc5\xb7\
\xff\xce\xc3\xb4\xff\xd7\xc7\xbb\xff\xdf\xd0\xbb\xff\xe8\xd7\xc2\
\xff\xe9\xd8\xc5\xff\xd7\xcc\xbc\xff\xac\xa8\xa3\xffqsy\
\xffADS\xff-4E\xff-6E\xff8=G\
\xffDJV\xff*2S\xff\x13\x14>\xff\x0d\x0b4\
\xff\x22\x1c8\xffKHT\xffPW^\xffDMP\
\xffIMV\xffIMV\xffJPV\xffLRY\
\xffLS[\xffJRZ\xffIPW\xffGMT\
\xffCKS\xff@IS\xff:BO\xff6>M\
\xff6>N\xff7?M\xff7?M\xff7@K\
\xff4>I\xff3>G\xff4>F\xff5=G\
\xff5>H\xff5>H\xff4=G\xff4=G\
\xff5>G\xff5>H\xff5>H\xff5>H\
\xff4=G\xff4=G\xff5>G\xff4=G\
\xff5>G\xff4=F\xff4=F\xff6@G\
\xff5?F\xff3<E\xff3<E\xff4=G\
\xff5?H\xff3>G\xff3=F\xff4>G\
\xff3=G\xff1<E\xff3=H\xff5>J\
\xff5?G\xff5?E\xff4=E\xff4=F\
\xff3=F\xff4<G\xff4;F\xff4>E\
\xff5@G\xff4=I\xff4=I\xff4>I\
\xff3<G\xff4=F\xff6=I\xff3:I\
\xff19H\xff4=J\xff0:E\xff/9H\
\xff0<F\xff4?F\xff)-G\xff\x11\x0f:\
\xff\x08\x070\xff\x19\x1f3\xff1;F\xff6BM\
\xff7CM\xff8FN\xff6EL\xff4GL\
\xff5HL\xff4FL\xff4EN\xff4EM\
\xff5CJ\xff2AI\xff,=D\xff-?E\
\xff0AI\xff1?E\xff8EF\xff;HG\
\xffCOO\xffIVS\xffV`\x5c\xff_gc\
\xffhrl\xffs{w\xff|{v\xff\x86\x7fz\
\xff\x8d\x88\x80\xffpsm\xffdsv\xffj\x82\x8b\
\xffa{\x8a\xffu\x88\x8f\xff\x90\x90\x8e\xffhjf\
\xffTcg\xffq\x82\x8a\xffs\x84\x8b\xffs\x81\x86\
\xffw\x83\x85\xffw\x84\x85\xff~\x87\x80\xff\x82\x89\x82\
\xff\x83\x8a\x85\xff\x85\x88\x82\xff\x88\x89{\xff\x88\x8e\x85\
\xff\x85\x8f\x82\xff\x90\x8c|\xff\x88\x86|\xffw|{\
\xffgq|\xffQaz\xff=Qv\xff-=r\
\xff+:n\xffEZt\xffSmv\xffNio\
\xffHdj\xffCai\xff@Zk\xff;Qh\
\xff4Ec\xff)9^\xff#2]\xff\x1d,]\
\xff\x1b'^\xff\x19'Z\xff\x1c(Q\xff\x19&I\
\xff\x1a$H\xff\x1e%G\xff!&E\xff%-A\
\xff,5A\xff/9?\xff3@A\xff:DL\
\xff<FR\xff;KV\xff:KY\xff9Nb\
\xff;Sb\xff?UX\xffH^T\xffWhZ\
\xffakb\xfflqi\xffqkm\xffkes\
\xffqm\x87\xffzp\x9b\xff{o\xa4\xffyk\xa6\
\xffui\xa6\xffqg\xa3\xffrh\xa2\xffxo\xa5\
\xff\x7fx\xa8\xff\x84}\xac\xff\x81w\xaa\xffzo\xa1\
\xffzn\xa2\xff}p\xa8\xff{m\xa6\xffxk\xa3\
\xffvl\xa1\xffsi\x9e\xfftl\xa1\xfftk\xa2\
\xffof\x9e\xffof\x9e\xffph\x9f\xffmd\x9e\
\xffkd\x9a\xff\x83\x8b\x9c\xff\x86\x9a\x98\xff\x83\x95\x95\
\xff\x8b\x9b\x9b\xff\x89\x9a\x9f\xff\x83\x95\x9c\xffz\x81\x89\
\xffggh\xffbfd\xff`fe\xff\xaa\xaa\xa2\
\xff\xe4\xdd\xcc\xff\xe2\xd9\xc8\xff\xdc\xd3\xc9\xff\xdf\xd3\xc8\
\xff\xe1\xd3\xc7\xff\xdf\xd3\xc7\xff\xe0\xd4\xc8\xff\xe0\xd4\xc8\
\xff\xe0\xd4\xc8\xff\xe1\xd3\xc7\xff\xe0\xd2\xc6\xff\xe0\xd2\xc6\
\xff\xe0\xd2\xc8\xff\xe4\xd8\xcb\xff\xd7\xcc\xbf\xff\xcd\xc2\xb6\
\xff\xdf\xd3\xc6\xff\xe0\xd2\xc7\xff\xdf\xd2\xc3\xff\xe0\xd2\xc6\
\xff\xdf\xd2\xc3\xff\xdf\xd2\xc4\xff\xde\xd1\xc3\xff\xdd\xd0\xc2\
\xff\xdc\xcf\xc1\xff\xdd\xd0\xc2\xff\xdd\xd0\xc2\xff\xde\xd1\xc3\
\xff\xe1\xd3\xc5\xff\xdb\xcb\xbe\xff\xd3\xc3\xb7\xff\xcd\xc4\xbb\
\xff\xcd\xc3\xb9\xff\xd0\xc2\xb1\xff\xd6\xc6\xb6\xff\xda\xcc\xb9\
\xff\xe0\xd3\xc2\xff\xe8\xda\xc9\xff\xd8\xce\xbf\xff\xb5\xb3\xab\
\xff\x86\x88\x87\xffSSX\xff14>\xff,4>\
\xff3;D\xff<BO\xffAFU\xffAIR\
\xffCKT\xff\x22)A\xff\x10\x111\xff\x0d\x0c.\
\xff\x19\x17.\xff?=K\xffJNZ\xffDIO\
\xffGIQ\xffHLT\xffHNU\xffHNT\
\xffINT\xffINT\xffINT\xffGMS\
\xffBJR\xff@IR\xff<EO\xff9AN\
\xff8AO\xff8AO\xff7@M\xff6?J\
\xff7BJ\xff4@G\xff4@G\xff6@J\
\xff7@J\xff6?I\xff6?I\xff6?J\
\xff6>H\xff6?I\xff8AJ\xff7@I\
\xff5>G\xff7?I\xff7@I\xff6?H\
\xff6@I\xff6?H\xff6?H\xff7AG\
\xff7BG\xff6?H\xff6?I\xff6?I\
\xff6AI\xff6BI\xff5AH\xff6AI\
\xff5@H\xff4?G\xff6@J\xff7BK\
\xff6BI\xff4AI\xff3?I\xff4>J\
\xff5>K\xff6?K\xff4>I\xff3>F\
\xff4?H\xff5@G\xff5AG\xff3AD\
\xff3?B\xff4@D\xff5?F\xff5>F\
\xff2<D\xff3<G\xff1<E\xff/;D\
\xff0;C\xff2?B\xff-8C\xff!)>\
\xff\x1c#6\xff$.;\xff1?G\xff6CO\
\xff4CK\xff2CI\xff.@F\xff2BI\
\xff2BG\xff.>E\xff-=H\xff-@F\
\xff4CE\xff=IJ\xffEQN\xffPYV\
\xff\x5cdd\xffotq\xff~}x\xff\x83\x84\x7f\
\xff\x88\x8a\x84\xff\x8e\x90\x89\xff\x8d\x90\x87\xff\x8b\x90\x84\
\xff\x84\x8b}\xffz\x80s\xfftri\xffYWR\
\xffHHE\xff:AE\xffBV_\xffi\x81\x8d\
\xffe}\x89\xffgx~\xff\x93\x94\x92\xff\x90\x90\x8d\
\xffZde\xffcmo\xff\x82\x8a\x89\xff\x81\x89\x86\
\xff\x82\x88\x82\xff\x82\x87\x83\xff\x81\x85\x7f\xff}\x84~\
\xff~\x80\x80\xff\x82\x7f\x80\xff\x7f\x82z\xffjv}\
\xffXfv\xffNZq\xff=Lv\xff,Bu\
\xff\x22<v\xff\x165s\xff\x131s\xff\x13,o\
\xff\x1c5f\xff<Vj\xffIcl\xff;Se\
\xff2Hb\xff)<]\xff!1\x5c\xff\x1d)[\
\xff\x17%Y\xff\x15&U\xff\x14#P\xff\x18!J\
\xff\x1a$H\xff\x19&E\xff\x1c,>\xff 2;\
\xff&4@\xff.9A\xff4@B\xff;FL\
\xff>JV\xffAM_\xffANc\xff>N]\
\xff;NW\xff@RX\xffEW\x5c\xffN^`\
\xff]jf\xffenf\xffile\xffd`e\
\xff]Wh\xffib\x84\xfftp\x9d\xff~q\xab\
\xff\x7fq\xae\xffzl\xaa\xffxj\xa7\xffxi\xa8\
\xffwi\xa3\xff{o\xa3\xff\x85{\xa7\xff\x88\x80\xa8\
\xff\x82{\xa4\xff{s\xa2\xffwm\xa2\xffzm\xa5\
\xffyk\xa4\xffxk\xa2\xffyl\xa3\xff{o\xa4\
\xffwm\xa2\xffuk\xa0\xfftj\x9f\xfftl\xa1\
\xffsk\xa0\xffpg\x9d\xffoh\x9b\xffof\x9e\
\xffmb\xa0\xff}}\xa0\xff\x86\x97\x9b\xff\x89\x97\x95\
\xff\x94\x9d\x9a\xff\x8d\x9b\x9e\xff\x7f\x8e\x9c\xffx|\x82\
\xffghd\xff\x5cdb\xfflqp\xff\xc4\xc0\xb7\
\xff\xea\xe0\xd1\xff\xdf\xd7\xc6\xff\xe0\xd7\xcc\xff\xe2\xd6\xcb\
\xff\xe2\xd4\xc8\xff\xe0\xd4\xc8\xff\xe1\xd5\xc9\xff\xe1\xd5\xc9\
\xff\xe1\xd5\xc9\xff\xe3\xd5\xc9\xff\xe2\xd4\xc8\xff\xe2\xd4\xc8\
\xff\xe2\xd3\xca\xff\xe4\xd8\xcb\xff\xd6\xca\xbe\xff\xcd\xc2\xb6\
\xff\xe1\xd5\xc7\xff\xe2\xd4\xc8\xff\xe1\xd4\xc5\xff\xe1\xd4\xc7\
\xff\xe0\xd3\xc4\xff\xe1\xd4\xc6\xff\xe0\xd3\xc5\xff\xdf\xd2\xc4\
\xff\xdf\xd2\xc4\xff\xde\xd1\xc3\xff\xde\xd1\xc3\xff\xde\xd1\xc3\
\xff\xde\xd0\xc2\xff\xe0\xd0\xc4\xff\xdf\xcf\xc4\xff\xd0\xc3\xb5\
\xff\xd9\xcb\xbb\xff\xe3\xd1\xbf\xff\xeb\xd6\xc3\xff\xe3\xd6\xc1\
\xff\xc9\xc1\xb5\xff\x97\x97\x95\xffSZe\xff'5F\
\xff$2@\xff,7@\xff7=C\xffBDJ\
\xffEGN\xff@HP\xff=CO\xff8AL\
\xff7?H\xff#,>\xff\x1d#0\xff %5\
\xff&,6\xff;?G\xffIK\x5c\xffIMW\
\xffGJS\xffIMV\xffJPY\xffKRW\
\xffJQU\xffIOU\xffJPU\xffIOU\
\xffBKS\xff@KS\xff>IP\xff:DO\
\xff9BP\xff;DQ\xff9BN\xff8AK\
\xff9DL\xff7BJ\xff7BJ\xff8BL\
\xff8AK\xff8AL\xff7@I\xff7AH\
\xff7AG\xff9CI\xff9BK\xff9CI\
\xff7BH\xff9BI\xff;DK\xff:DJ\
\xff9DJ\xff:BK\xff:CG\xff:DG\
\xff:DH\xff9BH\xff9AH\xff7@H\
\xff7AI\xff8BH\xff8AH\xff7AH\
\xff8AH\xff6?E\xff6?F\xff6@F\
\xff3?H\xff0?L\xff,<K\xff-;I\
\xff-:J\xff.:J\xff.:H\xff.:G\
\xff.:E\xff-9F\xff.9F\xff-9D\
\xff+9C\xff,9A\xff.8D\xff,8C\
\xff+6C\xff*4H\xff-9G\xff,8B\
\xff)5D\xff*:C\xff+:E\xff+8H\
\xff-:G\xff0=D\xff0>C\xff.<B\
\xff2=D\xff6BH\xff7CG\xff;FH\
\xff?NK\xffNYZ\xff]de\xffirl\
\xffz\x81w\xff\x88\x8d\x82\xff\x91\x95\x8a\xff\x9a\x98\x90\
\xff\x9c\x9a\x91\xff\x9b\x9a\x8f\xff\x96\x94\x87\xff\x8f\x8e\x81\
\xff\x85\x85|\xffvvo\xffggb\xff`__\
\xffRQR\xffHIK\xffKOR\xffTZ^\
\xffhit\xffw}\x85\xfft\x87\x8c\xffr\x82\x85\
\xffz\x85\x84\xff|\x85\x82\xff\x81\x86\x83\xff\x96\x9b\x97\
\xff\x84\x8a\x88\xff\x5cc^\xffkpk\xff\x7f\x85\x7f\
\xff}\x84}\xffw}z\xffq{y\xffjxx\
\xffgsu\xffjtv\xff`ps\xff3Gp\
\xff\x130n\xff\x132q\xff\x192v\xff\x1b4t\
\xff\x1c6n\xff\x1b5f\xff\x1b5b\xff\x1c2c\
\xff 0b\xff(6d\xff\x226_\xff\x18+Y\
\xff\x16&Y\xff\x14$X\xff\x14#W\xff\x11!R\
\xff\x14#O\xff\x17&H\xff\x19)D\xff\x1e,@\
\xff\x1e0<\xff&7B\xff+=H\xff0AK\
\xff7DS\xff>H[\xffBNY\xff>LY\
\xff:K\x5c\xff9K\x5c\xff?S^\xffF[\x5c\
\xffPc\x5c\xff`m`\xffiob\xfflje\
\xfffaf\xff\x5cUj\xffg\x5c\x7f\xff|n\x9e\
\xff\x85y\xae\xff\x85|\xb0\xff\x80v\xad\xffwq\xa8\
\xfftl\xa3\xffri\xa2\xfftj\xa6\xffuh\xa4\
\xff|n\xa4\xff\x88{\xac\xff\x87|\xa9\xff|q\xa2\
\xffvk\xa1\xffuj\xa2\xffwn\xa2\xff{q\xa4\
\xffyp\xa3\xfftm\x9f\xffuo\xa0\xffxp\xa2\
\xffxm\xa3\xffwl\xa1\xffuj\x9f\xffuk\x9f\
\xffvn\xa2\xffrj\x9e\xffoi\x9c\xffoi\x9e\
\xffne\xa0\xfftl\x9f\xff\x87\x93\xa0\xff\x92\x9f\x9d\
\xff\x8c\x8e\x87\xff\x86\x91\x91\xff}\x8e\x9a\xffsuz\
\xffdd^\xffU^]\xff\x81\x82\x81\xff\xda\xd1\xc6\
\xff\xec\xe2\xd2\xff\xde\xd6\xc6\xff\xe3\xd7\xcb\xff\xe3\xd8\xcb\
\xff\xe2\xd6\xcc\xff\xe3\xd6\xcb\xff\xe3\xd7\xca\xff\xe3\xd7\xca\
\xff\xe3\xd7\xcb\xff\xe5\xd7\xcb\xff\xe4\xd6\xca\xff\xe4\xd6\xca\
\xff\xe5\xd7\xcd\xff\xe6\xd9\xcd\xff\xd6\xca\xbf\xff\xd1\xc6\xb9\
\xff\xe4\xd8\xca\xff\xe3\xd6\xc9\xff\xe4\xd7\xc8\xff\xe3\xd6\xc9\
\xff\xe1\xd5\xc4\xff\xe1\xd4\xc6\xff\xe0\xd3\xc5\xff\xe0\xd3\xc5\
\xff\xe0\xd3\xc5\xff\xe0\xd3\xc5\xff\xdf\xd2\xc4\xff\xe0\xd3\xc5\
\xff\xe0\xd2\xc4\xff\xe0\xd0\xc4\xff\xe0\xd0\xc4\xff\xed\xd9\xc6\
\xff\xe5\xd6\xc5\xff\xd3\xcc\xbc\xff\xaf\xab\xa1\xffvuv\
\xffFIR\xff-5@\xff+5=\xff;AI\
\xffBFQ\xff@GO\xffCJO\xffCIP\
\xff?FO\xff<CK\xff=CK\xff=EI\
\xffAGL\xff;BL\xff6=E\xff3<E\
\xff7DG\xffENN\xffGKT\xffGIQ\
\xffEJR\xffCKR\xffELT\xffHNV\
\xffGOU\xffDPS\xffEOS\xffDMS\
\xff@JR\xff<EO\xff;DN\xff8BN\
\xff5@M\xff4>L\xff5>K\xff5=I\
\xff4=J\xff3=J\xff3<J\xff2<G\
\xff2=E\xff0:C\xff2:D\xff1;B\
\xff1<B\xff2>B\xff1=C\xff0<B\
\xff3?B\xff2>A\xff1>@\xff1>A\
\xff2>A\xff3<C\xff3<C\xff4>?\
\xff4=@\xff2;>\xff1:@\xff1;A\
\xff3;B\xff1<?\xff0<?\xff2=A\
\xff2<@\xff2<@\xff3=A\xff2<A\
\xff1;B\xff0<D\xff0;F\xff2;G\
\xff0:D\xff1:D\xff3;D\xff6=C\
\xff7@D\xff9@K\xff:BK\xff:BI\
\xff=EM\xff?HL\xffBIN\xffDKR\
\xffFLT\xffHKW\xffNST\xffPVU\
\xffRV]\xffSX^\xffTZ`\xffV^d\
\xffYde\xffXdb\xffQ\x5c\x5c\xffIST\
\xffLTW\xff_eh\xfftxy\xff}\x83\x7f\
\xff\x8d\x93\x8b\xff\xa2\xa3\x9b\xff\xad\xac\xa1\xff\xac\xac\x9d\
\xff\xa6\xa5\x97\xff\x9a\x99\x8a\xff\x89\x88{\xffzxo\
\xffpkh\xff][Y\xffSXS\xffJOM\
\xffOOT\xffOPV\xffXW_\xffbbl\
\xffpox\xff\x7f\x81\x88\xff\x86\x8f\x8d\xff\x92\x97\x96\
\xff\x96\x96\x9b\xff\x96\x98\x9c\xff\x90\x92\x94\xff~\x84\x82\
\xff~\x82~\xff}\x82}\xffw{z\xff\x82\x85\x83\
\xff\x9f\x9f\x96\xff\x80\x83{\xffZc`\xffdnp\
\xffeqx\xff[lr\xffTko\xffOiq\
\xffLgq\xffPjn\xffIhl\xff%@k\
\xff\x11-k\xff\x1a4n\xff\x1f2j\xff 4d\
\xff!3`\xff!0_\xff\x1f-^\xff\x1b)\x5c\
\xff\x1a*Y\xff\x13$T\xff\x10!W\xff\x11!V\
\xff\x13\x22P\xff\x15\x22M\xff\x1a$G\xff\x1d(A\
\xff#/?\xff+7@\xff0;E\xff4AN\
\xff6KH\xff<PS\xff@T\x5c\xffBT^\
\xff@O_\xff;H`\xff=K^\xffATY\
\xffJ]Y\xffRc\x5c\xffZi]\xffbmb\
\xffdjg\xffb_h\xff\x5cTh\xfff[\x7f\
\xff~p\x9e\xff\x90\x85\xb1\xff\x93\x8a\xb7\xff\x8d\x84\xb5\
\xff\x84{\xac\xff}r\xa4\xff}p\xa5\xffxn\xa2\
\xfful\xa3\xffxq\xa4\xff|w\xa4\xff}w\xa4\
\xff}v\xa6\xffzq\xa5\xffsj\x9e\xffsj\x9e\
\xffwl\xa3\xffuk\xa0\xffwm\xa1\xffwp\xa3\
\xffuo\xa2\xfftm\xa1\xfftm\xa1\xffvn\xa2\
\xffyl\xa2\xffyl\xa2\xffym\xa2\xffvn\xa1\
\xffun\xa1\xffuo\xa1\xffsl\x9f\xffrl\x9e\
\xfftk\x9f\xffpe\x9f\xff\x85\x8a\xa1\xff\x97\x9d\x96\
\xff\x7fwn\xff\x81\x82\x84\xffx\x8a\x92\xfflpl\
\xffeg\x5c\xffWba\xff\x97\x98\x97\xff\xea\xdc\xce\
\xff\xf0\xe1\xcf\xff\xdd\xd6\xc9\xff\xe4\xd7\xca\xff\xe4\xd8\xcd\
\xff\xe4\xd8\xce\xff\xe4\xd8\xcd\xff\xe4\xd8\xcd\xff\xe4\xd8\xcc\
\xff\xe4\xd8\xcc\xff\xe5\xd8\xcc\xff\xe5\xd7\xcb\xff\xe6\xd7\xcb\
\xff\xe5\xd7\xcb\xff\xe4\xd9\xcd\xff\xd8\xce\xc2\xff\xd6\xcc\xbe\
\xff\xe5\xda\xce\xff\xe4\xd7\xcc\xff\xe4\xd7\xc8\xff\xe3\xd5\xc8\
\xff\xe3\xd6\xc7\xff\xe3\xd6\xc8\xff\xe2\xd5\xc7\xff\xe0\xd3\xc5\
\xff\xe2\xd5\xc7\xff\xe1\xd4\xc6\xff\xe0\xd3\xc5\xff\xe1\xd4\xc6\
\xff\xe0\xd2\xc4\xff\xe0\xd0\xc4\xff\xe0\xd0\xc5\xff\xb3\xae\xa2\
\xff\x83~{\xffJLQ\xff(/7\xff!*4\
\xff*3;\xff8<>\xff@CB\xff<?C\
\xff;=E\xff9=D\xff39?\xff5;B\
\xff6<B\xff38=\xff3:?\xff2;>\
\xff4;?\xff08@\xff08?\xff,8=\
\xff*::\xff3><\xff4;;\xff8=<\
\xff9@E\xff7>D\xff9?D\xff<BH\
\xff;BG\xff<DG\xff=FI\xff9CH\
\xff7AF\xff8AG\xff9BG\xff:CI\
\xff<FM\xff8CK\xff:DJ\xff?GN\
\xff<DN\xff=EO\xff@HR\xff>GO\
\xff>HL\xffAJN\xffAIP\xffAJN\
\xffDNO\xffEPL\xffGPN\xffGQP\
\xffIST\xffKTV\xffIRT\xffHQT\
\xffNVW\xffTZV\xffSZX\xffW^\x5c\
\xffX_]\xffY`^\xff[bb\xff\x5cdc\
\xff_dd\xffbgc\xffdhe\xffill\
\xffinl\xffjol\xfflpn\xffnro\
\xffqsp\xffuwt\xffvxt\xffwzv\
\xffz}y\xff|}y\xff\x7f\x80{\xff\x80\x82z\
\xff}\x7fw\xff\x87\x85\x7f\xff\x88\x88|\xff\x8a\x8b}\
\xff\x8f\x8c\x80\xff\x91\x8e\x83\xff\x93\x90\x86\xff\x95\x93\x89\
\xff\x97\x94\x8a\xff\x96\x91\x87\xff\x9a\x97\x85\xff\x99\x97\x84\
\xff\x9c\x98\x8d\xff\x9a\x97\x8d\xff\x91\x91\x87\xff\x96\x99\x8c\
\xff\x96\x9b\x8c\xff\x88\x8f\x81\xff\x8c\x91\x87\xff\x90\x95\x8a\
\xff\x8c\x8e\x84\xff\x91\x92\x8a\xff\xa0\xa1\x98\xff\x97\x9a\x8f\
\xff\xa0\xa0\x95\xff\xa7\xa3\x98\xff\x92\x8f\x84\xffurh\
\xffb`W\xffSVQ\xff@EG\xff8?D\
\xff2=D\xff:HU\xffEQd\xffQ[q\
\xff\x5cf{\xffhq\x85\xffu|\x8c\xffx~\x8b\
\xff}\x81\x8b\xff~\x85\x8b\xff\x80\x84\x8a\xff\x86\x82\x86\
\xff\x8b\x89\x8a\xff\x8b\x8a\x89\xff\x89\x89\x83\xff{\x81w\
\xffp{t\xfflyu\xffgsv\xff`jp\
\xffv~~\xff\x99\x9e\x9b\xffx~{\xffV^^\
\xffPbj\xffIcp\xffNel\xffLdk\
\xffD`h\xffDah\xff@\x5ci\xff%:c\
\xff\x19*`\xff /`\xff\x22.[\xff\x1d.[\
\xff\x1b+X\xff\x1a'W\xff\x1a%U\xff\x18$O\
\xff\x14&H\xff\x16%I\xff\x1c&I\xff!+@\
\xff$-<\xff'1=\xff,9=\xff2@A\
\xff9EI\xffCLR\xffGO[\xffER^\
\xffCVZ\xffASY\xff<PV\xff@SX\
\xffIZ_\xffQa]\xffYl\x5c\xffewb\
\xffbk^\xffUYX\xff\x5c[f\xffd]t\
\xffnd\x83\xff\x82t\x9c\xff\x97\x88\xb6\xff\x9d\x93\xbd\
\xff\x99\x92\xb7\xff\x91\x87\xb4\xff\x8b\x81\xaf\xff\x84|\xab\
\xff\x82x\xa9\xff\x7fr\xa8\xffzl\xa6\xff}p\xa5\
\xff\x82x\xa9\xff\x83y\xac\xff\x85z\xad\xff~u\xa8\
\xffuo\xa1\xffrm\x9e\xffuo\xa1\xffwo\xa4\
\xfftn\xa2\xffsl\xa0\xfftl\x9f\xffsk\x9f\
\xffsj\xa2\xffsj\xa3\xffsj\xa3\xffsj\xa2\
\xfftk\xa0\xffvl\xa1\xffvl\xa1\xfftl\xa0\
\xfftm\xa1\xffun\xa1\xffun\xa1\xffsl\x9e\
\xffvk\x9c\xffuh\xa4\xff\x7fz\xa5\xff\x90\x8f\x8e\
\xffztg\xff\x85\x83\x87\xffw\x84\x8e\xffehd\
\xff_g`\xff`ig\xff\xb2\xb0\xa7\xff\xf1\xe3\xd5\
\xff\xec\xdd\xcf\xff\xe2\xd9\xc9\xff\xe8\xda\xcb\xff\xe6\xda\xd0\
\xff\xe4\xda\xd0\xff\xe6\xda\xce\xff\xe5\xda\xce\xff\xe5\xd9\xcc\
\xff\xe5\xd9\xcc\xff\xe5\xd9\xcc\xff\xe5\xd9\xcc\xff\xe7\xd9\xcd\
\xff\xe7\xd9\xcc\xff\xe6\xd9\xce\xff\xda\xce\xc3\xff\xda\xce\xc0\
\xff\xe9\xdd\xcf\xff\xe6\xd9\xcb\xff\xe4\xd7\xc9\xff\xe4\xd7\xc9\
\xff\xe5\xd8\xc9\xff\xe4\xd7\xc9\xff\xe5\xd8\xca\xff\xe4\xd7\xc9\
\xff\xe4\xd7\xc9\xff\xe2\xd5\xc7\xff\xe2\xd5\xc7\xff\xe2\xd5\xc7\
\xff\xe2\xd4\xc7\xff\xe2\xd2\xc6\xff\xe3\xd3\xc7\xff-7?\
\xff\x16 '\xff\x1c%-\xff/5:\xff5<?\
\xff4:=\xff6>?\xff:BD\xff;@B\
\xffAFD\xffAFD\xff@FE\xffBIG\
\xffCKH\xffGMK\xffHPM\xffIPN\
\xffNRR\xffOSS\xffSVW\xffVZX\
\xffUZW\xffX^\x5c\xff[a^\xff_eb\
\xffbhe\xffbgc\xffgjg\xffilj\
\xffgjg\xffjkg\xffnmj\xffmmh\
\xffstj\xffuuk\xffrtj\xffyzo\
\xff|{q\xff\x7f\x7ft\xff\x84\x84y\xffzyn\
\xff{{p\xff\x81\x82v\xff~\x7ft\xff\x80\x7fv\
\xff\x83\x82x\xff\x81\x81v\xff\x81\x83w\xff\x87\x88y\
\xff\x86\x84r\xff\x89\x87u\xff\x8b\x89y\xff\x87\x84x\
\xff\x8e\x8a\x81\xff\x8f\x8b\x82\xff\x86\x83y\xff\x88\x85y\
\xff\x89\x85t\xff\x8c\x85s\xff\x91\x8a}\xff\x8e\x89}\
\xff\x8f\x8b~\xff\x94\x90\x82\xff\x91\x8d~\xff\x92\x8f\x80\
\xff\x92\x8e\x82\xff\x90\x8a}\xff\x94\x8d\x81\xff\x97\x8f\x85\
\xff\x92\x8c\x82\xff\x93\x8f\x83\xff\x91\x8d\x7f\xff\x8e\x8a{\
\xff\x92\x8d\x80\xff\x8d\x89}\xff\x8b\x86{\xff\x90\x8b\x7f\
\xff\x88\x84x\xff\x89\x88z\xff\x8f\x8e\x7f\xff\x82\x81s\
\xff\x82\x81s\xff\x81\x80q\xffpp_\xff\x7f~l\
\xffzyh\xffol`\xff\x82~t\xffrpd\
\xffhe[\xffvtj\xffhdY\xff_YP\
\xffsmg\xff[VQ\xffXTN\xffpmg\
\xffVSJ\xff[UR\xfftnm\xffwrm\
\xff\x7f{t\xff{xp\xfftsk\xffVSP\
\xffJGF\xffEC@\xff*($\xff\x15\x14\x18\
\xff\x1e\x1e3\xff69U\xff:@c\xffDNo\
\xffJWr\xffScz\xffTdz\xffTf{\
\xffRd{\xffRe{\xffSf{\xffWh~\
\xffZk~\xff]k}\xffam\x81\xffhp\x83\
\xffmu\x85\xffsz\x88\xffoz\x84\xff^kv\
\xffUfl\xffLbj\xffJbk\xffE_n\
\xffCZi\xff{\x83\x89\xff\xa1\x9e\x97\xffzyj\
\xffTcZ\xff>Xb\xff5Ob\xff8J_\
\xff-C]\xff'<^\xff!2\x5c\xff\x1b+Z\
\xff\x1a)X\xff\x1a&W\xff\x15#T\xff\x18$R\
\xff\x18\x22K\xff\x19!F\xff\x1d%F\xff\x1c'B\
\xff\x22,A\xff'4F\xff*:D\xff0@A\
\xff6DG\xff;IQ\xff>MV\xffBQ]\
\xffFU_\xffEU`\xffAS\x5c\xff:OV\
\xff;MV\xffGV]\xffXee\xffgoh\
\xffhoc\xffdj[\xff`e]\xff_Z^\
\xff]Td\xffd]x\xff\x88}\xaa\xff\x9c\x91\xbf\
\xff\xa5\x9b\xc1\xff\xa1\x98\xb9\xff\x9e\x90\xb6\xff\x97\x8c\xaf\
\xff\x90\x89\xaa\xff\x90\x86\xaf\xff\x8b\x82\xaf\xff\x85y\xac\
\xff\x80r\xa8\xff{p\xa6\xff\x7fv\xa8\xff\x83y\xac\
\xff\x84y\xac\xff\x80t\xa8\xffzm\xa2\xffxo\x9f\
\xffyp\xa2\xffxp\xa3\xffzo\xa4\xffzo\xa6\
\xffvn\xa5\xffun\xa3\xffvo\xa2\xffun\xa1\
\xffun\xa2\xfftm\xa0\xffsl\x9f\xffrk\x9e\
\xfftj\x9f\xffvl\xa1\xffsj\x9f\xffqi\x9e\
\xffum\xa2\xfftl\xa1\xffsi\xa0\xfftj\xa0\
\xffvl\x9c\xffpg\xa0\xffqh\xa1\xff}w\x88\
\xffmm_\xffx~~\xffu}\x86\xffegf\
\xffYcb\xffmsp\xff\xcd\xc7\xb7\xff\xf1\xe5\xd7\
\xff\xe5\xd9\xd0\xff\xe8\xdc\xca\xff\xeb\xdd\xcd\xff\xe7\xdb\xd2\
\xff\xe4\xdb\xcf\xff\xe7\xdc\xce\xff\xe7\xdc\xce\xff\xe7\xdc\xce\
\xff\xe6\xdb\xcd\xff\xe6\xdb\xcd\xff\xe6\xdb\xcd\xff\xe5\xda\xcc\
\xff\xe8\xdc\xce\xff\xe7\xd9\xcd\xff\xdb\xcd\xc2\xff\xdd\xd0\xc1\
\xff\xeb\xde\xce\xff\xe7\xda\xcb\xff\xe5\xd8\xcb\xff\xe8\xdb\xcd\
\xff\xe4\xd7\xc9\xff\xe4\xd7\xc9\xff\xe5\xd8\xca\xff\xe5\xd8\xca\
\xff\xe5\xd8\xca\xff\xe3\xd6\xc8\xff\xe4\xd7\xc9\xff\xe2\xd5\xc7\
\xff\xe2\xd4\xc7\xff\xe4\xd3\xc7\xff\xe3\xd3\xc6\xffqzs\
\xff\x85\x8d\x88\xff{\x82|\xff\x80\x83}\xff\x80\x85z\
\xffotg\xffsyk\xff~\x84p\xff}~i\
\xff\x8c\x8at\xff\x8f\x8bw\xff\x84\x81m\xff\x87\x85q\
\xff\x90\x8f{\xff\x8b\x89u\xff\x8c\x8av\xff\x90\x8dy\
\xff\x8a\x85s\xff\x91\x8by\xff\x90\x8by\xff\x8b\x86t\
\xff\x95\x90}\xff\x90\x89u\xff\x8e\x88u\xff\x97\x92\x82\
\xff\x86\x80r\xff\x83}o\xff\x90\x88z\xff\x84~p\
\xff\x84~p\xff\x85|o\xffyob\xff~vh\
\xff|zg\xffrp^\xff\x7f|l\xff|wg\
\xffphY\xff\x7fxi\xff|te\xffnhX\
\xff~|l\xffywg\xffsra\xff\x82\x80o\
\xffom]\xffom]\xff|{k\xffheW\
\xffsmb\xff\x82{t\xfff`Y\xffsng\
\xff\x83~u\xffgbX\xffxrj\xffwri\
\xff[TM\xffulj\xffsmh\xffVRM\
\xffqmi\xffjfb\xffVRM\xff|vq\
\xffogc\xffZRQ\xff{ts\xffe^_\
\xff[SV\xffyrt\xffZVV\xffXRR\
\xffumn\xffSLL\xff]UV\xffnfj\
\xffJBI\xffd\x5cd\xffoer\xffE<J\
\xffd]k\xff][j\xff>;K\xffXUf\
\xffOL^\xff2.B\xffWSi\xffF@V\
\xff3.I\xffTRr\xff?=`\xff97Y\
\xffYXw\xffFA`\xffOFe\xffi_\x80\
\xffLC_\xffk_}\xffrg\x87\xffVKi\
\xff^Vp\xff_Vp\xffZOj\xffWHg\
\xffB5U\xff/&@\xff\x16\x15)\xff\x12\x144\
\xff \x22U\xff #a\xff$)d\xff'/`\
\xff06a\xff6=b\xff:Ed\xff<Ki\
\xff?Qn\xffCWp\xffD\x5cs\xffF_v\
\xffKdy\xffMfy\xffMhx\xffRj|\
\xffUk\x7f\xffUk\x80\xffPh{\xffC\x5cp\
\xff<Zj\xff=[f\xffC_d\xffDce\
\xff=Zd\xff=O^\xff{\x81\x85\xff\x98\x97\x8f\
\xfflqh\xffFOU\xff\x1d1T\xff\x13%Y\
\xff\x16%X\xff\x11 T\xff\x13 P\xff\x16\x22O\
\xff\x17!N\xff\x16\x22G\xff\x14$C\xff\x1a(C\
\xff\x1e-A\xff#4@\xff&9?\xff(<@\
\xff2BE\xff9GJ\xff7GT\xff:J_\
\xff>Pd\xff@Pc\xff=L]\xff<LZ\
\xff;NY\xff9P]\xff>Xa\xffUhd\
\xffaog\xffhpb\xffos_\xffkka\
\xffWUY\xffNMb\xffb\x5c~\xff}r\x9e\
\xff\x9e\x94\xb8\xff\xb1\xa9\xc8\xff\xa5\x9b\xc2\xff\x9a\x92\xb5\
\xff\x96\x91\xae\xff\x9b\x92\xb2\xff\x98\x8b\xb2\xff\x92\x88\xb1\
\xff\x93\x8b\xb3\xff\x8f\x87\xb0\xff\x85|\xa8\xff\x7fu\xa6\
\xff\x7ft\xa6\xff\x81w\xa4\xff\x84{\xa5\xff\x7fu\xa5\
\xffzm\xa3\xffym\xa2\xffzn\xa2\xffyo\xa4\
\xffyo\xa6\xff{o\xa8\xffym\xa6\xffwm\xa3\
\xffvn\xa2\xffyr\xa5\xffyr\xa5\xffwp\xa3\
\xffwp\xa3\xffwp\xa3\xfftn\xa0\xfftm\xa0\
\xffxn\xa2\xffxo\xa2\xffwn\xa1\xffwn\xa1\
\xffzq\xa4\xffyp\xa3\xffxl\xa1\xffym\xa1\
\xffxo\x9e\xffpi\x9f\xffph\x9d\xff\x80w\x94\
\xffxvu\xffu|z\xffqrw\xffggb\
\xffWb\x5c\xff\x83\x85\x83\xff\xe0\xd8\xca\xff\xf1\xe6\xd7\
\xff\xe3\xd7\xcd\xff\xea\xdc\xcc\xff\xed\xdf\xcf\xff\xe7\xdd\xd2\
\xff\xe6\xdd\xcf\xff\xe8\xdd\xce\xff\xe8\xdd\xcf\xff\xe8\xdd\xcf\
\xff\xe7\xdc\xce\xff\xe6\xdb\xcd\xff\xe6\xdb\xcd\xff\xe6\xdb\xcd\
\xff\xe8\xdd\xcf\xff\xe6\xd8\xcc\xff\xda\xcc\xc1\xff\xe0\xd3\xc4\
\xff\xeb\xde\xcf\xff\xe8\xdb\xcd\xff\xe9\xdc\xce\xff\xe7\xda\xcc\
\xff\xe6\xd9\xcb\xff\xe6\xd9\xcb\xff\xe6\xd9\xcb\xff\xe5\xd8\xca\
\xff\xe5\xd8\xca\xff\xe5\xd8\xca\xff\xe4\xd7\xc9\xff\xe4\xd7\xc9\
\xff\xe4\xd6\xc9\xff\xe5\xd5\xc8\xff\xe4\xd4\xc7\xff\xec\xe8\xca\
\xff\xce\xc4\xb3\xff\x86zm\xff\x85yg\xff\x91\x83q\
\xffwg_\xffxhb\xff\x86{g\xff|qd\
\xff\x88}u\xff|sj\xffof]\xff\x82wo\
\xff{lf\xfftf`\xff\x83xq\xfftkb\
\xffumc\xff\x82ys\xfflc]\xfftkf\
\xffypj\xffaWQ\xffsif\xffxom\
\xff[VT\xffmii\xffpkk\xffaZX\
\xffyqo\xffmee\xff\x5cUU\xffvor\
\xffg^i\xff]Vb\xffzt\x81\xffh`m\
\xff\x5cR_\xffner\xff_Vc\xffmdq\
\xff\x87~\x8d\xffmds\xffulz\xff\x8d\x84\x91\
\xffldq\xffyo\x7f\xff\x8c\x83\x91\xffmds\
\xff\x85{\x8f\xff\x90\x88\x9e\xffmiz\xff\x88\x86\x95\
\xff\x91\x90\x9c\xffwt\x83\xff\x97\x93\xa6\xff\x97\x91\xa7\
\xff\x84|\x91\xff\xa2\x9b\xab\xff\x99\x94\x9f\xff\x83~\x88\
\xff\x9c\x97\xa2\xff\x93\x8d\x9a\xff\x86\x80\x92\xff\xac\xa4\xb5\
\xff\x9f\x94\xa6\xff\x8e\x85\x98\xff\xa8\xa1\xb5\xff\x92\x8c\xa1\
\xff\x88\x83\x98\xff\xa3\x9d\xb2\xff\x8e\x86\x9c\xff\x8d\x85\x9a\
\xff\xa0\x98\xac\xff\x8d\x85\x99\xff\x96\x8e\xa2\xff\x9e\x97\xad\
\xff\x85~\x98\xff\x8d\x85\xa3\xff\x93\x88\xac\xff|q\x99\
\xff\x84y\xa2\xffsl\x92\xffmg\x8b\xff~w\x9a\
\xff\x8c\x85\xa9\xff\x84\x7f\x9f\xff\x95\x91\xae\xff\x93\x8f\xad\
\xff\x90\x8c\xab\xff\x98\x94\xb7\xff\x95\x90\xb2\xff\x94\x90\xaf\
\xff\x97\x95\xb1\xff\x92\x90\xac\xff\x80|\x9f\xffoi\x90\
\xff^U\x84\xffRKz\xffGCt\xffA<m\
\xffB=j\xffF?k\xffF?h\xffHCj\
\xffE@h\xffA=^\xff3/M\xff'&G\
\xff##I\xff\x19\x1eH\xff\x19\x1dI\xff\x17\x1aR\
\xff\x16\x18X\xff\x16\x19W\xff\x16\x1cX\xff\x1a\x22\x5c\
\xff!)`\xff&2e\xff,:h\xff3Bi\
\xff;Hn\xffANq\xffGSr\xffM[v\
\xffRd{\xffTi{\xffPft\xffBYf\
\xff9T^\xff;S]\xff=La\xff2Ga\
\xff&=_\xff\x17'V\xff,3X\xff\x82\x80\x8b\
\xff\x9b\x96\x8d\xff\x99\x91\x8c\xff9Bf\xff\x07\x18L\
\xff\x17\x22P\xff\x1a$L\xff\x1d'E\xff!*B\
\xff!,>\xff%2@\xff)7@\xff-;@\
\xff1AG\xff4FP\xff6HU\xff;LZ\
\xff>M[\xffAN\x5c\xff?N_\xff;J]\
\xff7IW\xff6JU\xffARX\xffP`a\
\xff`on\xffr}r\xffz\x80p\xffwwf\
\xffjj_\xff[Y\x5c\xffSOd\xffYV}\
\xffe`\x95\xff\x7fu\xac\xff\x9b\x8b\xc0\xff\xa1\x96\xc4\
\xff\x94\x8f\xb4\xff\x8c\x86\x9f\xff\x8c\x85\x9f\xff\x99\x92\xae\
\xff\x9a\x94\xaf\xff\x97\x93\xb0\xff\x96\x90\xb2\xff\x98\x90\xb4\
\xff\x95\x8b\xb3\xff\x87}\xa9\xff\x86z\xab\xff\x88~\xaf\
\xff\x84{\xab\xff\x83x\xa9\xff\x7fs\xa5\xffzn\xa2\
\xffzm\xa3\xff{n\xa5\xff\x80s\xac\xff|p\xaa\
\xffxl\xa7\xff{o\xaa\xff{p\xa9\xffxn\xa4\
\xffyp\xa3\xff|t\xa6\xffzr\xa5\xffxp\xa3\
\xffxo\xa2\xffzq\xa3\xff{r\xa4\xffzq\xa4\
\xffxo\xa2\xffxo\xa2\xffxo\xa2\xffxo\xa2\
\xffyp\xa3\xffzp\xa3\xffzq\xa3\xffxp\xa3\
\xffvp\xa2\xffun\xa4\xffwo\x9f\xff\x84x\xa0\
\xff\x92\x8b\xa1\xff\x83\x85\x87\xfflkk\xffff]\
\xffZa[\xff\x9e\x9e\x99\xff\xed\xe6\xd5\xff\xec\xe4\xd5\
\xff\xe5\xd8\xce\xff\xee\xde\xcf\xff\xec\xde\xce\xff\xe7\xdd\xd0\
\xff\xe7\xde\xd1\xff\xe8\xdd\xcf\xff\xe8\xdd\xcf\xff\xe8\xdd\xcf\
\xff\xe9\xde\xd0\xff\xe8\xdd\xcf\xff\xe8\xdd\xcf\xff\xe8\xdd\xcf\
\xff\xea\xdf\xd0\xff\xe6\xd8\xcc\xff\xda\xcc\xc1\xff\xe3\xd5\xc8\
\xff\xea\xdd\xcf\xff\xe8\xdb\xcd\xff\xea\xdd\xcf\xff\xe7\xda\xcc\
\xff\xe8\xdb\xcd\xff\xe7\xda\xcc\xff\xe7\xda\xcc\xff\xe7\xda\xcc\
\xff\xe6\xd9\xcb\xff\xe5\xd8\xca\xff\xe5\xd8\xca\xff\xe4\xd8\xc9\
\xff\xe5\xd7\xca\xff\xe6\xd5\xc8\xff\xe4\xd4\xc7\xff\xad\xb1\xa8\
\xffQNY\xff(!6\xff-(6\xff@8H\
\xffK=^\xff@1X\xff=5L\xffTLg\
\xffZRv\xff@:[\xffOHj\xff]Wx\
\xffJDd\xffVPq\xff^Yz\xffMHh\
\xff`Yw\xffg_\x81\xffZTt\xfff_\x81\
\xff]Ux\xffPKp\xffkc\x8a\xffme\x87\
\xffd]}\xffvn\x8f\xfftl\x8d\xffuj\x8d\
\xff\x85y\x9b\xffwn\x8e\xffxn\x8f\xff\x8a\x80\xa0\
\xff\x81y\x99\xff\x7fx\x99\xff\x8b\x84\xa5\xff\x8a\x82\xa3\
\xff\x8c\x83\xa3\xff\x8a\x84\xa5\xff\x82|\x9c\xff\x8b\x85\xa5\
\xff\x93\x87\xab\xff\x89}\xa1\xff\x8b\x7f\xa2\xff\x92\x85\xab\
\xff\x90\x83\xaa\xff\x90\x83\xa9\xff\x92\x86\xab\xff\x95\x8a\xac\
\xff\x95\x89\xae\xff\x93\x86\xab\xff\x96\x8a\xac\xff\x99\x8d\xaf\
\xff\x9a\x8d\xae\xff\x9a\x8f\xaf\xff\x99\x8c\xaf\xff\x9f\x92\xb4\
\xff\xa7\x9c\xba\xff\xa7\x9d\xb6\xff\xab\x9f\xbc\xff\xa8\x9c\xb9\
\xff\x9b\x8f\xae\xff\x9f\x91\xb1\xff\xa4\x95\xb6\xff\x96\x89\xa7\
\xff}t\x8d\xff\x89}\x98\xff\xa4\x97\xb4\xff\xa6\x9a\xb7\
\xff\xa4\x99\xb6\xff\x9d\x92\xaf\xff\xa1\x96\xb4\xff\x9e\x95\xb1\
\xff\x93\x8d\xa8\xff\x96\x8f\xaf\xff\x90\x89\xac\xff\x8f\x87\xac\
\xff\x91\x89\xaf\xff\x87\x7f\xa6\xff\x87\x7f\xa7\xff\x8b\x82\xae\
\xffvl\x99\xffeY\x7f\xffeZ{\xff\x5cRo\
\xffe]t\xffxt\x81\xff\x80~\x85\xff\x8c\x8d\x90\
\xff\x9c\x9e\x9b\xff\xa4\xa2\x99\xff\xb6\xae\xa4\xff\xc3\xbd\xb3\
\xff\xbe\xbd\xb1\xff\xbd\xbd\xb3\xff\xb2\xb0\xb0\xff\x9b\x9a\x9a\
\xff\x86\x82\x8e\xffjiz\xffRTi\xffCD^\
\xff25R\xff!\x22E\xff\x16\x16?\xff\x0f\x0f<\
\xff\x0e\x0e8\xff\x0e\x0f6\xff\x1b\x1b@\xff%$H\
\xff'&F\xff0+J\xff/+J\xff('N\
\xff\x22$Q\xff\x1e U\xff\x1d\x1cX\xff\x1c\x19Y\
\xff\x1a\x18W\xff\x19\x1bY\xff\x18\x1cZ\xff\x18\x1d[\
\xff\x1c\x1f_\xff\x1f$e\xff'(k\xff-1l\
\xff1;l\xff6Fo\xff8Im\xff/Aa\
\xff$5U\xff -Q\xff (W\xff\x17$U\
\xff\x17$\x5c\xff\x13\x19]\xff\x09\x0bB\xffOL`\
\xff\xad\xa6\x9a\xff\xd4\xc9\xb7\xffY_i\xff\x11\x1f4\
\xff\x22.:\xff(5=\xff/;>\xff3=?\
\xff4AA\xff9FH\xff>IO\xffAIU\
\xffBL]\xff@Nb\xff?Nb\xff?Na\
\xff:IZ\xff8IW\xff<MU\xffJV[\
\xff[fh\xffnzs\xff|\x84u\xff\x80\x85r\
\xff}~p\xffspf\xffh_d\xffZQk\
\xffTOw\xffa]\x95\xffqn\xab\xff\x7fy\xb6\
\xff\x82v\xb5\xff|m\xad\xffs`\xa1\xff]M\x88\
\xffNEp\xffg`|\xff\x91\x87\xa4\xff\xa2\x95\xb7\
\xff\x9e\x94\xb6\xff\x98\x94\xb1\xff\x9d\x9b\xb5\xff\x9c\x94\xb4\
\xff\x8f\x85\xa9\xff\x8c\x81\xab\xff\x8d\x82\xaf\xff\x85z\xa8\
\xff~s\xa3\xff{n\xa3\xff{p\xa4\xff~s\xa5\
\xff{r\xa2\xffzq\xa0\xff|r\xa3\xffyr\xa1\
\xffyq\xa1\xffzq\xa4\xff}s\xa5\xff|q\xa3\
\xffzq\xa3\xff|s\xa5\xffzq\xa3\xffzq\xa3\
\xffzq\xa3\xff{q\xa3\xff{q\xa3\xff{r\xa4\
\xffzq\xa4\xffxo\xa2\xffxo\xa2\xffxo\xa2\
\xffxo\xa2\xffzq\xa4\xff{r\xa5\xffyq\xa5\
\xffto\xa2\xffso\xa2\xffwn\x9c\xff~p\xa0\
\xff\x8b\x82\xa7\xff}\x80\x84\xffegc\xffce\x5c\
\xffafc\xff\xb7\xb7\xad\xff\xf5\xea\xd9\xff\xeb\xe0\xd3\
\xff\xe7\xdc\xd2\xff\xed\xe0\xd1\xff\xed\xdf\xcf\xff\xe8\xde\xcf\
\xff\xe7\xde\xd1\xff\xe9\xde\xd0\xff\xe9\xde\xd0\xff\xe9\xde\xd0\
\xff\xe9\xde\xd0\xff\xe9\xde\xd0\xff\xe9\xde\xd0\xff\xe9\xde\xd0\
\xff\xed\xe2\xd4\xff\xea\xdd\xcf\xff\xdd\xcf\xc4\xff\xe5\xd7\xca\
\xff\xed\xe0\xd2\xff\xea\xdd\xcf\xff\xe8\xdb\xcd\xff\xe7\xda\xcc\
\xff\xe9\xdc\xce\xff\xe7\xda\xcc\xff\xe7\xda\xcc\xff\xe7\xda\xcc\
\xff\xe7\xda\xcc\xff\xe6\xd9\xcb\xff\xe5\xd8\xca\xff\xe6\xd7\xca\
\xff\xe7\xd7\xca\xff\xe7\xd6\xca\xff\xe5\xd5\xc8\xff\xa2\xa5\x9d\
\xff\x82\x80\x85\xff\x90\x8c\x96\xff\x94\x91\x95\xff\x97\x93\x9a\
\xff\x9d\x97\xa9\xff\x9b\x95\xa7\xff\x9b\x96\x9c\xff\xa5\xa1\xa6\
\xff\xa5\x9e\xaa\xff\xa5\x9d\xa8\xff\xa7\xa0\xab\xff\xa6\x9f\xa9\
\xff\xa7\xa2\xab\xff\xab\xa5\xae\xff\xa9\xa3\xac\xff\xab\xa4\xac\
\xff\xad\xa5\xab\xff\xae\xa4\xab\xff\xb4\xac\xb2\xff\xb2\xaa\xb1\
\xff\xb0\xa7\xb0\xff\xb4\xaa\xb4\xff\xb2\xa7\xb2\xff\xb5\xab\xb2\
\xff\xb6\xae\xb3\xff\xb0\xa8\xad\xff\xb3\xab\xb0\xff\xb7\xae\xb4\
\xff\xb7\xae\xb4\xff\xb5\xad\xb2\xff\xba\xb1\xb5\xff\xb8\xaf\xb1\
\xff\xbb\xb3\xb3\xff\xbd\xb3\xb4\xff\xb9\xb1\xaf\xff\xbd\xb6\xb4\
\xff\xc2\xbb\xb9\xff\xbb\xb3\xb3\xff\xbf\xb8\xb7\xff\xbd\xb5\xb5\
\xff\xbb\xb1\xb4\xff\xbb\xb1\xb4\xff\xbb\xb1\xb4\xff\xb9\xaf\xb2\
\xff\xba\xb0\xb3\xff\xb9\xaf\xb0\xff\xb9\xaf\xb3\xff\xb9\xb1\xb4\
\xff\xb2\xaa\xae\xff\xb0\xac\xb0\xff\xaf\xae\xb0\xff\xb1\xae\xb3\
\xff\xb0\xac\xb1\xff\xb6\xaf\xba\xff\xa6\x9b\xaf\xff\x83z\x92\
\xffe\x5c\x83\xffbW\x88\xffrj\x97\xff|u\xa2\
\xffrn\x97\xffpm\x92\xffqn\x91\xffb\x5c\x82\
\xffPHk\xff`X|\xff|s\x9c\xff~u\x9e\
\xff}r\x9c\xff|q\x9c\xffyp\x9b\xff\x7fu\x9f\
\xff\x81w\xa1\xffzo\x9d\xffti\x99\xffuk\x9a\
\xffxn\x9d\xff|s\xa0\xff\x82x\xa4\xff\x82x\xa6\
\xff}s\xa1\xff|o\x9e\xffwj\x99\xffnb\x90\
\xffcV\x83\xffbV\x80\xffcX\x80\xffj_\x87\
\xfful\x8e\xffqe\x80\xffsf{\xff~v\x84\
\xff\x8e\x8a\x8e\xff\x9c\x98\x93\xff\xb0\xab\xa4\xff\xc6\xc2\xb6\
\xff\xcf\xcc\xc1\xff\xcf\xd0\xc0\xff\xc9\xcc\xbc\xff\xba\xbc\xb5\
\xff\xb0\xb0\xb2\xff\x9d\x9c\xa7\xff\x88\x87\x9a\xffyx\x90\
\xffff\x82\xffMNo\xff76^\xff.*\x5c\
\xff& Y\xff\x22\x1bP\xff$\x1eJ\xff\x22\x22F\
\xff))J\xff,,O\xff+,N\xff+(R\
\xff)'S\xff%&V\xff\x22$Y\xff\x1f Y\
\xff\x1b\x1dZ\xff\x18\x1b\x5c\xff\x15\x1b^\xff\x12\x19[\
\xff\x10\x1c[\xff\x14#_\xff\x17&^\xff\x15$W\
\xff\x14!P\xff\x13 O\xff\x14\x1fR\xff\x12\x1fI\
\xff\x17&H\xff\x1d&O\xff\x17\x1c?\xffEFO\
\xff\x9e\x9a\x8d\xff\xca\xbf\xae\xfffoi\xff#89\
\xff2CC\xff<IL\xff<JK\xff?LQ\
\xffAQV\xffCU[\xffDV^\xffARZ\
\xff>OY\xff<OW\xff;KU\xffBQX\
\xffT`a\xffhrq\xffv~w\xff}\x85u\
\xff}\x85r\xffy\x7fo\xffmlj\xffaZj\
\xff\x5cRv\xff]R\x80\xff^Q\x8e\xffhb\xa2\
\xffun\xaf\xffwn\xab\xffnc\xa3\xffh]\x9f\
\xffb\x5c\x94\xffWS\x82\xffNKo\xffFD`\
\xffUTh\xff\x83\x82\x92\xff\xa4\x9d\xb8\xff\xa1\x96\xb9\
\xff\xa0\x94\xb7\xff\xa2\x98\xbc\xff\x8f\x86\xac\xff{o\xa1\
\xffxm\xa1\xff\x81x\xa8\xff\x80x\xa6\xffxo\xa2\
\xffwn\xa3\xffxr\xa5\xff{u\xa7\xff\x7fx\xa6\
\xff\x80x\xa7\xff\x7fw\xa5\xff|v\xa1\xff}t\xa3\
\xff{s\xa3\xffwp\xa1\xffxq\xa3\xff{s\xa6\
\xffzr\xa4\xffzp\xa3\xffzq\xa3\xffzq\xa3\
\xffzq\xa4\xffzq\xa4\xffzq\xa4\xff{r\xa5\
\xff{r\xa4\xffzq\xa4\xff{r\xa5\xffzq\xa4\
\xffxo\xa2\xffyp\xa2\xff{r\xa5\xff{q\xa5\
\xffwr\xa3\xffwq\xa0\xffyp\x9d\xff{n\xa1\
\xff\x80t\xa5\xffut~\xffab]\xff]`Z\
\xffpto\xff\xce\xcd\xc1\xff\xf9\xec\xdb\xff\xed\xe0\xd2\
\xff\xe9\xdf\xd5\xff\xeb\xdf\xd3\xff\xf0\xe2\xd1\xff\xea\xe1\xd1\
\xff\xe9\xdf\xd2\xff\xeb\xe0\xd2\xff\xeb\xe0\xd2\xff\xeb\xe0\xd2\
\xff\xeb\xe0\xd2\xff\xea\xdf\xd1\xff\xea\xdf\xd1\xff\xea\xdf\xd1\
\xff\xee\xe3\xd5\xff\xe7\xda\xcc\xff\xdc\xce\xc2\xff\xe6\xd9\xcc\
\xff\xee\xe1\xd3\xff\xeb\xde\xd0\xff\xe8\xdb\xcd\xff\xe9\xdc\xce\
\xff\xeb\xde\xd0\xff\xe8\xdb\xcd\xff\xe8\xdb\xcd\xff\xe7\xda\xcc\
\xff\xe7\xda\xcc\xff\xe6\xd9\xcb\xff\xe6\xd9\xcb\xff\xe6\xd8\xca\
\xff\xe6\xd8\xca\xff\xe5\xd8\xca\xff\xe6\xd6\xc9\xff\xe0\xd1\xc0\
\xff\xeb\xda\xc9\xff\xeb\xda\xc7\xff\xee\xda\xca\xff\xeb\xd7\xc7\
\xff\xe4\xd6\xc0\xff\xe6\xd9\xc1\xff\xe9\xdc\xc3\xff\xe5\xd8\xbe\
\xff\xe1\xd3\xbc\xff\xe4\xd6\xc1\xff\xe4\xd6\xc1\xff\xe3\xd6\xc0\
\xff\xe2\xd5\xc0\xff\xe2\xd5\xc0\xff\xe1\xd5\xc0\xff\xdf\xd7\xc0\
\xff\xe0\xd7\xbf\xff\xe0\xd7\xbe\xff\xde\xd6\xbc\xff\xde\xd6\xbc\
\xff\xe1\xd9\xbf\xff\xe5\xdb\xc1\xff\xe4\xd9\xc1\xff\xe0\xd7\xbf\
\xff\xe2\xd9\xc4\xff\xe6\xdc\xc9\xff\xe5\xdb\xc7\xff\xe4\xda\xc6\
\xff\xe6\xdb\xc7\xff\xe8\xdc\xc9\xff\xe9\xdf\xcb\xff\xe9\xde\xcb\
\xff\xec\xdb\xc9\xff\xf0\xdd\xcb\xff\xf0\xe1\xcc\xff\xeb\xde\xc9\
\xff\xed\xe0\xcb\xff\xed\xdf\xcc\xff\xf1\xe4\xd0\xff\xf0\xe2\xcf\
\xff\xf0\xe6\xd1\xff\xee\xe4\xd0\xff\xf1\xe7\xd3\xff\xee\xe5\xd2\
\xff\xef\xe7\xd3\xff\xf0\xe9\xd4\xff\xf4\xea\xd5\xff\xf3\xe9\xd3\
\xff\xf2\xea\xd2\xff\xf2\xe9\xd2\xff\xf2\xe9\xd4\xff\xf3\xe9\xd7\
\xff\xf4\xe9\xd7\xff\xf3\xeb\xd9\xff\xee\xe7\xd7\xff\xdd\xd9\xc7\
\xff\xc0\xbb\xb8\xff\x99\x90\xa3\xffvh\x8d\xffl^\x8c\
\xff\x7fv\x9f\xff\x94\x8e\xae\xff\x94\x90\xab\xff\x8c\x85\xa4\
\xff\x8f\x85\xa8\xff\x96\x8c\xad\xff\x8d\x82\xa7\xff\x89|\xa6\
\xff\x86{\xa4\xff\x84z\xa3\xff\x81x\xa0\xff\x82x\xa2\
\xff\x85|\xa6\xff\x88\x7f\xa8\xff\x83z\xa4\xff}u\x9f\
\xff}u\xa0\xff~w\xa1\xff~v\x9f\xff\x81y\xa3\
\xff\x86~\xa6\xff\x84|\xa9\xff\x86~\xac\xff\x89\x80\xaf\
\xff\x8b\x82\xb1\xff\x88~\xae\xff\x82x\xac\xff\x7fw\xa9\
\xff}s\xab\xffwi\xa7\xffm`\x99\xffe[\x8f\
\xffg]\x8c\xffg_\x80\xffng}\xffvm\x86\
\xff\x7fw\x87\xff\x91\x87\x8d\xff\xa9\x9f\x9f\xff\xb6\xae\xac\
\xff\xc4\xbf\xb8\xff\xd4\xd0\xc6\xff\xd1\xcd\xc4\xff\xca\xc7\xbd\
\xff\xc8\xc6\xbe\xff\xba\xba\xb3\xff\xa5\xa6\xa3\xff\x92\x92\x9f\
\xff\x7f~\x97\xfffg\x85\xffSTq\xffGJi\
\xff=>d\xff13Z\xff-7T\xff.6R\
\xff25S\xff/3T\xff,0R\xff+.R\
\xff*.S\xff(.T\xff&-U\xff$(V\
\xff $[\xff #^\xff\x1b\x1dV\xff\x18\x1eM\
\xff\x1b!L\xff\x1f(H\xff\x1f,E\xff&4D\
\xff(7=\xff+<D\xff)9>\xffGPN\
\xff\x90\x90\x85\xff\xc5\xba\xad\xffs{y\xff7IO\
\xffBT[\xffGYb\xffEXa\xffCVa\
\xff@Q_\xff>P[\xff?NY\xff?NY\
\xffKZ_\xff`ml\xffv\x81{\xff\x85\x8e\x81\
\xff\x85\x8ey\xff\x7f\x84k\xffoq[\xffba[\
\xffYWe\xffUPu\xffWO\x89\xff\x5cS\x98\
\xffg^\xa9\xffsj\xb1\xffri\xaf\xffc\x5c\xa3\
\xffZS\x95\xff^T\x92\xffkc\x95\xffso\x8c\
\xffts\x82\xfffih\xff^d^\xffgkl\
\xff\x7f\x82\x86\xff\x9a\x98\xab\xff\x9f\x97\xbe\xff\x9b\x8e\xbb\
\xff\x9e\x92\xb5\xff\xb0\xa3\xc1\xff\x9f\x91\xaf\xff\x85x\x9f\
\xfftk\x9a\xffmc\x95\xffh[\x92\xfffY\x93\
\xffgZ\x98\xffaU\x97\xffbS\x9a\xfffX\x9a\
\xffi\x5c\x99\xffna\x9e\xffsf\xa4\xffzn\xa8\
\xffyp\xa9\xffyq\xa8\xff|w\xaa\xff\x7fx\xab\
\xff~u\xa9\xff~t\xa9\xff}s\xa7\xff{r\xa5\
\xffzq\xa4\xffzq\xa3\xffzq\xa3\xffyp\xa3\
\xff{q\xa3\xff|s\xa4\xff}s\xa5\xff~s\xa5\
\xff|s\xa5\xff{r\xa4\xff{t\xa5\xff{t\xa6\
\xffzt\xa4\xff\x7fs\xa1\xff\x80r\xa1\xffym\xa2\
\xff\x82w\xab\xffyt\x8a\xff_b^\xffU\x5cY\
\xff\x86\x8b\x86\xff\xe3\xdf\xd0\xff\xf9\xec\xda\xff\xec\xe0\xd2\
\xff\xe9\xdf\xd5\xff\xec\xdf\xd5\xff\xf1\xe2\xd2\xff\xeb\xe1\xd2\
\xff\xe9\xe0\xd2\xff\xec\xe1\xd3\xff\xec\xe1\xd3\xff\xec\xe1\xd3\
\xff\xec\xe1\xd3\xff\xec\xe1\xd3\xff\xec\xe1\xd3\xff\xeb\xe0\xd2\
\xff\xee\xe2\xd4\xff\xdb\xcd\xc1\xff\xd1\xc3\xb7\xff\xe9\xdb\xce\
\xff\xee\xe1\xd3\xff\xeb\xde\xd0\xff\xea\xdd\xcf\xff\xec\xdf\xd1\
\xff\xeb\xde\xd0\xff\xea\xdd\xcf\xff\xe9\xdc\xce\xff\xe8\xdb\xcd\
\xff\xe8\xdb\xcd\xff\xe8\xdb\xcd\xff\xe8\xdb\xcd\xff\xe6\xda\xcc\
\xff\xe7\xda\xcc\xff\xe7\xda\xcc\xff\xe6\xd9\xcb\xff\xd8\xca\xbe\
\xff\xd6\xc8\xb9\xff\xd6\xc8\xb8\xff\xd7\xc8\xb8\xff\xd9\xc8\xbb\
\xff\xd8\xc8\xbd\xff\xd4\xc6\xb9\xff\xd2\xc6\xb9\xff\xd5\xc9\xba\
\xff\xd6\xc9\xba\xff\xd5\xc9\xbb\xff\xd6\xca\xbb\xff\xd8\xcb\xbd\
\xff\xd7\xca\xbc\xff\xd4\xc8\xba\xff\xd5\xc8\xb9\xff\xd7\xc9\xbb\
\xff\xd7\xc9\xbe\xff\xd8\xc9\xbe\xff\xd7\xca\xbc\xff\xd7\xca\xbc\
\xff\xd7\xca\xbb\xff\xd6\xcb\xbc\xff\xd8\xce\xbe\xff\xd6\xcb\xbd\
\xff\xd7\xcd\xbe\xff\xd9\xcf\xc0\xff\xd8\xce\xbf\xff\xd9\xcf\xc0\
\xff\xd7\xcd\xbf\xff\xd8\xcf\xc0\xff\xdb\xd0\xc2\xff\xda\xcf\xc2\
\xff\xd7\xcf\xc2\xff\xd8\xd0\xc3\xff\xdb\xd1\xc3\xff\xda\xd2\xc3\
\xff\xdc\xd5\xc6\xff\xda\xd5\xc4\xff\xd9\xd4\xc4\xff\xda\xd4\xc4\
\xff\xdd\xd4\xc8\xff\xde\xd4\xc9\xff\xdc\xd3\xc8\xff\xdf\xd6\xca\
\xff\xe0\xd7\xca\xff\xe0\xd8\xcb\xff\xe0\xd7\xcb\xff\xe2\xd9\xcd\
\xff\xe2\xdb\xcc\xff\xe2\xda\xcb\xff\xe4\xdb\xcf\xff\xe3\xda\xcf\
\xff\xe5\xdb\xd1\xff\xe2\xda\xcd\xff\xe4\xde\xcd\xff\xef\xea\xd5\
\xff\xf4\xf0\xd9\xff\xe9\xe7\xd1\xff\xcd\xc8\xc3\xff\xa2\x9a\xa7\
\xffzo\x91\xffm_\x8d\xffwi\x99\xff\x8c\x80\xac\
\xff\x92\x8a\xad\xff\x90\x88\xa9\xff\x8d\x83\xa7\xff\x8c\x80\xa7\
\xff\x8c\x80\xa7\xff\x88~\xa5\xff\x86{\xa3\xff\x87}\xa5\
\xff\x84{\xa4\xff\x80v\xa1\xff{q\x9b\xff\x7fv\x9f\
\xff\x85|\xa5\xff\x83y\xa3\xff\x7ft\xa3\xff\x80t\xa4\
\xff\x84z\xa4\xff\x84|\xa2\xff\x81y\xa1\xff|s\x9d\
\xffyq\x9b\xff\x82z\xa4\xff\x86}\xa9\xff\x85}\xa7\
\xff\x86|\xab\xff\x8a\x7f\xad\xff\x8e\x81\xb0\xff\x8b~\xaf\
\xff\x82w\xa9\xff|r\xa7\xff~s\xa8\xffuj\x9c\
\xffof\x93\xffm`\x8f\xffuh\x90\xff{s\x90\
\xffxq\x84\xff\x85\x80\x87\xff\x92\x8d\x8d\xff\xa3\x9c\x99\
\xff\xb4\xb0\xaa\xff\xc1\xbf\xb3\xff\xd0\xce\xc0\xff\xd1\xce\xc5\
\xff\xcb\xcb\xc1\xff\xc7\xca\xba\xff\xbc\xbf\xb4\xff\x96\x97\xa0\
\xffZZw\xff44a\xff-2`\xff28a\
\xff8:b\xff:;b\xff9;^\xff6:Z\
\xff19V\xff19T\xff29R\xff16P\
\xff24U\xff33U\xff),I\xff(/C\
\xff-6A\xff3=D\xff4>H\xff8AJ\
\xff<DM\xff:IS\xff5IR\xffANW\
\xff\x83\x83\x84\xff\xc4\xba\xae\xff\x82\x84\x82\xffAMZ\
\xffBQZ\xffAO]\xff?N[\xffDS]\
\xffKW_\xffUdf\xfflto\xff\x82\x84~\
\xff\x8d\x90\x81\xff\x87\x89u\xff\x7f\x81p\xffnnh\
\xffYV`\xffSMg\xffSKu\xffYQ\x8c\
\xffbX\x9c\xffk]\xa7\xffl`\xaf\xffoe\xb1\
\xffoh\xae\xffe\x5c\x9e\xff`Z\x91\xffws\x9b\
\xffzw\x95\xfftp\x87\xffpmy\xfftrn\
\xff\x88\x82\x80\xff\x80y{\xffsjs\xffmgv\
\xffts\x82\xff\x94\x8f\xa5\xff\xa4\x9d\xb7\xff\xb4\xaf\xc2\
\xff\xcb\xca\xca\xff\xe0\xdf\xd2\xff\xe7\xe3\xda\xff\xe1\xdc\xd8\
\xff\xd0\xd1\xcb\xff\xcb\xc9\xc7\xff\xc6\xc3\xc5\xff\xbc\xb8\xc0\
\xff\xb0\xab\xb8\xff\xa6\x9f\xb2\xff\x9d\x95\xad\xff\x8f\x8b\xa5\
\xff\x83\x81\x9f\xffyu\x98\xffqk\x94\xffje\x94\
\xffha\x95\xffc\x5c\x92\xffcW\x94\xfffY\x95\
\xffj_\x97\xffrh\x9d\xffvl\xa1\xffyn\xa5\
\xff|r\xa7\xff~t\xa8\xff~u\xa8\xff~s\xa7\
\xff\x7fs\xa7\xff\x80u\xa6\xff\x80u\xa4\xff\x7fr\xa4\
\xff|q\xa3\xff|r\xa3\xff}r\xa3\xff|s\xa6\
\xff|s\xa4\xff\x82r\xa2\xff\x80r\xa0\xff{q\xa5\
\xff~u\xa6\xff\x81z\x97\xffcfg\xffN[X\
\xff\x9e\xa2\xa1\xff\xf2\xec\xdb\xff\xf5\xe7\xd6\xff\xee\xe1\xd5\
\xff\xec\xe2\xd7\xff\xec\xe1\xd7\xff\xef\xe1\xd1\xff\xec\xe2\xd2\
\xff\xeb\xe2\xd5\xff\xec\xe1\xd3\xff\xec\xe1\xd3\xff\xec\xe1\xd3\
\xff\xec\xe1\xd3\xff\xec\xe1\xd3\xff\xec\xe1\xd3\xff\xec\xe1\xd3\
\xff\xed\xe1\xd5\xff\xd2\xc4\xb8\xff\xc9\xbb\xaf\xff\xed\xe0\xd2\
\xff\xee\xe1\xd3\xff\xec\xdf\xd1\xff\xec\xdf\xd1\xff\xec\xdf\xd1\
\xff\xeb\xde\xd0\xff\xeb\xde\xd0\xff\xea\xdd\xcf\xff\xe9\xdc\xce\
\xff\xe8\xdb\xcd\xff\xe8\xdb\xcd\xff\xe9\xdb\xcd\xff\xe8\xdb\xcc\
\xff\xe8\xdb\xcc\xff\xe7\xdb\xcb\xff\xe7\xd9\xc9\xff\xd8\xca\xbb\
\xff\xd6\xc8\xb8\xff\xd8\xca\xbc\xff\xd8\xc9\xba\xff\xd8\xc9\xb9\
\xff\xd8\xc8\xbb\xff\xd7\xc9\xbc\xff\xd6\xc9\xba\xff\xd6\xc9\xb9\
\xff\xd7\xca\xba\xff\xd6\xca\xba\xff\xd5\xc9\xba\xff\xd5\xca\xbb\
\xff\xd4\xca\xbc\xff\xd3\xca\xbd\xff\xd4\xca\xbc\xff\xd7\xca\xbc\
\xff\xd8\xca\xbe\xff\xd8\xcb\xbe\xff\xd9\xcc\xbe\xff\xda\xcd\xc0\
\xff\xda\xcd\xbf\xff\xd9\xcc\xbe\xff\xdc\xcf\xc1\xff\xdb\xce\xc1\
\xff\xd9\xcf\xc0\xff\xd9\xd0\xc1\xff\xd9\xcf\xc0\xff\xda\xd1\xc2\
\xff\xdc\xd2\xc3\xff\xdb\xd1\xc2\xff\xdb\xd2\xc3\xff\xdb\xd2\xc4\
\xff\xdc\xd3\xc5\xff\xde\xd4\xc6\xff\xde\xd4\xc6\xff\xde\xd4\xc6\
\xff\xdf\xd5\xc7\xff\xe0\xd6\xc7\xff\xe1\xd6\xc7\xff\xe1\xd7\xc8\
\xff\xe2\xd8\xc9\xff\xe3\xd9\xcb\xff\xe2\xd8\xca\xff\xe5\xda\xcc\
\xff\xe5\xda\xcc\xff\xe6\xdb\xcd\xff\xe5\xdc\xcd\xff\xe4\xdb\xcd\
\xff\xe3\xda\xcc\xff\xe4\xdd\xce\xff\xe6\xde\xcf\xff\xe5\xdd\xce\
\xff\xe5\xdd\xcd\xff\xe4\xdd\xcc\xff\xe4\xdc\xce\xff\xe3\xda\xcd\
\xff\xe3\xd9\xce\xff\xec\xe4\xd5\xff\xf4\xf2\xd8\xff\xf1\xf1\xd5\
\xff\xda\xd7\xcb\xff\xb6\xb1\xb7\xff\x92\x86\xa0\xffxi\x8d\
\xffvf\x92\xff\x83w\xa4\xff\x8f\x88\xab\xff\x91\x8b\xad\
\xff\x92\x8b\xaf\xff\x8b\x84\xa9\xff\x85\x7f\xa2\xff\x84~\xa1\
\xff\x7fv\x9f\xff{p\x9b\xffwm\x99\xff\x82w\xa4\
\xff\x89~\xaa\xff\x86{\xa7\xff\x86|\xa6\xff\x84{\xa4\
\xff\x82z\xa1\xff\x82x\xa1\xff\x84z\xa4\xff\x85{\xa5\
\xff\x7fv\xa0\xff~t\x9f\xff|s\x9e\xff\x81x\xa4\
\xff\x86{\xaa\xff\x82x\xa3\xff\x83y\xa3\xff\x86|\xa7\
\xff\x86}\xa8\xff\x84z\xa9\xff\x86{\xac\xff\x89\x80\xaf\
\xff\x8b\x80\xb2\xff\x87z\xaf\xff\x84u\xa7\xff\x83w\xa5\
\xff\x80t\xa2\xffzo\x94\xffqe\x85\xffse\x86\
\xff~q\x94\xff|s\x8a\xff\x86\x80\x88\xff\x97\x92\x94\
\xff\x9e\x9a\x98\xff\xb7\xb5\xb0\xff\xbd\xbc\xb8\xff\x95\x94\x9b\
\xffoj\x80\xffa[}\xffLGr\xffB>k\
\xff73a\xff1/\x5c\xff47_\xff6<^\
\xff5@\x5c\xff5AY\xff9AX\xff;CT\
\xff;CT\xff8DQ\xff3>J\xff09E\
\xff4?I\xff<GQ\xff?FU\xffAFU\
\xffEJX\xffANZ\xff;PX\xff;KR\
\xffuxy\xff\xbf\xb9\xb0\xff\x87\x88\x88\xff=JQ\
\xffFSU\xffXce\xffkrm\xff\x82\x85x\
\xff\x8d\x8e\x7f\xff\x8a\x8dy\xff}\x7fk\xffnsd\
\xff[_W\xffNNU\xffZUl\xff_V\x7f\
\xff_S\x91\xffh[\xa3\xffna\xaf\xffpe\xb2\
\xffog\xab\xffpe\xa9\xffl_\xa7\xffl]\xa6\
\xffo`\xa2\xffj`\x93\xffda\x80\xff}{\x80\
\xff\x91\x8e\x8b\xffwrq\xff`[d\xfffbm\
\xff\x82\x82\x83\xff{y|\xfftmy\xffljw\
\xff\x85\x84\x8c\xff\xc8\xc3\xc3\xff\xe4\xda\xdb\xff\xef\xea\xe3\
\xff\xf5\xf4\xe2\xff\xf6\xf3\xdd\xff\xf9\xf5\xe2\xff\xfb\xf5\xe4\
\xff\xfc\xf8\xe3\xff\xfd\xfa\xe4\xff\xff\xfc\xe6\xff\xff\xfb\xe8\
\xff\xfd\xf7\xe6\xff\xfc\xf6\xe4\xff\xf8\xf3\xe1\xff\xed\xed\xde\
\xff\xe5\xe7\xdc\xff\xdd\xde\xd7\xff\xd4\xd3\xd1\xff\xcf\xca\xd0\
\xff\xc7\xc0\xca\xff\xbd\xb5\xc0\xff\xac\xa4\xb3\xff\x97\x92\xa7\
\xff\x85\x81\xa0\xffzu\x98\xffrl\x94\xffib\x8f\
\xffaX\x8a\xffaW\x8f\xffcZ\x95\xffgZ\x98\
\xffl_\x97\xffoe\x9b\xffwk\xa0\xffzp\xa4\
\xff|s\xa7\xff|v\xa8\xff~v\xa9\xff{v\xa7\
\xff}w\xa4\xff\x82v\xa8\xff\x81t\xa7\xff~v\xa3\
\xffzs\x9f\xff\x83w\xa5\xffji|\xffU_\x5c\
\xff\xbc\xbb\xaf\xff\xf7\xf0\xdc\xff\xf0\xe6\xd5\xff\xee\xe2\xd5\
\xff\xed\xe2\xd7\xff\xee\xe1\xd8\xff\xed\xe1\xd4\xff\xee\xe4\xd3\
\xff\xee\xe4\xd6\xff\xed\xe2\xd4\xff\xed\xe2\xd4\xff\xed\xe2\xd4\
\xff\xed\xe2\xd4\xff\xec\xe1\xd3\xff\xed\xe1\xd3\xff\xed\xe1\xd4\
\xff\xed\xe1\xd4\xff\xd8\xca\xbd\xff\xd1\xc4\xb6\xff\xec\xe0\xd1\
\xff\xee\xe1\xd4\xff\xed\xe0\xd2\xff\xee\xe1\xd3\xff\xec\xdf\xd1\
\xff\xec\xdf\xd1\xff\xeb\xde\xd0\xff\xeb\xde\xd0\xff\xea\xdd\xcf\
\xff\xe9\xdc\xce\xff\xe9\xdc\xce\xff\xea\xdb\xce\xff\xea\xda\xcc\
\xff\xea\xdb\xcd\xff\xe9\xda\xcc\xff\xe9\xda\xcc\xff\xd9\xc9\xbc\
\xff\xda\xc9\xbd\xff\xda\xca\xbd\xff\xd9\xc9\xbd\xff\xd9\xc9\xbd\
\xff\xd9\xc9\xbc\xff\xd9\xca\xbb\xff\xda\xca\xbc\xff\xdb\xcb\xbd\
\xff\xd9\xcb\xbc\xff\xd8\xcb\xba\xff\xd8\xcb\xba\xff\xd7\xca\xbb\
\xff\xd5\xcb\xbd\xff\xd4\xcc\xbe\xff\xd7\xcc\xbe\xff\xd9\xcc\xbf\
\xff\xd9\xcc\xbd\xff\xda\xcd\xbf\xff\xda\xcd\xbf\xff\xdb\xce\xc0\
\xff\xdc\xcf\xc0\xff\xdc\xcf\xc1\xff\xdd\xd0\xc2\xff\xdc\xd0\xc2\
\xff\xdb\xd0\xc2\xff\xdc\xd1\xc3\xff\xdd\xd1\xc4\xff\xdc\xd1\xc3\
\xff\xde\xd2\xc5\xff\xde\xd2\xc5\xff\xde\xd3\xc5\xff\xde\xd3\xc5\
\xff\xdf\xd4\xc6\xff\xdf\xd4\xc6\xff\xe1\xd5\xc7\xff\xe1\xd6\xc8\
\xff\xe0\xd5\xc7\xff\xe1\xd6\xc8\xff\xe2\xd7\xc9\xff\xe3\xd8\xca\
\xff\xe3\xd8\xca\xff\xe3\xd8\xca\xff\xe5\xda\xcc\xff\xe5\xda\xcc\
\xff\xe7\xdc\xce\xff\xe6\xdb\xcd\xff\xe6\xdc\xce\xff\xe5\xdc\xce\
\xff\xe5\xdc\xce\xff\xe6\xdd\xcf\xff\xe6\xdd\xcf\xff\xe6\xdd\xcf\
\xff\xe6\xdd\xce\xff\xe5\xdd\xcd\xff\xe6\xdd\xd0\xff\xe6\xde\xd0\
\xff\xe7\xdd\xd2\xff\xe4\xd9\xd3\xff\xe4\xda\xcf\xff\xec\xe2\xd3\
\xff\xf3\xed\xd9\xff\xf5\xf0\xe1\xff\xe5\xe4\xd9\xff\xd0\xcf\xc8\
\xff\xab\xa6\xab\xff\x80w\x8d\xffqd\x8b\xff\x85x\xa2\
\xff\x90\x86\xac\xff\x89\x7f\xaa\xff\x86}\xa9\xff\x7fv\x9f\
\xff\x80w\xa0\xff\x84z\xa4\xff\x84{\xa4\xff\x84|\xa3\
\xff\x86}\xa4\xff\x89\x7f\xa8\xff\x88\x7f\xa6\xff\x86\x7f\xa3\
\xff\x87\x7f\xa4\xff\x83y\xa4\xff\x83y\xa3\xff\x86|\xa6\
\xff\x85}\xa6\xff\x81z\xa3\xff\x7fw\xa2\xff\x81x\xa3\
\xff\x80w\xa2\xff\x83y\xa4\xff\x88~\xa9\xff\x86|\xa7\
\xff\x86{\xa8\xff\x89|\xad\xff\x84x\xa7\xff\x7ft\xa2\
\xff\x82w\xa5\xff\x89~\xaa\xff\x8e\x80\xac\xff\x8d\x80\xac\
\xff\x8c\x81\xad\xff\x93\x85\xb5\xff\x8b{\xb0\xffwj\x9f\
\xff|l\xa6\xff\x82u\xa3\xff\x81q\x9d\xff\x7fp\x99\
\xffob\x87\xffme\x87\xfftp\x87\xffwu\x82\
\xff\x81\x81\x87\xff\x82\x85\x8a\xff\x90\x93\x99\xff\x8f\x8f\x9a\
\xff\x83\x84\x94\xffhk\x7f\xffTVr\xffJLi\
\xff?Aa\xff6;[\xff8;Y\xff9=Y\
\xff:@V\xff@HY\xffCLZ\xff:CN\
\xff4?G\xff9GN\xff=IX\xffAG_\
\xffFI]\xffDKY\xff?JZ\xff5>O\
\xffXZ`\xff\xb2\xad\xa7\xff\xa2\xa3\x9e\xffr{r\
\xff\x80\x85z\xff\x87\x8f~\xff\x7f\x87v\xffqzk\
\xfffhe\xff_\x5cb\xff`[s\xffia\x87\
\xffi_\x8f\xffn_\x9d\xffuh\xab\xffsh\xae\
\xffqg\xae\xffqi\xaa\xffne\xa6\xffmc\xa4\
\xffla\xa5\xffl`\xa6\xfflb\x9e\xffkb\x97\
\xffnf\x96\xffuj\x9f\xffla\x8d\xffhdi\
\xff\x80\x82w\xffkio\xffYTd\xffnkv\
\xff\x86\x87\x85\xffzzx\xffvr}\xffnmx\
\xff\xa8\xa8\xa8\xff\xf5\xf3\xe5\xff\xff\xf6\xeb\xff\xf4\xed\xe0\
\xff\xf2\xea\xdd\xff\xf4\xeb\xde\xff\xf1\xe7\xdd\xff\xf2\xe6\xde\
\xff\xf1\xe8\xdc\xff\xf1\xe7\xdc\xff\xf0\xe7\xdc\xff\xf1\xea\xdc\
\xff\xf4\xed\xdd\xff\xf6\xef\xdf\xff\xf6\xf0\xdf\xff\xf6\xf1\xe2\
\xff\xf9\xf3\xe4\xff\xf9\xf3\xe4\xff\xfb\xf5\xe7\xff\xfe\xf7\xe9\
\xff\xff\xf9\xe9\xff\xff\xf9\xea\xff\xfc\xf5\xe7\xff\xf2\xef\xe1\
\xff\xe5\xe5\xda\xff\xdd\xdd\xd4\xff\xd8\xd6\xd3\xff\xd0\xcd\xd0\
\xff\xbf\xbb\xc3\xff\xad\xa9\xb6\xff\x9d\x9c\xab\xff\x8d\x88\xa0\
\xff~u\x98\xffph\x8d\xffh]\x87\xffdY\x89\
\xffaV\x8b\xff^T\x8c\xffbX\x92\xffj`\x94\
\xffrh\x97\xffxk\xa1\xff}p\xa7\xff\x81x\xa5\
\xff\x80y\xa3\xff\x85y\xac\xffvm\x95\xffnqw\
\xff\xd6\xd2\xc2\xff\xfa\xf3\xde\xff\xeb\xe4\xd4\xff\xed\xe3\xd5\
\xff\xf0\xe3\xd6\xff\xf0\xe3\xd7\xff\xee\xe2\xd7\xff\xec\xe1\xd3\
\xff\xee\xe3\xd4\xff\xee\xe3\xd5\xff\xee\xe3\xd5\xff\xee\xe3\xd5\
\xff\xed\xe2\xd4\xff\xed\xe1\xd3\xff\xee\xe2\xd4\xff\xef\xe2\xd4\
\xff\xef\xe3\xd4\xff\xeb\xde\xd0\xff\xe7\xda\xcc\xff\xed\xe0\xd2\
\xff\xed\xe0\xd2\xff\xed\xe0\xd2\xff\xed\xe0\xd2\xff\xec\xdf\xd1\
\xff\xec\xdf\xd1\xff\xec\xdf\xd1\xff\xeb\xde\xd0\xff\xeb\xde\xd0\
\xff\xeb\xde\xd0\xff\xea\xdd\xcf\xff\xeb\xdc\xcf\xff\xeb\xdb\xce\
\xff\xeb\xdb\xce\xff\xea\xda\xce\xff\xea\xda\xcd\xff\xda\xcb\xbb\
\xff\xda\xcb\xbd\xff\xda\xcb\xbc\xff\xda\xcb\xbb\xff\xda\xca\xbc\
\xff\xd9\xca\xbc\xff\xd9\xc9\xbb\xff\xda\xca\xbc\xff\xdb\xcb\xbd\
\xff\xda\xcb\xbd\xff\xd8\xcc\xbc\xff\xd9\xcc\xbc\xff\xda\xcb\xbc\
\xff\xd8\xcc\xbf\xff\xd7\xcd\xbf\xff\xda\xcd\xbf\xff\xda\xcd\xbf\
\xff\xda\xcd\xbe\xff\xda\xcd\xc0\xff\xdb\xce\xc0\xff\xdc\xcf\xc1\
\xff\xdd\xd0\xc2\xff\xdd\xd0\xc2\xff\xdd\xd0\xc2\xff\xde\xd1\xc3\
\xff\xdd\xd2\xc4\xff\xdd\xd2\xc4\xff\xde\xd3\xc5\xff\xdd\xd2\xc4\
\xff\xde\xd3\xc5\xff\xde\xd3\xc5\xff\xdf\xd4\xc6\xff\xdf\xd4\xc6\
\xff\xe0\xd5\xc7\xff\xe0\xd5\xc7\xff\xe1\xd6\xc8\xff\xe2\xd7\xc9\
\xff\xe1\xd6\xc8\xff\xe2\xd7\xc9\xff\xe2\xd8\xca\xff\xe4\xd9\xcb\
\xff\xe4\xd9\xcb\xff\xe5\xda\xcc\xff\xe6\xdb\xcd\xff\xe6\xdb\xcd\
\xff\xe7\xdc\xce\xff\xe7\xdc\xce\xff\xe7\xdc\xce\xff\xe6\xdc\xce\
\xff\xe6\xdd\xcf\xff\xe6\xdd\xcf\xff\xe6\xdd\xcf\xff\xe6\xdd\xcf\
\xff\xe7\xde\xd0\xff\xe6\xdd\xd0\xff\xe7\xde\xd0\xff\xe7\xde\xd1\
\xff\xe8\xdf\xd3\xff\xe7\xdd\xd2\xff\xe8\xdf\xd4\xff\xe7\xdd\xd3\
\xff\xe5\xdc\xd1\xff\xe6\xde\xd0\xff\xed\xea\xd5\xff\xf3\xf1\xd9\
\xff\xef\xef\xd9\xff\xde\xdd\xce\xff\xbb\xb6\xb4\xff\x95\x87\xa0\
\xffp^\x89\xffj[\x8a\xff\x86}\xa4\xff\x8f\x8a\xaa\
\xff\x93\x8c\xae\xff\x90\x89\xac\xff\x8b\x83\xa7\xff\x87\x7f\xa5\
\xff\x88~\xa7\xff\x87}\xa7\xff\x85|\xa5\xff\x87~\xa6\
\xff\x8a\x81\xa9\xff\x89\x80\xa6\xff\x86}\xa5\xff\x85{\xa5\
\xff\x86|\xa7\xff\x86}\xa7\xff\x85}\xa6\xff\x82z\xa4\
\xff~u\x9f\xff\x81x\xa2\xff\x86|\xa8\xff\x89\x7f\xaa\
\xff\x87}\xa9\xff\x86{\xa9\xff\x86z\xa9\xff\x84z\xa7\
\xff\x82w\xa4\xff\x81v\xa1\xff\x86y\xa4\xff\x88{\xa7\
\xff\x86y\xa7\xff\x8a}\xa9\xff\x91\x84\xb2\xff\x8e\x81\xb0\
\xff|n\xa0\xff}m\xa0\xff\x8e\x7f\xad\xff\x94\x85\xb5\
\xff\x8d\x7f\xaf\xff\x85x\xa8\xff\x82w\xa2\xff\x86|\xa1\
\xff\x81v\x9b\xffsk\x8a\xfftp\x84\xffrp|\
\xff\x85\x8a\x89\xff\x99\xa1\x99\xff\x8f\x95\x8d\xff\x94\x97\x95\
\xff\x88\x88\x8f\xffzz\x88\xfffgw\xffXYl\
\xffKM`\xffEFV\xff>@R\xff@DU\
\xff>BR\xff7AL\xff8FO\xff@MV\
\xffFMS\xffOTX\xffYbd\xffhql\
\xfftwn\xff\x9e\x97\x8c\xff\x9e\x98\x8d\xff\x80\x82s\
\xffutj\xffbcc\xffYWh\xff_[|\
\xfflj\x91\xffzx\xa7\xff\x83|\xb1\xff\x80v\xb2\
\xff~q\xb3\xff|m\xb4\xffse\xad\xffl^\xa9\
\xffk^\xa9\xffnb\xaa\xffoc\xa6\xffpd\xa4\
\xffod\xa0\xffng\x9a\xffnh\x96\xffok\x98\
\xffje\x97\xff^R\x95\xff^L\x8e\xfflf{\
\xff\x80\x83{\xffplt\xff[Vc\xff{z{\
\xff\x89\x88\x89\xffxxx\xffwt\x7f\xffsq{\
\xff\xc1\xbe\xbc\xff\xf9\xf5\xea\xff\xf6\xed\xe3\xff\xef\xe6\xdc\
\xff\xf3\xec\xdd\xff\xf5\xed\xdf\xff\xf4\xeb\xe2\xff\xf4\xea\xe0\
\xff\xf3\xec\xde\xff\xf3\xeb\xde\xff\xf3\xea\xdd\xff\xf2\xeb\xdc\
\xff\xf0\xea\xd9\xff\xf0\xe9\xda\xff\xf1\xea\xd9\xff\xf1\xe9\xda\
\xff\xee\xe7\xdb\xff\xed\xe7\xda\xff\xf0\xea\xdc\xff\xf1\xea\xdc\
\xff\xf1\xe8\xdc\xff\xf2\xe8\xe0\xff\xf4\xeb\xe1\xff\xf7\xf0\xe2\
\xff\xfa\xf3\xe1\xff\xfa\xf4\xe0\xff\xfc\xf6\xe3\xff\xff\xf8\xe8\
\xff\xff\xf8\xe9\xff\xfb\xf6\xe8\xff\xf5\xf3\xe3\xff\xee\xeb\xde\
\xff\xe5\xe4\xd8\xff\xdc\xdb\xd3\xff\xd5\xd1\xcc\xff\xcc\xc8\xc6\
\xff\xbc\xb8\xbd\xff\xa6\xa1\xae\xff\x93\x8f\xa2\xff\x8b\x84\x9b\
\xff\x7fw\x96\xfftj\x92\xffme\x8a\xffkd\x88\
\xfflb\x8c\xffi]\x8f\xff_T\x84\xff\x81\x7f\x95\
\xff\xe2\xe0\xd6\xff\xfb\xf4\xe2\xff\xec\xe4\xd5\xff\xf0\xe4\xd8\
\xff\xf1\xe4\xd8\xff\xef\xe4\xd7\xff\xf0\xe4\xd8\xff\xee\xe3\xd6\
\xff\xee\xe3\xd5\xff\xef\xe4\xd6\xff\xef\xe4\xd6\xff\xef\xe4\xd6\
\xff\xee\xe3\xd5\xff\xef\xe3\xd5\xff\xf0\xe2\xd4\xff\xef\xe2\xd4\
\xff\xef\xe2\xd4\xff\xf3\xe6\xd8\xff\xf3\xe6\xd8\xff\xef\xe2\xd4\
\xff\xee\xe1\xd3\xff\xee\xe1\xd3\xff\xee\xe1\xd3\xff\xed\xe0\xd2\
\xff\xec\xdf\xd1\xff\xed\xe0\xd2\xff\xed\xe0\xd2\xff\xed\xe0\xd2\
\xff\xeb\xde\xd0\xff\xeb\xde\xd0\xff\xec\xdd\xd0\xff\xec\xdc\xcf\
\xff\xec\xdc\xcf\xff\xeb\xdb\xce\xff\xea\xda\xcd\xff\xda\xcb\xbb\
\xff\xdb\xcc\xbc\xff\xdb\xcc\xbc\xff\xda\xcb\xbb\xff\xda\xcb\xbb\
\xff\xda\xcb\xbb\xff\xd9\xca\xba\xff\xda\xcb\xbb\xff\xdb\xcc\xbc\
\xff\xdb\xcc\xbc\xff\xda\xcd\xbd\xff\xd9\xcd\xbc\xff\xda\xcd\xbe\
\xff\xdb\xce\xc0\xff\xdb\xce\xc0\xff\xdb\xce\xc0\xff\xdb\xce\xc0\
\xff\xdc\xcf\xc1\xff\xdc\xcf\xc1\xff\xdc\xcf\xc1\xff\xdc\xcf\xc1\
\xff\xde\xd1\xc3\xff\xde\xd1\xc3\xff\xde\xd1\xc3\xff\xdf\xd2\xc4\
\xff\xde\xd2\xc4\xff\xde\xd3\xc5\xff\xdf\xd4\xc6\xff\xdf\xd4\xc6\
\xff\xe0\xd5\xc7\xff\xe1\xd6\xc8\xff\xe0\xd5\xc7\xff\xe0\xd5\xc7\
\xff\xe0\xd5\xc7\xff\xe1\xd6\xc8\xff\xe3\xd8\xca\xff\xe3\xd8\xca\
\xff\xe3\xd8\xca\xff\xe3\xd8\xca\xff\xe4\xd9\xcb\xff\xe5\xda\xcc\
\xff\xe6\xdb\xcd\xff\xe7\xdc\xce\xff\xe7\xdc\xce\xff\xe7\xdc\xce\
\xff\xe8\xdd\xcf\xff\xe7\xdc\xce\xff\xe7\xdc\xce\xff\xe7\xdc\xce\
\xff\xe6\xdd\xcf\xff\xe6\xdd\xcf\xff\xe6\xdd\xcf\xff\xe7\xde\xd0\
\xff\xe7\xde\xd0\xff\xe7\xde\xd0\xff\xe7\xde\xd0\xff\xe8\xdf\xd0\
\xff\xe8\xdf\xd0\xff\xe9\xe0\xd2\xff\xe9\xe1\xd0\xff\xe8\xe1\xcd\
\xff\xec\xe4\xd2\xff\xeb\xe3\xd2\xff\xe7\xdc\xd0\xff\xe8\xdd\xd4\
\xff\xf0\xe4\xdd\xff\xf2\xe9\xe1\xff\xf7\xf0\xe6\xff\xdd\xd8\xd1\
\xff\xa3\x9e\x9d\xff\x82y\x89\xff}r\x92\xff~r\x97\
\xff\x8a\x80\xa2\xff\x93\x8c\xae\xff\x94\x8b\xb5\xff\x92\x88\xb3\
\xff\x8c\x83\xad\xff\x88\x80\xa6\xff\x89\x82\xa7\xff\x88\x82\xa5\
\xff\x85\x7f\xa0\xff\x89\x81\xa5\xff\x8a\x81\xa8\xff\x89\x7f\xa9\
\xff\x88~\xa7\xff\x86~\xa7\xff\x85~\xa7\xff\x85}\xa6\
\xff\x83{\xa4\xff\x81x\xa2\xff\x7fu\xa0\xff\x83y\xa4\
\xff\x89\x7f\xaa\xff\x8a\x80\xab\xff\x86|\xa7\xff\x88~\xa9\
\xff\x86|\xa7\xff\x84x\xa4\xff\x82u\xa1\xff\x86y\xa5\
\xff\x8c\x7f\xac\xff\x89|\xa9\xff\x8a|\xa9\xff\x90\x81\xae\
\xff\x8f\x81\xb0\xff~p\xa0\xffqa\x97\xff\x82u\xa3\
\xff\x96\x8b\xb3\xff\x96\x8b\xb3\xff\x91\x85\xaf\xff\x90\x84\xb0\
\xff\x90\x80\xb6\xff\x91\x80\xb7\xff\x89~\xae\xffoc\x92\
\xff`S~\xff|s\x94\xff\x81z\x8e\xff\x81~\x88\
\xffzx{\xff\x90\x8f\x8a\xff\x8c\x90\x83\xff\x97\x9d\x8f\
\xff\x8f\x95\x8c\xff\x86\x8a\x8b\xff{~\x81\xffxx\x83\
\xffrt\x81\xffehx\xff`hn\xffmyq\
\xffy\x7fx\xff~\x82\x7f\xff\x84\x8b\x83\xffw\x84m\
\xffntf\xffd]b\xffZSe\xffb\x5c|\
\xffqj\x8e\xff{s\x99\xff\x8a\x80\xac\xff\x97\x8c\xbe\
\xff\x96\x89\xbf\xff\x87|\xb5\xff~s\xac\xffsm\xa4\
\xffog\xa3\xffnd\xa2\xffnd\xa4\xffqg\xa8\
\xffvl\xac\xffnd\xa5\xffg`\x99\xffog\x96\
\xffpi\x93\xffpj\x93\xffke\x97\xffbW\x96\
\xffWI\x93\xffSD\x94\xffZI\x93\xffkc\x86\
\xfftwt\xffebm\xffa]h\xff\x81\x81\x81\
\xff\x82\x81\x83\xff{z}\xffvu~\xffzz\x7f\
\xff\xd5\xd2\xcd\xff\xfc\xf5\xe9\xff\xf6\xeb\xe1\xff\xf5\xea\xe3\
\xff\xf4\xed\xdf\xff\xf3\xed\xde\xff\xf4\xea\xe1\xff\xf4\xea\xe2\
\xff\xf3\xeb\xdf\xff\xf4\xed\xdf\xff\xf5\xec\xe1\xff\xf5\xed\xe0\
\xff\xf5\xed\xe0\xff\xf5\xed\xe0\xff\xf6\xef\xe0\xff\xf4\xec\xe0\
\xff\xf4\xeb\xdf\xff\xf5\xec\xdf\xff\xf4\xec\xdf\xff\xf3\xeb\xdd\
\xff\xf3\xeb\xdd\xff\xf4\xeb\xe0\xff\xf3\xe9\xdf\xff\xf0\xe6\xdb\
\xff\xee\xe5\xd9\xff\xf2\xe9\xdb\xff\xf2\xea\xd8\xff\xf2\xe9\xd9\
\xff\xf2\xeb\xdb\xff\xf2\xef\xdc\xff\xf5\xf1\xdf\xff\xf6\xf2\xe1\
\xff\xf8\xf1\xe4\xff\xfb\xf5\xe7\xff\xfc\xf6\xe7\xff\xfb\xf6\xe6\
\xff\xfa\xf6\xe8\xff\xf7\xf4\xe7\xff\xf1\xf1\xe0\xff\xec\xe9\xda\
\xff\xe5\xe4\xd8\xff\xdd\xdc\xd6\xff\xd4\xd3\xcd\xff\xc6\xc6\xbe\
\xff\xb9\xb8\xb9\xff\xa9\xa5\xb5\xff\x91\x8e\x9c\xff\xab\xaa\xae\
\xff\xe9\xe7\xd8\xff\xf6\xee\xdd\xff\xee\xe5\xd7\xff\xf2\xe8\xdb\
\xff\xf2\xe5\xda\xff\xf0\xe4\xd8\xff\xf1\xe5\xd9\xff\xf1\xe5\xd8\
\xff\xf0\xe5\xd7\xff\xf0\xe5\xd7\xff\xef\xe4\xd6\xff\xef\xe4\xd6\
\xff\xef\xe4\xd6\xff\xef\xe3\xd5\xff\xf0\xe3\xd5\xff\xf0\xe3\xd5\
\xff\xef\xe2\xd4\xff\xef\xe2\xd4\xff\xf0\xe3\xd5\xff\xf0\xe3\xd5\
\xff\xf1\xe4\xd6\xff\xee\xe1\xd3\xff\xef\xe2\xd4\xff\xf0\xe3\xd5\
\xff\xec\xdf\xd1\xff\xed\xe0\xd2\xff\xed\xe0\xd2\xff\xed\xe0\xd2\
\xff\xec\xdf\xd1\xff\xed\xdf\xd1\xff\xee\xde\xd1\xff\xed\xdd\xd0\
\xff\xed\xdd\xd0\xff\xec\xdc\xcf\xff\xeb\xdc\xcd\xff\xda\xcb\xbb\
\xff\xdb\xcc\xbc\xff\xdb\xcc\xbc\xff\xdb\xcc\xbc\xff\xda\xcb\xbb\
\xff\xda\xcb\xbb\xff\xdb\xcc\xbc\xff\xdb\xcc\xbc\xff\xdb\xcc\xbd\
\xff\xdd\xcd\xbd\xff\xdd\xce\xbe\xff\xdb\xce\xbe\xff\xdb\xce\xbf\
\xff\xdb\xce\xc0\xff\xdb\xce\xc0\xff\xdc\xcf\xc1\xff\xdc\xd0\xc1\
\xff\xdc\xcf\xc1\xff\xdd\xd0\xc2\xff\xdd\xd0\xc2\xff\xde\xd1\xc3\
\xff\xdf\xd2\xc4\xff\xe0\xd3\xc5\xff\xdf\xd2\xc4\xff\xdf\xd2\xc4\
\xff\xe0\xd4\xc6\xff\xdf\xd4\xc6\xff\xdf\xd4\xc6\xff\xdf\xd4\xc6\
\xff\xe0\xd5\xc7\xff\xe1\xd6\xc8\xff\xe1\xd6\xc8\xff\xe1\xd6\xc8\
\xff\xe1\xd6\xc8\xff\xe3\xd8\xca\xff\xe3\xd8\xca\xff\xe4\xd9\xcb\
\xff\xe4\xd9\xcb\xff\xe5\xda\xcc\xff\xe5\xda\xcc\xff\xe6\xdb\xcd\
\xff\xe7\xdc\xce\xff\xe8\xdd\xcf\xff\xe8\xdd\xcf\xff\xe8\xdd\xcf\
\xff\xe8\xdd\xcf\xff\xe8\xdd\xcf\xff\xe8\xdd\xcf\xff\xe8\xdd\xcf\
\xff\xe6\xdd\xcf\xff\xe6\xdd\xcf\xff\xe7\xde\xd0\xff\xe7\xde\xd0\
\xff\xe7\xde\xd0\xff\xe7\xde\xd0\xff\xe8\xdf\xd1\xff\xe8\xdf\xd1\
\xff\xe9\xe0\xd3\xff\xe9\xe0\xd4\xff\xea\xe0\xd4\xff\xea\xe2\xd2\
\xff\xeb\xe2\xd3\xff\xec\xe1\xd3\xff\xed\xe1\xd5\xff\xed\xe1\xd6\
\xff\xeb\xdf\xd6\xff\xe7\xdb\xd3\xff\xf4\xeb\xde\xff\xe3\xdd\xcb\
\xff\xc4\xc0\xac\xff\xde\xda\xcd\xff\xdc\xd6\xd6\xff\xa7\x9d\xac\
\xff~o\x91\xffyl\x94\xff\x87}\x9e\xff\x93\x8a\xaa\
\xff\x98\x8e\xb3\xff\x91\x89\xae\xff\x8c\x85\xaa\xff\x89\x80\xa9\
\xff\x87~\xa9\xff\x89\x82\xa6\xff\x8b\x83\xa7\xff\x8c\x84\xa9\
\xff\x8b\x82\xa8\xff\x89\x80\xa8\xff\x87~\xa7\xff\x86~\xa7\
\xff\x89\x80\xa9\xff\x89\x7f\xa9\xff\x85{\xa6\xff\x80v\xa0\
\xff\x81w\xa2\xff\x88~\xa9\xff\x8a\x80\xaa\xff\x87}\xa8\
\xff\x86|\xa7\xff\x88}\xa8\xff\x89|\xa8\xff\x84w\xa3\
\xff\x85x\xa3\xff\x8b~\xaa\xff\x8c\x7f\xab\xff\x8a}\xaa\
\xff\x8d\x80\xae\xff\x91\x84\xb4\xff\x83w\xa6\xffpe\x92\
\xffyn\x9a\xff\x8f\x83\xb0\xff\x92\x85\xb1\xff\x8b\x7f\xaa\
\xff\x8d\x81\xac\xff\x91\x87\xb1\xff\x94\x8a\xb6\xff\x96\x8b\xb8\
\xff\x8b~\xad\xff}n\xa4\xff\x85u\xac\xff\x8c}\xb0\
\xff\x84v\xa3\xff\x82s\x9c\xff\x7fp\x93\xffzo\x88\
\xffwr\x80\xff\x7f\x7f\x80\xff\x87\x8b\x82\xff\x87\x89\x85\
\xffz~{\xffwz{\xffpuo\xffqsn\
\xffpml\xfflji\xffdan\xffaaq\
\xffml\x84\xffzq\x9a\xff\x84|\xab\xff\x8e\x87\xb3\
\xff\x93\x8f\xb4\xff\x99\x94\xb9\xff\x96\x8f\xb9\xff\x8a\x81\xae\
\xff\x7fs\xa6\xffzj\xa3\xffsi\xa6\xffoh\xa6\
\xffof\xa7\xffqh\xa9\xffum\xaa\xfftl\xa8\
\xffkc\x9f\xff_X\x92\xffa[\x90\xffqj\x99\
\xffof\x98\xffbW\x90\xffVL\x8d\xffWJ\x94\
\xffXK\x96\xffUH\x96\xffVG\x94\xffi]\x90\
\xffx{~\xff^]f\xffhfl\xff\x85\x85\x86\
\xffzy~\xffy{~\xfftu}\xff\x88\x87\x89\
\xff\xe8\xe6\xde\xff\xfe\xf7\xea\xff\xf5\xeb\xe0\xff\xf6\xed\xe4\
\xff\xf1\xea\xde\xff\xf3\xed\xe0\xff\xf6\xec\xe3\xff\xf5\xeb\xe3\
\xff\xf5\xec\xe2\xff\xf5\xec\xe1\xff\xf5\xec\xe2\xff\xf5\xec\xe2\
\xff\xf4\xeb\xe1\xff\xf4\xeb\xe0\xff\xf4\xeb\xe0\xff\xf3\xeb\xe0\
\xff\xf5\xec\xdf\xff\xf7\xee\xe1\xff\xf6\xed\xe0\xff\xf4\xea\xdf\
\xff\xf6\xec\xe1\xff\xf7\xee\xe2\xff\xf4\xeb\xde\xff\xf2\xe9\xdc\
\xff\xf4\xec\xde\xff\xf2\xeb\xdd\xff\xf1\xeb\xdc\xff\xf2\xeb\xdd\
\xff\xf1\xea\xdc\xff\xf1\xea\xda\xff\xf1\xea\xdb\xff\xf1\xea\xdb\
\xff\xf1\xe8\xdc\xff\xf2\xe9\xdc\xff\xf2\xe9\xdd\xff\xf4\xe9\xe1\
\xff\xf4\xea\xe0\xff\xf4\xeb\xdf\xff\xf4\xec\xe0\xff\xf7\xee\xe0\
\xff\xfa\xf0\xe3\xff\xfe\xf4\xe7\xff\xfe\xf6\xe5\xff\xfb\xf6\xe1\
\xff\xf9\xf5\xe0\xff\xf7\xf4\xe5\xff\xf2\xef\xe1\xff\xf0\xed\xdb\
\xff\xf0\xea\xd9\xff\xf0\xe7\xd8\xff\xef\xe7\xda\xff\xf2\xe8\xdb\
\xff\xf2\xe6\xda\xff\xf0\xe4\xd8\xff\xf1\xe5\xd9\xff\xf3\xe7\xda\
\xff\xf1\xe6\xd8\xff\xf0\xe5\xd7\xff\xf0\xe5\xd7\xff\xf0\xe5\xd7\
\xff\xef\xe4\xd6\xff\xef\xe3\xd5\xff\xf1\xe4\xd6\xff\xf1\xe4\xd6\
\xff\xf2\xe5\xd7\xff\xef\xe2\xd4\xff\xef\xe2\xd4\xff\xf2\xe5\xd7\
\xff\xf1\xe4\xd6\xff\xee\xe2\xd4\xff\xf0\xe3\xd5\xff\xf0\xe3\xd5\
\xff\xed\xe0\xd2\xff\xee\xe1\xd3\xff\xed\xe0\xd2\xff\xed\xe0\xd2\
\xff\xec\xdf\xd1\xff\xed\xdf\xd1\xff\xee\xde\xd1\xff\xed\xdd\xd0\
\xff\xed\xdd\xd0\xff\xec\xdc\xd0\xff\xec\xdd\xcd\xff\xda\xcb\xbb\
\xff\xdb\xcc\xbc\xff\xdb\xcc\xbc\xff\xdb\xcc\xbc\xff\xda\xcb\xbb\
\xff\xdb\xcc\xbc\xff\xdc\xcd\xbd\xff\xdc\xcd\xbd\xff\xdc\xcd\xbd\
\xff\xdc\xcd\xbd\xff\xdd\xce\xbe\xff\xdd\xce\xbe\xff\xdd\xcf\xc0\
\xff\xdc\xd0\xc2\xff\xdd\xd0\xc2\xff\xdd\xd0\xc2\xff\xdd\xd0\xc2\
\xff\xdc\xcf\xc1\xff\xdd\xd0\xc2\xff\xde\xd1\xc3\xff\xde\xd1\xc3\
\xff\xe0\xd3\xc5\xff\xe0\xd3\xc5\xff\xe0\xd3\xc5\xff\xe1\xd4\xc6\
\xff\xe1\xd4\xc6\xff\xe1\xd4\xc6\xff\xe2\xd5\xc7\xff\xe2\xd5\xc7\
\xff\xe3\xd6\xc8\xff\xe3\xd6\xc8\xff\xe3\xd7\xc9\xff\xe2\xd7\xc9\
\xff\xe2\xd7\xc9\xff\xe2\xd8\xca\xff\xe3\xd8\xca\xff\xe4\xd9\xcb\
\xff\xe4\xd9\xcb\xff\xe5\xda\xcc\xff\xe5\xda\xcc\xff\xe5\xda\xcc\
\xff\xe7\xdc\xce\xff\xe8\xdd\xcf\xff\xe8\xdd\xcf\xff\xe8\xdd\xcf\
\xff\xe9\xde\xd0\xff\xe9\xde\xd0\xff\xe8\xdd\xcf\xff\xe8\xdd\xcf\
\xff\xe6\xdd\xcf\xff\xe7\xde\xd0\xff\xe7\xde\xd0\xff\xe7\xde\xd0\
\xff\xe7\xde\xd0\xff\xe8\xdf\xd1\xff\xe8\xdf\xd1\xff\xe8\xdf\xd1\
\xff\xea\xe0\xd6\xff\xe8\xde\xd6\xff\xe8\xdd\xd5\xff\xed\xe3\xd9\
\xff\xec\xe2\xd7\xff\xe9\xe1\xd4\xff\xeb\xe2\xd5\xff\xed\xe4\xd7\
\xff\xed\xe4\xd7\xff\xec\xe5\xd3\xff\xf2\xeb\xda\xff\xdd\xd5\xc4\
\xff\xc2\xb9\xac\xff\xe3\xdc\xcc\xff\xff\xf9\xeb\xff\xf4\xf1\xe5\
\xff\xe1\xdf\xd3\xff\xb5\xae\xb2\xff\x85{\x90\xffuh\x89\
\xff\x82s\x9a\xff\x8e\x81\xa9\xff\x96\x8b\xb1\xff\x97\x8f\xaf\
\xff\x91\x8a\xa6\xff\x8d\x86\xa8\xff\x8d\x85\xa8\xff\x8b\x83\xa7\
\xff\x8a\x83\xa6\xff\x8c\x84\xa9\xff\x8b\x81\xaa\xff\x89\x80\xa9\
\xff\x89\x7f\xa9\xff\x89\x7f\xa8\xff\x8a\x81\xaa\xff\x86{\xa6\
\xff\x80v\xa0\xff\x81w\xa1\xff\x85{\xa6\xff\x8b\x81\xab\
\xff\x8a\x80\xab\xff\x87{\xa6\xff\x8b~\xaa\xff\x8b~\xaa\
\xff\x86y\xa5\xff\x85x\xa4\xff\x8a}\xa9\xff\x8b\x7f\xaa\
\xff\x8b~\xab\xff\x8a\x7f\xad\xff\x8d\x82\xb0\xff\x8c\x80\xb1\
\xffwk\x9f\xffwh\x9d\xff\x8c~\xae\xff\x90\x83\xae\
\xff\x8c\x84\xa9\xff\x8b\x84\xa6\xff\x8a\x82\xa8\xff\x90\x87\xb0\
\xff\x94\x8c\xb7\xff\x8e\x85\xb0\xff\x84z\xa6\xff\x88}\xaa\
\xff\x93\x88\xb5\xff\x92\x87\xb4\xff\x93\x83\xb8\xff\x8f\x7f\xb1\
\xff\x8d~\xaa\xff}o\x97\xffpe\x85\xffnh{\
\xffokv\xffwsx\xff[WY\xff\x5cVY\
\xff\x8a\x82\x8a\xff\x89\x7f\x97\xff\x86w\xa3\xff\x93\x86\xb8\
\xff\x93\x8b\xb9\xff\x94\x8e\xb7\xff\x97\x92\xb6\xff\x9b\x94\xb4\
\xff\x98\x8d\xb4\xff\x8d\x85\xb0\xff\x82z\xaa\xffxo\xa6\
\xffvm\xa6\xfftl\xa7\xffuj\xaa\xfftl\xa9\
\xffvn\xaa\xffum\xa7\xffme\x9f\xfff^\x98\
\xff^V\x90\xff]V\x90\xfff\x5c\x99\xffdV\x98\
\xff_Q\x96\xff\x5cO\x95\xffYM\x92\xffYO\x91\
\xffZQ\x92\xffVL\x94\xffQE\x92\xffh[\x99\
\xff\x84\x83\x96\xff\x5c]d\xffihi\xff\x87\x86\x87\
\xff{y\x7f\xffx{\x7f\xffsu}\xff\x99\x97\x98\
\xff\xef\xee\xe5\xff\xfa\xf3\xe4\xff\xf5\xeb\xdf\xff\xf8\xef\xe6\
\xff\xf4\xed\xe2\xff\xf5\xee\xe2\xff\xf8\xee\xe5\xff\xf6\xec\xe4\
\xff\xf5\xec\xe3\xff\xf4\xeb\xe2\xff\xf4\xeb\xe1\xff\xf4\xeb\xe1\
\xff\xf4\xeb\xe0\xff\xf5\xec\xe2\xff\xf4\xeb\xe1\xff\xf6\xed\xe3\
\xff\xf5\xec\xe1\xff\xf5\xeb\xe1\xff\xf5\xeb\xe1\xff\xf4\xea\xe1\
\xff\xf5\xea\xe1\xff\xf5\xec\xe0\xff\xf4\xeb\xdf\xff\xf5\xec\xe1\
\xff\xf7\xed\xe1\xff\xf4\xea\xdf\xff\xf6\xeb\xe1\xff\xf7\xec\xe2\
\xff\xf6\xea\xe2\xff\xf5\xe9\xe1\xff\xf5\xe9\xe2\xff\xf5\xea\xe2\
\xff\xf4\xeb\xde\xff\xf2\xe9\xdc\xff\xf3\xea\xdd\xff\xf5\xec\xdf\
\xff\xf4\xeb\xde\xff\xf2\xe9\xdc\xff\xf1\xe7\xde\xff\xf2\xe7\xdd\
\xff\xf4\xe7\xde\xff\xf4\xe6\xdc\xff\xf2\xe6\xda\xff\xf3\xe9\xdd\
\xff\xf3\xe9\xdd\xff\xf5\xec\xdf\xff\xf5\xed\xdf\xff\xf3\xeb\xdc\
\xff\xf1\xe9\xda\xff\xf1\xe8\xdb\xff\xf1\xe9\xdc\xff\xf2\xe7\xdb\
\xff\xf2\xe6\xda\xff\xf2\xe6\xda\xff\xf1\xe5\xd9\xff\xf2\xe7\xda\
\xff\xf1\xe6\xd8\xff\xef\xe4\xd6\xff\xf0\xe5\xd7\xff\xf0\xe5\xd7\
\xff\xef\xe4\xd6\xff\xf0\xe5\xd7\xff\xf2\xe5\xd7\xff\xf2\xe5\xd7\
\xff\xf2\xe5\xd7\xff\xf0\xe3\xd5\xff\xf0\xe3\xd5\xff\xf2\xe5\xd7\
\xff\xef\xe2\xd4\xff\xf1\xe4\xd6\xff\xf1\xe4\xd6\xff\xee\xe1\xd3\
\xff\xee\xe1\xd3\xff\xee\xe1\xd3\xff\xed\xe0\xd2\xff\xed\xe0\xd2\
\xff\xed\xdf\xd1\xff\xed\xde\xd1\xff\xee\xde\xd1\xff\xed\xdd\xd0\
\xff\xed\xde\xd0\xff\xed\xde\xd0\xff\xed\xde\xce\xff\xdb\xcc\xbc\
\xff\xdc\xcd\xbd\xff\xdc\xcd\xbd\xff\xdd\xce\xbe\xff\xdd\xce\xbe\
\xff\xdd\xce\xbe\xff\xde\xcf\xbf\xff\xde\xcf\xbf\xff\xde\xcf\xbf\
\xff\xde\xcf\xbf\xff\xde\xcf\xbf\xff\xdf\xd0\xc0\xff\xdf\xd1\xc2\
\xff\xde\xd1\xc3\xff\xdd\xd0\xc2\xff\xde\xd0\xc2\xff\xdf\xd0\xc2\
\xff\xde\xd1\xc3\xff\xde\xd1\xc3\xff\xdf\xd2\xc4\xff\xe0\xd3\xc5\
\xff\xe1\xd4\xc6\xff\xe1\xd4\xc6\xff\xe1\xd4\xc6\xff\xe2\xd5\xc7\
\xff\xe2\xd5\xc7\xff\xe2\xd5\xc7\xff\xe3\xd6\xc8\xff\xe4\xd6\xc8\
\xff\xe4\xd6\xc8\xff\xe4\xd7\xc9\xff\xe6\xd7\xca\xff\xe5\xd8\xca\
\xff\xe4\xd8\xca\xff\xe4\xd9\xcb\xff\xe4\xd9\xcb\xff\xe5\xda\xcc\
\xff\xe5\xda\xcc\xff\xe5\xda\xcc\xff\xe6\xdb\xcd\xff\xe7\xdc\xce\
\xff\xe7\xdc\xce\xff\xe8\xdd\xcf\xff\xe8\xdd\xcf\xff\xe9\xde\xd0\
\xff\xe9\xde\xd0\xff\xe9\xde\xd0\xff\xe9\xde\xd0\xff\xe8\xdd\xcf\
\xff\xe7\xde\xd0\xff\xe7\xde\xd0\xff\xe8\xdf\xd1\xff\xe8\xdf\xd1\
\xff\xe8\xdf\xd1\xff\xe8\xdf\xd1\xff\xe9\xe0\xd2\xff\xe9\xe0\xd2\
\xff\xeb\xe2\xd4\xff\xeb\xe2\xd4\xff\xea\xe1\xd4\xff\xea\xe1\xd3\
\xff\xea\xe2\xd3\xff\xe9\xe2\xd4\xff\xec\xe4\xd6\xff\xec\xe3\xd7\
\xff\xef\xe5\xda\xff\xed\xe3\xd8\xff\xf5\xea\xe2\xff\xe2\xd9\xce\
\xff\xc5\xbd\xb0\xff\xe0\xd6\xce\xff\xf3\xe9\xe0\xff\xf0\xe7\xdb\
\xff\xf7\xf1\xdf\xff\xf7\xf4\xe3\xff\xe8\xe7\xdd\xff\xc7\xbf\xc7\
\xff\x94\x86\xa3\xffuf\x8d\xffzj\x92\xff\x86z\x9c\
\xff\x91\x8b\xa7\xff\x99\x90\xb2\xff\x94\x8c\xae\xff\x8d\x86\xa7\
\xff\x8c\x84\xa9\xff\x8c\x85\xa9\xff\x8c\x85\xa9\xff\x8b\x83\xa8\
\xff\x8b\x82\xa9\xff\x88\x7f\xa8\xff\x8a\x81\xaa\xff\x8b\x81\xab\
\xff\x8a\x80\xab\xff\x86}\xa6\xff\x83y\xa2\xff\x85{\xa5\
\xff\x87}\xa7\xff\x8b\x7f\xaa\xff\x8a}\xa9\xff\x8a}\xa9\
\xff\x8d\x80\xac\xff\x87z\xa7\xff\x82u\xa1\xff\x86z\xa4\
\xff\x8e\x82\xac\xff\x8e\x84\xae\xff\x8c\x81\xaf\xff\x8d\x82\xb0\
\xff\x90\x84\xb4\xff\x86x\xa9\xff\x81t\xa2\xff\x8c\x80\xaa\
\xff\x91\x86\xb0\xff\x91\x85\xb2\xff\x8f\x84\xb1\xff\x8c\x80\xb1\
\xff\x8e\x84\xaf\xff\x90\x86\xb0\xff\x8d\x84\xad\xff\x89\x81\xa8\
\xff\x86}\xa5\xff\x91\x89\xaf\xff\x92\x89\xb3\xff\x94\x89\xb5\
\xff\x92\x85\xb1\xff\x88}\xa3\xff\xa2\x97\xb8\xff\xbf\xb8\xcf\
\xff\xbb\xb3\xc4\xff\xac\xa1\xb0\xff\xba\xb3\xb7\xff\xcc\xc7\xce\
\xff\xb6\xae\xc6\xff\x94\x89\xb1\xff\x91\x87\xb1\xff\x94\x8b\xb4\
\xff\x93\x8b\xb2\xff\x98\x92\xb3\xff\x9a\x93\xb6\xff\x94\x8a\xb1\
\xff\x8e\x81\xae\xff\x89}\xaf\xff\x81v\xac\xffwn\xab\
\xffvo\xab\xffvp\xab\xffyn\xaa\xffyn\xa8\
\xfful\xa3\xffkc\x97\xffc[\x8f\xffe\x5c\x91\
\xffe^\x95\xff`Z\x93\xff\x5cQ\x8f\xffXK\x92\
\xff[O\x96\xff\x5cQ\x94\xff[P\x94\xffYO\x92\
\xffXN\x92\xff[P\x96\xffTF\x93\xff_O\x99\
\xff~y\x96\xfface\xffqrp\xff\x89\x85\x88\
\xffyx|\xffw{}\xffpp{\xff\xac\xaa\xab\
\xff\xf5\xf4\xe9\xff\xf9\xf3\xe3\xff\xf5\xec\xdf\xff\xf7\xed\xe4\
\xff\xf7\xf0\xe6\xff\xf5\xee\xe4\xff\xf6\xef\xe4\xff\xf7\xed\xe4\
\xff\xf5\xec\xe4\xff\xf6\xec\xe4\xff\xf6\xed\xe4\xff\xf7\xee\xe4\
\xff\xf7\xee\xe4\xff\xf6\xed\xe3\xff\xf6\xed\xe3\xff\xf6\xed\xe3\
\xff\xf5\xec\xe2\xff\xf4\xeb\xe1\xff\xf5\xec\xe2\xff\xf5\xec\xe0\
\xff\xf5\xed\xe0\xff\xf4\xec\xdf\xff\xf4\xec\xdf\xff\xf6\xee\xe1\
\xff\xf5\xeb\xde\xff\xf6\xec\xdf\xff\xf9\xed\xe2\xff\xf8\xed\xe1\
\xff\xf6\xec\xdf\xff\xf5\xec\xdd\xff\xf5\xec\xdd\xff\xf4\xec\xdd\
\xff\xf3\xec\xdd\xff\xf3\xec\xdd\xff\xf4\xed\xde\xff\xf4\xeb\xdd\
\xff\xf3\xeb\xdd\xff\xf5\xec\xdf\xff\xf5\xed\xdd\xff\xf3\xeb\xda\
\xff\xf2\xea\xd9\xff\xf4\xeb\xdc\xff\xf3\xea\xdd\xff\xf2\xe9\xde\
\xff\xf2\xe8\xe0\xff\xf3\xea\xde\xff\xf0\xe6\xda\xff\xf1\xe7\xde\
\xff\xf2\xea\xdb\xff\xf2\xea\xda\xff\xf2\xe8\xdf\xff\xf3\xe8\xde\
\xff\xf2\xe6\xdc\xff\xf2\xe6\xdc\xff\xf2\xe6\xda\xff\xf2\xe7\xd9\
\xff\xf1\xe6\xd8\xff\xf1\xe6\xd8\xff\xf1\xe6\xd8\xff\xf1\xe6\xd8\
\xff\xf1\xe6\xd8\xff\xf1\xe5\xd7\xff\xf2\xe5\xd7\xff\xf2\xe5\xd7\
\xff\xf2\xe5\xd7\xff\xf2\xe4\xd6\xff\xf3\xe5\xd7\xff\xf0\xe5\xd7\
\xff\xef\xe3\xd4\xff\xf3\xe5\xd6\xff\xf1\xe4\xd6\xff\xef\xe2\xd4\
\xff\xef\xe2\xd4\xff\xee\xe1\xd3\xff\xee\xe1\xd3\xff\xee\xe1\xd3\
\xff\xee\xe0\xd2\xff\xee\xdf\xd2\xff\xef\xdf\xd2\xff\xed\xdd\xd0\
\xff\xed\xde\xd0\xff\xee\xdf\xcf\xff\xed\xde\xce\xff\xdb\xcd\xbc\
\xff\xdd\xce\xbd\xff\xdd\xce\xbe\xff\xdd\xce\xbe\xff\xde\xcf\xbf\
\xff\xde\xcf\xbf\xff\xdf\xd0\xc0\xff\xdf\xd0\xc1\xff\xe0\xd1\xc1\
\xff\xe1\xd1\xc2\xff\xe0\xd1\xc2\xff\xe0\xd1\xc1\xff\xe1\xd1\xc3\
\xff\xe1\xd1\xc4\xff\xe0\xd0\xc3\xff\xe0\xd0\xc3\xff\xdf\xd1\xc3\
\xff\xdf\xd2\xc4\xff\xe0\xd3\xc5\xff\xe0\xd3\xc5\xff\xe1\xd4\xc6\
\xff\xe1\xd4\xc6\xff\xe2\xd5\xc7\xff\xe2\xd5\xc7\xff\xe3\xd6\xc8\
\xff\xe3\xd6\xc8\xff\xe3\xd6\xc8\xff\xe3\xd6\xc9\xff\xe5\xd7\xc8\
\xff\xe5\xd8\xc8\xff\xe5\xd8\xcb\xff\xe5\xd8\xcb\xff\xe5\xd8\xca\
\xff\xe5\xd8\xca\xff\xe6\xda\xcc\xff\xe5\xda\xcc\xff\xe5\xda\xcc\
\xff\xe5\xda\xcc\xff\xe6\xdb\xcd\xff\xe7\xdc\xce\xff\xe8\xdd\xcf\
\xff\xe7\xdc\xce\xff\xe8\xdd\xcf\xff\xe8\xdd\xcf\xff\xe9\xde\xd0\
\xff\xe9\xde\xd0\xff\xe9\xde\xd0\xff\xe9\xde\xd0\xff\xea\xdf\xd1\
\xff\xe9\xdf\xd1\xff\xe8\xde\xd0\xff\xe9\xe0\xd2\xff\xe9\xe0\xd2\
\xff\xe8\xdf\xd1\xff\xe8\xdf\xd1\xff\xea\xe1\xd3\xff\xea\xe1\xd3\
\xff\xeb\xe2\xd1\xff\xec\xe2\xd1\xff\xec\xe2\xd4\xff\xec\xe3\xd6\
\xff\xeb\xe3\xd4\xff\xea\xe3\xd5\xff\xed\xe6\xd7\xff\xec\xe5\xd6\
\xff\xec\xe6\xd7\xff\xec\xe4\xd7\xff\xf4\xec\xde\xff\xe0\xd8\xcb\
\xff\xc4\xbc\xb1\xff\xe4\xda\xd0\xff\xf6\xec\xde\xff\xed\xe4\xd6\
\xff\xee\xe3\xdb\xff\xef\xe6\xdc\xff\xf4\xf1\xe0\xff\xf8\xf4\xe5\
\xff\xf4\xf0\xe2\xff\xd8\xd3\xd2\xff\xa5\x9b\xad\xff\x80o\x95\
\xffzh\x99\xff\x81s\xa0\xff\x90\x86\xac\xff\x96\x90\xac\
\xff\x90\x8b\xa8\xff\x8d\x87\xa7\xff\x8d\x86\xaa\xff\x8b\x83\xaa\
\xff\x8e\x85\xac\xff\x8c\x84\xa8\xff\x8c\x84\xa9\xff\x8b\x82\xaa\
\xff\x8a\x80\xaa\xff\x8c\x82\xac\xff\x8b\x81\xab\xff\x86|\xa7\
\xff\x82x\xa3\xff\x85z\xa5\xff\x8f\x81\xae\xff\x8e\x81\xae\
\xff\x8a~\xa9\xff\x8c\x7f\xaa\xff\x8b~\xa9\xff\x85y\xa4\
\xff\x85y\xa3\xff\x89\x7f\xa9\xff\x8d\x85\xaa\xff\x8b\x82\xa9\
\xff\x8a\x81\xaa\xff\x8e\x82\xae\xff\x8c\x7f\xab\xff\x87z\xa6\
\xff\x8c\x7f\xaa\xff\x92\x85\xb1\xff\x96\x87\xb4\xff\x92\x85\xaf\
\xff\x8e\x84\xa7\xff\x8e\x83\xab\xff\x92\x88\xb1\xff\x93\x89\xb2\
\xff\x8e\x84\xad\xff\x8b\x80\xac\xff\x90\x85\xb1\xff\x88\x80\xa7\
\xff\x88\x85\xa0\xff\xa6\xa2\xb5\xff\xc1\xbb\xc8\xff\xb1\xa7\xbb\
\xff\xa1\x97\xac\xff\xbf\xb6\xc2\xff\xdd\xd8\xdd\xff\xae\xa9\xc0\
\xff\x8a\x80\xac\xff\x91\x87\xb2\xff\x97\x8f\xae\xff\x9a\x92\xb1\
\xff\x9d\x93\xb8\xff\x9a\x90\xb8\xff\x95\x89\xba\xff\x91\x86\xb9\
\xff\x8e\x84\xb6\xff\x86y\xac\xff\x7fr\xa9\xff~q\xab\
\xff|r\xae\xffyq\xad\xffsh\x9e\xffsg\x9a\
\xffsg\x9c\xffoc\x97\xffna\x99\xffg\x5c\x99\
\xff^V\x94\xff[Q\x93\xffYN\x90\xffYP\x8f\
\xff[R\x91\xff\x5cR\x92\xffXM\x91\xffYM\x93\
\xff[O\x97\xff[O\x96\xffSF\x91\xff[K\x9a\
\xffjd\x90\xffaci\xffz|y\xff\x86\x84\x85\
\xffxvy\xffyz~\xffrq}\xff\xc6\xc4\xc4\
\xff\xfc\xfa\xef\xff\xf9\xf3\xe4\xff\xf6\xed\xe1\xff\xf7\xee\xe4\
\xff\xf9\xf1\xe6\xff\xf4\xee\xe2\xff\xf5\xf0\xe4\xff\xf9\xef\xe6\
\xff\xf6\xed\xe5\xff\xf7\xed\xe4\xff\xf7\xed\xe4\xff\xf8\xef\xe5\
\xff\xf8\xef\xe6\xff\xf7\xee\xe5\xff\xf6\xed\xe3\xff\xf8\xef\xe5\
\xff\xf7\xee\xe5\xff\xf7\xee\xe4\xff\xf6\xed\xe4\xff\xf5\xed\xe1\
\xff\xf6\xee\xe2\xff\xf5\xee\xe1\xff\xf5\xec\xe1\xff\xf5\xec\xe1\
\xff\xf5\xec\xe1\xff\xf5\xed\xe0\xff\xf5\xed\xe0\xff\xf5\xed\xe0\
\xff\xf4\xed\xdf\xff\xf5\xed\xe0\xff\xf5\xed\xe0\xff\xf4\xed\xdf\
\xff\xf4\xed\xde\xff\xf4\xed\xdf\xff\xf5\xee\xdf\xff\xf4\xed\xdc\
\xff\xf4\xec\xdd\xff\xf4\xec\xdf\xff\xf6\xee\xe0\xff\xf5\xed\xdf\
\xff\xf4\xec\xde\xff\xf3\xeb\xde\xff\xf2\xea\xdd\xff\xf2\xea\xdd\
\xff\xf3\xea\xdf\xff\xf4\xeb\xdc\xff\xf3\xec\xd9\xff\xf2\xe9\xdb\
\xff\xf2\xe9\xdb\xff\xf2\xe9\xdb\xff\xf3\xe9\xde\xff\xf3\xe9\xdf\
\xff\xf3\xe8\xde\xff\xf3\xe7\xdd\xff\xf3\xe7\xdb\xff\xf2\xe7\xd9\
\xff\xf2\xe7\xd9\xff\xf2\xe7\xd9\xff\xf1\xe6\xd8\xff\xf1\xe6\xd8\
\xff\xf1\xe6\xd8\xff\xf0\xe5\xd7\xff\xf0\xe5\xd7\xff\xf1\xe5\xd7\
\xff\xf2\xe5\xd7\xff\xf2\xe5\xd7\xff\xf1\xe5\xd6\xff\xf0\xe5\xd7\
\xff\xf0\xe4\xd6\xff\xf0\xe3\xd3\xff\xef\xe2\xd3\xff\xf0\xe3\xd4\
\xff\xef\xe2\xd3\xff\xee\xe1\xd3\xff\xee\xe1\xd3\xff\xee\xe1\xd3\
\xff\xed\xe0\xd2\xff\xee\xe0\xd2\xff\xee\xde\xd1\xff\xee\xde\xd1\
\xff\xee\xdf\xd1\xff\xee\xdf\xcf\xff\xed\xde\xce\xff\xde\xd0\xbe\
\xff\xdf\xd0\xbf\xff\xdf\xd0\xc0\xff\xdf\xd0\xc0\xff\xe0\xd1\xc1\
\xff\xe0\xd1\xc1\xff\xe0\xd1\xc3\xff\xe1\xd1\xc3\xff\xe1\xd1\xc3\
\xff\xe1\xd1\xc4\xff\xe2\xd2\xc5\xff\xe2\xd2\xc5\xff\xe1\xd1\xc4\
\xff\xe1\xd1\xc4\xff\xe1\xd1\xc4\xff\xe2\xd2\xc5\xff\xe0\xd1\xc4\
\xff\xdf\xd2\xc4\xff\xe0\xd3\xc5\xff\xe2\xd5\xc7\xff\xe2\xd5\xc7\
\xff\xe2\xd5\xc7\xff\xe3\xd6\xc8\xff\xe3\xd6\xc8\xff\xe4\xd7\xc9\
\xff\xe4\xd7\xc9\xff\xe5\xd8\xca\xff\xe6\xd9\xcb\xff\xe5\xd9\xca\
\xff\xe3\xd9\xc9\xff\xe3\xd9\xc9\xff\xe3\xd9\xca\xff\xe4\xd9\xcb\
\xff\xe5\xd9\xcb\xff\xe5\xda\xcc\xff\xe6\xdb\xcd\xff\xe7\xdc\xce\
\xff\xe7\xdc\xce\xff\xe7\xdc\xce\xff\xe8\xdd\xcf\xff\xe9\xde\xd0\
\xff\xe9\xde\xd0\xff\xe9\xde\xd0\xff\xe9\xde\xd0\xff\xe9\xde\xd0\
\xff\xe9\xde\xd0\xff\xe9\xde\xd0\xff\xe9\xde\xd0\xff\xea\xdf\xd1\
\xff\xea\xdf\xd1\xff\xe9\xdf\xd1\xff\xe9\xe0\xd2\xff\xea\xe1\xd3\
\xff\xea\xe1\xd3\xff\xe9\xe0\xd2\xff\xea\xe1\xd3\xff\xea\xe1\xd4\
\xff\xeb\xe2\xd4\xff\xeb\xe2\xd4\xff\xeb\xe1\xd5\xff\xeb\xe2\xd5\
\xff\xec\xe3\xd6\xff\xed\xe5\xd8\xff\xef\xe5\xd8\xff\xed\xe5\xd7\
\xff\xeb\xe4\xd5\xff\xec\xe6\xd4\xff\xf7\xf0\xdf\xff\xe3\xdb\xd0\
\xff\xce\xc4\xbc\xff\xeb\xe2\xd7\xff\xf6\xee\xdf\xff\xec\xe8\xd4\
\xff\xec\xe6\xd7\xff\xf0\xe5\xdd\xff\xef\xe6\xdb\xff\xee\xe7\xd8\
\xff\xf4\xed\xdc\xff\xf7\xf4\xe3\xff\xf7\xf6\xe9\xff\xe9\xe3\xe1\
\xff\xb6\xaf\xb4\xff\x89|\x9c\xff\x80s\x96\xff\x84x\x9a\
\xff\x8f\x84\xa5\xff\x9a\x91\xb3\xff\x97\x8f\xb5\xff\x8c\x83\xac\
\xff\x8d\x84\xac\xff\x8f\x87\xad\xff\x8d\x86\xa9\xff\x8c\x84\xa9\
\xff\x8b\x83\xa8\xff\x8a\x82\xa6\xff\x8b\x82\xa8\xff\x8d\x85\xab\
\xff\x89\x80\xa8\xff\x87|\xa6\xff\x87{\xa5\xff\x8a~\xa9\
\xff\x8f\x83\xad\xff\x91\x85\xaf\xff\x8f\x83\xad\xff\x8c\x80\xa9\
\xff\x88|\xa6\xff\x85z\xa6\xff\x88~\xa9\xff\x8a\x7f\xac\
\xff\x8b\x81\xad\xff\x8c\x7f\xab\xff\x8e\x81\xac\xff\x90\x84\xae\
\xff\x8c\x81\xaa\xff\x89}\xa8\xff\x8f\x80\xac\xff\x98\x8a\xaf\
\xff\x96\x8a\xab\xff\x8d\x81\xaa\xff\x8b~\xaa\xff\x90\x85\xb1\
\xff\x95\x8d\xb1\xff\x98\x8d\xb7\xff\x8f\x80\xb0\xff\x88\x7f\xa2\
\xff\xa7\xa3\xb3\xff\xc2\xbc\xc3\xff\xac\xa3\xaf\xff\x9d\x8f\xa9\
\xff\xc3\xb6\xc5\xff\xd9\xd1\xd8\xff\xa4\x9c\xb7\xff\x82z\xa3\
\xff\x91\x88\xb1\xff\x9d\x92\xba\xff\xa0\x96\xb9\xff\x9f\x96\xb7\
\xff\x9d\x92\xb8\xff\x9a\x8f\xb8\xff\x99\x90\xb8\xff\x96\x8e\xb4\
\xff\x8a\x80\xae\xff\x80v\xa9\xff\x82u\xad\xff\x7fq\xab\
\xffug\xa5\xffmb\x9f\xffpg\x97\xffyp\x9c\
\xff{o\xa2\xffm_\x99\xff`S\x92\xff]N\x94\
\xffaT\x98\xffcT\x98\xff_R\x93\xff\x5cR\x90\
\xff\x5cR\x92\xff[Q\x93\xffXN\x92\xffXM\x93\
\xffZO\x95\xff[P\x97\xffXL\x93\xffWK\x96\
\xff\x5cQ\x96\xffgiy\xff\x80\x84\x80\xff~{|\
\xff{x|\xff|x~\xff\x7f{\x85\xff\xe0\xdf\xd8\
\xff\xff\xfc\xf0\xff\xfa\xf3\xe6\xff\xf8\xee\xe4\xff\xf9\xf1\xe5\
\xff\xf9\xf1\xe3\xff\xf5\xef\xe2\xff\xf3\xf0\xe3\xff\xf9\xef\xe5\
\xff\xf8\xef\xe6\xff\xf7\xee\xe5\xff\xf7\xee\xe5\xff\xf7\xee\xe5\
\xff\xf7\xee\xe5\xff\xf8\xef\xe7\xff\xf8\xef\xe5\xff\xf8\xef\xe5\
\xff\xf7\xee\xe4\xff\xf7\xee\xe4\xff\xf7\xee\xe4\xff\xf6\xee\xe4\
\xff\xf7\xee\xe4\xff\xf8\xed\xe3\xff\xf8\xed\xe4\xff\xf7\xed\xe3\
\xff\xf6\xed\xe3\xff\xf6\xed\xe2\xff\xf6\xed\xe2\xff\xf5\xed\xe1\
\xff\xf5\xed\xe0\xff\xf5\xed\xe0\xff\xf5\xec\xe0\xff\xf4\xec\xe0\
\xff\xf6\xed\xe0\xff\xf6\xed\xe0\xff\xf6\xed\xe0\xff\xf6\xed\xdf\
\xff\xf6\xec\xdf\xff\xf6\xed\xe0\xff\xf5\xec\xdf\xff\xf5\xec\xe0\
\xff\xf5\xec\xdf\xff\xf5\xec\xdf\xff\xf4\xeb\xde\xff\xf4\xeb\xde\
\xff\xf4\xeb\xdf\xff\xf5\xec\xdd\xff\xf4\xeb\xdc\xff\xf4\xeb\xde\
\xff\xf4\xeb\xdd\xff\xf3\xeb\xde\xff\xf3\xea\xdd\xff\xf3\xea\xdd\
\xff\xf2\xe9\xdd\xff\xf4\xe8\xdc\xff\xf3\xe7\xdb\xff\xf3\xe8\xda\
\xff\xf3\xe8\xda\xff\xf3\xe8\xda\xff\xf3\xe8\xda\xff\xf2\xe7\xd9\
\xff\xf1\xe6\xd8\xff\xf0\xe5\xd7\xff\xf0\xe5\xd7\xff\xf0\xe5\xd7\
\xff\xf0\xe5\xd7\xff\xf0\xe5\xd7\xff\xf0\xe5\xd7\xff\xef\xe5\xd7\
\xff\xf0\xe4\xd6\xff\xf1\xe3\xd3\xff\xf0\xe3\xd3\xff\xf0\xe3\xd3\
\xff\xf0\xe3\xd3\xff\xef\xe2\xd4\xff\xef\xe2\xd4\xff\xef\xe2\xd4\
\xff\xf0\xe0\xd3\xff\xf0\xe0\xd3\xff\xf0\xdf\xd2\xff\xef\xdf\xd2\
\xff\xef\xdf\xd1\xff\xee\xdf\xcf\xff\xed\xde\xce\xff\xdf\xd1\xbf\
\xff\xe0\xd2\xc0\xff\xe0\xd1\xc1\xff\xe0\xd1\xc1\xff\xe1\xd2\xc2\
\xff\xe1\xd2\xc2\xff\xe1\xd2\xc3\xff\xe1\xd2\xc3\xff\xe1\xd2\xc3\
\xff\xe2\xd2\xc5\xff\xe2\xd2\xc5\xff\xe2\xd2\xc5\xff\xe2\xd2\xc5\
\xff\xe2\xd2\xc5\xff\xe3\xd3\xc6\xff\xe3\xd2\xc5\xff\xe1\xd2\xc5\
\xff\xe0\xd4\xc5\xff\xe2\xd5\xc7\xff\xe2\xd5\xc7\xff\xe2\xd5\xc7\
\xff\xe3\xd6\xc8\xff\xe3\xd6\xc8\xff\xe3\xd6\xc8\xff\xe4\xd7\xc9\
\xff\xe4\xd7\xc9\xff\xe5\xd8\xca\xff\xe6\xd9\xcb\xff\xe6\xd9\xca\
\xff\xe4\xda\xc9\xff\xe5\xdb\xc9\xff\xe5\xdb\xc9\xff\xe5\xdb\xca\
\xff\xe5\xda\xcb\xff\xe5\xda\xcc\xff\xe6\xdb\xcd\xff\xe7\xdc\xce\
\xff\xe7\xdc\xce\xff\xe7\xdc\xce\xff\xe8\xdd\xcf\xff\xe9\xde\xd0\
\xff\xe9\xde\xd0\xff\xe9\xde\xd0\xff\xe9\xde\xd0\xff\xe9\xde\xd0\
\xff\xe9\xde\xd0\xff\xea\xdf\xd1\xff\xea\xdf\xd1\xff\xea\xdf\xd1\
\xff\xeb\xe0\xd2\xff\xeb\xe0\xd2\xff\xeb\xe0\xd2\xff\xea\xe1\xd3\
\xff\xea\xe1\xd3\xff\xea\xe1\xd3\xff\xea\xe1\xd3\xff\xeb\xe2\xd4\
\xff\xec\xe3\xd6\xff\xec\xe3\xd6\xff\xec\xe2\xd6\xff\xed\xe4\xd7\
\xff\xed\xe4\xd7\xff\xee\xe5\xd8\xff\xee\xe5\xd9\xff\xee\xe5\xda\
\xff\xee\xe7\xd6\xff\xed\xe6\xd6\xff\xfb\xf3\xe7\xff\xd6\xcc\xc4\
\xff\x9c\x92\x8b\xff\xd0\xc6\xbd\xff\xfd\xf5\xe9\xff\xef\xe8\xd9\
\xff\xef\xe7\xd9\xff\xf1\xe7\xde\xff\xf1\xe8\xdc\xff\xf0\xe8\xd9\
\xff\xf0\xe8\xd9\xff\xef\xe6\xda\xff\xed\xe6\xdf\xff\xf5\xee\xe7\
\xff\xf9\xf6\xec\xff\xef\xef\xe0\xff\xc1\xbb\xbf\xff\x96\x87\xa4\
\xff\x82o\x9a\xff\x81o\x9c\xff\x8a\x80\xa8\xff\x97\x91\xb2\
\xff\x93\x8c\xae\xff\x89\x80\xa7\xff\x8a\x82\xa8\xff\x8d\x86\xa7\
\xff\x8c\x85\xa6\xff\x8b\x85\xa4\xff\x8b\x85\xa5\xff\x8e\x86\xab\
\xff\x8e\x85\xab\xff\x8e\x84\xac\xff\x89~\xa6\xff\x88|\xa5\
\xff\x8c\x80\xab\xff\x8f\x83\xad\xff\x8e\x82\xac\xff\x8f\x83\xad\
\xff\x8f\x83\xad\xff\x8c\x7f\xac\xff\x88}\xaa\xff\x87|\xa9\
\xff\x8d\x81\xac\xff\x92\x85\xb1\xff\x90\x84\xae\xff\x8e\x82\xad\
\xff\x8f\x83\xae\xff\x8e\x81\xab\xff\x8b\x80\xa6\xff\x93\x87\xaa\
\xff\x94\x86\xae\xff\x92\x85\xb0\xff\x90\x85\xad\xff\x92\x87\xad\
\xff\x97\x8a\xb2\xff\x8f\x82\xab\xff\x85z\xa1\xff\xac\xa1\xb5\
\xff\xc2\xba\xc4\xff\xac\xa4\xb5\xff\xa1\x98\xab\xff\xca\xc1\xca\
\xff\xdd\xd3\xda\xff\xa6\x98\xb5\xff\x88z\xad\xff\x97\x8d\xba\
\xff\xa1\x9a\xbb\xff\xa0\x9a\xb4\xff\x9f\x98\xb5\xff\x9e\x95\xb8\
\xff\x9c\x92\xb6\xff\x9c\x93\xb6\xff\x98\x91\xb6\xff\x8b\x83\xab\
\xff\x83w\xa8\xff\x84w\xae\xff{n\xa8\xfflb\x99\
\xfflc\x95\xffwo\x9d\xff|q\xa4\xffqf\x9c\
\xffaV\x90\xffaT\x93\xffbW\x95\xff^R\x92\
\xff`T\x94\xff`V\x94\xff]R\x93\xff]Q\x93\
\xff^R\x94\xff_T\x96\xff\x5cQ\x96\xffYN\x94\
\xffZO\x94\xff]R\x97\xff\x5cQ\x94\xffWK\x97\
\xffYL\x94\xffqp\x87\xff\x83\x85\x84\xffxuu\
\xff}y\x7f\xff{u~\xff\x89\x87\x8c\xff\xe9\xe9\xe0\
\xff\xfd\xfa\xf0\xff\xf7\xef\xe5\xff\xf7\xef\xe4\xff\xf7\xf1\xe5\
\xff\xf8\xf0\xe5\xff\xf5\xef\xe3\xff\xf5\xf0\xe4\xff\xf8\xf0\xe5\
\xff\xf8\xef\xe6\xff\xf8\xef\xe6\xff\xf7\xee\xe5\xff\xf7\xee\xe5\
\xff\xf7\xee\xe5\xff\xf8\xef\xe6\xff\xf8\xef\xe6\xff\xf8\xef\xe5\
\xff\xf9\xf0\xe6\xff\xf9\xf0\xe6\xff\xf8\xef\xe5\xff\xf7\xef\xe5\
\xff\xf7\xee\xe4\xff\xf7\xee\xe4\xff\xf8\xef\xe4\xff\xf7\xee\xe3\
\xff\xf6\xed\xe3\xff\xf6\xed\xe3\xff\xf6\xec\xe3\xff\xf6\xed\xe1\
\xff\xf5\xed\xe0\xff\xf5\xed\xe0\xff\xf5\xed\xe0\xff\xf5\xed\xe0\
\xff\xf6\xed\xe0\xff\xf6\xed\xe0\xff\xf6\xed\xe0\xff\xf6\xed\xe0\
\xff\xf6\xed\xe0\xff\xf6\xed\xe0\xff\xf6\xec\xe1\xff\xf6\xec\xe1\
\xff\xf5\xeb\xe0\xff\xf5\xec\xdf\xff\xf5\xec\xdf\xff\xf4\xeb\xde\
\xff\xf4\xeb\xde\xff\xf4\xeb\xde\xff\xf4\xeb\xde\xff\xf4\xeb\xde\
\xff\xf4\xeb\xde\xff\xf4\xeb\xde\xff\xf4\xeb\xde\xff\xf3\xea\xdd\
\xff\xf3\xea\xdc\xff\xf4\xe8\xdc\xff\xf4\xe8\xdc\xff\xf4\xe8\xdc\
\xff\xf3\xe8\xdb\xff\xf3\xe8\xda\xff\xf3\xe8\xda\xff\xf2\xe7\xd9\
\xff\xf2\xe7\xd9\xff\xf1\xe6\xd8\xff\xf1\xe6\xd8\xff\xf1\xe6\xd8\
\xff\xf1\xe6\xd8\xff\xf1\xe6\xd8\xff\xf1\xe6\xd8\xff\xf0\xe5\xd7\
\xff\xf0\xe5\xd6\xff\xf1\xe4\xd4\xff\xf1\xe5\xd5\xff\xf1\xe4\xd4\
\xff\xf0\xe3\xd4\xff\xef\xe2\xd4\xff\xef\xe2\xd4\xff\xf0\xe2\xd4\
\xff\xf0\xe0\xd3\xff\xf0\xe0\xd3\xff\xf0\xdf\xd2\xff\xef\xdf\xd2\
\xff\xef\xdf\xd1\xff\xee\xdf\xcf\xff\xee\xdf\xcf\xff\xe1\xd3\xc1\
\xff\xe1\xd3\xc2\xff\xe2\xd3\xc3\xff\xe2\xd3\xc3\xff\xe2\xd3\xc3\
\xff\xe3\xd4\xc4\xff\xe2\xd3\xc3\xff\xe2\xd2\xc5\xff\xe2\xd3\xc5\
\xff\xe2\xd3\xc4\xff\xe2\xd2\xc4\xff\xe2\xd2\xc4\xff\xe3\xd4\xc5\
\xff\xe3\xd4\xc4\xff\xe4\xd5\xc6\xff\xe4\xd4\xc5\xff\xe3\xd5\xc5\
\xff\xe2\xd5\xc5\xff\xe2\xd5\xc5\xff\xe3\xd6\xc6\xff\xe3\xd6\xc6\
\xff\xe3\xd6\xc6\xff\xe4\xd7\xc7\xff\xe5\xd8\xc8\xff\xe6\xd9\xc9\
\xff\xe7\xda\xcb\xff\xe6\xda\xcc\xff\xe6\xd9\xcc\xff\xe7\xda\xca\
\xff\xe5\xdb\xca\xff\xe5\xdb\xca\xff\xe5\xdb\xca\xff\xe5\xdb\xca\
\xff\xe5\xda\xcc\xff\xe6\xdb\xcd\xff\xe7\xdc\xce\xff\xe7\xdc\xce\
\xff\xe7\xdc\xce\xff\xe7\xdc\xce\xff\xe8\xdd\xcf\xff\xe9\xde\xd0\
\xff\xea\xdf\xd1\xff\xe9\xde\xd0\xff\xea\xdf\xd1\xff\xea\xdf\xd1\
\xff\xea\xdf\xd1\xff\xea\xdf\xd1\xff\xeb\xe0\xd2\xff\xeb\xe0\xd2\
\xff\xeb\xe0\xd2\xff\xec\xe0\xd2\xff\xec\xe1\xd3\xff\xea\xe1\xd3\
\xff\xeb\xe2\xd4\xff\xeb\xe2\xd4\xff\xeb\xe2\xd4\xff\xec\xe3\xd5\
\xff\xec\xe3\xd5\xff\xec\xe3\xd6\xff\xec\xe3\xd6\xff\xed\xe4\xd7\
\xff\xee\xe5\xd8\xff\xee\xe5\xd8\xff\xee\xe5\xd9\xff\xef\xe6\xda\
\xff\xf0\xe8\xd9\xff\xee\xe6\xd9\xff\xf9\xf0\xe6\xff\xd5\xcb\xc3\
\xff\x9a\x91\x89\xff\xc9\xc0\xb7\xff\xfa\xf0\xe8\xff\xf1\xe8\xdd\
\xff\xf2\xe8\xdd\xff\xf1\xe7\xdc\xff\xf1\xe9\xdb\xff\xef\xe8\xd8\
\xff\xef\xe8\xd6\xff\xf3\xeb\xdb\xff\xef\xe9\xde\xff\xec\xe5\xdc\
\xff\xee\xe8\xdf\xff\xf4\xf0\xe1\xff\xfc\xf8\xea\xff\xf2\xed\xe4\
\xff\xc1\xb7\xc1\xff\x97\x8a\xa5\xff}p\x93\xffyn\x94\
\xff\x8d\x82\xa7\xff\x99\x92\xb0\xff\x91\x8a\xaa\xff\x8c\x83\xa9\
\xff\x8c\x84\xa9\xff\x8d\x86\xa8\xff\x8b\x83\xa9\xff\x8b\x81\xac\
\xff\x8c\x82\xae\xff\x8f\x84\xae\xff\x91\x86\xae\xff\x8f\x84\xac\
\xff\x8d\x82\xaa\xff\x8c\x80\xa9\xff\x8d\x81\xab\xff\x8e\x82\xac\
\xff\x90\x84\xae\xff\x90\x83\xae\xff\x8f\x84\xae\xff\x8b\x80\xa9\
\xff\x86z\xa3\xff\x89}\xa8\xff\x90\x84\xaf\xff\x91\x84\xae\
\xff\x91\x82\xad\xff\x94\x87\xae\xff\x94\x88\xab\xff\x91\x84\xaa\
\xff\x8f\x81\xab\xff\x91\x83\xac\xff\x96\x89\xb1\xff\x97\x88\xb4\
\xff\x91\x83\xac\xff\x8e\x84\x9e\xff\xa0\x97\xa8\xff\xb9\xae\xbf\
\xff\xaa\x9f\xb2\xff\x9f\x96\xab\xff\xc4\xc0\xc4\xff\xd3\xce\xd2\
\xff\xa4\x99\xb6\xff\x90\x86\xa6\xff\xa0\x95\xb8\xff\xa3\x9d\xbc\
\xff\x9d\x98\xb6\xff\x9c\x97\xb5\xff\x9c\x94\xb5\xff\xa0\x95\xba\
\xff\x9f\x95\xb8\xff\x9e\x96\xb7\xff\x95\x8a\xba\xff\x86y\xb3\
\xffyl\xa5\xffj]\x9b\xffmc\x9a\xffvn\x9d\
\xff|u\xa0\xffrl\x97\xffbV\x92\xff_Q\x91\
\xffaT\x92\xffeX\x95\xffdX\x96\xff_U\x93\
\xff\x5cT\x92\xff\x5cU\x93\xff\x5cS\x94\xff]Q\x94\
\xff]Q\x93\xff`T\x96\xff]S\x95\xffZO\x92\
\xffYN\x91\xff[Q\x94\xff]R\x94\xffXK\x93\
\xffYI\x93\xffsk\x93\xff\x83\x84\x87\xfftsp\
\xff}v|\xffyr|\xff\x98\x98\x98\xff\xf0\xf0\xe8\
\xff\xfa\xf4\xec\xff\xf5\xed\xe5\xff\xf9\xf2\xe8\xff\xf8\xf0\xe7\
\xff\xf9\xf0\xe7\xff\xf6\xef\xe6\xff\xf7\xf1\xe7\xff\xf9\xf1\xe7\
\xff\xf8\xef\xe6\xff\xf9\xf0\xe7\xff\xf8\xef\xe6\xff\xf9\xf0\xe7\
\xff\xf9\xf0\xe7\xff\xf8\xef\xe6\xff\xf8\xef\xe6\xff\xf9\xf0\xe6\
\xff\xf9\xf0\xe6\xff\xf9\xf0\xe6\xff\xf9\xf0\xe6\xff\xf8\xef\xe5\
\xff\xf8\xef\xe5\xff\xf8\xef\xe5\xff\xf8\xef\xe5\xff\xf7\xee\xe4\
\xff\xf7\xee\xe4\xff\xf6\xed\xe3\xff\xf6\xed\xe3\xff\xf6\xee\xe3\
\xff\xf5\xed\xe1\xff\xf5\xed\xe0\xff\xf5\xed\xe0\xff\xf6\xed\xe0\
\xff\xf6\xed\xe0\xff\xf6\xed\xe0\xff\xf6\xed\xe0\xff\xf6\xed\xe0\
\xff\xf6\xed\xe0\xff\xf6\xed\xe0\xff\xf7\xee\xe1\xff\xf6\xed\xe0\
\xff\xf5\xec\xde\xff\xf5\xec\xde\xff\xf6\xed\xe0\xff\xf6\xed\xe0\
\xff\xf5\xec\xdf\xff\xf4\xeb\xde\xff\xf4\xeb\xde\xff\xf5\xec\xdf\
\xff\xf4\xeb\xde\xff\xf4\xeb\xde\xff\xf4\xeb\xde\xff\xf4\xeb\xde\
\xff\xf3\xea\xdd\xff\xf5\xe9\xdd\xff\xf4\xe8\xdc\xff\xf4\xe8\xdc\
\xff\xf4\xe9\xdb\xff\xf4\xe9\xdb\xff\xf3\xe8\xda\xff\xf2\xe7\xd9\
\xff\xf2\xe7\xd9\xff\xf2\xe7\xd9\xff\xf2\xe7\xd9\xff\xf2\xe7\xd9\
\xff\xf2\xe7\xd9\xff\xf1\xe6\xd8\xff\xf1\xe6\xd8\xff\xf1\xe6\xd8\
\xff\xf1\xe5\xd7\xff\xf2\xe5\xd5\xff\xf2\xe5\xd5\xff\xf1\xe4\xd4\
\xff\xf1\xe4\xd4\xff\xf1\xe4\xd6\xff\xf0\xe3\xd5\xff\xef\xe2\xd4\
\xff\xf0\xe1\xd4\xff\xf0\xe1\xd4\xff\xf0\xe0\xd3\xff\xef\xdf\xd2\
\xff\xef\xdf\xd1\xff\xef\xe0\xd0\xff\xef\xe0\xd0\xff\xe1\xd3\xc1\
\xff\xe1\xd2\xc1\xff\xe2\xd3\xc3\xff\xe2\xd3\xc3\xff\xe3\xd4\xc4\
\xff\xe3\xd4\xc4\xff\xe3\xd4\xc3\xff\xe4\xd4\xc7\xff\xe4\xd4\xc6\
\xff\xe3\xd4\xc3\xff\xe2\xd3\xc3\xff\xe3\xd4\xc3\xff\xe4\xd5\xc5\
\xff\xe4\xd5\xc5\xff\xe4\xd5\xc5\xff\xe3\xd4\xc4\xff\xe4\xd6\xc6\
\xff\xe3\xd7\xc6\xff\xe2\xd5\xc5\xff\xe3\xd6\xc5\xff\xe3\xd6\xc6\
\xff\xe4\xd7\xc7\xff\xe4\xd7\xc7\xff\xe5\xd8\xc8\xff\xe5\xd8\xc8\
\xff\xe7\xda\xca\xff\xe7\xda\xcb\xff\xe7\xda\xcb\xff\xe8\xdb\xcb\
\xff\xe6\xdc\xca\xff\xe5\xdb\xcc\xff\xe6\xdb\xcc\xff\xe6\xdc\xcc\
\xff\xe7\xdc\xce\xff\xe7\xdc\xce\xff\xe7\xdc\xce\xff\xe8\xdd\xcf\
\xff\xe8\xdd\xcf\xff\xe8\xdd\xcf\xff\xe9\xde\xd0\xff\xea\xdf\xd1\
\xff\xeb\xe0\xd2\xff\xea\xdf\xd1\xff\xea\xdf\xd1\xff\xea\xdf\xd1\
\xff\xeb\xe0\xd2\xff\xec\xe1\xd3\xff\xec\xe1\xd3\xff\xec\xe1\xd3\
\xff\xec\xe1\xd3\xff\xec\xe1\xd3\xff\xec\xe1\xd3\xff\xec\xe3\xd5\
\xff\xec\xe3\xd5\xff\xec\xe3\xd5\xff\xec\xe3\xd5\xff\xed\xe4\xd6\
\xff\xed\xe4\xd6\xff\xed\xe4\xd7\xff\xee\xe5\xd8\xff\xee\xe5\xd8\
\xff\xef\xe6\xd9\xff\xf0\xe7\xda\xff\xf0\xe7\xda\xff\xf1\xe8\xda\
\xff\xf0\xe8\xdb\xff\xef\xe8\xda\xff\xf1\xe9\xdc\xff\xf3\xea\xe0\
\xff\xfa\xf2\xe6\xff\xf9\xf1\xe5\xff\xf1\xe9\xdd\xff\xf2\xea\xdc\
\xff\xf3\xea\xdc\xff\xf3\xea\xdd\xff\xf1\xe9\xdc\xff\xf3\xec\xdb\
\xff\xf2\xeb\xd9\xff\xf1\xea\xdc\xff\xf0\xe9\xdb\xff\xef\xe9\xdd\
\xff\xf4\xeb\xe1\xff\xf3\xe9\xdf\xff\xf0\xe8\xdc\xff\xf6\xef\xe1\
\xff\xfe\xfa\xe8\xff\xf4\xf2\xe6\xff\xc7\xbf\xc7\xff\x9d\x90\xa9\
\xff\x82s\x95\xff\x80q\x98\xff\x8f\x82\xa8\xff\x9b\x93\xb3\
\xff\x96\x8f\xb0\xff\x8d\x84\xac\xff\x8a\x82\xa7\xff\x86\x7f\xa3\
\xff\x86~\xa3\xff\x8a\x80\xa6\xff\x90\x85\xac\xff\x91\x86\xad\
\xff\x91\x86\xae\xff\x90\x85\xad\xff\x8e\x84\xab\xff\x8e\x83\xab\
\xff\x8e\x82\xac\xff\x91\x86\xae\xff\x92\x86\xae\xff\x92\x86\xaf\
\xff\x8c\x80\xaa\xff\x89|\xa7\xff\x8c\x80\xa9\xff\x90\x82\xac\
\xff\x95\x87\xb1\xff\x92\x84\xad\xff\x8f\x81\xaa\xff\x93\x85\xb0\
\xff\x93\x86\xad\xff\x94\x87\xab\xff\x96\x88\xae\xff\x8d~\xa7\
\xff\x98\x8d\xa6\xff\xbc\xb5\xc0\xff\xc8\xc1\xc5\xff\x9e\x97\xa4\
\xff\x9e\x98\xa9\xff\xc7\xc1\xc4\xff\xc3\xbc\xc6\xff\x9d\x95\xb5\
\xff\x94\x8c\xb3\xff\xa1\x9b\xb9\xff\xa1\x99\xb8\xff\x9b\x92\xb1\
\xff\x9b\x95\xb4\xff\x9e\x96\xb7\xff\x9e\x95\xb7\xff\xa2\x98\xbb\
\xff\xa5\x9d\xbc\xff\xa6\x9e\xbb\xff\x97\x8b\xb7\xff|p\xa3\
\xffpe\x97\xfful\x9c\xff\x80v\xa8\xff}s\xa5\
\xffpc\x99\xff_O\x8f\xff\x5cM\x8d\xffbV\x97\
\xffdW\x97\xffbV\x95\xffaV\x94\xff`V\x94\
\xff_S\x95\xff^R\x98\xff`S\x9a\xff_R\x96\
\xff]Q\x93\xff^R\x94\xff]R\x93\xff[R\x92\
\xff[R\x91\xff\x5cS\x92\xff\x5cR\x93\xffWK\x92\
\xffXH\x95\xffk^\x94\xffxy\x83\xffoqn\
\xffysx\xffwqy\xff\xb2\xb6\xac\xff\xf6\xf6\xed\
\xff\xf9\xf2\xeb\xff\xf7\xef\xe8\xff\xfa\xf3\xeb\xff\xfa\xf1\xe8\
\xff\xfa\xf1\xe8\xff\xf7\xf0\xe7\xff\xf7\xf0\xe7\xff\xf9\xf1\xe8\
\xff\xf9\xf0\xe7\xff\xf9\xf1\xe8\xff\xfa\xf1\xe8\xff\xfa\xf1\xe8\
\xff\xfa\xf1\xe8\xff\xfa\xf1\xe8\xff\xfa\xf1\xe8\xff\xfa\xf1\xe7\
\xff\xf9\xf1\xe7\xff\xf8\xf1\xe6\xff\xf8\xf1\xe7\xff\xf9\xf0\xe6\
\xff\xf9\xef\xe6\xff\xf9\xf0\xe6\xff\xf8\xef\xe5\xff\xf8\xef\xe5\
\xff\xf8\xef\xe5\xff\xf8\xef\xe5\xff\xf7\xee\xe4\xff\xf7\xee\xe4\
\xff\xf7\xee\xe3\xff\xf6\xee\xe1\xff\xf7\xef\xe2\xff\xf6\xee\xe1\
\xff\xf7\xee\xe0\xff\xf7\xee\xe0\xff\xf7\xee\xe0\xff\xf7\xee\xe0\
\xff\xf7\xee\xe0\xff\xf7\xee\xe1\xff\xf7\xee\xe0\xff\xf7\xee\xe0\
\xff\xf6\xed\xde\xff\xf6\xed\xdf\xff\xf6\xed\xe0\xff\xf5\xec\xdf\
\xff\xf5\xec\xdf\xff\xf5\xec\xdf\xff\xf4\xeb\xde\xff\xf5\xec\xdf\
\xff\xf4\xeb\xde\xff\xf4\xeb\xde\xff\xf4\xeb\xde\xff\xf4\xeb\xde\
\xff\xf3\xea\xdd\xff\xf5\xe9\xdd\xff\xf5\xe9\xdd\xff\xf4\xe8\xdc\
\xff\xf4\xe9\xdb\xff\xf4\xe9\xdb\xff\xf3\xe8\xda\xff\xf3\xe8\xda\
\xff\xf3\xe8\xda\xff\xf2\xe7\xd9\xff\xf2\xe7\xd9\xff\xf2\xe7\xd9\
\xff\xf2\xe7\xd9\xff\xf2\xe7\xd9\xff\xf1\xe6\xd8\xff\xf1\xe6\xd8\
\xff\xf1\xe6\xd8\xff\xf2\xe5\xd5\xff\xf2\xe5\xd5\xff\xf2\xe5\xd5\
\xff\xf1\xe4\xd4\xff\xf1\xe4\xd6\xff\xf0\xe3\xd5\xff\xef\xe2\xd4\
\xff\xf0\xe3\xd5\xff\xef\xe2\xd4\xff\xef\xe1\xd3\xff\xf0\xe0\xd3\
\xff\xef\xe0\xd2\xff\xef\xe0\xd0\xff\xef\xe0\xd0\xff\xe1\xd3\xc1\
\xff\xe1\xd3\xc2\xff\xe2\xd3\xc3\xff\xe2\xd3\xc3\xff\xe3\xd4\xc4\
\xff\xe3\xd4\xc4\xff\xe3\xd4\xc4\xff\xe4\xd4\xc6\xff\xe4\xd5\xc6\
\xff\xe4\xd5\xc5\xff\xe4\xd5\xc5\xff\xe4\xd5\xc5\xff\xe4\xd5\xc5\
\xff\xe4\xd5\xc5\xff\xe4\xd5\xc5\xff\xe3\xd4\xc4\xff\xe5\xd6\xc6\
\xff\xe4\xd7\xc7\xff\xe3\xd6\xc6\xff\xe3\xd6\xc6\xff\xe4\xd7\xc7\
\xff\xe5\xd8\xc8\xff\xe5\xd8\xc8\xff\xe5\xd8\xc8\xff\xe6\xd9\xc9\
\xff\xe6\xd9\xc9\xff\xe7\xda\xca\xff\xe8\xdb\xcb\xff\xe9\xdc\xcd\
\xff\xe7\xdc\xce\xff\xe6\xdc\xce\xff\xe5\xdb\xcd\xff\xe6\xdb\xcd\
\xff\xe7\xdc\xce\xff\xe7\xdc\xce\xff\xe7\xdc\xce\xff\xe8\xdd\xcf\
\xff\xe8\xdd\xcf\xff\xe8\xdd\xcf\xff\xe9\xde\xd0\xff\xea\xdf\xd1\
\xff\xea\xdf\xd1\xff\xeb\xe0\xd2\xff\xeb\xe0\xd2\xff\xeb\xe0\xd2\
\xff\xec\xe1\xd3\xff\xec\xe1\xd3\xff\xec\xe1\xd3\xff\xec\xe1\xd3\
\xff\xec\xe1\xd3\xff\xed\xe2\xd4\xff\xed\xe2\xd4\xff\xec\xe3\xd5\
\xff\xec\xe4\xd6\xff\xed\xe4\xd6\xff\xed\xe4\xd6\xff\xee\xe5\xd7\
\xff\xee\xe5\xd7\xff\xee\xe5\xd8\xff\xef\xe6\xd9\xff\xf0\xe7\xda\
\xff\xf0\xe7\xda\xff\xf1\xe8\xdb\xff\xf1\xe8\xdb\xff\xf1\xe8\xdb\
\xff\xf1\xe9\xdb\xff\xf1\xea\xdb\xff\xf2\xeb\xdc\xff\xf3\xec\xdd\
\xff\xf4\xed\xde\xff\xf3\xec\xdd\xff\xf0\xea\xda\xff\xf3\xec\xdd\
\xff\xf2\xea\xdb\xff\xf2\xeb\xdc\xff\xf3\xec\xdd\xff\xf3\xeb\xdc\
\xff\xf2\xeb\xdc\xff\xf2\xea\xdc\xff\xf1\xea\xdc\xff\xf2\xeb\xdd\
\xff\xf4\xeb\xdf\xff\xf4\xe9\xe1\xff\xf2\xe9\xdd\xff\xf0\xe9\xdb\
\xff\xf0\xea\xde\xff\xf5\xf0\xe3\xff\xfc\xf6\xef\xff\xf9\xf4\xf2\
\xff\xce\xc6\xcd\xff\xa5\x98\xb0\xff\x88z\x99\xff\x80r\x96\
\xff\x8a}\xa3\xff\x99\x8e\xb3\xff\x99\x8e\xb6\xff\x8f\x87\xa9\
\xff\x8b\x85\xa3\xff\x89\x81\xa3\xff\x8a\x7f\xa7\xff\x8a\x80\xa5\
\xff\x8c\x81\xa9\xff\x8f\x84\xab\xff\x8f\x84\xac\xff\x8f\x84\xac\
\xff\x90\x85\xad\xff\x90\x85\xac\xff\x90\x85\xac\xff\x94\x89\xb1\
\xff\x93\x88\xae\xff\x91\x84\xad\xff\x8e\x80\xa9\xff\x8a|\xa5\
\xff\x90\x82\xab\xff\x93\x85\xaf\xff\x90\x82\xad\xff\x8f\x81\xac\
\xff\x96\x88\xb0\xff\x98\x89\xaf\xff\x92\x84\xa4\xff\xa1\x97\xa6\
\xff\xbd\xb7\xbc\xff\xc1\xb7\xc7\xff\xb1\xa7\xb6\xff\xbb\xb6\xba\
\xff\xd4\xd0\xd0\xff\xc7\xc2\xcb\xff\x9f\x91\xb4\xff\x9a\x8e\xb2\
\xff\xa3\x9b\xbb\xff\x9b\x95\xb4\xff\x9b\x93\xb3\xff\x9d\x93\xb4\
\xff\xa1\x97\xbc\xff\xa3\x99\xbd\xff\xa3\x9a\xb9\xff\xa3\x9a\xb5\
\xff\xaa\xa2\xba\xff\xac\xa3\xbf\xff\x87|\xa5\xffbW\x86\
\xffcZ\x84\xffof\x92\xffqe\x98\xffk\x5c\x99\
\xffl]\x9b\xffre\x9e\xffn`\x9c\xffh[\x9a\
\xffg[\x98\xffdY\x94\xffcY\x95\xffcX\x95\
\xff_Q\x94\xffaQ\x98\xffdV\x99\xffaV\x96\
\xff_T\x93\xff^S\x92\xff^S\x92\xff_T\x93\
\xff_S\x93\xff^U\x94\xff\x5cS\x93\xffXM\x90\
\xffYK\x95\xffbT\x93\xfflj\x84\xffoqr\
\xffrqs\xffxty\xff\xd1\xd2\xc5\xff\xfe\xfc\xf3\
\xff\xf8\xf2\xea\xff\xf8\xf1\xe8\xff\xf9\xf2\xea\xff\xfa\xf2\xe9\
\xff\xfb\xf2\xe9\xff\xf8\xf0\xe8\xff\xf6\xf0\xe7\xff\xf7\xf1\xe8\
\xff\xf9\xf2\xe9\xff\xf9\xf2\xe9\xff\xf9\xf1\xe8\xff\xf9\xf1\xe8\
\xff\xf9\xf2\xe9\xff\xf9\xf2\xe9\xff\xf8\xf1\xe8\xff\xf8\xf2\xe7\
\xff\xf8\xf2\xe7\xff\xf9\xf1\xe7\xff\xfa\xf1\xe7\xff\xfa\xf1\xe7\
\xff\xfa\xf0\xe6\xff\xf9\xf0\xe6\xff\xfa\xf1\xe7\xff\xf9\xf0\xe5\
\xff\xf8\xef\xe5\xff\xf8\xef\xe5\xff\xf7\xee\xe4\xff\xf7\xee\xe4\
\xff\xf7\xee\xe4\xff\xf7\xee\xe4\xff\xf7\xee\xe4\xff\xf7\xee\xe3\
\xff\xf7\xee\xe1\xff\xf7\xee\xe2\xff\xf8\xee\xe2\xff\xf8\xef\xe3\
\xff\xf8\xef\xe3\xff\xf8\xee\xe3\xff\xf7\xee\xe2\xff\xf7\xed\xe3\
\xff\xf6\xed\xe2\xff\xf6\xed\xe0\xff\xf6\xed\xe0\xff\xf6\xed\xe0\
\xff\xf6\xed\xe0\xff\xf5\xec\xdf\xff\xf5\xec\xdf\xff\xf5\xec\xdf\
\xff\xf4\xeb\xde\xff\xf4\xeb\xde\xff\xf4\xeb\xde\xff\xf3\xea\xdd\
\xff\xf3\xea\xdd\xff\xf4\xea\xdd\xff\xf5\xe9\xdd\xff\xf4\xe8\xdc\
\xff\xf4\xe9\xdb\xff\xf4\xe9\xdb\xff\xf4\xe9\xdb\xff\xf3\xe8\xda\
\xff\xf3\xe8\xda\xff\xf2\xe7\xd9\xff\xf2\xe7\xd9\xff\xf1\xe6\xd8\
\xff\xf2\xe7\xd9\xff\xf2\xe7\xd9\xff\xf1\xe6\xd8\xff\xf0\xe6\xd8\
\xff\xf1\xe6\xd8\xff\xf2\xe5\xd5\xff\xf2\xe5\xd5\xff\xf2\xe5\xd5\
\xff\xf1\xe5\xd5\xff\xf1\xe4\xd7\xff\xf1\xe4\xd6\xff\xf1\xe4\xd6\
\xff\xf0\xe3\xd5\xff\xf0\xe3\xd5\xff\xef\xe2\xd4\xff\xf1\xe1\xd4\
\xff\xf0\xe0\xd2\xff\xef\xe0\xd0\xff\xef\xe0\xd0\xff\xe1\xd3\xc1\
\xff\xe2\xd3\xc2\xff\xe2\xd3\xc3\xff\xe3\xd4\xc4\xff\xe3\xd4\xc4\
\xff\xe4\xd5\xc5\xff\xe3\xd4\xc4\xff\xe3\xd3\xc5\xff\xe4\xd4\xc5\
\xff\xe4\xd5\xc5\xff\xe4\xd5\xc5\xff\xe4\xd5\xc5\xff\xe5\xd6\xc6\
\xff\xe5\xd6\xc6\xff\xe4\xd5\xc5\xff\xe5\xd6\xc6\xff\xe5\xd6\xc6\
\xff\xe3\xd5\xc5\xff\xe2\xd5\xc5\xff\xe4\xd7\xc7\xff\xe5\xd8\xc8\
\xff\xe6\xd9\xc9\xff\xe5\xd8\xc8\xff\xe5\xd8\xc8\xff\xe6\xd9\xc9\
\xff\xe7\xda\xca\xff\xe7\xda\xca\xff\xe8\xdb\xcb\xff\xe8\xdb\xcc\
\xff\xe7\xdc\xce\xff\xe6\xdc\xce\xff\xe6\xdc\xce\xff\xe7\xdb\xcd\
\xff\xe7\xdc\xce\xff\xe8\xdd\xcf\xff\xe9\xde\xd0\xff\xe7\xdc\xce\
\xff\xe9\xde\xd0\xff\xe9\xde\xd0\xff\xe9\xdf\xd1\xff\xea\xdf\xd1\
\xff\xeb\xe0\xd2\xff\xeb\xe0\xd2\xff\xec\xe1\xd3\xff\xec\xe1\xd3\
\xff\xec\xe1\xd3\xff\xec\xe1\xd3\xff\xed\xe2\xd4\xff\xed\xe2\xd4\
\xff\xed\xe2\xd4\xff\xed\xe2\xd4\xff\xee\xe3\xd5\xff\xec\xe3\xd5\
\xff\xed\xe4\xd6\xff\xed\xe4\xd6\xff\xee\xe5\xd7\xff\xef\xe6\xd8\
\xff\xef\xe6\xd8\xff\xef\xe6\xd9\xff\xf0\xe7\xda\xff\xf1\xe8\xdb\
\xff\xf1\xe8\xdb\xff\xf1\xe8\xdb\xff\xf1\xe8\xdb\xff\xf2\xe9\xdc\
\xff\xf2\xea\xdc\xff\xf2\xeb\xdc\xff\xf3\xec\xdd\xff\xf3\xec\xdc\
\xff\xf1\xea\xdb\xff\xf1\xea\xda\xff\xf2\xeb\xdc\xff\xf3\xec\xdc\
\xff\xf2\xeb\xdc\xff\xf2\xea\xdd\xff\xf4\xeb\xe0\xff\xf2\xea\xde\
\xff\xf5\xec\xe0\xff\xf5\xec\xe0\xff\xf2\xe9\xdf\xff\xf2\xea\xdd\
\xff\xf4\xed\xde\xff\xf4\xea\xe1\xff\xf2\xea\xe0\xff\xf3\xec\xe0\
\xff\xf3\xed\xe2\xff\xf1\xeb\xe0\xff\xee\xe7\xde\xff\xf5\xef\xe3\
\xff\xfe\xfb\xe9\xff\xfa\xf8\xed\xff\xd6\xd0\xd2\xff\xb0\xa5\xb6\
\xff\x8e\x7f\x9d\xff\x80r\x95\xff\x8b|\xa6\xff\x9b\x8f\xb3\
\xff\x9b\x93\xb3\xff\x93\x8b\xae\xff\x90\x85\xac\xff\x8e\x83\xa8\
\xff\x8d\x82\xa8\xff\x8d\x82\xa8\xff\x8f\x84\xab\xff\x92\x86\xae\
\xff\x90\x85\xad\xff\x8c\x81\xa7\xff\x8b\x81\xa5\xff\x8f\x84\xa9\
\xff\x93\x89\xae\xff\x96\x89\xb2\xff\x96\x88\xb1\xff\x94\x86\xaf\
\xff\x90\x82\xab\xff\x8d\x7f\xa8\xff\x92\x84\xad\xff\x98\x8b\xb4\
\xff\x96\x87\xb2\xff\x91\x81\xa8\xff\xad\xa2\xb5\xff\xcf\xca\xcb\
\xff\xc2\xbc\xbf\xff\xad\xa4\xb2\xff\xc4\xbc\xc6\xff\xd6\xd0\xd5\
\xff\xba\xae\xc0\xff\x9a\x91\xb3\xff\x9e\x92\xb3\xff\xa4\x97\xb5\
\xff\xa1\x96\xb7\xff\x9d\x95\xb5\xff\xa0\x98\xb5\xff\xa2\x9c\xb9\
\xff\xa1\x98\xba\xff\xa3\x9b\xbb\xff\xa8\xa0\xbb\xff\xa9\xa0\xb9\
\xff\xa2\x97\xb8\xff\x8b\x7f\xa3\xff{p\x93\xff\x84z\x9d\
\xff|u\x97\xff[S{\xffLAr\xffO@|\
\xffVE\x84\xff]M\x8a\xff^P\x8a\xff`T\x8d\
\xffk_\x99\xffj^\x9a\xffl`\x9a\xffrd\x9f\
\xffl]\x9c\xffgX\x98\xffeW\x96\xffaU\x92\
\xff_T\x93\xff]R\x91\xff]Q\x91\xff^S\x93\
\xff_S\x93\xff^T\x93\xff]S\x93\xff^S\x91\
\xff]P\x93\xffbQ\x96\xffja\x8a\xffmqr\
\xfflkq\xff\x80z\x80\xff\xe5\xe3\xda\xff\xff\xff\xf5\
\xff\xf6\xf2\xe9\xff\xf7\xf0\xe7\xff\xf9\xf1\xe8\xff\xfa\xf1\xe7\
\xff\xfb\xf3\xe9\xff\xf9\xf2\xe8\xff\xf6\xf1\xe6\xff\xf7\xf1\xe8\
\xff\xf9\xf2\xe9\xff\xf9\xf2\xe9\xff\xf9\xf2\xe9\xff\xf9\xf2\xe9\
\xff\xf9\xf2\xe9\xff\xf9\xf2\xe9\xff\xf9\xf2\xe9\xff\xf8\xf2\xe8\
\xff\xf8\xf2\xe7\xff\xf9\xf3\xe8\xff\xfa\xf1\xe7\xff\xf9\xf1\xe7\
\xff\xfa\xf1\xe7\xff\xfa\xf1\xe7\xff\xfa\xf1\xe7\xff\xf9\xf0\xe6\
\xff\xf9\xf0\xe7\xff\xf8\xef\xe6\xff\xf8\xef\xe5\xff\xf8\xef\xe5\
\xff\xf8\xef\xe5\xff\xf7\xee\xe4\xff\xf7\xee\xe4\xff\xf8\xef\xe5\
\xff\xf9\xef\xe5\xff\xf8\xef\xe5\xff\xf8\xee\xe4\xff\xf8\xee\xe5\
\xff\xf8\xee\xe5\xff\xf8\xed\xe4\xff\xf7\xee\xe1\xff\xf7\xee\xe1\
\xff\xf7\xee\xe1\xff\xf6\xed\xe0\xff\xf6\xed\xe0\xff\xf6\xed\xe0\
\xff\xf7\xee\xe1\xff\xf6\xed\xe0\xff\xf5\xec\xdf\xff\xf5\xec\xdf\
\xff\xf5\xec\xdf\xff\xf4\xeb\xde\xff\xf4\xeb\xde\xff\xf3\xea\xdd\
\xff\xf3\xea\xdd\xff\xf3\xea\xdd\xff\xf5\xe9\xdd\xff\xf4\xe8\xdc\
\xff\xf4\xe9\xdb\xff\xf4\xe9\xdb\xff\xf4\xe9\xdb\xff\xf4\xe9\xdb\
\xff\xf4\xe9\xdb\xff\xf3\xe8\xda\xff\xf3\xe8\xda\xff\xf2\xe7\xd9\
\xff\xf2\xe7\xd9\xff\xf2\xe7\xd9\xff\xf2\xe7\xd9\xff\xf1\xe6\xd8\
\xff\xf2\xe6\xd8\xff\xf2\xe5\xd5\xff\xf2\xe5\xd5\xff\xf2\xe5\xd5\
\xff\xf1\xe5\xd5\xff\xf0\xe5\xd7\xff\xf1\xe4\xd6\xff\xf0\xe2\xd4\
\xff\xf0\xe3\xd5\xff\xf0\xe3\xd5\xff\xf0\xe3\xd5\xff\xf0\xe1\xd4\
\xff\xf0\xe0\xd2\xff\xef\xe0\xd0\xff\xef\xe0\xd0\xff\xe2\xd4\xc2\
\xff\xe2\xd4\xc2\xff\xe2\xd3\xc3\xff\xe3\xd4\xc4\xff\xe3\xd4\xc4\
\xff\xe4\xd5\xc5\xff\xe3\xd4\xc4\xff\xe3\xd4\xc6\xff\xe4\xd4\xc5\
\xff\xe4\xd6\xc5\xff\xe5\xd6\xc6\xff\xe5\xd6\xc6\xff\xe5\xd6\xc6\
\xff\xe5\xd6\xc6\xff\xe5\xd6\xc6\xff\xe6\xd7\xc7\xff\xe6\xd6\xc6\
\xff\xe4\xd6\xc6\xff\xe3\xd6\xc6\xff\xe3\xd6\xc6\xff\xe4\xd7\xc7\
\xff\xe5\xd8\xc8\xff\xe6\xd9\xc9\xff\xe5\xd8\xc8\xff\xe6\xd9\xc9\
\xff\xe6\xd9\xc9\xff\xe7\xda\xca\xff\xe8\xdb\xcb\xff\xe8\xdb\xcb\
\xff\xe7\xdc\xcc\xff\xe6\xdc\xce\xff\xe6\xdc\xce\xff\xe7\xdc\xce\
\xff\xe7\xdc\xce\xff\xe9\xde\xd0\xff\xea\xdf\xd1\xff\xe9\xde\xd0\
\xff\xe9\xde\xd0\xff\xea\xdf\xd1\xff\xea\xdf\xd1\xff\xea\xdf\xd1\
\xff\xeb\xe0\xd2\xff\xeb\xe0\xd2\xff\xec\xe1\xd3\xff\xec\xe1\xd3\
\xff\xec\xe1\xd3\xff\xed\xe2\xd4\xff\xed\xe2\xd4\xff\xed\xe2\xd4\
\xff\xee\xe3\xd5\xff\xee\xe3\xd5\xff\xef\xe5\xd7\xff\xee\xe4\xd6\
\xff\xee\xe5\xd7\xff\xee\xe5\xd7\xff\xf0\xe7\xd9\xff\xf1\xe8\xda\
\xff\xef\xe6\xd9\xff\xf0\xe7\xda\xff\xf0\xe7\xda\xff\xf1\xe8\xdb\
\xff\xf1\xe8\xdb\xff\xf1\xe8\xdb\xff\xf1\xe9\xdc\xff\xf3\xea\xdd\
\xff\xf3\xeb\xdd\xff\xf1\xe9\xdd\xff\xf2\xe9\xde\xff\xf3\xeb\xdf\
\xff\xf2\xe9\xde\xff\xf3\xeb\xdf\xff\xf4\xeb\xe0\xff\xf2\xe9\xde\
\xff\xf5\xed\xe2\xff\xf3\xea\xe0\xff\xf2\xe9\xdf\xff\xf3\xea\xe1\
\xff\xf5\xeb\xe2\xff\xf4\xe9\xe0\xff\xf5\xea\xe1\xff\xf3\xe9\xdf\
\xff\xf5\xeb\xe0\xff\xf4\xed\xe0\xff\xf2\xeb\xe0\xff\xf1\xec\xe1\
\xff\xf3\xed\xe2\xff\xf4\xed\xe3\xff\xf4\xed\xe1\xff\xf3\xea\xdd\
\xff\xf2\xea\xde\xff\xf3\xf0\xe4\xff\xfa\xf6\xec\xff\xfc\xfa\xed\
\xff\xe0\xdc\xda\xff\xbc\xb3\xc0\xff\x96\x89\xa4\xff\x80p\x97\
\xff\x8ax\xa6\xff\x9e\x8e\xb7\xff\x9b\x91\xb3\xff\x93\x8b\xad\
\xff\x92\x88\xae\xff\x90\x87\xab\xff\x8d\x85\xa7\xff\x90\x86\xaa\
\xff\x92\x87\xaf\xff\x90\x86\xac\xff\x8d\x84\xa5\xff\x8a\x80\xa5\
\xff\x8d\x83\xa8\xff\x8f\x82\xab\xff\x8b}\xa6\xff\x90\x82\xab\
\xff\x94\x86\xaf\xff\x92\x84\xad\xff\x90\x82\xaa\xff\x92\x84\xac\
\xff\x90\x82\xa5\xff\xa3\x98\xae\xff\xbe\xb6\xc1\xff\xb8\xaf\xbb\
\xff\xb3\xab\xb4\xff\xca\xc4\xc8\xff\xc9\xc5\xc9\xff\xa4\x9a\xb1\
\xff\x90\x80\xa8\xff\xa0\x90\xb6\xff\xa5\x96\xb9\xff\xa2\x96\xb6\
\xff\x9f\x97\xb6\xff\xa2\x9b\xbb\xff\xa2\x9a\xb9\xff\xa4\x9c\xb9\
\xff\xa5\x9c\xba\xff\xa3\x97\xb9\xff\x97\x8a\xac\xff\x91\x84\xa5\
\xff\x93\x87\xa7\xff\xa0\x97\xb1\xff\xc3\xbd\xcb\xff\xdf\xde\xe1\
\xff\xda\xdb\xe0\xff\xc8\xc8\xcf\xff\xaf\xad\xba\xff\x98\x93\xa8\
\xff\x87~\x9d\xffmc\x8d\xffXL\x7f\xffM@x\
\xffNAy\xffSE\x7f\xffTG\x80\xffYK\x85\
\xffcT\x8f\xffj[\x97\xffl]\x99\xffm`\x9c\
\xffl_\x9e\xffg[\x99\xffcW\x96\xffaU\x94\
\xff_S\x94\xff\x5cP\x93\xff]P\x94\xff_S\x94\
\xff]R\x90\xffaM\x98\xffnc\x92\xffmrv\
\xffigk\xff\x8c\x87\x8a\xff\xee\xec\xe6\xff\xfc\xfb\xf2\
\xff\xf6\xf2\xe8\xff\xf9\xf2\xe9\xff\xf9\xf2\xe9\xff\xfc\xf3\xea\
\xff\xfc\xf3\xe9\xff\xf9\xf2\xe8\xff\xfa\xf4\xeb\xff\xf9\xf3\xea\
\xff\xf9\xf2\xe9\xff\xf9\xf2\xe9\xff\xfa\xf3\xea\xff\xfb\xf4\xeb\
\xff\xfa\xf3\xea\xff\xf9\xf2\xe9\xff\xf9\xf2\xe9\xff\xf9\xf3\xe9\
\xff\xf9\xf3\xe8\xff\xf9\xf3\xe8\xff\xf9\xf3\xe8\xff\xf8\xf3\xe8\
\xff\xf9\xf2\xe7\xff\xfa\xf1\xe7\xff\xf9\xf0\xe6\xff\xf9\xf0\xe7\
\xff\xf9\xf0\xe8\xff\xf9\xf0\xe7\xff\xf9\xf0\xe6\xff\xf8\xef\xe5\
\xff\xf8\xef\xe5\xff\xf8\xef\xe5\xff\xf8\xef\xe5\xff\xf8\xef\xe5\
\xff\xfa\xf0\xe6\xff\xfa\xf0\xe6\xff\xf9\xef\xe5\xff\xf9\xef\xe5\
\xff\xf9\xee\xe5\xff\xf8\xee\xe4\xff\xf8\xee\xe5\xff\xf8\xee\xe3\
\xff\xf7\xee\xe1\xff\xf7\xee\xe1\xff\xf6\xed\xe0\xff\xf6\xed\xe0\
\xff\xf6\xed\xe0\xff\xf6\xed\xe0\xff\xf5\xec\xdf\xff\xf5\xec\xdf\
\xff\xf5\xec\xdf\xff\xf5\xec\xdf\xff\xf5\xec\xdf\xff\xf5\xec\xdf\
\xff\xf4\xeb\xde\xff\xf3\xea\xdd\xff\xf5\xe9\xdd\xff\xf5\xe9\xdd\
\xff\xf4\xe9\xdb\xff\xf4\xe9\xdb\xff\xf4\xe9\xdb\xff\xf4\xe9\xdb\
\xff\xf5\xea\xdc\xff\xf4\xe9\xdb\xff\xf4\xe9\xdb\xff\xf4\xe9\xdb\
\xff\xf3\xe8\xda\xff\xf3\xe8\xda\xff\xf3\xe7\xd9\xff\xf2\xe7\xd9\
\xff\xf2\xe7\xd8\xff\xf3\xe6\xd6\xff\xf2\xe5\xd5\xff\xf3\xe6\xd5\
\xff\xf2\xe6\xd6\xff\xf0\xe6\xd8\xff\xf0\xe4\xd6\xff\xef\xe3\xd5\
\xff\xf1\xe3\xd5\xff\xf1\xe4\xd6\xff\xf0\xe3\xd5\xff\xef\xe3\xd5\
\xff\xef\xe2\xd3\xff\xf0\xe1\xd0\xff\xef\xe0\xd0\xff\xe2\xd3\xc3\
\xff\xe2\xd3\xc3\xff\xe2\xd3\xc3\xff\xe3\xd4\xc4\xff\xe3\xd4\xc4\
\xff\xe4\xd5\xc5\xff\xe4\xd5\xc5\xff\xe3\xd4\xc5\xff\xe4\xd5\xc6\
\xff\xe5\xd6\xc6\xff\xe5\xd6\xc6\xff\xe5\xd6\xc6\xff\xe5\xd6\xc6\
\xff\xe5\xd6\xc6\xff\xe5\xd6\xc6\xff\xe5\xd7\xc7\xff\xe4\xd7\xc7\
\xff\xe3\xd6\xc6\xff\xe4\xd7\xc7\xff\xe4\xd7\xc7\xff\xe6\xd9\xc9\
\xff\xe6\xd9\xc9\xff\xe6\xd9\xc9\xff\xe5\xd8\xc8\xff\xe7\xda\xca\
\xff\xe7\xda\xca\xff\xe8\xdb\xcb\xff\xe8\xdb\xcb\xff\xe8\xdb\xcb\
\xff\xe9\xdc\xcc\xff\xe9\xdc\xce\xff\xe8\xdc\xcd\xff\xe9\xdc\xcc\
\xff\xe8\xdd\xcf\xff\xe8\xdd\xcf\xff\xea\xdf\xd1\xff\xea\xdf\xd1\
\xff\xea\xdf\xd1\xff\xea\xdf\xd1\xff\xe9\xdf\xd1\xff\xe9\xdf\xd1\
\xff\xeb\xe0\xd2\xff\xeb\xe0\xd2\xff\xec\xe1\xd3\xff\xed\xe2\xd4\
\xff\xed\xe2\xd4\xff\xec\xe3\xd5\xff\xec\xe3\xd5\xff\xed\xe3\xd5\
\xff\xed\xe4\xd6\xff\xee\xe4\xd6\xff\xef\xe6\xd8\xff\xef\xe6\xd8\
\xff\xf0\xe7\xd9\xff\xf0\xe7\xda\xff\xef\xe7\xda\xff\xf0\xe7\xda\
\xff\xf0\xe7\xda\xff\xf1\xe8\xdb\xff\xf2\xe9\xdc\xff\xf1\xe9\xdc\
\xff\xf1\xe9\xdc\xff\xf1\xe9\xdc\xff\xf3\xea\xdd\xff\xf3\xe9\xdd\
\xff\xf3\xea\xdf\xff\xf3\xea\xe0\xff\xf2\xe9\xdf\xff\xf4\xeb\xe1\
\xff\xf3\xea\xe1\xff\xf5\xec\xe3\xff\xf4\xeb\xe2\xff\xf3\xe9\xe0\
\xff\xf5\xec\xe2\xff\xf3\xe9\xdf\xff\xf5\xea\xe1\xff\xf5\xeb\xe2\
\xff\xf5\xea\xe2\xff\xf3\xe8\xe0\xff\xf5\xec\xe2\xff\xf5\xec\xe2\
\xff\xf6\xec\xe2\xff\xf5\xee\xe1\xff\xf3\xee\xe2\xff\xf3\xed\xe2\
\xff\xf3\xed\xe3\xff\xf4\xee\xe4\xff\xf6\xee\xe3\xff\xf5\xed\xe0\
\xff\xf6\xed\xe3\xff\xf5\xee\xe1\xff\xf2\xeb\xe1\xff\xf6\xef\xe8\
\xff\xfb\xf6\xec\xff\xff\xfc\xf2\xff\xe7\xe0\xe0\xff\xc3\xb9\xcb\
\xff\x97\x87\xa8\xff\x7fk\x93\xff\x89y\xa2\xff\x8c\x83\xae\
\xff\x90\x87\xb0\xff\x91\x8b\xac\xff\x8f\x88\xa8\xff\x90\x85\xa8\
\xff\x92\x86\xb1\xff\x95\x8a\xb3\xff\x94\x89\xb2\xff\x91\x86\xae\
\xff\x93\x88\xae\xff\x8f\x83\xad\xff\x89\x7f\xa2\xff\x8a~\xa4\
\xff\x90\x81\xa9\xff\x94\x8a\xaf\xff\x91\x88\xac\xff\x89|\xa1\
\xff\x9f\x95\xac\xff\xc8\xc2\xc9\xff\xb6\xae\xb5\xff\xb2\xa7\xb8\
\xff\xd4\xcd\xd6\xff\xcc\xc7\xc9\xff\x9b\x93\xa9\xff\x91\x89\xab\
\xff\x9f\x96\xb9\xff\xa6\x98\xbc\xff\xa0\x96\xb5\xff\x9e\x99\xb5\
\xff\xa1\x9b\xb9\xff\xa5\x9c\xbc\xff\xa5\x9a\xbd\xff\x9f\x91\xb8\
\xff\x94\x85\xab\xff\x8e~\xa1\xff\x9b\x8c\xad\xff\xbd\xb2\xca\
\xff\xd7\xd1\xd7\xff\xed\xeb\xe6\xff\xfd\xfb\xf1\xff\xff\xfb\xf2\
\xff\xfa\xf8\xf2\xff\xff\xfd\xf6\xff\xff\xff\xf7\xff\xf9\xfa\xee\
\xff\xec\xee\xe7\xff\xdb\xd8\xdb\xff\xc8\xc5\xd1\xff\xb5\xae\xc0\
\xff\x97\x8e\xa9\xff~w\x96\xffe\x5c\x85\xffPEu\
\xffI=p\xffK>v\xffRD~\xffXK\x83\
\xff^R\x8b\xffgY\x94\xffm`\x9b\xffk`\x9a\
\xffg^\x96\xffe\x5c\x94\xffdZ\x98\xffbV\x97\
\xff^R\x8f\xff^L\x96\xffiZ\x9a\xffli~\
\xffhga\xff\xa4\xa2\x9d\xff\xf5\xf1\xf0\xff\xf9\xf6\xef\
\xff\xf8\xf1\xe6\xff\xfb\xf3\xea\xff\xf9\xf2\xe9\xff\xfb\xf3\xea\
\xff\xfb\xf3\xea\xff\xfa\xf3\xea\xff\xfb\xf4\xeb\xff\xfa\xf3\xea\
\xff\xf9\xf2\xe9\xff\xfa\xf3\xea\xff\xfa\xf3\xea\xff\xfa\xf3\xea\
\xff\xfa\xf3\xea\xff\xfa\xf3\xea\xff\xfa\xf3\xea\xff\xfa\xf4\xe9\
\xff\xfa\xf3\xea\xff\xfa\xf3\xe9\xff\xf9\xf2\xe9\xff\xf9\xf3\xe9\
\xff\xfb\xf2\xe9\xff\xfa\xf1\xe8\xff\xfa\xf1\xe8\xff\xfa\xf1\xe8\
\xff\xfa\xf1\xe7\xff\xfa\xf1\xe7\xff\xfa\xf1\xe7\xff\xf8\xef\xe6\
\xff\xf8\xef\xe5\xff\xf9\xf0\xe6\xff\xf9\xf0\xe6\xff\xf9\xf0\xe6\
\xff\xfa\xf1\xe7\xff\xfa\xf0\xe6\xff\xf9\xf0\xe6\xff\xfa\xf0\xe6\
\xff\xf9\xef\xe5\xff\xf9\xef\xe5\xff\xf7\xee\xe4\xff\xf7\xee\xe3\
\xff\xf7\xee\xe1\xff\xf7\xee\xe1\xff\xf6\xed\xe0\xff\xf6\xed\xe0\
\xff\xf6\xed\xe0\xff\xf7\xee\xe1\xff\xf7\xee\xe1\xff\xf6\xed\xdf\
\xff\xf5\xec\xdf\xff\xf5\xec\xdf\xff\xf5\xec\xdf\xff\xf5\xec\xdf\
\xff\xf5\xec\xdf\xff\xf5\xeb\xde\xff\xf4\xeb\xde\xff\xf5\xea\xde\
\xff\xf5\xea\xdc\xff\xf6\xeb\xdd\xff\xf6\xeb\xdd\xff\xf6\xeb\xdd\
\xff\xf5\xea\xdc\xff\xf5\xea\xdc\xff\xf4\xe9\xdb\xff\xf5\xea\xdc\
\xff\xf4\xe9\xdb\xff\xf3\xe8\xda\xff\xf3\xe8\xda\xff\xf2\xe7\xda\
\xff\xf2\xe7\xd9\xff\xf3\xe6\xd6\xff\xf3\xe6\xd6\xff\xf2\xe5\xd5\
\xff\xf2\xe6\xd6\xff\xf1\xe6\xd8\xff\xf2\xe6\xd8\xff\xf1\xe4\xd6\
\xff\xf1\xe4\xd6\xff\xf1\xe4\xd6\xff\xf1\xe4\xd6\xff\xf1\xe2\xd5\
\xff\xf2\xe3\xd4\xff\xf1\xe2\xd1\xff\xf0\xe1\xd1\xff\xe2\xd3\xc3\
\xff\xe2\xd3\xc3\xff\xe2\xd3\xc3\xff\xe2\xd3\xc3\xff\xe2\xd3\xc3\
\xff\xe3\xd4\xc4\xff\xe4\xd5\xc5\xff\xe3\xd4\xc4\xff\xe4\xd5\xc5\
\xff\xe5\xd6\xc6\xff\xe4\xd5\xc5\xff\xe5\xd5\xc5\xff\xe4\xd6\xc6\
\xff\xe3\xd6\xc6\xff\xe4\xd7\xc7\xff\xe4\xd7\xc7\xff\xe4\xd7\xc7\
\xff\xe4\xd7\xc7\xff\xe4\xd7\xc7\xff\xe4\xd7\xc7\xff\xe5\xd8\xc8\
\xff\xe6\xd9\xc9\xff\xe6\xd9\xc9\xff\xe7\xda\xca\xff\xe7\xda\xca\
\xff\xe7\xda\xca\xff\xe8\xdb\xcb\xff\xe8\xdb\xcb\xff\xe9\xdc\xcc\
\xff\xe9\xdc\xcc\xff\xe9\xdc\xce\xff\xea\xdd\xce\xff\xea\xdd\xcd\
\xff\xe9\xde\xd0\xff\xe9\xde\xd0\xff\xea\xdf\xd1\xff\xea\xdf\xd1\
\xff\xea\xdf\xd1\xff\xea\xdf\xd1\xff\xe9\xe0\xd2\xff\xe9\xe1\xd3\
\xff\xec\xe1\xd3\xff\xec\xe1\xd3\xff\xed\xe2\xd4\xff\xed\xe2\xd4\
\xff\xed\xe3\xd5\xff\xec\xe3\xd5\xff\xed\xe4\xd6\xff\xed\xe5\xd7\
\xff\xed\xe5\xd7\xff\xee\xe5\xd7\xff\xef\xe6\xd8\xff\xef\xe6\xd8\
\xff\xf0\xe7\xda\xff\xf0\xe7\xda\xff\xef\xe7\xda\xff\xef\xe7\xda\
\xff\xf0\xe8\xdb\xff\xf1\xe9\xdc\xff\xf2\xe9\xdc\xff\xf1\xe9\xdc\
\xff\xf3\xeb\xde\xff\xf2\xea\xdd\xff\xf3\xea\xdd\xff\xf3\xeb\xdf\
\xff\xf3\xea\xe0\xff\xf3\xea\xe0\xff\xf4\xeb\xe1\xff\xf4\xeb\xe1\
\xff\xf4\xeb\xe1\xff\xf5\xec\xe1\xff\xf4\xec\xe1\xff\xf5\xec\xe2\
\xff\xf5\xec\xe2\xff\xf6\xeb\xe1\xff\xf5\xec\xe1\xff\xf4\xec\xe2\
\xff\xf5\xec\xe2\xff\xf6\xec\xe2\xff\xf4\xec\xe2\xff\xf5\xec\xe2\
\xff\xf6\xed\xe2\xff\xf5\xee\xe2\xff\xf4\xee\xe3\xff\xf4\xee\xe3\
\xff\xf4\xee\xe2\xff\xf4\xee\xe3\xff\xf5\xee\xe4\xff\xf5\xee\xe4\
\xff\xf6\xee\xe5\xff\xf9\xef\xe5\xff\xf6\xed\xdf\xff\xf6\xee\xe0\
\xff\xf4\xed\xe1\xff\xf2\xed\xe4\xff\xf8\xf2\xea\xff\xff\xfe\xf3\
\xff\xdb\xd9\xcd\xff\xa7\xa1\xa1\xff\x94\x87\xa1\xff{n\x9a\
\xfftj\x97\xff\x8e\x84\xaa\xff\x9f\x95\xb5\xff\x99\x8e\xaf\
\xff\x90\x86\xab\xff\x90\x85\xaa\xff\x93\x87\xaa\xff\x97\x8d\xaf\
\xff\x94\x8e\xaf\xff\x94\x8d\xaf\xff\x97\x90\xb0\xff\x93\x8b\xab\
\xff\x91\x85\xa9\xff\x95\x8a\xb1\xff\x8d\x86\xa9\xff\x9a\x91\xab\
\xff\xc1\xba\xc4\xff\xc2\xbe\xbe\xff\xbf\xb9\xbd\xff\xd7\xd1\xd2\
\xff\xc5\xbb\xc7\xff\xa2\x95\xb3\xff\x99\x92\xb4\xff\xa3\x9c\xc0\
\xff\xa0\x9a\xbb\xff\xa2\x9a\xb7\xff\xa1\x9a\xb6\xff\xa2\x9b\xba\
\xff\x9d\x95\xb7\xff\x95\x88\xae\xff\x8d\x80\xa0\xff\x9a\x8e\xaa\
\xff\xb7\xaf\xbf\xff\xd1\xcc\xd1\xff\xe6\xe2\xe2\xff\xf8\xf6\xee\
\xff\xfc\xfa\xf1\xff\xfc\xf9\xee\xff\xfa\xf3\xe9\xff\xf7\xee\xe5\
\xff\xf6\xef\xe6\xff\xf5\xee\xe7\xff\xf8\xf3\xea\xff\xfa\xf6\xed\
\xff\xf9\xf7\xee\xff\xfd\xfb\xf0\xff\xff\xff\xf3\xff\xff\xff\xf2\
\xff\xf7\xf7\xf0\xff\xe6\xe6\xe5\xff\xd8\xd8\xdb\xff\xca\xc8\xd2\
\xff\xb3\xb0\xc2\xff\x93\x8f\xa9\xffwp\x95\xff`U\x84\
\xffOEu\xffH>n\xffL@x\xffRE\x80\
\xffXK\x85\xff_R\x8f\xffdW\x94\xffk_\x95\
\xffk_\x93\xffhY\x97\xffk[\x9a\xfflf\x83\
\xffilh\xff\xbc\xbe\xb2\xff\xfb\xf9\xf4\xff\xfc\xf4\xed\
\xff\xfa\xf1\xe7\xff\xfb\xf4\xeb\xff\xfa\xf4\xeb\xff\xfb\xf3\xea\
\xff\xfa\xf3\xea\xff\xfa\xf3\xea\xff\xfa\xf3\xea\xff\xfb\xf4\xeb\
\xff\xfb\xf4\xeb\xff\xfb\xf4\xeb\xff\xfa\xf3\xea\xff\xfa\xf3\xea\
\xff\xfa\xf3\xea\xff\xfa\xf3\xea\xff\xfa\xf3\xea\xff\xfa\xf4\xe9\
\xff\xfa\xf3\xea\xff\xfa\xf3\xea\xff\xf9\xf2\xe9\xff\xf9\xf2\xe9\
\xff\xfb\xf2\xe9\xff\xfb\xf2\xe9\xff\xfa\xf1\xe8\xff\xfa\xf1\xe7\
\xff\xfb\xf2\xe8\xff\xfa\xf1\xe7\xff\xfa\xf1\xe7\xff\xfa\xf1\xe7\
\xff\xfa\xf1\xe7\xff\xfa\xf1\xe7\xff\xfa\xf1\xe7\xff\xfa\xf1\xe7\
\xff\xfa\xf1\xe7\xff\xfb\xf2\xe8\xff\xfa\xf1\xe7\xff\xfa\xf1\xe7\
\xff\xfa\xf1\xe7\xff\xf9\xf0\xe6\xff\xf8\xef\xe5\xff\xf7\xee\xe3\
\xff\xf8\xef\xe1\xff\xf7\xee\xe1\xff\xf6\xed\xe0\xff\xf6\xed\xe0\
\xff\xf6\xed\xe0\xff\xf7\xee\xe1\xff\xf7\xee\xe1\xff\xf7\xee\xe0\
\xff\xf5\xec\xdf\xff\xf5\xec\xdf\xff\xf5\xec\xdf\xff\xf5\xec\xdf\
\xff\xf5\xec\xdf\xff\xf5\xec\xdf\xff\xf5\xec\xdf\xff\xf6\xec\xdf\
\xff\xf6\xeb\xdd\xff\xf6\xeb\xdd\xff\xf6\xeb\xdd\xff\xf6\xeb\xdd\
\xff\xf6\xeb\xdd\xff\xf5\xea\xdc\xff\xf4\xe9\xdb\xff\xf5\xea\xdc\
\xff\xf4\xe9\xdb\xff\xf3\xe8\xda\xff\xf3\xe8\xda\xff\xf3\xe8\xdb\
\xff\xf3\xe8\xd9\xff\xf4\xe7\xd8\xff\xf4\xe7\xd9\xff\xf2\xe5\xd7\
\xff\xf2\xe5\xd7\xff\xf1\xe6\xd8\xff\xf2\xe6\xd8\xff\xf3\xe5\xd7\
\xff\xf2\xe5\xd7\xff\xf1\xe4\xd6\xff\xf1\xe4\xd6\xff\xf2\xe2\xd5\
\xff\xf2\xe2\xd4\xff\xf0\xe2\xd1\xff\xf1\xe1\xd1\xff\xe2\xd3\xc3\
\xff\xe2\xd3\xc3\xff\xe2\xd3\xc3\xff\xe3\xd4\xc4\xff\xe3\xd4\xc4\
\xff\xe3\xd4\xc4\xff\xe4\xd5\xc5\xff\xe5\xd6\xc6\xff\xe5\xd6\xc6\
\xff\xe5\xd6\xc6\xff\xe5\xd6\xc6\xff\xe5\xd6\xc6\xff\xe4\xd6\xc6\
\xff\xe3\xd7\xc7\xff\xe4\xd7\xc7\xff\xe4\xd7\xc7\xff\xe4\xd7\xc7\
\xff\xe5\xd8\xc8\xff\xe5\xd8\xc8\xff\xe5\xd8\xc8\xff\xe6\xd9\xc9\
\xff\xe6\xd9\xc9\xff\xe7\xda\xca\xff\xe7\xda\xca\xff\xe7\xda\xca\
\xff\xe8\xdb\xcb\xff\xe9\xdc\xcc\xff\xe9\xdc\xcc\xff\xe9\xdc\xcc\
\xff\xe9\xdc\xcc\xff\xea\xdd\xcd\xff\xeb\xde\xce\xff\xeb\xde\xce\
\xff\xe9\xde\xd0\xff\xe9\xde\xd0\xff\xea\xdf\xd1\xff\xeb\xe0\xd2\
\xff\xeb\xe0\xd2\xff\xeb\xe0\xd2\xff\xeb\xe1\xd3\xff\xea\xe1\xd3\
\xff\xec\xe1\xd3\xff\xec\xe1\xd3\xff\xed\xe2\xd4\xff\xee\xe3\xd5\
\xff\xed\xe3\xd5\xff\xed\xe4\xd6\xff\xee\xe5\xd7\xff\xef\xe6\xd8\
\xff\xef\xe6\xd8\xff\xef\xe6\xd8\xff\xef\xe6\xd8\xff\xf0\xe7\xd9\
\xff\xf0\xe7\xd9\xff\xf0\xe7\xda\xff\xf0\xe8\xdb\xff\xf0\xe8\xdb\
\xff\xf1\xea\xdd\xff\xf2\xea\xdd\xff\xf2\xea\xdd\xff\xf2\xea\xdd\
\xff\xf2\xea\xdd\xff\xf2\xea\xdd\xff\xf3\xeb\xde\xff\xf4\xec\xe0\
\xff\xf4\xeb\xe1\xff\xf4\xeb\xe1\xff\xf4\xeb\xe1\xff\xf4\xeb\xe1\
\xff\xf5\xec\xe1\xff\xf5\xec\xe1\xff\xf5\xec\xe1\xff\xf5\xec\xe2\
\xff\xf7\xec\xe2\xff\xf7\xec\xe2\xff\xf4\xed\xe2\xff\xf5\xed\xe3\
\xff\xf5\xec\xe2\xff\xf6\xed\xe3\xff\xf6\xed\xe3\xff\xf6\xed\xe3\
\xff\xf6\xed\xe3\xff\xf6\xef\xe2\xff\xf5\xef\xe4\xff\xf5\xef\xe4\
\xff\xf5\xee\xe3\xff\xf5\xef\xe4\xff\xf6\xee\xe4\xff\xf5\xee\xe3\
\xff\xf5\xef\xe4\xff\xf8\xf0\xe5\xff\xf6\xee\xdf\xff\xf8\xf1\xe2\
\xff\xf9\xf2\xe6\xff\xf2\xec\xe2\xff\xf3\xec\xe2\xff\xf8\xf7\xe6\
\xff\xe6\xe5\xcd\xff\xcf\xcb\xb8\xff\xdb\xd5\xcf\xff\xd7\xd3\xd5\
\xff\xa0\x99\xb0\xff~o\x99\xff\x8c{\xa5\xff\x9a\x8d\xb0\
\xff\x9b\x94\xaf\xff\x96\x8f\xac\xff\x92\x8a\xa7\xff\x91\x89\xab\
\xff\x92\x8a\xaf\xff\x94\x8e\xad\xff\x92\x89\xb1\xff\x93\x8a\xb0\
\xff\x98\x90\xaf\xff\x8f\x83\xa8\xff\x96\x8c\xa5\xff\xc0\xbc\xbb\
\xff\xc9\xc3\xc6\xff\xbd\xb8\xbc\xff\xd8\xd3\xd4\xff\xbf\xb7\xc1\
\xff\x9b\x8d\xae\xff\xa0\x93\xb6\xff\xa1\x9c\xb9\xff\xa4\x9b\xba\
\xff\xa1\x98\xbb\xff\x9f\x93\xb8\xff\x95\x89\xae\xff\x90\x85\xa4\
\xff\x95\x8b\xa5\xff\xaa\xa2\xb5\xff\xcf\xc9\xce\xff\xe5\xe1\xde\
\xff\xf7\xf4\xed\xff\xff\xfe\xf3\xff\xfa\xf9\xec\xff\xf8\xf6\xe7\
\xff\xf4\xf1\xe3\xff\xf5\xef\xe5\xff\xf9\xf1\xe8\xff\xfa\xf1\xe8\
\xff\xfb\xf2\xe9\xff\xf9\xf1\xe8\xff\xf7\xf0\xe7\xff\xf5\xef\xe6\
\xff\xf5\xee\xe5\xff\xf4\xee\xe6\xff\xf8\xf2\xe6\xff\xfb\xf4\xe7\
\xff\xfc\xf5\xec\xff\xfd\xf4\xf1\xff\xff\xfb\xf1\xff\xff\xff\xf5\
\xff\xff\xff\xf8\xff\xf5\xf4\xee\xff\xe6\xe4\xe2\xff\xd7\xd5\xd9\
\xff\xc7\xc3\xcc\xff\xa9\xa2\xb5\xff\x86}\x9d\xffi^\x89\
\xffWJ\x80\xffN>|\xffF7u\xffOBy\
\xff\x5cP\x84\xff\x5cO\x84\xffdU\x90\xffj`\x8b\
\xffssz\xff\xd4\xd8\xcc\xff\xfe\xfd\xf6\xff\xfb\xf3\xec\
\xff\xfc\xf2\xe9\xff\xfb\xf4\xeb\xff\xfb\xf4\xeb\xff\xfc\xf4\xeb\
\xff\xfb\xf4\xeb\xff\xfb\xf4\xeb\xff\xfc\xf5\xec\xff\xfc\xf5\xec\
\xff\xfb\xf4\xeb\xff\xfb\xf4\xeb\xff\xfb\xf4\xeb\xff\xfb\xf4\xeb\
\xff\xfb\xf4\xeb\xff\xfa\xf3\xea\xff\xfa\xf3\xea\xff\xfa\xf4\xe9\
\xff\xfa\xf3\xea\xff\xfa\xf3\xea\xff\xf9\xf2\xe9\xff\xf9\xf2\xe9\
\xff\xfc\xf3\xea\xff\xfc\xf3\xea\xff\xfb\xf2\xe9\xff\xfb\xf2\xe8\
\xff\xfb\xf2\xe8\xff\xfb\xf2\xe8\xff\xfb\xf2\xe8\xff\xfb\xf2\xe8\
\xff\xfb\xf2\xe8\xff\xfb\xf2\xe8\xff\xfb\xf2\xe8\xff\xfb\xf2\xe8\
\xff\xfb\xf2\xe8\xff\xfb\xf2\xe8\xff\xfb\xf2\xe8\xff\xfa\xf1\xe7\
\xff\xfa\xf1\xe7\xff\xfa\xf2\xe7\xff\xfa\xf1\xe8\xff\xfa\xf1\xe6\
\xff\xf9\xf0\xe3\xff\xf7\xee\xe1\xff\xf7\xee\xe1\xff\xf7\xee\xe1\
\xff\xf7\xee\xe1\xff\xf7\xee\xe1\xff\xf7\xee\xe1\xff\xf7\xee\xe0\
\xff\xf6\xed\xdf\xff\xf5\xec\xdf\xff\xf5\xec\xdf\xff\xf5\xec\xdf\
\xff\xf5\xec\xdf\xff\xf5\xec\xdf\xff\xf5\xec\xdf\xff\xf6\xeb\xdf\
\xff\xf6\xeb\xdd\xff\xf6\xeb\xdd\xff\xf6\xeb\xdd\xff\xf6\xeb\xdd\
\xff\xf6\xeb\xdd\xff\xf5\xea\xdc\xff\xf4\xe9\xdb\xff\xf4\xe9\xdb\
\xff\xf4\xe9\xdb\xff\xf4\xe9\xdb\xff\xf3\xe8\xda\xff\xf3\xe8\xda\
\xff\xf4\xe8\xda\xff\xf5\xe8\xd8\xff\xf4\xe7\xd9\xff\xf3\xe6\xd8\
\xff\xf3\xe6\xd8\xff\xf2\xe7\xd9\xff\xf3\xe6\xd8\xff\xf3\xe6\xd8\
\xff\xf2\xe5\xd7\xff\xf1\xe4\xd6\xff\xf1\xe4\xd6\xff\xf2\xe2\xd5\
\xff\xf2\xe2\xd4\xff\xf0\xe2\xd1\xff\xf0\xe1\xd1\xff\xe1\xd2\xc2\
\xff\xe2\xd3\xc3\xff\xe2\xd3\xc3\xff\xe3\xd4\xc4\xff\xe3\xd4\xc4\
\xff\xe3\xd4\xc4\xff\xe4\xd5\xc5\xff\xe4\xd5\xc5\xff\xe5\xd6\xc6\
\xff\xe5\xd6\xc6\xff\xe5\xd6\xc6\xff\xe5\xd6\xc6\xff\xe4\xd6\xc6\
\xff\xe4\xd7\xc7\xff\xe4\xd7\xc7\xff\xe5\xd8\xc8\xff\xe5\xd8\xc8\
\xff\xe5\xd8\xc8\xff\xe5\xd8\xc8\xff\xe6\xd9\xc9\xff\xe8\xdb\xcb\
\xff\xe7\xda\xca\xff\xe7\xda\xca\xff\xe7\xda\xca\xff\xe7\xda\xca\
\xff\xe8\xdb\xcb\xff\xe8\xdb\xcb\xff\xe9\xdc\xcc\xff\xea\xdd\xcd\
\xff\xea\xdd\xcd\xff\xeb\xde\xce\xff\xeb\xde\xce\xff\xeb\xde\xce\
\xff\xe9\xdd\xcf\xff\xea\xdf\xd1\xff\xeb\xe0\xd2\xff\xeb\xe0\xd2\
\xff\xeb\xe0\xd2\xff\xec\xe1\xd3\xff\xea\xe1\xd3\xff\xea\xe1\xd3\
\xff\xed\xe2\xd4\xff\xee\xe3\xd5\xff\xef\xe4\xd6\xff\xef\xe4\xd6\
\xff\xed\xe4\xd6\xff\xed\xe4\xd6\xff\xee\xe5\xd7\xff\xef\xe6\xd8\
\xff\xef\xe6\xd8\xff\xf0\xe7\xd9\xff\xf0\xe7\xd9\xff\xf0\xe7\xd9\
\xff\xf0\xe7\xda\xff\xf1\xe8\xdb\xff\xf1\xe9\xdc\xff\xf1\xe9\xdc\
\xff\xf2\xea\xdd\xff\xf3\xeb\xde\xff\xf3\xeb\xde\xff\xf3\xeb\xde\
\xff\xf2\xea\xdd\xff\xf4\xec\xdf\xff\xf4\xec\xdf\xff\xf4\xec\xdf\
\xff\xf5\xec\xe1\xff\xf6\xed\xe3\xff\xf5\xec\xe2\xff\xf6\xed\xe3\
\xff\xf6\xed\xe3\xff\xf6\xed\xe3\xff\xf6\xed\xe3\xff\xf6\xed\xe3\
\xff\xf7\xed\xe3\xff\xf7\xed\xe3\xff\xf6\xed\xe3\xff\xf6\xed\xe3\
\xff\xf6\xed\xe3\xff\xf6\xed\xe3\xff\xf6\xef\xe4\xff\xf5\xee\xe3\
\xff\xf5\xee\xe3\xff\xf6\xef\xe4\xff\xf5\xef\xe4\xff\xf5\xef\xe4\
\xff\xf5\xef\xe5\xff\xf6\xf0\xe5\xff\xf6\xef\xe4\xff\xf6\xef\xe3\
\xff\xf5\xef\xe4\xff\xf6\xf0\xe4\xff\xf7\xf0\xe5\xff\xf6\xef\xe6\
\xff\xf5\xee\xe6\xff\xf4\xed\xe2\xff\xfb\xf2\xe6\xff\xfb\xf7\xec\
\xff\xdb\xd4\xcb\xff\xc7\xba\xb0\xff\xec\xe4\xd5\xff\xff\xff\xf6\
\xff\xf3\xf0\xeb\xff\xd2\xc9\xd8\xff\x9b\x8c\xac\xffyg\x8e\
\xff\x88z\x9c\xff\x98\x8f\xb1\xff\x99\x90\xb4\xff\x94\x89\xb1\
\xff\x91\x89\xae\xff\x92\x8c\xaf\xff\x92\x89\xb1\xff\x98\x8e\xb4\
\xff\x93\x8a\xab\xff\x94\x89\xa4\xff\xb7\xae\xb6\xff\xc7\xc0\xc2\
\xff\xbe\xb6\xbf\xff\xd6\xcf\xd6\xff\xc3\xb9\xc9\xff\xa1\x91\xb3\
\xff\xa2\x93\xbd\xff\xa5\x9c\xba\xff\xa4\x9b\xb6\xff\x9c\x8f\xae\
\xff\x94\x87\xa8\xff\x9c\x8e\xae\xff\xaa\x9e\xb6\xff\xc4\xbc\xca\
\xff\xe1\xdb\xe2\xff\xf2\xf1\xe8\xff\xff\xff\xed\xff\xff\xfd\xeb\
\xff\xfa\xf5\xec\xff\xf4\xef\xe9\xff\xf4\xed\xe8\xff\xf6\xef\xe9\
\xff\xf9\xf3\xe7\xff\xfb\xf4\xe8\xff\xfb\xf3\xea\xff\xfa\xf2\xe9\
\xff\xfc\xf3\xea\xff\xfb\xf2\xe9\xff\xfb\xf3\xea\xff\xfa\xf3\xe9\
\xff\xf9\xf3\xe8\xff\xfa\xf3\xeb\xff\xfa\xf2\xe9\xff\xf8\xf0\xe6\
\xff\xf8\xee\xe8\xff\xf9\xee\xeb\xff\xf7\xed\xe7\xff\xf7\xef\xe5\
\xff\xfa\xf2\xe9\xff\xfc\xf2\xee\xff\xff\xf6\xf1\xff\xff\xfc\xf1\
\xff\xff\xff\xf5\xff\xfd\xfb\xf3\xff\xee\xed\xed\xff\xe0\xe0\xe5\
\xff\xd0\xd1\xd9\xff\xb3\xb1\xc0\xff\x91\x8d\xa4\xffsi\x94\
\xffXK~\xffN@x\xffI9v\xffJ:o\
\xfflew\xff\xdc\xdd\xd6\xff\xff\xff\xf7\xff\xf9\xf3\xec\
\xff\xfc\xf3\xeb\xff\xfb\xf4\xeb\xff\xfb\xf4\xeb\xff\xfc\xf4\xeb\
\xff\xfb\xf4\xeb\xff\xfb\xf5\xec\xff\xfc\xf5\xec\xff\xfc\xf5\xec\
\xff\xfb\xf4\xeb\xff\xfb\xf4\xeb\xff\xfb\xf4\xeb\xff\xfb\xf4\xeb\
\xff\xfb\xf4\xeb\xff\xfa\xf3\xea\xff\xfb\xf4\xeb\xff\xfa\xf4\xea\
\xff\xfa\xf3\xea\xff\xfa\xf3\xea\xff\xfa\xf3\xea\xff\xfa\xf3\xea\
\xff\xfc\xf3\xea\xff\xfc\xf3\xea\xff\xfb\xf2\xe9\xff\xfb\xf2\xe8\
\xff\xfb\xf2\xe8\xff\xfb\xf2\xe8\xff\xfb\xf2\xe8\xff\xfb\xf2\xe8\
\xff\xfb\xf2\xe8\xff\xfb\xf2\xe8\xff\xfb\xf2\xe8\xff\xfb\xf2\xe8\
\xff\xfa\xf1\xe7\xff\xfb\xf2\xe8\xff\xfb\xf2\xe8\xff\xfb\xf2\xe8\
\xff\xfb\xf2\xe8\xff\xfb\xf2\xe8\xff\xfa\xf1\xe7\xff\xf9\xf0\xe6\
\xff\xfa\xf1\xe5\xff\xf8\xef\xe2\xff\xf8\xef\xe2\xff\xf7\xee\xe1\
\xff\xf7\xee\xe1\xff\xf7\xee\xe1\xff\xf7\xee\xe0\xff\xf6\xee\xdf\
\xff\xf5\xed\xdf\xff\xf5\xec\xdf\xff\xf5\xec\xdf\xff\xf5\xec\xdf\
\xff\xf5\xec\xdf\xff\xf5\xec\xdf\xff\xf5\xec\xdf\xff\xf6\xec\xdf\
\xff\xf6\xeb\xdd\xff\xf6\xeb\xdd\xff\xf6\xeb\xdd\xff\xf6\xeb\xdd\
\xff\xf6\xeb\xdd\xff\xf5\xea\xdc\xff\xf4\xe9\xdb\xff\xf4\xe9\xdb\
\xff\xf4\xe9\xdb\xff\xf4\xe9\xdb\xff\xf4\xe9\xdb\xff\xf3\xe8\xda\
\xff\xf3\xe8\xd9\xff\xf4\xe8\xd9\xff\xf5\xe8\xda\xff\xf4\xe7\xd9\
\xff\xf3\xe6\xd8\xff\xf2\xe7\xd9\xff\xf2\xe6\xd8\xff\xf3\xe6\xd8\
\xff\xf3\xe6\xd8\xff\xf2\xe5\xd7\xff\xf1\xe4\xd6\xff\xf2\xe3\xd6\
\xff\xf3\xe3\xd5\xff\xf1\xe2\xd3\xff\xf0\xe1\xd2\xff\xe1\xd2\xc2\
\xff\xe2\xd3\xc3\xff\xe2\xd3\xc3\xff\xe3\xd4\xc4\xff\xe3\xd4\xc4\
\xff\xe3\xd4\xc4\xff\xe4\xd5\xc5\xff\xe5\xd6\xc6\xff\xe5\xd6\xc6\
\xff\xe5\xd6\xc6\xff\xe5\xd6\xc6\xff\xe5\xd6\xc6\xff\xe4\xd6\xc6\
\xff\xe3\xd6\xc6\xff\xe5\xd8\xc8\xff\xe5\xd8\xc8\xff\xe5\xd8\xc8\
\xff\xe5\xd8\xc8\xff\xe6\xd9\xc9\xff\xe7\xda\xca\xff\xe8\xdb\xcb\
\xff\xe8\xdb\xcb\xff\xe9\xdc\xcc\xff\xe7\xda\xca\xff\xe8\xdb\xcb\
\xff\xe9\xdc\xcc\xff\xe9\xdc\xcc\xff\xeb\xde\xce\xff\xea\xdd\xcd\
\xff\xeb\xde\xce\xff\xeb\xde\xce\xff\xeb\xde\xce\xff\xec\xdf\xcf\
\xff\xeb\xdf\xd1\xff\xeb\xe1\xd3\xff\xeb\xe0\xd2\xff\xeb\xe0\xd2\
\xff\xec\xe1\xd3\xff\xec\xe1\xd3\xff\xeb\xe2\xd4\xff\xec\xe3\xd5\
\xff\xed\xe2\xd4\xff\xee\xe3\xd5\xff\xef\xe4\xd6\xff\xef\xe4\xd6\
\xff\xed\xe4\xd6\xff\xee\xe5\xd7\xff\xef\xe6\xd8\xff\xf0\xe7\xd9\
\xff\xf0\xe7\xd9\xff\xf1\xe8\xda\xff\xf1\xe8\xda\xff\xf1\xe8\xda\
\xff\xf1\xe8\xdb\xff\xf2\xe9\xdc\xff\xf3\xeb\xde\xff\xf3\xeb\xde\
\xff\xf3\xeb\xde\xff\xf2\xea\xdd\xff\xf3\xeb\xde\xff\xf4\xec\xdf\
\xff\xf4\xec\xdf\xff\xf4\xec\xdf\xff\xf4\xec\xdf\xff\xf4\xec\xdf\
\xff\xf6\xed\xe2\xff\xf6\xed\xe3\xff\xf6\xed\xe3\xff\xf6\xed\xe3\
\xff\xf6\xed\xe3\xff\xf6\xed\xe3\xff\xf6\xed\xe3\xff\xf6\xed\xe3\
\xff\xf6\xed\xe3\xff\xf6\xed\xe3\xff\xf6\xed\xe3\xff\xf6\xed\xe3\
\xff\xf7\xed\xe3\xff\xf6\xef\xe4\xff\xf5\xf0\xe5\xff\xf5\xef\xe4\
\xff\xf5\xef\xe4\xff\xf6\xf1\xe6\xff\xf6\xf0\xe5\xff\xf6\xf0\xe5\
\xff\xf6\xf0\xe5\xff\xf6\xf0\xe5\xff\xf6\xf0\xe5\xff\xf6\xf0\xe5\
\xff\xf6\xf0\xe5\xff\xf6\xf0\xe4\xff\xf4\xee\xe3\xff\xf4\xee\xe4\
\xff\xf7\xf0\xe7\xff\xf8\xf2\xe5\xff\xf7\xf0\xe2\xff\xf9\xf4\xed\
\xff\xde\xd6\xd1\xff\xc8\xb8\xb1\xff\xec\xde\xd5\xff\xf9\xf4\xea\
\xff\xf5\xf2\xe8\xff\xfc\xfa\xf1\xff\xef\xeb\xea\xff\xcd\xc4\xd5\
\xff\x94\x84\xa7\xffve\x93\xff\x87v\xa7\xff\x96\x8b\xae\
\xff\x9b\x95\xb1\xff\x94\x8c\xb0\xff\x93\x8a\xaa\xff\x96\x8c\xac\
\xff\x93\x86\xa9\xff\xaf\xa4\xb7\xff\xc8\xbf\xc6\xff\xc4\xb8\xca\
\xff\xd4\xd0\xcc\xff\xc7\xc0\xc7\xff\xa1\x91\xb6\xff\xa1\x8f\xbc\
\xff\x9f\x94\xb5\xff\x97\x8e\xa7\xff\x97\x8b\xa7\xff\xa3\x9a\xac\
\xff\xc2\xbc\xc2\xff\xe1\xdc\xdd\xff\xf2\xef\xea\xff\xfa\xf7\xf0\
\xff\xfc\xf9\xef\xff\xfc\xf7\xee\xff\xf8\xf1\xe7\xff\xf8\xf0\xe6\
\xff\xf8\xef\xe9\xff\xf8\xf1\xe9\xff\xf9\xf1\xea\xff\xf8\xef\xec\
\xff\xf9\xf0\xec\xff\xfb\xf0\xeb\xff\xfd\xf2\xeb\xff\xfd\xf3\xeb\
\xff\xfc\xf2\xe9\xff\xfb\xf2\xe9\xff\xfc\xf2\xe9\xff\xfc\xf2\xe9\
\xff\xf9\xf2\xe8\xff\xf8\xf1\xe8\xff\xfa\xf2\xe8\xff\xf9\xf3\xe6\
\xff\xfa\xf3\xea\xff\xfa\xf3\xea\xff\xf8\xf3\xe8\xff\xf7\xf2\xe5\
\xff\xfa\xf4\xe7\xff\xf9\xf1\xe8\xff\xf7\xed\xe5\xff\xf7\xf0\xe6\
\xff\xf9\xf3\xe9\xff\xf9\xf4\xea\xff\xfb\xf8\xef\xff\xfd\xfb\xf2\
\xff\xff\xff\xf8\xff\xfd\xfc\xf5\xff\xf2\xf4\xee\xff\xe7\xe6\xea\
\xff\xda\xd6\xe1\xff\xc4\xc1\xcc\xff\xa3\x9f\xb4\xffzn\x92\
\xff\x8a\x82\x94\xff\xea\xe8\xe1\xff\xff\xfe\xf3\xff\xf9\xf4\xeb\
\xff\xfc\xf3\xeb\xff\xfa\xf3\xea\xff\xfb\xf4\xeb\xff\xfb\xf4\xeb\
\xff\xfb\xf4\xeb\xff\xfb\xf4\xeb\xff\xfc\xf5\xec\xff\xfc\xf5\xec\
\xff\xfc\xf5\xec\xff\xfc\xf5\xec\xff\xfc\xf5\xec\xff\xfc\xf5\xec\
\xff\xfc\xf5\xec\xff\xfb\xf4\xeb\xff\xfb\xf4\xeb\xff\xfb\xf4\xeb\
\xff\xfb\xf4\xeb\xff\xfb\xf4\xeb\xff\xfb\xf4\xeb\xff\xfb\xf3\xea\
\xff\xfc\xf3\xea\xff\xfb\xf2\xe9\xff\xfb\xf2\xe9\xff\xfb\xf2\xe9\
\xff\xfb\xf2\xe9\xff\xfb\xf2\xe9\xff\xfb\xf2\xe8\xff\xfb\xf2\xe8\
\xff\xfb\xf2\xe8\xff\xfb\xf2\xe8\xff\xfb\xf2\xe8\xff\xfb\xf2\xe8\
\xff\xfb\xf2\xe8\xff\xfb\xf2\xe8\xff\xfc\xf3\xe9\xff\xfb\xf2\xe8\
\xff\xfb\xf2\xe8\xff\xfb\xf2\xe8\xff\xfa\xf1\xe7\xff\xf9\xf0\xe6\
\xff\xfa\xf0\xe5\xff\xf9\xf0\xe2\xff\xf8\xef\xe2\xff\xf8\xef\xe2\
\xff\xf8\xef\xe2\xff\xf7\xee\xe1\xff\xf7\xee\xe1\xff\xf6\xee\xe1\
\xff\xf5\xed\xdf\xff\xf6\xed\xe0\xff\xf6\xed\xe0\xff\xf5\xec\xdf\
\xff\xf5\xec\xdf\xff\xf5\xec\xdf\xff\xf5\xec\xdf\xff\xf6\xeb\xdf\
\xff\xf7\xeb\xde\xff\xf6\xeb\xdd\xff\xf7\xec\xde\xff\xf7\xec\xde\
\xff\xf6\xeb\xdd\xff\xf5\xea\xdc\xff\xf5\xea\xdc\xff\xf3\xe8\xda\
\xff\xf3\xe8\xda\xff\xf3\xe8\xda\xff\xf3\xe8\xda\xff\xf3\xe8\xda\
\xff\xf2\xe7\xda\xff\xf3\xe7\xd9\xff\xf4\xe7\xd9\xff\xf4\xe7\xd9\
\xff\xf3\xe7\xd9\xff\xf1\xe6\xd8\xff\xf1\xe6\xd8\xff\xf3\xe6\xd8\
\xff\xf3\xe6\xd8\xff\xf2\xe5\xd7\xff\xf2\xe5\xd7\xff\xf3\xe3\xd6\
\xff\xf3\xe3\xd6\xff\xf2\xe2\xd5\xff\xf1\xe1\xd4\xff\xe1\xd2\xc2\
\xff\xe1\xd2\xc2\xff\xe2\xd3\xc3\xff\xe3\xd4\xc4\xff\xe3\xd4\xc4\
\xff\xe3\xd4\xc4\xff\xe4\xd5\xc5\xff\xe5\xd6\xc6\xff\xe5\xd6\xc6\
\xff\xe5\xd6\xc6\xff\xe5\xd6\xc6\xff\xe5\xd6\xc6\xff\xe5\xd7\xc7\
\xff\xe4\xd7\xc7\xff\xe5\xd7\xc7\xff\xe5\xd8\xc8\xff\xe6\xd9\xc9\
\xff\xe6\xd9\xc9\xff\xe7\xda\xca\xff\xe7\xda\xca\xff\xe7\xda\xca\
\xff\xe8\xdb\xcb\xff\xe8\xdb\xcb\xff\xe9\xdc\xcc\xff\xea\xdd\xcd\
\xff\xeb\xde\xce\xff\xea\xdd\xcd\xff\xeb\xde\xce\xff\xeb\xde\xce\
\xff\xeb\xde\xce\xff\xeb\xde\xce\xff\xeb\xde\xce\xff\xed\xe0\xd0\
\xff\xec\xe0\xd2\xff\xec\xe1\xd3\xff\xec\xe1\xd3\xff\xed\xe2\xd4\
\xff\xed\xe2\xd4\xff\xed\xe2\xd4\xff\xec\xe3\xd5\xff\xec\xe3\xd5\
\xff\xee\xe3\xd5\xff\xef\xe4\xd6\xff\xef\xe4\xd6\xff\xf0\xe5\xd7\
\xff\xee\xe5\xd7\xff\xef\xe6\xd8\xff\xf0\xe7\xd9\xff\xf1\xe8\xda\
\xff\xf1\xe8\xda\xff\xf1\xe8\xda\xff\xf2\xe9\xdb\xff\xf2\xe9\xdb\
\xff\xf2\xe9\xdc\xff\xf3\xea\xdd\xff\xf3\xeb\xde\xff\xf3\xeb\xde\
\xff\xf3\xeb\xde\xff\xf3\xeb\xde\xff\xf3\xeb\xde\xff\xf4\xec\xdf\
\xff\xf5\xed\xe0\xff\xf5\xed\xe0\xff\xf5\xed\xe0\xff\xf5\xed\xe0\
\xff\xf6\xed\xe2\xff\xf6\xed\xe4\xff\xf6\xed\xe3\xff\xf6\xed\xe3\
\xff\xf6\xed\xe3\xff\xf7\xee\xe4\xff\xf6\xed\xe3\xff\xf6\xed\xe3\
\xff\xf7\xee\xe4\xff\xf7\xee\xe4\xff\xf7\xee\xe4\xff\xf8\xef\xe5\
\xff\xf7\xf0\xe5\xff\xf7\xf1\xe6\xff\xf7\xf1\xe6\xff\xf7\xf1\xe6\
\xff\xf7\xf1\xe6\xff\xf6\xf0\xe5\xff\xf6\xf0\xe5\xff\xf6\xf0\xe5\
\xff\xf6\xf0\xe5\xff\xf6\xf0\xe5\xff\xf6\xf0\xe5\xff\xf6\xf0\xe5\
\xff\xf6\xf0\xe5\xff\xf6\xf0\xe5\xff\xf6\xef\xe5\xff\xf6\xf1\xe4\
\xff\xf5\xef\xe2\xff\xf4\xef\xe6\xff\xf5\xee\xe5\xff\xfe\xfb\xf0\
\xff\xe2\xdf\xcf\xff\xc1\xb5\xa6\xff\xea\xe0\xd6\xff\xfb\xfc\xeb\
\xff\xf2\xef\xe1\xff\xf3\xef\xe5\xff\xf7\xf1\xeb\xff\xfc\xf7\xf3\
\xff\xf0\xec\xed\xff\xce\xc6\xd0\xff\x97\x8b\xa7\xffzm\x8f\
\xff\x86{\x98\xff\x94\x87\xaf\xff\x9c\x8e\xb6\xff\x93\x86\xa8\
\xff\xa1\x97\xac\xff\xc7\xbe\xc8\xff\xcd\xc1\xcb\xff\xd7\xd1\xd1\
\xff\xc9\xc4\xc4\xff\x9c\x8c\xab\xff\x91\x82\xa9\xff\x90\x84\xa4\
\xff\x9f\x98\xa9\xff\xc2\xbd\xc0\xff\xde\xd9\xd9\xff\xef\xec\xe6\
\xff\xf9\xf7\xed\xff\xfc\xfb\xed\xff\xf9\xf7\xe6\xff\xf8\xf4\xe4\
\xff\xf8\xf2\xe6\xff\xf9\xed\xe8\xff\xf9\xef\xec\xff\xf9\xef\xe9\
\xff\xf9\xf1\xe8\xff\xfa\xf3\xe8\xff\xfb\xf5\xe8\xff\xfa\xf4\xe9\
\xff\xfa\xf3\xe9\xff\xfd\xf3\xeb\xff\xfc\xf2\xeb\xff\xfb\xf2\xe9\
\xff\xfb\xf2\xe9\xff\xf9\xf2\xe9\xff\xfa\xf2\xe9\xff\xfb\xf3\xea\
\xff\xfc\xf4\xeb\xff\xf9\xf2\xea\xff\xf9\xf2\xe9\xff\xf8\xf2\xe9\
\xff\xf7\xf0\xeb\xff\xf8\xf1\xeb\xff\xf8\xf3\xea\xff\xf6\xf3\xe4\
\xff\xf6\xf4\xe4\xff\xf8\xf5\xe9\xff\xfc\xf3\xe9\xff\xfb\xf4\xe9\
\xff\xf8\xf1\xe6\xff\xf9\xf1\xe7\xff\xf9\xf2\xe8\xff\xf9\xf2\xe8\
\xff\xf8\xf1\xe9\xff\xf9\xf6\xec\xff\xf9\xf8\xec\xff\xfe\xfd\xef\
\xff\xff\xff\xf4\xff\xff\xfe\xf6\xff\xf9\xf8\xf5\xff\xee\xea\xf0\
\xff\xed\xe9\xea\xff\xfc\xfa\xed\xff\xf9\xf6\xe7\xff\xfa\xf4\xe9\
\xff\xfd\xf4\xeb\xff\xfc\xf5\xec\xff\xfc\xf5\xec\xff\xfc\xf5\xec\
\xff\xfc\xf5\xec\xff\xfc\xf5\xec\xff\xfd\xf6\xed\xff\xfd\xf6\xed\
\xff\xfd\xf6\xed\xff\xfd\xf6\xed\xff\xfc\xf5\xec\xff\xfc\xf5\xec\
\xff\xfc\xf5\xec\xff\xfc\xf5\xec\xff\xfc\xf5\xec\xff\xfb\xf4\xeb\
\xff\xfb\xf4\xeb\xff\xfb\xf4\xeb\xff\xfb\xf4\xeb\xff\xfb\xf4\xeb\
\xff\xfc\xf3\xea\xff\xfc\xf2\xe9\xff\xfb\xf2\xe9\xff\xfa\xf2\xe9\
\xff\xfb\xf2\xe9\xff\xfa\xf3\xea\xff\xfa\xf3\xea\xff\xfa\xf3\xea\
\xff\xfa\xf3\xea\xff\xfc\xf3\xea\xff\xfc\xf3\xea\xff\xfc\xf3\xea\
\xff\xfc\xf3\xe9\xff\xfc\xf3\xe9\xff\xfc\xf3\xe9\xff\xfc\xf3\xe9\
\xff\xfc\xf3\xe9\xff\xfb\xf2\xe8\xff\xfb\xf2\xe8\xff\xfa\xf1\xe7\
\xff\xfb\xf1\xe5\xff\xf9\xf0\xe3\xff\xf8\xef\xe2\xff\xf8\xef\xe2\
\xff\xf8\xef\xe2\xff\xf7\xee\xe1\xff\xf7\xee\xe1\xff\xf7\xee\xe1\
\xff\xf6\xee\xe0\xff\xf6\xed\xe0\xff\xf6\xed\xe0\xff\xf6\xed\xe0\
\xff\xf5\xec\xdf\xff\xf5\xec\xdf\xff\xf5\xec\xdf\xff\xf6\xeb\xdf\
\xff\xf7\xec\xde\xff\xf7\xec\xde\xff\xf7\xec\xde\xff\xf7\xec\xde\
\xff\xf7\xec\xde\xff\xf6\xeb\xdd\xff\xf5\xea\xdc\xff\xf4\xe9\xdb\
\xff\xf4\xe9\xdb\xff\xf4\xe9\xdb\xff\xf3\xe8\xda\xff\xf3\xe7\xd9\
\xff\xf2\xe7\xd9\xff\xf3\xe7\xd9\xff\xf4\xe7\xd9\xff\xf4\xe7\xd9\
\xff\xf3\xe7\xd9\xff\xf1\xe6\xd8\xff\xf1\xe6\xd8\xff\xf3\xe6\xd8\
\xff\xf3\xe6\xd8\xff\xf2\xe5\xd7\xff\xf2\xe5\xd7\xff\xf3\xe3\xd6\
\xff\xf3\xe3\xd6\xff\xf2\xe2\xd5\xff\xf1\xe1\xd4\xff\xe1\xd2\xc2\
\xff\xe1\xd2\xc2\xff\xe1\xd2\xc2\xff\xe1\xd2\xc2\xff\xe3\xd4\xc4\
\xff\xe4\xd5\xc5\xff\xe4\xd5\xc5\xff\xe4\xd5\xc5\xff\xe6\xd7\xc7\
\xff\xe6\xd7\xc7\xff\xe6\xd7\xc7\xff\xe6\xd7\xc7\xff\xe6\xd7\xc7\
\xff\xe5\xd8\xc8\xff\xe6\xd9\xc9\xff\xe6\xd9\xc9\xff\xe6\xd9\xc9\
\xff\xe6\xd9\xc9\xff\xe8\xdb\xcb\xff\xe8\xdb\xcb\xff\xe8\xdb\xcb\
\xff\xe8\xdb\xcb\xff\xe8\xdb\xcb\xff\xe9\xdc\xcc\xff\xea\xdd\xcd\
\xff\xeb\xde\xce\xff\xeb\xde\xce\xff\xeb\xde\xce\xff\xeb\xde\xce\
\xff\xeb\xde\xce\xff\xec\xdf\xcf\xff\xec\xdf\xcf\xff\xed\xe0\xd0\
\xff\xec\xe0\xd2\xff\xec\xe1\xd3\xff\xed\xe2\xd4\xff\xed\xe2\xd4\
\xff\xed\xe2\xd4\xff\xed\xe2\xd4\xff\xed\xe3\xd5\xff\xed\xe4\xd6\
\xff\xee\xe4\xd6\xff\xef\xe5\xd7\xff\xf1\xe6\xd8\xff\xf0\xe6\xd8\
\xff\xef\xe6\xd8\xff\xef\xe6\xd8\xff\xf0\xe7\xd9\xff\xf1\xe8\xda\
\xff\xf1\xe8\xda\xff\xf2\xe9\xdb\xff\xf2\xe9\xdb\xff\xf3\xea\xdc\
\xff\xf3\xea\xdd\xff\xf4\xeb\xde\xff\xf3\xeb\xde\xff\xf3\xeb\xde\
\xff\xf4\xec\xdf\xff\xf4\xec\xdf\xff\xf4\xec\xdf\xff\xf5\xed\xe0\
\xff\xf5\xed\xe0\xff\xf5\xed\xe0\xff\xf6\xee\xe1\xff\xf7\xee\xe2\
\xff\xf7\xef\xe4\xff\xf7\xee\xe5\xff\xf7\xee\xe4\xff\xf7\xee\xe4\
\xff\xf7\xee\xe4\xff\xf7\xee\xe4\xff\xf7\xee\xe4\xff\xf7\xee\xe4\
\xff\xf7\xee\xe4\xff\xf8\xef\xe5\xff\xf8\xef\xe5\xff\xf8\xf0\xe6\
\xff\xf7\xf1\xe6\xff\xf7\xf1\xe6\xff\xf8\xf2\xe7\xff\xf7\xf1\xe6\
\xff\xf7\xf1\xe6\xff\xf6\xf0\xe5\xff\xf6\xf0\xe5\xff\xf6\xf0\xe5\
\xff\xf6\xf0\xe5\xff\xf6\xf0\xe5\xff\xf6\xf0\xe5\xff\xf6\xf0\xe5\
\xff\xf6\xf0\xe5\xff\xf6\xef\xe5\xff\xf6\xf0\xe5\xff\xf7\xf2\xe4\
\xff\xf7\xf1\xe4\xff\xf5\xf0\xe6\xff\xfa\xf5\xee\xff\xf3\xed\xe9\
\xff\xaa\x9f\x9e\xff|fg\xff\xbf\xaf\xac\xff\xfa\xf6\xec\
\xff\xf8\xf7\xeb\xff\xf5\xf0\xe4\xff\xf7\xed\xe7\xff\xf9\xef\xe7\
\xff\xfa\xf7\xe3\xff\xfc\xfa\xee\xff\xf3\xf0\xf0\xff\xcf\xcb\xd0\
\xff\x92\x85\x9c\xff}l\x94\xff\x85s\x9f\xff\x95\x87\xa5\
\xff\xbc\xb5\xbc\xff\xc7\xc1\xc3\xff\xcc\xc2\xc8\xff\xc4\xbc\xc3\
\xff\x97\x8a\xa1\xff\x95\x89\xa3\xff\xaa\xa2\xb5\xff\xd3\xcd\xd2\
\xff\xf0\xed\xe7\xff\xfa\xf7\xee\xff\xfd\xfc\xed\xff\xf8\xf7\xe8\
\xff\xf7\xf3\xe8\xff\xf6\xef\xe8\xff\xf5\xed\xe6\xff\xfb\xf1\xea\
\xff\xfa\xf2\xea\xff\xfc\xf2\xe9\xff\xfc\xf3\xea\xff\xfb\xf4\xeb\
\xff\xf9\xf3\xe8\xff\xf9\xf3\xe8\xff\xf9\xf3\xe8\xff\xfa\xf3\xe9\
\xff\xfa\xf4\xe9\xff\xfa\xf2\xe8\xff\xf9\xf2\xe8\xff\xfa\xf3\xea\
\xff\xfa\xf3\xea\xff\xf8\xf2\xe9\xff\xf8\xf2\xe9\xff\xf9\xf3\xea\
\xff\xfb\xf4\xeb\xff\xfa\xf2\xeb\xff\xfa\xf1\xe9\xff\xf9\xef\xeb\
\xff\xf9\xee\xee\xff\xfb\xf0\xf0\xff\xf9\xf2\xec\xff\xf8\xf3\xe6\
\xff\xf9\xf4\xe7\xff\xf7\xf2\xea\xff\xf6\xf0\xe8\xff\xf8\xf2\xe9\
\xff\xf7\xf3\xe8\xff\xfa\xf4\xe8\xff\xfc\xf5\xea\xff\xfc\xf4\xe9\
\xff\xfc\xf5\xe9\xff\xfb\xf4\xe9\xff\xf8\xf2\xe6\xff\xf9\xf2\xe8\
\xff\xf9\xf2\xec\xff\xfa\xf0\xf3\xff\xfa\xf3\xf3\xff\xfd\xfa\xf0\
\xff\xff\xfd\xee\xff\xfe\xf7\xed\xff\xfc\xf4\xeb\xff\xfc\xf5\xec\
\xff\xfd\xf5\xec\xff\xfc\xf5\xec\xff\xfc\xf5\xec\xff\xfc\xf5\xec\
\xff\xfc\xf5\xec\xff\xfd\xf6\xed\xff\xfe\xf7\xee\xff\xfe\xf7\xee\
\xff\xfc\xf5\xec\xff\xfd\xf6\xed\xff\xfd\xf6\xed\xff\xfd\xf6\xed\
\xff\xfd\xf6\xed\xff\xfd\xf6\xed\xff\xfd\xf6\xed\xff\xfc\xf5\xec\
\xff\xfb\xf4\xeb\xff\xfb\xf4\xeb\xff\xfb\xf4\xeb\xff\xfc\xf4\xeb\
\xff\xfc\xf3\xea\xff\xfc\xf3\xea\xff\xfc\xf3\xea\xff\xfc\xf3\xea\
\xff\xfa\xf3\xea\xff\xfa\xf3\xea\xff\xfb\xf3\xea\xff\xfc\xf4\xeb\
\xff\xfc\xf4\xeb\xff\xfb\xf4\xeb\xff\xfa\xf4\xeb\xff\xfb\xf4\xea\
\xff\xfc\xf3\xe9\xff\xfb\xf2\xe8\xff\xfb\xf2\xe8\xff\xfb\xf2\xe8\
\xff\xfa\xf1\xe7\xff\xfa\xf1\xe7\xff\xfa\xf1\xe7\xff\xfa\xf1\xe7\
\xff\xfa\xf0\xe6\xff\xf9\xf0\xe3\xff\xf8\xef\xe2\xff\xf8\xef\xe2\
\xff\xf8\xef\xe2\xff\xf7\xee\xe1\xff\xf7\xee\xdf\xff\xf6\xef\xde\
\xff\xf6\xed\xe0\xff\xf6\xed\xe0\xff\xf6\xed\xe0\xff\xf6\xed\xe0\
\xff\xf6\xed\xe0\xff\xf5\xec\xdf\xff\xf5\xec\xdf\xff\xf5\xec\xdf\
\xff\xf7\xed\xdf\xff\xf8\xee\xe0\xff\xf7\xec\xde\xff\xf7\xec\xde\
\xff\xf7\xec\xde\xff\xf6\xeb\xdd\xff\xf6\xeb\xdd\xff\xf4\xe9\xdb\
\xff\xf4\xe9\xdb\xff\xf4\xe9\xdb\xff\xf3\xe8\xda\xff\xf3\xe8\xda\
\xff\xf2\xe7\xd9\xff\xf3\xe8\xda\xff\xf5\xe8\xda\xff\xf4\xe7\xd9\
\xff\xf3\xe7\xd9\xff\xf0\xe6\xd8\xff\xf2\xe6\xd8\xff\xf3\xe6\xd8\
\xff\xf3\xe6\xd8\xff\xf2\xe5\xd7\xff\xf2\xe4\xd7\xff\xf2\xe4\xd6\
\xff\xf3\xe4\xd6\xff\xf3\xe3\xd6\xff\xf1\xe1\xd4\xff\xe1\xd2\xc2\
\xff\xe1\xd2\xc2\xff\xe1\xd2\xc2\xff\xe1\xd2\xc2\xff\xe3\xd4\xc4\
\xff\xe4\xd5\xc5\xff\xe4\xd5\xc5\xff\xe4\xd5\xc5\xff\xe5\xd6\xc6\
\xff\xe6\xd7\xc7\xff\xe6\xd7\xc7\xff\xe6\xd7\xc7\xff\xe7\xd8\xc8\
\xff\xe7\xd9\xc9\xff\xe8\xda\xca\xff\xe9\xda\xca\xff\xe8\xd9\xc9\
\xff\xe6\xda\xca\xff\xe8\xdb\xcb\xff\xe9\xdc\xcc\xff\xe9\xdc\xcc\
\xff\xe9\xdc\xcc\xff\xe9\xdc\xcc\xff\xe9\xdc\xcc\xff\xe9\xdc\xcc\
\xff\xe9\xdc\xcc\xff\xeb\xde\xce\xff\xeb\xde\xce\xff\xeb\xde\xce\
\xff\xec\xde\xce\xff\xec\xdf\xcf\xff\xed\xe0\xd0\xff\xed\xe0\xd0\
\xff\xec\xe1\xd3\xff\xed\xe2\xd4\xff\xed\xe2\xd4\xff\xed\xe2\xd4\
\xff\xed\xe2\xd4\xff\xed\xe3\xd5\xff\xee\xe3\xd5\xff\xed\xe4\xd6\
\xff\xed\xe4\xd6\xff\xef\xe5\xd7\xff\xf1\xe6\xd8\xff\xef\xe6\xd8\
\xff\xef\xe6\xd8\xff\xf0\xe7\xd9\xff\xf1\xe8\xda\xff\xf2\xe9\xdb\
\xff\xf2\xe9\xdb\xff\xf2\xe9\xdb\xff\xf3\xea\xdc\xff\xf4\xeb\xdd\
\xff\xf3\xeb\xdd\xff\xf4\xec\xdf\xff\xf3\xeb\xde\xff\xf4\xec\xdf\
\xff\xf4\xec\xdf\xff\xf5\xed\xe0\xff\xf5\xed\xe0\xff\xf5\xed\xe0\
\xff\xf6\xee\xe1\xff\xf6\xee\xe1\xff\xf6\xee\xe1\xff\xf6\xee\xe2\
\xff\xf7\xee\xe4\xff\xf7\xee\xe4\xff\xf7\xee\xe4\xff\xf7\xee\xe4\
\xff\xf7\xee\xe4\xff\xf7\xee\xe4\xff\xf6\xed\xe3\xff\xf7\xee\xe4\
\xff\xf8\xee\xe4\xff\xf8\xef\xe5\xff\xf9\xf0\xe6\xff\xf7\xf0\xe6\
\xff\xf6\xf0\xe5\xff\xf6\xf0\xe5\xff\xf6\xf0\xe5\xff\xf6\xf0\xe5\
\xff\xf6\xf0\xe5\xff\xf6\xf0\xe5\xff\xf6\xf0\xe5\xff\xf6\xf0\xe5\
\xff\xf6\xf0\xe5\xff\xf6\xf0\xe5\xff\xf6\xf0\xe5\xff\xf6\xf0\xe5\
\xff\xf7\xf1\xe6\xff\xf9\xf2\xe9\xff\xf7\xf2\xe9\xff\xf7\xf1\xe7\
\xff\xf6\xf0\xe5\xff\xf7\xf0\xe7\xff\xfd\xf6\xf4\xff\xda\xd0\xd9\
\xffugz\xffTDW\xff\xa5\x97\xa0\xff\xf0\xec\xe7\
\xff\xf9\xf9\xec\xff\xf5\xf0\xe4\xff\xfa\xf0\xea\xff\xfa\xf1\xe8\
\xff\xf7\xf0\xe2\xff\xf4\xf1\xe6\xff\xf9\xf6\xec\xff\xfb\xf9\xf0\
\xff\xf6\xf0\xf3\xff\xd3\xc8\xd9\xff\x8c\x7f\x99\xff\x82v\x8c\
\xff\xb0\xa6\xb3\xff\xc3\xbb\xbf\xff\xc4\xbb\xc2\xff\xaf\xa4\xb6\
\xff\xc4\xba\xc9\xff\xec\xe6\xeb\xff\xf6\xf5\xed\xff\xfc\xf9\xf1\
\xff\xfa\xf7\xed\xff\xf7\xf4\xe9\xff\xf7\xf2\xe7\xff\xf6\xf1\xe6\
\xff\xf6\xef\xe7\xff\xf7\xef\xea\xff\xf8\xef\xea\xff\xfc\xf2\xec\
\xff\xfb\xf2\xe9\xff\xfc\xf3\xe9\xff\xfc\xf3\xe9\xff\xfb\xf3\xea\
\xff\xfa\xf3\xea\xff\xf9\xf3\xe9\xff\xf9\xf2\xe9\xff\xf9\xf2\xe9\
\xff\xfa\xf3\xea\xff\xfb\xf4\xeb\xff\xfa\xf3\xea\xff\xfb\xf4\xeb\
\xff\xfb\xf4\xeb\xff\xfb\xf4\xeb\xff\xf9\xf2\xe9\xff\xfa\xf2\xe9\
\xff\xfa\xf3\xea\xff\xfb\xf2\xe8\xff\xfd\xf4\xe9\xff\xfd\xf3\xe8\
\xff\xfc\xf2\xe9\xff\xfd\xf2\xeb\xff\xfa\xf2\xea\xff\xf8\xf3\xe6\
\xff\xf9\xf2\xe8\xff\xfa\xf2\xe9\xff\xf8\xf1\xe9\xff\xf7\xf1\xeb\
\xff\xf8\xf3\xeb\xff\xf9\xf3\xea\xff\xfd\xf4\xeb\xff\xfe\xf4\xeb\
\xff\xfe\xf5\xec\xff\xfd\xf4\xeb\xff\xfc\xf3\xea\xff\xfe\xf3\xea\
\xff\xfc\xf4\xed\xff\xfa\xf3\xee\xff\xfa\xf4\xeb\xff\xf9\xf5\xe8\
\xff\xfc\xf5\xea\xff\xfe\xf2\xee\xff\xff\xf5\xf0\xff\xfc\xf6\xed\
\xff\xfc\xf5\xec\xff\xfd\xf6\xed\xff\xfd\xf6\xed\xff\xfc\xf5\xec\
\xff\xfc\xf5\xec\xff\xfd\xf6\xed\xff\xfe\xf7\xee\xff\xfd\xf6\xed\
\xff\xfc\xf5\xec\xff\xfc\xf5\xec\xff\xfd\xf6\xed\xff\xfd\xf6\xed\
\xff\xfd\xf6\xed\xff\xfd\xf6\xed\xff\xfd\xf6\xed\xff\xfc\xf5\xec\
\xff\xfb\xf4\xeb\xff\xfb\xf4\xeb\xff\xfb\xf4\xeb\xff\xfd\xf4\xeb\
\xff\xfd\xf3\xea\xff\xfc\xf3\xea\xff\xfd\xf3\xeb\xff\xfe\xf4\xeb\
\xff\xfb\xf3\xea\xff\xfb\xf3\xea\xff\xfd\xf4\xeb\xff\xfd\xf4\xeb\
\xff\xfd\xf4\xeb\xff\xfc\xf4\xeb\xff\xfc\xf4\xeb\xff\xfc\xf4\xeb\
\xff\xfc\xf3\xe9\xff\xfb\xf2\xe8\xff\xfa\xf1\xe7\xff\xfa\xf1\xe7\
\xff\xf9\xf0\xe6\xff\xf9\xf0\xe6\xff\xf9\xf0\xe6\xff\xf9\xf0\xe6\
\xff\xfa\xf0\xe6\xff\xf9\xf0\xe4\xff\xf8\xef\xe2\xff\xf8\xef\xe2\
\xff\xf8\xef\xe2\xff\xf7\xee\xe2\xff\xf7\xee\xe0\xff\xf7\xef\xe0\
\xff\xf6\xee\xe0\xff\xf6\xed\xe0\xff\xf6\xed\xe0\xff\xf6\xed\xe0\
\xff\xf6\xed\xe0\xff\xf6\xed\xe0\xff\xf5\xec\xdf\xff\xf5\xec\xdf\
\xff\xf6\xed\xdf\xff\xf6\xed\xdf\xff\xf6\xec\xde\xff\xf7\xec\xde\
\xff\xf7\xec\xde\xff\xf6\xeb\xdd\xff\xf6\xeb\xdd\xff\xf5\xea\xdc\
\xff\xf5\xea\xdc\xff\xf5\xea\xdc\xff\xf4\xe9\xdb\xff\xf3\xe8\xda\
\xff\xf3\xe8\xda\xff\xf4\xe8\xda\xff\xf6\xe9\xd9\xff\xf5\xe8\xd9\
\xff\xf4\xe8\xd9\xff\xf1\xe6\xd8\xff\xf3\xe6\xd8\xff\xf3\xe6\xd8\
\xff\xf3\xe6\xd8\xff\xf2\xe5\xd7\xff\xf1\xe4\xd6\xff\xf1\xe4\xd6\
\xff\xf2\xe4\xd6\xff\xf3\xe3\xd6\xff\xf2\xe2\xd5\xff\xe1\xd2\xc2\
\xff\xe2\xd3\xc3\xff\xe3\xd4\xc4\xff\xe3\xd4\xc4\xff\xe4\xd5\xc5\
\xff\xe4\xd5\xc5\xff\xe5\xd6\xc6\xff\xe5\xd6\xc6\xff\xe6\xd7\xc7\
\xff\xe7\xd8\xc8\xff\xe7\xd8\xc8\xff\xe8\xd9\xc9\xff\xe8\xd9\xc9\
\xff\xe8\xd9\xc9\xff\xe8\xd9\xc9\xff\xe9\xda\xca\xff\xe8\xda\xca\
\xff\xe8\xdb\xcb\xff\xe9\xdc\xcc\xff\xe9\xdc\xcc\xff\xe9\xdc\xcc\
\xff\xea\xdd\xcd\xff\xea\xdd\xcd\xff\xea\xdd\xcd\xff\xea\xdd\xcd\
\xff\xea\xdd\xcd\xff\xea\xdd\xcd\xff\xeb\xde\xce\xff\xec\xdf\xcf\
\xff\xec\xdf\xcf\xff\xeb\xe0\xcf\xff\xeb\xe1\xd0\xff\xeb\xe1\xd0\
\xff\xec\xe1\xd3\xff\xed\xe2\xd4\xff\xed\xe2\xd4\xff\xee\xe3\xd5\
\xff\xee\xe3\xd5\xff\xef\xe4\xd6\xff\xef\xe4\xd6\xff\xee\xe5\xd7\
\xff\xef\xe6\xd9\xff\xef\xe6\xd9\xff\xf0\xe7\xda\xff\xf0\xe7\xd9\
\xff\xf1\xe8\xda\xff\xf2\xe9\xdb\xff\xf2\xe9\xdc\xff\xf2\xe9\xdc\
\xff\xf2\xe9\xdc\xff\xf2\xe9\xdc\xff\xf3\xea\xdd\xff\xf4\xea\xdd\
\xff\xf4\xeb\xde\xff\xf4\xec\xdf\xff\xf4\xec\xdf\xff\xf5\xed\xe0\
\xff\xf5\xed\xe0\xff\xf6\xee\xe1\xff\xf6\xee\xe1\xff\xf6\xee\xe1\
\xff\xf6\xee\xe2\xff\xf6\xed\xe3\xff\xf6\xed\xe3\xff\xf6\xed\xe3\
\xff\xf6\xed\xe3\xff\xf7\xee\xe4\xff\xf7\xee\xe4\xff\xf7\xee\xe4\
\xff\xf7\xee\xe4\xff\xf7\xee\xe4\xff\xf7\xee\xe4\xff\xf7\xee\xe4\
\xff\xf9\xf0\xe6\xff\xf9\xf2\xe7\xff\xf9\xf1\xe7\xff\xf9\xf1\xe6\
\xff\xf7\xf1\xe6\xff\xf7\xf1\xe6\xff\xf7\xf1\xe6\xff\xf8\xf2\xe7\
\xff\xf8\xf2\xe7\xff\xf7\xf1\xe6\xff\xf7\xf1\xe6\xff\xf6\xf0\xe5\
\xff\xf7\xf1\xe6\xff\xf7\xf1\xe6\xff\xf7\xf1\xe6\xff\xf8\xf2\xe7\
\xff\xf8\xf2\xe7\xff\xf8\xf1\xe8\xff\xf7\xf0\xe9\xff\xf9\xf2\xea\
\xff\xf9\xf2\xe8\xff\xf8\xf1\xe8\xff\xfa\xf2\xe9\xff\xf9\xf4\xeb\
\xff\xef\xee\xe9\xff\xec\xeb\xea\xff\xf5\xf3\xec\xff\xf6\xf4\xe9\
\xff\xf3\xf0\xe6\xff\xf6\xf0\xe7\xff\xf9\xf1\xe9\xff\xfb\xf5\xea\
\xff\xf9\xf2\xe9\xff\xf7\xf2\xe8\xff\xf4\xf0\xe5\xff\xf4\xf1\xe5\
\xff\xf9\xf7\xec\xff\xfc\xf9\xf2\xff\xf6\xf1\xf1\xff\xc9\xc0\xc8\
\xff\xa9\x9d\xa9\xff\xd6\xcc\xd2\xff\xed\xe6\xe1\xff\xf3\xf0\xe8\
\xff\xfd\xfa\xf3\xff\xfe\xfa\xf0\xff\xf8\xf4\xe8\xff\xf5\xf2\xe8\
\xff\xf5\xef\xe8\xff\xf6\xf1\xe7\xff\xfa\xf2\xea\xff\xf9\xf2\xe9\
\xff\xfa\xf1\xe9\xff\xfa\xf2\xea\xff\xf9\xf2\xe9\xff\xfa\xf3\xe9\
\xff\xfa\xf2\xe9\xff\xf9\xf2\xe8\xff\xfa\xf3\xe9\xff\xfa\xf3\xea\
\xff\xfa\xf3\xea\xff\xf9\xf2\xe9\xff\xf9\xf2\xe9\xff\xf9\xf1\xe9\
\xff\xf9\xf2\xea\xff\xfa\xf3\xea\xff\xfa\xf3\xea\xff\xfa\xf3\xea\
\xff\xfb\xf4\xeb\xff\xfa\xf3\xea\xff\xfa\xf3\xea\xff\xfa\xf3\xea\
\xff\xfc\xf3\xea\xff\xfb\xf3\xe9\xff\xfb\xf4\xe8\xff\xfb\xf4\xe9\
\xff\xfb\xf3\xea\xff\xfb\xf3\xea\xff\xfa\xf3\xea\xff\xfa\xf4\xea\
\xff\xfb\xf4\xeb\xff\xfb\xf3\xea\xff\xfb\xf3\xea\xff\xf9\xf3\xeb\
\xff\xf9\xf2\xea\xff\xfa\xf3\xe9\xff\xfb\xf3\xea\xff\xfd\xf5\xec\
\xff\xfe\xf5\xec\xff\xfd\xf4\xeb\xff\xfd\xf4\xeb\xff\xfc\xf4\xea\
\xff\xfb\xf6\xeb\xff\xfb\xf6\xeb\xff\xfd\xf6\xec\xff\xfc\xf6\xeb\
\xff\xfe\xf5\xec\xff\xfd\xf4\xed\xff\xfd\xf6\xed\xff\xfd\xf7\xed\
\xff\xfd\xf6\xed\xff\xfd\xf6\xed\xff\xfd\xf6\xed\xff\xfd\xf6\xed\
\xff\xfd\xf6\xed\xff\xfd\xf6\xed\xff\xfd\xf6\xed\xff\xfe\xf7\xee\
\xff\xfe\xf7\xee\xff\xfe\xf7\xee\xff\xfe\xf7\xee\xff\xfd\xf6\xed\
\xff\xfd\xf6\xed\xff\xfd\xf6\xed\xff\xfd\xf6\xed\xff\xfc\xf5\xec\
\xff\xfc\xf5\xec\xff\xfc\xf4\xeb\xff\xfd\xf4\xeb\xff\xfd\xf4\xeb\
\xff\xfd\xf4\xeb\xff\xfd\xf4\xeb\xff\xfd\xf4\xeb\xff\xfd\xf4\xeb\
\xff\xfd\xf4\xeb\xff\xfd\xf4\xeb\xff\xfd\xf4\xeb\xff\xfd\xf4\xeb\
\xff\xfd\xf4\xeb\xff\xfd\xf4\xeb\xff\xfd\xf4\xeb\xff\xfc\xf3\xea\
\xff\xfc\xf3\xe9\xff\xfc\xf3\xe9\xff\xfb\xf2\xe8\xff\xfb\xf2\xe8\
\xff\xfb\xf2\xe8\xff\xfa\xf1\xe7\xff\xf9\xf0\xe6\xff\xf9\xf0\xe6\
\xff\xfa\xf0\xe6\xff\xf9\xef\xe5\xff\xf8\xef\xe3\xff\xf9\xf0\xe3\
\xff\xf8\xef\xe2\xff\xf7\xee\xe1\xff\xf7\xed\xe1\xff\xf6\xee\xe1\
\xff\xf6\xee\xe0\xff\xf6\xed\xe0\xff\xf6\xed\xe0\xff\xf6\xed\xe0\
\xff\xf6\xed\xe0\xff\xf6\xed\xe0\xff\xf6\xed\xe0\xff\xf5\xec\xdf\
\xff\xf5\xec\xde\xff\xf6\xed\xdf\xff\xf5\xec\xdf\xff\xf6\xed\xe0\
\xff\xf7\xed\xdf\xff\xf7\xec\xde\xff\xf6\xeb\xdd\xff\xf6\xeb\xdd\
\xff\xf6\xeb\xdd\xff\xf6\xeb\xdd\xff\xf5\xea\xdc\xff\xf4\xe9\xdb\
\xff\xf3\xe8\xda\xff\xf3\xe7\xd8\xff\xf4\xe7\xd7\xff\xf5\xe8\xd7\
\xff\xf5\xe8\xd8\xff\xf5\xe8\xda\xff\xf4\xe7\xd9\xff\xf4\xe7\xd9\
\xff\xf4\xe7\xd9\xff\xf3\xe6\xd8\xff\xf2\xe5\xd7\xff\xf1\xe5\xd7\
\xff\xf2\xe4\xd6\xff\xf2\xe2\xd3\xff\xf0\xe1\xd1\xff\xe1\xd2\xc2\
\xff\xe2\xd3\xc3\xff\xe3\xd4\xc4\xff\xe4\xd5\xc5\xff\xe4\xd5\xc5\
\xff\xe5\xd6\xc6\xff\xe5\xd6\xc6\xff\xe6\xd7\xc7\xff\xe7\xd8\xc8\
\xff\xe7\xd8\xc8\xff\xe8\xd9\xc9\xff\xe8\xd9\xc9\xff\xe9\xda\xca\
\xff\xe9\xda\xca\xff\xe9\xda\xca\xff\xe9\xda\xca\xff\xe9\xdb\xcb\
\xff\xe9\xdc\xcc\xff\xe9\xdc\xcc\xff\xe9\xdc\xcc\xff\xe9\xdc\xcc\
\xff\xea\xdd\xcd\xff\xea\xdd\xcd\xff\xea\xdd\xcd\xff\xeb\xde\xce\
\xff\xeb\xde\xce\xff\xeb\xde\xce\xff\xec\xdf\xcf\xff\xec\xdf\xcf\
\xff\xec\xdf\xcf\xff\xeb\xe1\xd0\xff\xeb\xe1\xd0\xff\xeb\xe1\xd0\
\xff\xed\xe2\xd3\xff\xed\xe2\xd4\xff\xed\xe2\xd4\xff\xee\xe3\xd5\
\xff\xef\xe4\xd6\xff\xf0\xe5\xd7\xff\xf0\xe5\xd7\xff\xef\xe6\xd8\
\xff\xef\xe6\xd9\xff\xef\xe6\xd9\xff\xef\xe6\xd9\xff\xf0\xe7\xda\
\xff\xf0\xe7\xda\xff\xf1\xe8\xdb\xff\xf2\xe9\xdc\xff\xf2\xe9\xdc\
\xff\xf3\xea\xdd\xff\xf3\xea\xdd\xff\xf4\xeb\xde\xff\xf5\xec\xdf\
\xff\xf4\xec\xdf\xff\xf3\xeb\xde\xff\xf4\xec\xdf\xff\xf6\xee\xe1\
\xff\xf6\xee\xe1\xff\xf6\xee\xe1\xff\xf7\xef\xe2\xff\xf6\xee\xe1\
\xff\xf6\xee\xe3\xff\xf7\xed\xe4\xff\xf7\xee\xe4\xff\xf7\xee\xe4\
\xff\xf7\xee\xe4\xff\xf7\xee\xe4\xff\xf7\xee\xe4\xff\xf8\xef\xe5\
\xff\xf8\xef\xe5\xff\xf8\xef\xe5\xff\xf8\xef\xe5\xff\xf8\xef\xe5\
\xff\xf9\xf0\xe6\xff\xf8\xf2\xe7\xff\xf7\xf1\xe6\xff\xf8\xf1\xe6\
\xff\xf7\xf1\xe6\xff\xf7\xf1\xe6\xff\xf7\xf1\xe6\xff\xf7\xf1\xe6\
\xff\xf8\xf2\xe7\xff\xf7\xf1\xe6\xff\xf7\xf1\xe6\xff\xf7\xf1\xe6\
\xff\xf7\xf1\xe6\xff\xf7\xf1\xe6\xff\xf8\xf2\xe7\xff\xf8\xf2\xe7\
\xff\xf8\xf2\xe7\xff\xf8\xf0\xe8\xff\xf6\xf1\xe7\xff\xf8\xf2\xe8\
\xff\xf8\xf1\xe8\xff\xf7\xf0\xe7\xff\xf7\xf0\xe6\xff\xf9\xf4\xe9\
\xff\xfd\xf8\xee\xff\xfc\xf7\xee\xff\xf9\xf6\xed\xff\xf6\xf1\xe7\
\xff\xf4\xf0\xe7\xff\xf7\xf1\xe8\xff\xf8\xf1\xe8\xff\xfa\xf3\xe8\
\xff\xfa\xf4\xe7\xff\xf7\xf1\xe8\xff\xf7\xf3\xe9\xff\xf6\xf1\xe8\
\xff\xf6\xf0\xe7\xff\xf5\xf1\xe8\xff\xf9\xf7\xee\xff\xfd\xf9\xf3\
\xff\xf8\xf3\xf1\xff\xfa\xf6\xf3\xff\xfd\xf8\xf0\xff\xfd\xf8\xef\
\xff\xf8\xf4\xea\xff\xf5\xf0\xe7\xff\xf6\xf1\xe9\xff\xf7\xf2\xe9\
\xff\xf7\xf2\xe9\xff\xf7\xf1\xe9\xff\xf9\xf2\xea\xff\xf9\xf2\xe9\
\xff\xf9\xf2\xe9\xff\xf9\xf2\xe8\xff\xf9\xf2\xe9\xff\xf9\xf2\xe9\
\xff\xf9\xf2\xe9\xff\xf9\xf2\xe9\xff\xfa\xf3\xea\xff\xfa\xf3\xea\
\xff\xf9\xf2\xe9\xff\xf9\xf2\xe9\xff\xf9\xf2\xe9\xff\xf9\xf2\xe9\
\xff\xfa\xf3\xea\xff\xfa\xf3\xea\xff\xfa\xf3\xea\xff\xfa\xf3\xea\
\xff\xfa\xf3\xea\xff\xfa\xf3\xea\xff\xfa\xf3\xea\xff\xfa\xf3\xea\
\xff\xfa\xf3\xea\xff\xfa\xf3\xea\xff\xf9\xf3\xea\xff\xf9\xf2\xea\
\xff\xfa\xf3\xea\xff\xfa\xf3\xea\xff\xfa\xf3\xea\xff\xfa\xf3\xea\
\xff\xfa\xf3\xea\xff\xfa\xf3\xea\xff\xfa\xf3\xea\xff\xfa\xf3\xea\
\xff\xfa\xf3\xe9\xff\xfa\xf3\xea\xff\xfa\xf3\xea\xff\xfb\xf4\xeb\
\xff\xfc\xf4\xeb\xff\xfd\xf4\xeb\xff\xfd\xf5\xec\xff\xfc\xf6\xed\
\xff\xfc\xf5\xed\xff\xfc\xf4\xec\xff\xfd\xf5\xed\xff\xfc\xf6\xed\
\xff\xfd\xf6\xed\xff\xfd\xf6\xed\xff\xfd\xf6\xed\xff\xfd\xf6\xee\
\xff\xfe\xf7\xee\xff\xfe\xf7\xee\xff\xfe\xf7\xee\xff\xfe\xf7\xee\
\xff\xfe\xf7\xee\xff\xfe\xf7\xee\xff\xfe\xf7\xee\xff\xfe\xf7\xee\
\xff\xfe\xf7\xee\xff\xfe\xf7\xee\xff\xfe\xf7\xee\xff\xfd\xf6\xed\
\xff\xfd\xf6\xed\xff\xfd\xf6\xed\xff\xfd\xf6\xed\xff\xfc\xf5\xec\
\xff\xfc\xf5\xec\xff\xfd\xf5\xec\xff\xfe\xf4\xeb\xff\xfd\xf4\xeb\
\xff\xfd\xf4\xeb\xff\xfd\xf4\xeb\xff\xfd\xf4\xeb\xff\xfd\xf4\xeb\
\xff\xfd\xf4\xeb\xff\xfd\xf4\xeb\xff\xfd\xf4\xeb\xff\xfd\xf4\xeb\
\xff\xfd\xf4\xeb\xff\xfd\xf4\xeb\xff\xfd\xf4\xeb\xff\xfc\xf3\xea\
\xff\xfc\xf3\xe9\xff\xfc\xf3\xe9\xff\xfb\xf2\xe8\xff\xfb\xf2\xe8\
\xff\xfb\xf2\xe8\xff\xfa\xf1\xe7\xff\xf9\xf0\xe6\xff\xf9\xf0\xe6\
\xff\xf9\xef\xe5\xff\xf9\xef\xe6\xff\xf9\xef\xe5\xff\xf9\xf0\xe3\
\xff\xf9\xf0\xe3\xff\xf8\xef\xe2\xff\xf8\xef\xe1\xff\xf7\xef\xe1\
\xff\xf6\xed\xe0\xff\xf5\xec\xdf\xff\xf6\xed\xe0\xff\xf6\xed\xe0\
\xff\xf6\xed\xe0\xff\xf6\xed\xe0\xff\xf6\xed\xe0\xff\xf6\xed\xe0\
\xff\xf6\xed\xdf\xff\xf6\xed\xe0\xff\xf6\xed\xe0\xff\xf6\xed\xe0\
\xff\xf7\xed\xdf\xff\xf7\xec\xde\xff\xf7\xec\xde\xff\xf6\xeb\xdd\
\xff\xf6\xeb\xdd\xff\xf5\xea\xdc\xff\xf5\xea\xdc\xff\xf4\xe9\xdb\
\xff\xf3\xe9\xdb\xff\xf3\xe8\xd9\xff\xf4\xe7\xd7\xff\xf4\xe8\xd7\
\xff\xf5\xe8\xd9\xff\xf5\xe8\xda\xff\xf4\xe7\xd9\xff\xf3\xe6\xd8\
\xff\xf3\xe6\xd8\xff\xf3\xe6\xd8\xff\xf2\xe5\xd7\xff\xf1\xe4\xd7\
\xff\xf1\xe3\xd4\xff\xf2\xe3\xd2\xff\xf1\xe2\xd2\xff\xe1\xd2\xc2\
\xff\xe2\xd3\xc3\xff\xe3\xd4\xc4\xff\xe4\xd5\xc5\xff\xe4\xd5\xc5\
\xff\xe5\xd6\xc6\xff\xe5\xd6\xc6\xff\xe6\xd7\xc7\xff\xe7\xd8\xc8\
\xff\xe8\xd9\xc9\xff\xe8\xd9\xc9\xff\xe9\xda\xca\xff\xea\xdb\xcb\
\xff\xea\xdb\xcb\xff\xea\xdb\xcb\xff\xea\xdb\xcb\xff\xea\xdc\xcc\
\xff\xe9\xdc\xcc\xff\xe9\xdc\xcc\xff\xe9\xdc\xcc\xff\xea\xdd\xcd\
\xff\xea\xdd\xcd\xff\xea\xdd\xcd\xff\xea\xdd\xcd\xff\xeb\xde\xce\
\xff\xeb\xde\xce\xff\xec\xdf\xcf\xff\xec\xdf\xcf\xff\xed\xe0\xd0\
\xff\xed\xe0\xd0\xff\xec\xe2\xd1\xff\xed\xe3\xd2\xff\xed\xe2\xd2\
\xff\xed\xe2\xd4\xff\xee\xe3\xd5\xff\xef\xe4\xd6\xff\xef\xe4\xd6\
\xff\xef\xe4\xd6\xff\xf0\xe5\xd7\xff\xf1\xe6\xd8\xff\xf1\xe6\xd8\
\xff\xef\xe6\xd9\xff\xf0\xe7\xda\xff\xf0\xe7\xda\xff\xf1\xe8\xdb\
\xff\xf2\xe9\xdc\xff\xf3\xea\xdd\xff\xf3\xea\xdd\xff\xf4\xeb\xde\
\xff\xf5\xec\xdf\xff\xf5\xec\xdf\xff\xf5\xec\xdf\xff\xf6\xed\xe0\
\xff\xf6\xed\xe0\xff\xf5\xed\xe0\xff\xf6\xee\xe1\xff\xf7\xef\xe2\
\xff\xf7\xef\xe2\xff\xf7\xef\xe2\xff\xf7\xef\xe2\xff\xf7\xef\xe2\
\xff\xf7\xef\xe4\xff\xf8\xef\xe5\xff\xf7\xee\xe4\xff\xf8\xef\xe5\
\xff\xf7\xee\xe4\xff\xf8\xef\xe5\xff\xf8\xef\xe5\xff\xf8\xef\xe5\
\xff\xf8\xef\xe5\xff\xf8\xef\xe5\xff\xf8\xef\xe5\xff\xf8\xef\xe5\
\xff\xf9\xf1\xe7\xff\xf9\xf3\xe8\xff\xf8\xf2\xe7\xff\xf8\xf2\xe7\
\xff\xf8\xf2\xe7\xff\xf8\xf2\xe7\xff\xf7\xf1\xe6\xff\xf7\xf1\xe6\
\xff\xf7\xf1\xe6\xff\xf8\xf2\xe7\xff\xf8\xf2\xe7\xff\xf8\xf2\xe7\
\xff\xf8\xf2\xe7\xff\xf8\xf2\xe7\xff\xf8\xf2\xe7\xff\xf8\xf2\xe7\
\xff\xf8\xf2\xe7\xff\xf8\xf1\xe8\xff\xf8\xf1\xe8\xff\xf8\xf1\xe8\
\xff\xf9\xf2\xe9\xff\xf9\xf2\xe9\xff\xf9\xf2\xe9\xff\xf7\xf0\xe8\
\xff\xf8\xf0\xe7\xff\xf7\xef\xe6\xff\xf6\xef\xe6\xff\xf6\xf1\xe8\
\xff\xf6\xf2\xe9\xff\xf8\xf2\xe9\xff\xf8\xf1\xe8\xff\xf7\xf0\xe7\
\xff\xf8\xf2\xe7\xff\xf6\xf0\xe8\xff\xf6\xef\xe9\xff\xf8\xf2\xe9\
\xff\xf9\xf4\xea\xff\xf8\xf3\xe7\xff\xf6\xf3\xe5\xff\xf8\xf4\xe8\
\xff\xfb\xf7\xec\xff\xfa\xf6\xeb\xff\xf8\xf2\xea\xff\xf8\xf2\xea\
\xff\xf9\xf3\xea\xff\xf9\xf3\xea\xff\xf8\xf2\xe9\xff\xf7\xf1\xe8\
\xff\xf7\xf1\xe8\xff\xf9\xf2\xe9\xff\xf9\xf2\xe9\xff\xf9\xf2\xe9\
\xff\xf9\xf2\xe9\xff\xf9\xf2\xe9\xff\xf9\xf2\xe9\xff\xf9\xf2\xe9\
\xff\xf9\xf2\xe9\xff\xf9\xf2\xe9\xff\xfa\xf3\xea\xff\xfa\xf3\xea\
\xff\xf9\xf2\xe9\xff\xf9\xf2\xe9\xff\xf9\xf2\xe9\xff\xf9\xf2\xe9\
\xff\xfa\xf3\xea\xff\xfa\xf3\xea\xff\xfa\xf3\xea\xff\xfa\xf3\xea\
\xff\xfa\xf3\xea\xff\xfa\xf3\xea\xff\xfa\xf3\xea\xff\xfb\xf4\xeb\
\xff\xfa\xf3\xea\xff\xfa\xf3\xea\xff\xfa\xf3\xea\xff\xfb\xf4\xeb\
\xff\xfa\xf3\xea\xff\xfa\xf3\xea\xff\xfb\xf4\xeb\xff\xfb\xf4\xeb\
\xff\xfb\xf4\xeb\xff\xfa\xf3\xea\xff\xfa\xf3\xea\xff\xfb\xf4\xeb\
\xff\xfb\xf4\xeb\xff\xfa\xf3\xea\xff\xfb\xf4\xeb\xff\xfb\xf4\xeb\
\xff\xfc\xf5\xec\xff\xfd\xf6\xed\xff\xfd\xf6\xed\xff\xfd\xf6\xed\
\xff\xfd\xf6\xed\xff\xfe\xf7\xee\xff\xfe\xf7\xee\xff\xfe\xf6\xed\
\xff\xfd\xf6\xed\xff\xfd\xf6\xee\xff\xfe\xf7\xee\xff\xfe\xf7\xee\
\xff\xfe\xf7\xee\xff\xfe\xf7\xee\xff\xfe\xf7\xee\xff\xfe\xf7\xee\
\xff\xfe\xf7\xee\xff\xfe\xf7\xee\xff\xfe\xf7\xee\xff\xfe\xf7\xee\
\xff\xfe\xf7\xee\xff\xfe\xf7\xee\xff\xfe\xf7\xee\xff\xfd\xf6\xed\
\xff\xfd\xf6\xed\xff\xfd\xf6\xed\xff\xfd\xf6\xed\xff\xfc\xf5\xec\
\xff\xfc\xf5\xec\xff\xfd\xf5\xec\xff\xfe\xf4\xeb\xff\xfd\xf4\xeb\
\xff\xfd\xf4\xeb\xff\xfd\xf4\xeb\xff\xfd\xf4\xeb\xff\xfd\xf4\xeb\
\xff\xfd\xf4\xeb\xff\xfd\xf4\xeb\xff\xfd\xf4\xeb\xff\xfd\xf4\xeb\
\xff\xfd\xf4\xeb\xff\xfd\xf4\xeb\xff\xfd\xf4\xeb\xff\xfc\xf3\xea\
\xff\xfc\xf3\xe9\xff\xfc\xf3\xe9\xff\xfb\xf2\xe8\xff\xfb\xf2\xe8\
\xff\xfb\xf2\xe8\xff\xfb\xf2\xe8\xff\xfa\xf1\xe7\xff\xfa\xf0\xe6\
\xff\xf9\xef\xe5\xff\xf9\xef\xe5\xff\xf9\xef\xe5\xff\xf9\xf0\xe3\
\xff\xf9\xf0\xe3\xff\xf8\xef\xe2\xff\xf8\xef\xe2\xff\xf8\xef\xe2\
\xff\xf7\xee\xe1\xff\xf6\xed\xe0\xff\xf7\xee\xe1\xff\xf7\xee\xe1\
\xff\xf6\xed\xe0\xff\xf6\xed\xe0\xff\xf6\xed\xe0\xff\xf6\xed\xe0\
\xff\xf6\xed\xe0\xff\xf6\xed\xe0\xff\xf6\xed\xe0\xff\xf6\xed\xe0\
\xff\xf7\xed\xdf\xff\xf7\xec\xde\xff\xf6\xeb\xdd\xff\xf6\xeb\xdd\
\xff\xf5\xea\xdc\xff\xf5\xea\xdc\xff\xf5\xea\xdc\xff\xf5\xea\xdc\
\xff\xf4\xe9\xdb\xff\xf4\xe9\xda\xff\xf5\xe8\xd8\xff\xf5\xe8\xd8\
\xff\xf5\xe8\xd9\xff\xf4\xe7\xda\xff\xf4\xe7\xd9\xff\xf3\xe6\xd8\
\xff\xf3\xe6\xd8\xff\xf3\xe6\xd8\xff\xf2\xe5\xd7\xff\xf1\xe3\xd7\
\xff\xf1\xe3\xd3\xff\xf2\xe3\xd3\xff\xf1\xe2\xd2\xff\xe1\xd2\xc2\
\xff\xe2\xd3\xc3\xff\xe3\xd4\xc4\xff\xe4\xd5\xc5\xff\xe4\xd5\xc5\
\xff\xe6\xd7\xc7\xff\xe6\xd7\xc7\xff\xe6\xd7\xc7\xff\xe8\xd9\xc9\
\xff\xe8\xd9\xc9\xff\xe9\xda\xca\xff\xe9\xda\xca\xff\xea\xdb\xcb\
\xff\xea\xdb\xcb\xff\xea\xdb\xcb\xff\xea\xdb\xcb\xff\xe9\xdb\xcb\
\xff\xe9\xdc\xcc\xff\xe9\xdc\xcc\xff\xea\xdd\xcd\xff\xea\xdd\xcd\
\xff\xea\xdd\xcd\xff\xeb\xde\xce\xff\xeb\xde\xce\xff\xeb\xde\xce\
\xff\xec\xdf\xcf\xff\xed\xe0\xd0\xff\xee\xe1\xd1\xff\xed\xe0\xd0\
\xff\xed\xe1\xd0\xff\xed\xe3\xd2\xff\xed\xe3\xd2\xff\xed\xe3\xd2\
\xff\xee\xe3\xd5\xff\xee\xe3\xd5\xff\xef\xe4\xd6\xff\xef\xe4\xd6\
\xff\xef\xe4\xd6\xff\xf0\xe5\xd7\xff\xf1\xe6\xd8\xff\xf2\xe7\xd9\
\xff\xf1\xe8\xdb\xff\xf1\xe8\xdb\xff\xf1\xe8\xdb\xff\xf2\xe9\xdc\
\xff\xf3\xea\xdd\xff\xf4\xeb\xde\xff\xf5\xec\xdf\xff\xf5\xec\xdf\
\xff\xf5\xec\xdf\xff\xf5\xec\xdf\xff\xf6\xed\xe0\xff\xf6\xed\xe0\
\xff\xf7\xee\xe1\xff\xf6\xef\xe2\xff\xf6\xee\xe1\xff\xf7\xef\xe2\
\xff\xf8\xf0\xe3\xff\xf8\xf0\xe3\xff\xf7\xef\xe2\xff\xf8\xf0\xe3\
\xff\xf8\xef\xe4\xff\xf8\xef\xe6\xff\xf8\xef\xe5\xff\xf8\xef\xe5\
\xff\xf8\xef\xe5\xff\xf7\xee\xe4\xff\xf8\xef\xe5\xff\xf8\xef\xe5\
\xff\xf9\xf0\xe6\xff\xf9\xf0\xe6\xff\xf9\xf0\xe6\xff\xf9\xf0\xe6\
\xff\xfa\xf1\xe7\xff\xf8\xf2\xe7\xff\xf8\xf2\xe7\xff\xf9\xf3\xe8\
\xff\xf9\xf3\xe8\xff\xf9\xf3\xe8\xff\xf8\xf2\xe7\xff\xf8\xf2\xe7\
\xff\xf7\xf1\xe6\xff\xf8\xf2\xe7\xff\xf8\xf2\xe7\xff\xf8\xf2\xe7\
\xff\xf8\xf2\xe7\xff\xf8\xf2\xe7\xff\xf9\xf3\xe8\xff\xf9\xf3\xe8\
\xff\xf8\xf2\xe7\xff\xf9\xf2\xe9\xff\xfa\xf3\xea\xff\xf8\xf1\xe8\
\xff\xf8\xf1\xe8\xff\xf9\xf2\xe9\xff\xf9\xf2\xe9\xff\xf9\xf2\xe9\
\xff\xf9\xf2\xe9\xff\xf9\xf2\xe9\xff\xf8\xf1\xe8\xff\xf8\xf1\xe8\
\xff\xf8\xf2\xe9\xff\xf9\xf2\xe9\xff\xfa\xf3\xea\xff\xfb\xf4\xeb\
\xff\xfa\xf3\xe9\xff\xf7\xf2\xe8\xff\xf9\xf3\xea\xff\xfa\xf3\xea\
\xff\xf7\xf1\xe6\xff\xf9\xf2\xe7\xff\xf8\xf3\xe6\xff\xfb\xf2\xe8\
\xff\xfa\xf1\xe8\xff\xf9\xf3\xe8\xff\xfb\xf3\xe9\xff\xfa\xf2\xe9\
\xff\xfb\xf4\xeb\xff\xfb\xf4\xeb\xff\xfa\xf3\xea\xff\xf9\xf2\xe9\
\xff\xfa\xf3\xea\xff\xfb\xf4\xeb\xff\xfa\xf3\xea\xff\xfa\xf3\xea\
\xff\xfa\xf3\xea\xff\xf9\xf2\xe9\xff\xf9\xf2\xe9\xff\xf9\xf2\xe9\
\xff\xf9\xf2\xe9\xff\xf9\xf2\xe9\xff\xfa\xf3\xea\xff\xfa\xf3\xea\
\xff\xfa\xf3\xea\xff\xf9\xf2\xe9\xff\xf9\xf2\xe9\xff\xfa\xf3\xea\
\xff\xfa\xf3\xea\xff\xfa\xf3\xea\xff\xfa\xf3\xea\xff\xfa\xf3\xea\
\xff\xfa\xf3\xea\xff\xfa\xf3\xea\xff\xfa\xf3\xea\xff\xfb\xf4\xeb\
\xff\xfb\xf4\xeb\xff\xfa\xf3\xea\xff\xfb\xf4\xeb\xff\xfb\xf4\xeb\
\xff\xfa\xf3\xea\xff\xfb\xf4\xeb\xff\xfb\xf4\xeb\xff\xfb\xf4\xeb\
\xff\xfb\xf4\xeb\xff\xfb\xf4\xeb\xff\xfb\xf4\xeb\xff\xfb\xf4\xeb\
\xff\xfb\xf4\xeb\xff\xfb\xf4\xeb\xff\xfb\xf4\xeb\xff\xfb\xf4\xeb\
\xff\xfc\xf5\xec\xff\xfd\xf6\xed\xff\xfe\xf7\xee\xff\xfe\xf7\xee\
\xff\xfe\xf7\xee\xff\xfe\xf7\xee\xff\xfe\xf7\xee\xff\xfe\xf7\xee\
\xff\xfe\xf7\xee\xff\xfe\xf7\xee\xff\xfe\xf7\xee\xff\xfe\xf7\xee\
\xff\xfe\xf7\xee\xff\xfe\xf7\xee\xff\xfe\xf7\xee\xff\xfe\xf7\xee\
\xff\xfe\xf7\xee\xff\xfe\xf7\xee\xff\xfe\xf7\xee\xff\xfe\xf7\xee\
\xff\xfe\xf7\xee\xff\xfe\xf7\xee\xff\xfe\xf7\xee\xff\xfe\xf7\xee\
\xff\xfe\xf7\xee\xff\xfd\xf6\xed\xff\xfd\xf6\xed\xff\xfc\xf5\xec\
\xff\xfc\xf5\xec\xff\xfd\xf5\xec\xff\xfe\xf4\xeb\xff\xfd\xf4\xeb\
\xff\xfd\xf4\xeb\xff\xfd\xf4\xeb\xff\xfd\xf4\xeb\xff\xfd\xf4\xeb\
\xff\xfd\xf4\xeb\xff\xfd\xf4\xeb\xff\xfd\xf4\xeb\xff\xfd\xf4\xeb\
\xff\xfd\xf4\xeb\xff\xfd\xf4\xeb\xff\xfd\xf4\xeb\xff\xfc\xf3\xea\
\xff\xfc\xf3\xe9\xff\xfc\xf3\xe9\xff\xfb\xf2\xe8\xff\xfb\xf2\xe8\
\xff\xfb\xf2\xe8\xff\xfb\xf2\xe8\xff\xfa\xf1\xe7\xff\xfa\xf1\xe7\
\xff\xfa\xf0\xe6\xff\xf9\xef\xe5\xff\xf9\xef\xe5\xff\xf9\xf0\xe3\
\xff\xf9\xf0\xe3\xff\xf9\xf0\xe3\xff\xf9\xf0\xe3\xff\xf8\xef\xe2\
\xff\xf7\xee\xe1\xff\xf7\xee\xe1\xff\xf7\xee\xe1\xff\xf7\xee\xe1\
\xff\xf7\xee\xe1\xff\xf7\xee\xe1\xff\xf6\xed\xe0\xff\xf7\xee\xe1\
\xff\xf7\xee\xe1\xff\xf7\xee\xe1\xff\xf6\xed\xe0\xff\xf6\xed\xe0\
\xff\xf7\xed\xdf\xff\xf7\xec\xde\xff\xf6\xeb\xdd\xff\xf6\xeb\xdd\
\xff\xf6\xeb\xdd\xff\xf5\xea\xdc\xff\xf5\xea\xdc\xff\xf6\xeb\xdd\
\xff\xf4\xe9\xdb\xff\xf4\xe8\xda\xff\xf6\xe8\xd8\xff\xf5\xe8\xd8\
\xff\xf5\xe8\xd9\xff\xf5\xe8\xda\xff\xf4\xe7\xd9\xff\xf3\xe6\xd8\
\xff\xf3\xe6\xd8\xff\xf3\xe6\xd8\xff\xf2\xe5\xd7\xff\xf1\xe4\xd6\
\xff\xf1\xe3\xd3\xff\xf2\xe3\xd3\xff\xf2\xe3\xd3\xff\xe1\xd2\xc2\
\xff\xe2\xd3\xc3\xff\xe3\xd4\xc4\xff\xe4\xd5\xc5\xff\xe5\xd6\xc6\
\xff\xe6\xd7\xc7\xff\xe7\xd8\xc8\xff\xe7\xd8\xc8\xff\xe7\xd8\xc8\
\xff\xe8\xd9\xc9\xff\xe9\xda\xca\xff\xe9\xda\xca\xff\xea\xdb\xcb\
\xff\xea\xdb\xcb\xff\xeb\xdc\xcc\xff\xeb\xdc\xcc\xff\xea\xdc\xcc\
\xff\xea\xde\xce\xff\xeb\xde\xce\xff\xeb\xde\xce\xff\xeb\xde\xce\
\xff\xeb\xde\xce\xff\xec\xdf\xcf\xff\xec\xdf\xcf\xff\xed\xe0\xd0\
\xff\xed\xe0\xd0\xff\xee\xe1\xd1\xff\xee\xe1\xd1\xff\xef\xe1\xd2\
\xff\xee\xe2\xd2\xff\xed\xe3\xd2\xff\xee\xe4\xd3\xff\xef\xe5\xd4\
\xff\xef\xe4\xd5\xff\xef\xe4\xd6\xff\xf0\xe5\xd7\xff\xf1\xe6\xd8\
\xff\xf1\xe6\xd8\xff\xf1\xe6\xd8\xff\xf2\xe7\xd9\xff\xf3\xe8\xda\
\xff\xf1\xe8\xdb\xff\xf1\xe8\xdb\xff\xf2\xe9\xdc\xff\xf2\xe9\xdc\
\xff\xf3\xea\xdd\xff\xf4\xeb\xde\xff\xf5\xec\xdf\xff\xf5\xec\xdf\
\xff\xf5\xec\xdf\xff\xf6\xed\xe0\xff\xf7\xee\xe1\xff\xf7\xee\xe1\
\xff\xf7\xee\xe1\xff\xf6\xee\xe1\xff\xf6\xee\xe1\xff\xf7\xef\xe2\
\xff\xf8\xf0\xe3\xff\xf8\xf0\xe3\xff\xf8\xf0\xe3\xff\xf8\xf0\xe3\
\xff\xf8\xef\xe4\xff\xf8\xef\xe5\xff\xf8\xef\xe5\xff\xf8\xef\xe5\
\xff\xf8\xef\xe5\xff\xf9\xf0\xe6\xff\xf9\xf0\xe6\xff\xf9\xf0\xe6\
\xff\xf9\xf0\xe6\xff\xf9\xf0\xe6\xff\xf9\xf0\xe6\xff\xf9\xf0\xe6\
\xff\xfa\xf1\xe7\xff\xf9\xf3\xe8\xff\xf8\xf2\xe7\xff\xf8\xf2\xe7\
\xff\xf8\xf2\xe7\xff\xf8\xf2\xe7\xff\xf8\xf2\xe7\xff\xf8\xf2\xe7\
\xff\xf7\xf1\xe6\xff\xf8\xf2\xe7\xff\xf8\xf2\xe7\xff\xf9\xf3\xe8\
\xff\xf9\xf3\xe8\xff\xf9\xf3\xe8\xff\xf9\xf3\xe8\xff\xfa\xf4\xe9\
\xff\xfa\xf3\xe9\xff\xf8\xf1\xe8\xff\xf9\xf2\xe9\xff\xf9\xf2\xe9\
\xff\xf9\xf2\xe9\xff\xf8\xf1\xe8\xff\xf8\xf1\xe8\xff\xf9\xf2\xe9\
\xff\xfa\xf3\xea\xff\xfa\xf3\xe9\xff\xfa\xf2\xe9\xff\xfc\xf3\xea\
\xff\xf9\xf2\xe9\xff\xf9\xf2\xe9\xff\xfa\xf3\xea\xff\xf9\xf2\xe9\
\xff\xf8\xf1\xe8\xff\xf9\xf4\xe9\xff\xfa\xf4\xe9\xff\xf9\xf2\xe8\
\xff\xf8\xf2\xe8\xff\xfb\xf1\xeb\xff\xfa\xf2\xeb\xff\xf9\xf1\xec\
\xff\xf8\xef\xeb\xff\xfa\xf1\xec\xff\xfa\xf2\xea\xff\xfa\xf3\xea\
\xff\xfb\xf4\xeb\xff\xfa\xf3\xea\xff\xfa\xf3\xea\xff\xfa\xf3\xea\
\xff\xfa\xf3\xea\xff\xfa\xf3\xea\xff\xfb\xf4\xeb\xff\xfb\xf4\xeb\
\xff\xfb\xf4\xeb\xff\xfb\xf4\xeb\xff\xfb\xf4\xeb\xff\xfb\xf4\xeb\
\xff\xfb\xf4\xeb\xff\xfa\xf3\xea\xff\xfa\xf3\xea\xff\xfa\xf3\xea\
\xff\xfa\xf3\xea\xff\xfa\xf3\xea\xff\xfa\xf3\xea\xff\xfa\xf3\xea\
\xff\xfa\xf3\xea\xff\xfa\xf3\xea\xff\xfa\xf3\xea\xff\xfa\xf3\xea\
\xff\xfa\xf3\xea\xff\xfa\xf3\xea\xff\xfb\xf4\xeb\xff\xfb\xf4\xeb\
\xff\xfb\xf4\xeb\xff\xfb\xf4\xeb\xff\xfc\xf5\xec\xff\xfc\xf5\xec\
\xff\xfb\xf4\xeb\xff\xfb\xf4\xeb\xff\xfb\xf4\xeb\xff\xfc\xf5\xec\
\xff\xfc\xf5\xec\xff\xfb\xf4\xeb\xff\xfb\xf4\xeb\xff\xfc\xf5\xec\
\xff\xfb\xf4\xeb\xff\xfb\xf4\xeb\xff\xfc\xf5\xec\xff\xfc\xf5\xec\
\xff\xfd\xf6\xed\xff\xfe\xf7\xee\xff\xfe\xf7\xee\xff\xfe\xf7\xee\
\xff\xfe\xf7\xee\xff\xfe\xf7\xee\xff\xfe\xf7\xee\xff\xfe\xf7\xee\
\xff\xfe\xf7\xee\xff\xff\xf8\xef\xff\xff\xf8\xef\xff\xfe\xf7\xee\
\xff\xfe\xf7\xee\xff\xfe\xf7\xee\xff\xfe\xf7\xee\xff\xfe\xf7\xee\
\xff\xfe\xf7\xee\xff\xfe\xf7\xee\xff\xfe\xf7\xee\xff\xfe\xf7\xee\
\xff\xfe\xf7\xee\xff\xfe\xf7\xee\xff\xfe\xf7\xee\xff\xfe\xf7\xee\
\xff\xfe\xf7\xee\xff\xfe\xf7\xee\xff\xfe\xf7\xee\xff\xfe\xf7\xee\
\xff\xfc\xf5\xec\xff\xfd\xf5\xec\xff\xfe\xf5\xec\xff\xfd\xf4\xeb\
\xff\xfd\xf4\xeb\xff\xfd\xf4\xeb\xff\xfd\xf4\xeb\xff\xfd\xf4\xeb\
\xff\xfd\xf4\xeb\xff\xfd\xf4\xeb\xff\xfd\xf4\xeb\xff\xfd\xf4\xeb\
\xff\xfd\xf4\xeb\xff\xfd\xf4\xeb\xff\xfd\xf4\xeb\xff\xfc\xf3\xea\
\xff\xfc\xf3\xe9\xff\xfc\xf3\xe9\xff\xfb\xf2\xe8\xff\xfb\xf2\xe8\
\xff\xfb\xf2\xe8\xff\xfb\xf2\xe8\xff\xfb\xf2\xe8\xff\xfb\xf1\xe7\
\xff\xfa\xf0\xe6\xff\xfa\xf0\xe6\xff\xfa\xf0\xe6\xff\xfa\xf1\xe3\
\xff\xf9\xf0\xe3\xff\xf9\xf0\xe3\xff\xf9\xf0\xe3\xff\xf9\xf0\xe3\
\xff\xf8\xef\xe2\xff\xf7\xee\xe1\xff\xf8\xef\xe2\xff\xf8\xef\xe2\
\xff\xf7\xee\xe1\xff\xf6\xed\xe0\xff\xf7\xee\xe1\xff\xf7\xee\xe1\
\xff\xf7\xee\xe1\xff\xf7\xee\xe1\xff\xf6\xed\xe0\xff\xf6\xed\xe0\
\xff\xf7\xed\xdf\xff\xf6\xeb\xdd\xff\xf6\xeb\xdd\xff\xf6\xeb\xdd\
\xff\xf6\xeb\xdd\xff\xf6\xeb\xdd\xff\xf5\xea\xdc\xff\xf4\xe9\xdb\
\xff\xf4\xe9\xdb\xff\xf5\xe9\xda\xff\xf6\xe9\xd9\xff\xf6\xe9\xd9\
\xff\xf5\xe8\xd9\xff\xf5\xe8\xda\xff\xf5\xe8\xda\xff\xf4\xe7\xd9\
\xff\xf4\xe7\xd9\xff\xf3\xe6\xd8\xff\xf2\xe5\xd7\xff\xf1\xe4\xd5\
\xff\xf1\xe4\xd2\xff\xf2\xe3\xd3\xff\xf2\xe3\xd3\xff\xe1\xd2\xc2\
\xff\xe2\xd3\xc3\xff\xe4\xd5\xc5\xff\xe4\xd6\xc6\xff\xe6\xd7\xc7\
\xff\xe6\xd7\xc7\xff\xe7\xd8\xc8\xff\xe8\xd9\xc9\xff\xe8\xd9\xc9\
\xff\xe8\xd9\xc9\xff\xe9\xda\xca\xff\xe9\xda\xca\xff\xea\xdb\xcb\
\xff\xeb\xdc\xcc\xff\xec\xdd\xcd\xff\xec\xdd\xcd\xff\xeb\xdd\xcd\
\xff\xeb\xde\xce\xff\xeb\xde\xce\xff\xeb\xde\xce\xff\xeb\xde\xce\
\xff\xec\xdf\xcf\xff\xec\xdf\xcf\xff\xec\xdf\xcf\xff\xed\xe0\xd0\
\xff\xee\xe1\xd1\xff\xef\xe2\xd2\xff\xef\xe2\xd2\xff\xf0\xe2\xd2\
\xff\xef\xe2\xd2\xff\xed\xe3\xd2\xff\xef\xe5\xd3\xff\xef\xe5\xd4\
\xff\xef\xe4\xd6\xff\xef\xe4\xd6\xff\xf1\xe6\xd8\xff\xf2\xe7\xd9\
\xff\xf1\xe6\xd8\xff\xf2\xe7\xd9\xff\xf3\xe8\xda\xff\xf4\xe9\xdb\
\xff\xf1\xe8\xdb\xff\xf1\xe8\xdb\xff\xf2\xe9\xdc\xff\xf3\xea\xdd\
\xff\xf4\xeb\xde\xff\xf4\xeb\xde\xff\xf4\xeb\xde\xff\xf4\xeb\xde\
\xff\xf6\xed\xe0\xff\xf7\xee\xe1\xff\xf7\xee\xe1\xff\xf7\xee\xe1\
\xff\xf7\xee\xe1\xff\xf6\xee\xe1\xff\xf7\xef\xe2\xff\xf7\xef\xe2\
\xff\xf8\xf0\xe3\xff\xf8\xf0\xe3\xff\xf8\xf0\xe3\xff\xf8\xf0\xe3\
\xff\xf8\xef\xe4\xff\xf8\xef\xe5\xff\xf8\xef\xe5\xff\xf9\xf0\xe6\
\xff\xf9\xf0\xe6\xff\xf9\xf0\xe6\xff\xf9\xf0\xe6\xff\xf9\xf0\xe6\
\xff\xf9\xf0\xe6\xff\xf9\xf0\xe6\xff\xf9\xf0\xe6\xff\xfa\xf0\xe7\
\xff\xfb\xf2\xe8\xff\xf9\xf3\xe8\xff\xf9\xf3\xe8\xff\xf9\xf3\xe8\
\xff\xf9\xf3\xe8\xff\xf9\xf3\xe8\xff\xf9\xf3\xe8\xff\xf9\xf3\xe8\
\xff\xf8\xf2\xe7\xff\xf8\xf2\xe7\xff\xf9\xf3\xe8\xff\xf9\xf3\xe8\
\xff\xf9\xf3\xe8\xff\xf9\xf3\xe8\xff\xf9\xf3\xe8\xff\xf9\xf3\xe8\
\xff\xf9\xf3\xe8\xff\xf8\xf1\xe8\xff\xf8\xf1\xe8\xff\xfa\xf3\xea\
\xff\xfa\xf3\xea\xff\xf9\xf2\xe9\xff\xfa\xf3\xea\xff\xfa\xf3\xea\
\xff\xfb\xf3\xea\xff\xfb\xf1\xe7\xff\xfb\xf2\xe8\xff\xfb\xf3\xe9\
\xff\xfa\xf3\xea\xff\xf9\xf2\xe9\xff\xfa\xf3\xea\xff\xf7\xf1\xe8\
\xff\xf5\xef\xe7\xff\xf9\xf3\xe9\xff\xfa\xf4\xe9\xff\xf9\xf3\xe8\
\xff\xfb\xf4\xeb\xff\xf9\xf1\xe9\xff\xf9\xf1\xea\xff\xfb\xf3\xec\
\xff\xf8\xf1\xea\xff\xfa\xf3\xeb\xff\xf8\xf1\xe9\xff\xf9\xf2\xe9\
\xff\xfa\xf3\xea\xff\xf8\xf1\xe8\xff\xf9\xf2\xe9\xff\xfb\xf4\xeb\
\xff\xfb\xf4\xeb\xff\xf9\xf2\xe9\xff\xfa\xf3\xea\xff\xfa\xf3\xea\
\xff\xfa\xf3\xea\xff\xfa\xf3\xea\xff\xfa\xf3\xea\xff\xfa\xf3\xea\
\xff\xfa\xf3\xea\xff\xfa\xf3\xea\xff\xfa\xf3\xea\xff\xfa\xf3\xea\
\xff\xfa\xf3\xea\xff\xfa\xf3\xea\xff\xfa\xf3\xea\xff\xfa\xf3\xea\
\xff\xfa\xf3\xea\xff\xfa\xf3\xea\xff\xfa\xf3\xea\xff\xfa\xf3\xea\
\xff\xfa\xf3\xea\xff\xfa\xf3\xea\xff\xfb\xf4\xeb\xff\xfb\xf4\xeb\
\xff\xfb\xf4\xeb\xff\xfb\xf4\xeb\xff\xfc\xf5\xec\xff\xfc\xf5\xec\
\xff\xfc\xf5\xec\xff\xfb\xf4\xeb\xff\xfc\xf5\xec\xff\xfc\xf5\xec\
\xff\xfc\xf5\xec\xff\xfc\xf5\xec\xff\xfc\xf5\xec\xff\xfc\xf5\xec\
\xff\xfc\xf5\xec\xff\xfc\xf5\xec\xff\xfc\xf5\xec\xff\xfd\xf6\xed\
\xff\xfe\xf7\xee\xff\xfe\xf7\xee\xff\xfe\xf7\xee\xff\xfe\xf7\xee\
\xff\xfe\xf7\xee\xff\xfe\xf7\xee\xff\xff\xf8\xef\xff\xff\xf8\xef\
\xff\xff\xf8\xef\xff\xff\xf8\xef\xff\xff\xf8\xef\xff\xff\xf8\xef\
\xff\xff\xf8\xef\xff\xff\xf8\xef\xff\xfe\xf7\xee\xff\xfe\xf7\xee\
\xff\xfe\xf7\xee\xff\xfe\xf7\xee\xff\xfe\xf7\xee\xff\xfe\xf7\xee\
\xff\xfe\xf7\xee\xff\xfe\xf7\xee\xff\xfe\xf7\xee\xff\xfe\xf7\xee\
\xff\xfe\xf7\xee\xff\xfe\xf7\xee\xff\xfe\xf7\xee\xff\xfe\xf7\xee\
\xff\xfd\xf6\xed\xff\xfd\xf5\xec\xff\xfe\xf5\xec\xff\xfd\xf4\xeb\
\xff\xfd\xf4\xeb\xff\xfd\xf4\xeb\xff\xfd\xf4\xeb\xff\xfd\xf4\xeb\
\xff\xfd\xf4\xeb\xff\xfd\xf4\xeb\xff\xfd\xf4\xeb\xff\xfd\xf4\xeb\
\xff\xfd\xf4\xeb\xff\xfd\xf4\xeb\xff\xfd\xf4\xeb\xff\xfc\xf3\xea\
\xff\xfc\xf3\xe9\xff\xfc\xf3\xe9\xff\xfb\xf2\xe8\xff\xfb\xf2\xe8\
\xff\xfb\xf2\xe8\xff\xfb\xf2\xe8\xff\xfb\xf2\xe8\xff\xfb\xf1\xe7\
\xff\xfb\xf1\xe7\xff\xfa\xf0\xe6\xff\xfa\xf0\xe6\xff\xfa\xf1\xe4\
\xff\xf9\xf0\xe3\xff\xf9\xf0\xe3\xff\xf9\xf0\xe3\xff\xf9\xf0\xe3\
\xff\xf8\xef\xe2\xff\xf8\xef\xe2\xff\xf8\xef\xe2\xff\xf8\xef\xe2\
\xff\xf7\xee\xe1\xff\xf7\xee\xe1\xff\xf8\xef\xe2\xff\xf7\xee\xe1\
\xff\xf7\xee\xe1\xff\xf7\xef\xe1\xff\xf6\xed\xe0\xff\xf6\xed\xe0\
\xff\xf7\xed\xdf\xff\xf6\xeb\xdd\xff\xf6\xeb\xdd\xff\xf6\xeb\xdd\
\xff\xf6\xeb\xdd\xff\xf6\xeb\xdd\xff\xf5\xea\xdc\xff\xf5\xea\xdc\
\xff\xf4\xe9\xdc\xff\xf5\xea\xdb\xff\xf7\xea\xd9\xff\xf7\xe9\xd9\
\xff\xf6\xe9\xda\xff\xf5\xe8\xda\xff\xf5\xe8\xda\xff\xf4\xe7\xd9\
\xff\xf3\xe6\xd8\xff\xf3\xe6\xd8\xff\xf2\xe5\xd7\xff\xf1\xe4\xd6\
\xff\xf1\xe3\xd4\xff\xf2\xe3\xd2\xff\xf1\xe3\xd2\xff\xe1\xd2\xc2\
\xff\xe2\xd3\xc3\xff\xe4\xd5\xc5\xff\xe5\xd6\xc6\xff\xe7\xd8\xc8\
\xff\xe6\xd7\xc7\xff\xe7\xd8\xc8\xff\xe8\xd9\xc9\xff\xe8\xd9\xc9\
\xff\xe9\xda\xca\xff\xea\xdb\xcb\xff\xeb\xdc\xcc\xff\xec\xdd\xcd\
\xff\xec\xdd\xcd\xff\xec\xdd\xcd\xff\xec\xdd\xcd\xff\xeb\xdd\xcd\
\xff\xeb\xde\xce\xff\xeb\xde\xce\xff\xec\xdf\xcf\xff\xec\xdf\xcf\
\xff\xed\xe0\xd0\xff\xed\xe0\xd0\xff\xed\xe0\xd0\xff\xed\xe0\xd0\
\xff\xee\xe1\xd1\xff\xee\xe1\xd1\xff\xef\xe2\xd2\xff\xee\xe2\xd2\
\xff\xed\xe2\xd2\xff\xed\xe3\xd2\xff\xee\xe4\xd4\xff\xf0\xe5\xd7\
\xff\xf1\xe6\xd8\xff\xf1\xe6\xd8\xff\xf2\xe7\xd9\xff\xf2\xe8\xda\
\xff\xf1\xe8\xda\xff\xf3\xe8\xda\xff\xf4\xe9\xdb\xff\xf5\xea\xdc\
\xff\xf4\xeb\xdd\xff\xf4\xeb\xdd\xff\xf4\xeb\xdd\xff\xf4\xeb\xde\
\xff\xf5\xec\xdf\xff\xf6\xed\xe0\xff\xf6\xed\xe0\xff\xf6\xed\xe0\
\xff\xf6\xee\xe1\xff\xf7\xee\xe1\xff\xf8\xef\xe2\xff\xf8\xee\xe3\
\xff\xf8\xef\xe3\xff\xf7\xef\xe2\xff\xf7\xef\xe2\xff\xf8\xf0\xe3\
\xff\xf8\xf0\xe3\xff\xf8\xf0\xe3\xff\xf8\xf0\xe4\xff\xf8\xef\xe4\
\xff\xf8\xef\xe5\xff\xf8\xef\xe5\xff\xf9\xf0\xe6\xff\xf9\xf0\xe6\
\xff\xf9\xf0\xe6\xff\xfa\xf1\xe7\xff\xfa\xf1\xe7\xff\xfa\xf2\xe8\
\xff\xfa\xf2\xe7\xff\xfa\xf1\xe7\xff\xfa\xf1\xe7\xff\xfa\xf2\xe8\
\xff\xfa\xf3\xe8\xff\xf9\xf3\xe8\xff\xf8\xf2\xe7\xff\xf9\xf3\xe8\
\xff\xf9\xf3\xe8\xff\xf9\xf3\xe8\xff\xf9\xf3\xe8\xff\xf9\xf3\xe8\
\xff\xf9\xf3\xe8\xff\xf9\xf3\xe8\xff\xf9\xf3\xe8\xff\xf9\xf3\xe8\
\xff\xf9\xf3\xe8\xff\xf9\xf3\xe8\xff\xf9\xf3\xe8\xff\xfa\xf3\xe9\
\xff\xfa\xf3\xea\xff\xf9\xf2\xe9\xff\xfa\xf3\xea\xff\xfa\xf3\xea\
\xff\xf9\xf2\xe9\xff\xf9\xf2\xe9\xff\xfa\xf3\xea\xff\xf9\xf2\xe9\
\xff\xf9\xf2\xe9\xff\xfb\xf4\xe9\xff\xfb\xf2\xe8\xff\xfb\xf2\xe8\
\xff\xf9\xf2\xe9\xff\xf9\xf2\xe9\xff\xfb\xf4\xeb\xff\xfa\xf4\xeb\
\xff\xf7\xf1\xe9\xff\xfa\xf4\xea\xff\xfa\xf4\xe8\xff\xfa\xf3\xe9\
\xff\xfb\xf4\xeb\xff\xfa\xf3\xea\xff\xfa\xf3\xe9\xff\xfa\xf4\xea\
\xff\xfa\xf4\xe8\xff\xf9\xf3\xe7\xff\xfa\xf4\xea\xff\xfb\xf4\xeb\
\xff\xfb\xf4\xeb\xff\xfa\xf3\xea\xff\xfa\xf3\xea\xff\xfb\xf4\xeb\
\xff\xfa\xf3\xea\xff\xfa\xf3\xea\xff\xfa\xf3\xea\xff\xfa\xf3\xea\
\xff\xfa\xf3\xea\xff\xfa\xf3\xea\xff\xfa\xf3\xea\xff\xfa\xf3\xea\
\xff\xfa\xf3\xea\xff\xfa\xf3\xea\xff\xfa\xf3\xea\xff\xfa\xf3\xea\
\xff\xfa\xf3\xea\xff\xfa\xf3\xea\xff\xfa\xf3\xea\xff\xfa\xf3\xea\
\xff\xfa\xf3\xea\xff\xfa\xf3\xea\xff\xfa\xf3\xea\xff\xfa\xf3\xea\
\xff\xfb\xf4\xeb\xff\xfb\xf4\xeb\xff\xfb\xf4\xeb\xff\xfb\xf4\xeb\
\xff\xfb\xf4\xeb\xff\xfb\xf4\xeb\xff\xfc\xf5\xec\xff\xfc\xf5\xec\
\xff\xfc\xf5\xec\xff\xfc\xf5\xec\xff\xfc\xf5\xec\xff\xfc\xf5\xec\
\xff\xfc\xf5\xec\xff\xfc\xf5\xec\xff\xfc\xf5\xec\xff\xfc\xf5\xec\
\xff\xfc\xf5\xec\xff\xfd\xf6\xed\xff\xfd\xf6\xed\xff\xfe\xf7\xee\
\xff\xfe\xf7\xee\xff\xfe\xf7\xee\xff\xfe\xf7\xee\xff\xfe\xf7\xee\
\xff\xff\xf8\xef\xff\xff\xf8\xef\xff\xff\xf8\xef\xff\xff\xf8\xef\
\xff\xff\xf8\xef\xff\xff\xf8\xef\xff\xff\xf8\xef\xff\xff\xf8\xef\
\xff\xff\xf8\xef\xff\xff\xf8\xef\xff\xff\xf8\xef\xff\xff\xf8\xef\
\xff\xff\xf8\xef\xff\xff\xf8\xef\xff\xff\xf8\xef\xff\xfe\xf7\xee\
\xff\xfe\xf7\xee\xff\xfe\xf7\xee\xff\xfe\xf7\xee\xff\xfe\xf7\xee\
\xff\xfe\xf7\xee\xff\xfe\xf7\xee\xff\xfe\xf7\xee\xff\xfd\xf6\xed\
\xff\xfd\xf6\xed\xff\xfd\xf6\xed\xff\xfd\xf5\xec\xff\xfd\xf4\xeb\
\xff\xfd\xf4\xeb\xff\xfd\xf4\xeb\xff\xfd\xf4\xeb\xff\xfd\xf4\xeb\
\xff\xfd\xf4\xeb\xff\xfd\xf4\xeb\xff\xfd\xf4\xeb\xff\xfd\xf4\xeb\
\xff\xfd\xf4\xeb\xff\xfd\xf4\xeb\xff\xfd\xf4\xeb\xff\xfc\xf3\xea\
\xff\xfc\xf3\xe9\xff\xfc\xf3\xe9\xff\xfb\xf2\xe8\xff\xfb\xf2\xe8\
\xff\xfb\xf2\xe8\xff\xfb\xf2\xe8\xff\xfb\xf2\xe8\xff\xfb\xf1\xe7\
\xff\xfb\xf1\xe7\xff\xfb\xf1\xe7\xff\xfb\xf1\xe6\xff\xfa\xf1\xe4\
\xff\xf9\xf0\xe4\xff\xf9\xf0\xe3\xff\xf8\xef\xe2\xff\xf8\xef\xe2\
\xff\xf8\xef\xe2\xff\xf8\xef\xe2\xff\xf8\xef\xe2\xff\xf8\xef\xe2\
\xff\xf8\xef\xe2\xff\xf8\xef\xe2\xff\xf8\xef\xe2\xff\xf7\xef\xe2\
\xff\xf8\xef\xe2\xff\xf9\xee\xe2\xff\xf8\xed\xe1\xff\xf7\xec\xe0\
\xff\xf7\xed\xdf\xff\xf6\xeb\xdd\xff\xf6\xeb\xdd\xff\xf6\xeb\xdd\
\xff\xf6\xea\xdd\xff\xf6\xeb\xdd\xff\xf5\xea\xdc\xff\xf5\xea\xdc\
\xff\xf6\xeb\xdd\xff\xf6\xeb\xdc\xff\xf6\xe9\xda\xff\xf6\xe9\xd9\
\xff\xf5\xe8\xd9\xff\xf5\xe8\xda\xff\xf4\xe7\xd9\xff\xf4\xe7\xd9\
\xff\xf4\xe7\xd9\xff\xf2\xe5\xd7\xff\xf2\xe5\xd7\xff\xf0\xe3\xd6\
\xff\xf0\xe3\xd4\xff\xf1\xe4\xd2\xff\xf2\xe4\xd1\xff\xe3\xd3\xc3\
\xff\xe4\xd4\xc4\xff\xe5\xd5\xc5\xff\xe6\xd6\xc6\xff\xe7\xd7\xc7\
\xff\xe7\xd7\xc7\xff\xe7\xd8\xc8\xff\xe9\xd9\xc9\xff\xe9\xd9\xc9\
\xff\xea\xdb\xcb\xff\xeb\xdc\xcc\xff\xeb\xdc\xcc\xff\xec\xdd\xcd\
\xff\xec\xdd\xcd\xff\xec\xdd\xcd\xff\xed\xde\xce\xff\xed\xdf\xcf\
\xff\xec\xdf\xcf\xff\xec\xdf\xcf\xff\xec\xdf\xcf\xff\xec\xdf\xcf\
\xff\xed\xe0\xd0\xff\xee\xe1\xd1\xff\xee\xe1\xd1\xff\xee\xe1\xd1\
\xff\xef\xe2\xd2\xff\xef\xe2\xd2\xff\xf0\xe2\xd2\xff\xef\xe3\xd4\
\xff\xee\xe3\xd6\xff\xef\xe3\xd6\xff\xef\xe4\xd7\xff\xf0\xe5\xd7\
\xff\xf2\xe7\xd9\xff\xf2\xe7\xd9\xff\xf2\xe7\xd9\xff\xf1\xe8\xda\
\xff\xf1\xe8\xda\xff\xf4\xe9\xdb\xff\xf4\xe9\xdb\xff\xf4\xea\xdc\
\xff\xf4\xeb\xdd\xff\xf4\xeb\xdd\xff\xf4\xeb\xdd\xff\xf5\xec\xdf\
\xff\xf5\xec\xdf\xff\xf7\xee\xe1\xff\xf7\xee\xe1\xff\xf7\xee\xe1\
\xff\xf6\xee\xe1\xff\xf7\xef\xe2\xff\xf8\xef\xe2\xff\xf9\xee\xe5\
\xff\xf9\xef\xe5\xff\xf8\xf0\xe3\xff\xf8\xf0\xe3\xff\xf8\xf0\xe4\
\xff\xf9\xf0\xe6\xff\xf9\xf0\xe6\xff\xf9\xf0\xe6\xff\xf9\xf0\xe6\
\xff\xf9\xf0\xe6\xff\xf9\xf0\xe6\xff\xf9\xf0\xe6\xff\xf9\xf0\xe6\
\xff\xfa\xf1\xe7\xff\xfa\xf1\xe7\xff\xfa\xf1\xe7\xff\xf7\xf2\xe7\
\xff\xfa\xf2\xe8\xff\xfb\xf2\xe8\xff\xfb\xf2\xe8\xff\xfa\xf3\xe9\
\xff\xfa\xf4\xe9\xff\xfa\xf4\xe9\xff\xf9\xf3\xe8\xff\xf9\xf3\xe8\
\xff\xf9\xf3\xe8\xff\xf9\xf3\xe8\xff\xf9\xf3\xe8\xff\xfa\xf4\xe9\
\xff\xfa\xf4\xe9\xff\xf9\xf3\xe8\xff\xf9\xf3\xe8\xff\xfa\xf4\xe9\
\xff\xfa\xf4\xe9\xff\xfa\xf4\xe9\xff\xfa\xf4\xe9\xff\xfb\xf4\xeb\
\xff\xfb\xf4\xeb\xff\xfa\xf3\xea\xff\xfa\xf3\xea\xff\xfa\xf3\xea\
\xff\xfa\xf3\xea\xff\xf9\xf2\xe9\xff\xf9\xf2\xe9\xff\xfa\xf3\xea\
\xff\xf9\xf3\xe9\xff\xfa\xf5\xea\xff\xfc\xf4\xe9\xff\xfc\xf3\xe9\
\xff\xfa\xf3\xea\xff\xfa\xf3\xea\xff\xfa\xf3\xea\xff\xfc\xf4\xeb\
\xff\xfa\xf3\xeb\xff\xfb\xf4\xea\xff\xfa\xf4\xe9\xff\xf9\xf3\xe9\
\xff\xf9\xf2\xea\xff\xfa\xf2\xea\xff\xfb\xf4\xeb\xff\xf9\xf3\xe8\
\xff\xf9\xf3\xe7\xff\xfa\xf4\xe9\xff\xf9\xf2\xe9\xff\xfa\xf3\xea\
\xff\xfb\xf4\xeb\xff\xfb\xf4\xeb\xff\xfb\xf4\xeb\xff\xf9\xf2\xe9\
\xff\xf9\xf2\xe9\xff\xfa\xf3\xea\xff\xfa\xf3\xea\xff\xfa\xf3\xea\
\xff\xfa\xf3\xea\xff\xfa\xf3\xea\xff\xfa\xf3\xea\xff\xfa\xf3\xea\
\xff\xfa\xf3\xea\xff\xfa\xf3\xea\xff\xfa\xf3\xea\xff\xfa\xf3\xea\
\xff\xfa\xf3\xea\xff\xfa\xf3\xea\xff\xf9\xf2\xe9\xff\xfa\xf3\xea\
\xff\xfb\xf4\xeb\xff\xfa\xf3\xea\xff\xfb\xf4\xeb\xff\xfa\xf3\xea\
\xff\xfb\xf4\xeb\xff\xfb\xf4\xeb\xff\xfb\xf4\xeb\xff\xfb\xf4\xeb\
\xff\xfb\xf4\xeb\xff\xfb\xf4\xeb\xff\xfc\xf5\xec\xff\xfc\xf5\xec\
\xff\xfc\xf5\xec\xff\xfc\xf5\xec\xff\xfc\xf5\xec\xff\xfc\xf5\xec\
\xff\xfc\xf5\xec\xff\xfc\xf5\xec\xff\xfc\xf5\xec\xff\xfc\xf5\xec\
\xff\xfc\xf5\xec\xff\xfd\xf6\xed\xff\xfe\xf7\xee\xff\xfe\xf7\xee\
\xff\xfe\xf7\xee\xff\xfe\xf7\xee\xff\xfe\xf7\xee\xff\xff\xf8\xef\
\xff\xff\xf8\xef\xff\xff\xf8\xef\xff\xff\xf9\xf0\xff\xff\xf9\xf0\
\xff\xff\xf9\xf0\xff\xff\xf8\xef\xff\xff\xf8\xef\xff\xff\xf8\xef\
\xff\xff\xf8\xef\xff\xff\xf8\xef\xff\xff\xf8\xef\xff\xff\xf8\xef\
\xff\xff\xf8\xef\xff\xff\xf8\xef\xff\xff\xf8\xef\xff\xff\xf8\xef\
\xff\xff\xf8\xef\xff\xff\xf8\xef\xff\xff\xf8\xef\xff\xff\xf8\xef\
\xff\xff\xf8\xef\xff\xfe\xf7\xee\xff\xfe\xf7\xee\xff\xfd\xf6\xed\
\xff\xfd\xf6\xed\xff\xfd\xf6\xed\xff\xfc\xf5\xec\xff\xfe\xf5\xec\
\xff\xfe\xf5\xec\xff\xfe\xf5\xec\xff\xfd\xf4\xeb\xff\xfd\xf4\xeb\
\xff\xfe\xf5\xec\xff\xfd\xf4\xeb\xff\xfd\xf4\xeb\xff\xfd\xf4\xeb\
\xff\xfd\xf4\xeb\xff\xfd\xf4\xeb\xff\xfd\xf4\xeb\xff\xfc\xf3\xea\
\xff\xfb\xf2\xe9\xff\xfb\xf2\xe9\xff\xfa\xf1\xe8\xff\xfb\xf2\xe8\
\xff\xfb\xf2\xe8\xff\xfb\xf2\xe8\xff\xfb\xf2\xe8\xff\xfb\xf2\xe8\
\xff\xfc\xf2\xe8\xff\xfb\xf1\xe7\xff\xfb\xf1\xe6\xff\xfa\xf1\xe4\
\xff\xfa\xf1\xe4\xff\xf9\xf0\xe3\xff\xf8\xef\xe2\xff\xf8\xef\xe2\
\xff\xf9\xf0\xe3\xff\xf9\xf0\xe3\xff\xf9\xf0\xe3\xff\xf9\xf0\xe3\
\xff\xf8\xef\xe2\xff\xf7\xee\xe1\xff\xf7\xee\xe1\xff\xf7\xee\xe1\
\xff\xf7\xed\xe1\xff\xf8\xec\xe0\xff\xf8\xec\xe0\xff\xf8\xec\xe0\
\xff\xf8\xed\xdf\xff\xf7\xec\xde\xff\xf6\xeb\xdd\xff\xf6\xea\xde\
\xff\xf5\xe9\xdd\xff\xf5\xea\xdc\xff\xf5\xea\xdc\xff\xf5\xea\xdc\
\xff\xf5\xea\xdc\xff\xf5\xea\xdc\xff\xf4\xea\xdc\xff\xf4\xe9\xdc\
\xff\xf3\xe8\xda\xff\xf6\xe9\xdb\xff\xf5\xe8\xda\xff\xf5\xe8\xda\
\xff\xf4\xe7\xd9\xff\xf2\xe5\xd7\xff\xf2\xe5\xd7\xff\xf1\xe4\xd6\
\xff\xf0\xe3\xd4\xff\xf1\xe4\xd3\xff\xf1\xe3\xd2\xff\xe5\xd5\xc5\
\xff\xe5\xd5\xc5\xff\xe5\xd5\xc5\xff\xe6\xd6\xc6\xff\xe7\xd7\xc7\
\xff\xe7\xd7\xc7\xff\xe8\xd8\xc8\xff\xe9\xd9\xc9\xff\xea\xda\xca\
\xff\xea\xdb\xcb\xff\xeb\xdc\xcc\xff\xec\xdd\xcd\xff\xeb\xdc\xcc\
\xff\xec\xdd\xcd\xff\xec\xdd\xcd\xff\xed\xde\xce\xff\xec\xdf\xcf\
\xff\xec\xdf\xcf\xff\xec\xdf\xcf\xff\xed\xe0\xd0\xff\xed\xe0\xd0\
\xff\xed\xe0\xd0\xff\xee\xe1\xd1\xff\xee\xe1\xd1\xff\xef\xe2\xd2\
\xff\xef\xe2\xd2\xff\xf0\xe3\xd3\xff\xf0\xe3\xd3\xff\xf0\xe4\xd5\
\xff\xf0\xe4\xd7\xff\xf0\xe5\xd7\xff\xf0\xe5\xd7\xff\xf1\xe6\xd8\
\xff\xf1\xe6\xd8\xff\xf3\xe8\xda\xff\xf3\xe8\xda\xff\xf2\xe8\xda\
\xff\xf2\xe9\xdb\xff\xf2\xe9\xdb\xff\xf3\xea\xdc\xff\xf3\xea\xdc\
\xff\xf4\xeb\xdd\xff\xf4\xeb\xdd\xff\xf4\xeb\xdd\xff\xf5\xec\xde\
\xff\xf5\xec\xdf\xff\xf7\xee\xe1\xff\xf7\xee\xe1\xff\xf7\xee\xe1\
\xff\xf6\xee\xe1\xff\xf7\xef\xe2\xff\xf7\xef\xe2\xff\xf8\xef\xe5\
\xff\xf8\xef\xe5\xff\xf8\xef\xe5\xff\xf8\xef\xe5\xff\xf8\xef\xe5\
\xff\xf8\xef\xe5\xff\xf9\xf0\xe6\xff\xf9\xf0\xe6\xff\xf9\xf0\xe6\
\xff\xfa\xf1\xe7\xff\xf9\xf0\xe6\xff\xf9\xf0\xe6\xff\xf9\xf0\xe6\
\xff\xfa\xf1\xe7\xff\xfa\xf1\xe7\xff\xfa\xf1\xe7\xff\xfa\xf3\xe8\
\xff\xf9\xf4\xe9\xff\xfa\xf3\xe8\xff\xfa\xf4\xe9\xff\xf9\xf3\xe8\
\xff\xf9\xf3\xe8\xff\xfa\xf4\xe9\xff\xf9\xf3\xe8\xff\xf9\xf3\xe8\
\xff\xf9\xf3\xe8\xff\xf9\xf3\xe8\xff\xfa\xf4\xe9\xff\xfa\xf4\xe9\
\xff\xfa\xf4\xe9\xff\xfa\xf3\xea\xff\xfa\xf3\xe9\xff\xf9\xf2\xe9\
\xff\xfa\xf3\xea\xff\xfb\xf4\xea\xff\xfa\xf4\xea\xff\xfb\xf4\xeb\
\xff\xfb\xf4\xeb\xff\xfa\xf3\xea\xff\xfa\xf3\xea\xff\xfa\xf3\xea\
\xff\xfa\xf3\xea\xff\xfa\xf3\xea\xff\xfa\xf3\xea\xff\xfa\xf3\xea\
\xff\xfa\xf3\xea\xff\xfa\xf3\xea\xff\xf9\xf2\xe9\xff\xfa\xf3\xea\
\xff\xfb\xf3\xea\xff\xfa\xf3\xea\xff\xfa\xf3\xea\xff\xfa\xf3\xea\
\xff\xfa\xf3\xea\xff\xfa\xf3\xea\xff\xfb\xf4\xeb\xff\xfa\xf3\xea\
\xff\xfa\xf3\xea\xff\xfa\xf3\xea\xff\xfa\xf3\xea\xff\xfb\xf4\xeb\
\xff\xfa\xf3\xea\xff\xfa\xf3\xea\xff\xfa\xf3\xea\xff\xfa\xf3\xea\
\xff\xfa\xf3\xea\xff\xf9\xf2\xe9\xff\xfa\xf3\xea\xff\xfa\xf3\xea\
\xff\xfa\xf3\xea\xff\xfa\xf3\xea\xff\xfa\xf3\xea\xff\xfa\xf3\xea\
\xff\xfa\xf3\xea\xff\xfa\xf3\xea\xff\xfa\xf3\xea\xff\xfa\xf3\xea\
\xff\xfa\xf3\xea\xff\xfa\xf3\xea\xff\xfa\xf3\xea\xff\xfa\xf3\xea\
\xff\xfa\xf3\xea\xff\xfa\xf3\xea\xff\xfa\xf3\xea\xff\xfa\xf3\xea\
\xff\xfb\xf4\xeb\xff\xfa\xf3\xea\xff\xfa\xf3\xea\xff\xfb\xf4\xeb\
\xff\xfb\xf4\xeb\xff\xfb\xf4\xeb\xff\xfb\xf4\xeb\xff\xfb\xf4\xeb\
\xff\xfb\xf4\xeb\xff\xfc\xf5\xec\xff\xfc\xf5\xec\xff\xfc\xf5\xec\
\xff\xfc\xf5\xec\xff\xfc\xf5\xec\xff\xfc\xf5\xec\xff\xfc\xf5\xec\
\xff\xfc\xf5\xec\xff\xfd\xf6\xed\xff\xfd\xf6\xed\xff\xfd\xf6\xed\
\xff\xfd\xf6\xed\xff\xfe\xf7\xee\xff\xfe\xf7\xee\xff\xfe\xf7\xee\
\xff\xfe\xf7\xee\xff\xfe\xf7\xee\xff\xfe\xf7\xee\xff\xff\xf8\xef\
\xff\xff\xf8\xef\xff\xff\xf8\xef\xff\xff\xf8\xef\xff\xff\xf8\xef\
\xff\xff\xf8\xef\xff\xff\xf8\xef\xff\xff\xf8\xef\xff\xff\xf8\xef\
\xff\xff\xf8\xef\xff\xff\xf8\xef\xff\xff\xf8\xef\xff\xff\xf8\xef\
\xff\xff\xf8\xef\xff\xff\xf8\xef\xff\xff\xf8\xef\xff\xff\xf9\xf0\
\xff\xff\xf9\xf0\xff\xfe\xf7\xee\xff\xff\xf8\xef\xff\xff\xf8\xef\
\xff\xff\xf8\xef\xff\xfe\xf7\xee\xff\xfd\xf6\xed\xff\xfd\xf6\xed\
\xff\xfd\xf6\xed\xff\xfd\xf6\xed\xff\xfd\xf6\xed\xff\xfe\xf6\xed\
\xff\xfe\xf5\xec\xff\xfe\xf5\xec\xff\xfe\xf5\xec\xff\xfe\xf5\xec\
\xff\xfe\xf5\xec\xff\xfd\xf4\xeb\xff\xfd\xf4\xeb\xff\xfd\xf4\xeb\
\xff\xfd\xf4\xeb\xff\xfd\xf4\xeb\xff\xfd\xf4\xeb\xff\xfc\xf3\xea\
\xff\xfb\xf2\xe8\xff\xfb\xf2\xe8\xff\xfa\xf1\xe7\xff\xfb\xf2\xe9\
\xff\xfb\xf2\xe9\xff\xfb\xf2\xe9\xff\xfa\xf1\xe8\xff\xfb\xf1\xe8\
\xff\xfc\xf1\xe9\xff\xfb\xf1\xe8\xff\xfb\xf1\xe6\xff\xfa\xf1\xe4\
\xff\xfa\xf1\xe4\xff\xf9\xf0\xe3\xff\xf8\xef\xe2\xff\xf8\xef\xe2\
\xff\xf8\xef\xe2\xff\xf9\xf0\xe3\xff\xf9\xf0\xe3\xff\xf8\xef\xe2\
\xff\xf7\xee\xe1\xff\xf7\xee\xe1\xff\xf7\xed\xe0\xff\xf6\xee\xe1\
\xff\xf8\xed\xe0\xff\xf9\xec\xe0\xff\xf8\xec\xe0\xff\xf8\xec\xe0\
\xff\xf8\xec\xe0\xff\xf7\xeb\xdf\xff\xf6\xea\xde\xff\xf6\xea\xde\
\xff\xf4\xe8\xdc\xff\xf6\xeb\xdd\xff\xf5\xea\xdc\xff\xf5\xea\xdc\
\xff\xf5\xea\xdc\xff\xf5\xea\xdc\xff\xf6\xeb\xdd\xff\xf5\xeb\xdd\
\xff\xf5\xe9\xdb\xff\xf6\xe9\xdb\xff\xf5\xe8\xda\xff\xf5\xe8\xda\
\xff\xf4\xe7\xd9\xff\xf2\xe5\xd7\xff\xf2\xe5\xd7\xff\xf1\xe4\xd6\
\xff\xf2\xe5\xd6\xff\xf3\xe4\xd4\xff\xf1\xe2\xd3\xff\xe4\xd4\xc4\
\xff\xe5\xd5\xc5\xff\xe6\xd6\xc6\xff\xe8\xd8\xc8\xff\xe8\xd8\xc8\
\xff\xe9\xd9\xc9\xff\xe9\xd9\xc9\xff\xea\xda\xca\xff\xeb\xdb\xcb\
\xff\xeb\xdb\xcb\xff\xeb\xdc\xcc\xff\xec\xdd\xcd\xff\xec\xdd\xcd\
\xff\xec\xdd\xcd\xff\xed\xde\xce\xff\xee\xdf\xcf\xff\xec\xdf\xcf\
\xff\xed\xe0\xd0\xff\xed\xe0\xd0\xff\xee\xe1\xd1\xff\xee\xe1\xd1\
\xff\xee\xe1\xd1\xff\xee\xe1\xd1\xff\xef\xe2\xd2\xff\xef\xe2\xd2\
\xff\xf0\xe3\xd3\xff\xf1\xe4\xd4\xff\xf1\xe4\xd4\xff\xf1\xe5\xd6\
\xff\xf0\xe6\xd8\xff\xf1\xe6\xd8\xff\xf1\xe6\xd8\xff\xf2\xe7\xd9\
\xff\xf2\xe7\xd9\xff\xf3\xe8\xda\xff\xf3\xe8\xda\xff\xf3\xe8\xda\
\xff\xf2\xe9\xdb\xff\xf2\xe9\xdb\xff\xf3\xea\xdc\xff\xf4\xeb\xdd\
\xff\xf4\xeb\xdd\xff\xf4\xeb\xdd\xff\xf5\xec\xde\xff\xf6\xed\xdf\
\xff\xf6\xed\xe0\xff\xf8\xef\xe2\xff\xf8\xef\xe2\xff\xf8\xef\xe2\
\xff\xf7\xef\xe2\xff\xf8\xf0\xe3\xff\xf8\xf0\xe3\xff\xf9\xf0\xe5\
\xff\xf9\xf0\xe6\xff\xf9\xf0\xe6\xff\xf8\xef\xe5\xff\xf8\xef\xe5\
\xff\xf8\xef\xe5\xff\xf9\xf0\xe6\xff\xf9\xf0\xe6\xff\xf9\xf0\xe6\
\xff\xf9\xf0\xe6\xff\xf9\xf0\xe6\xff\xf9\xf0\xe6\xff\xf9\xf0\xe6\
\xff\xfa\xf1\xe7\xff\xfa\xf1\xe7\xff\xfa\xf1\xe7\xff\xfb\xf1\xe8\
\xff\xfa\xf3\xe8\xff\xf9\xf3\xe8\xff\xf9\xf3\xe8\xff\xf9\xf3\xe8\
\xff\xf9\xf3\xe8\xff\xf9\xf3\xe8\xff\xf9\xf3\xe8\xff\xf9\xf3\xe8\
\xff\xfa\xf4\xe9\xff\xfa\xf4\xe9\xff\xfa\xf4\xe9\xff\xfa\xf4\xe9\
\xff\xfb\xf4\xea\xff\xfb\xf4\xeb\xff\xfa\xf3\xea\xff\xfa\xf3\xea\
\xff\xfa\xf3\xea\xff\xfa\xf3\xea\xff\xfa\xf3\xea\xff\xfa\xf3\xea\
\xff\xfa\xf3\xea\xff\xfa\xf3\xea\xff\xfa\xf3\xea\xff\xfa\xf3\xea\
\xff\xfa\xf3\xea\xff\xfa\xf3\xea\xff\xfa\xf3\xea\xff\xfa\xf3\xea\
\xff\xfa\xf3\xea\xff\xfb\xf4\xeb\xff\xfa\xf3\xea\xff\xfb\xf4\xeb\
\xff\xfc\xf3\xea\xff\xfa\xf3\xea\xff\xfb\xf3\xea\xff\xfa\xf3\xea\
\xff\xfa\xf3\xea\xff\xfb\xf4\xeb\xff\xfb\xf4\xeb\xff\xfb\xf4\xeb\
\xff\xfb\xf4\xeb\xff\xfb\xf4\xeb\xff\xfa\xf3\xea\xff\xfa\xf3\xea\
\xff\xfa\xf3\xea\xff\xfa\xf3\xea\xff\xfa\xf3\xea\xff\xfa\xf3\xea\
\xff\xfa\xf3\xea\xff\xfa\xf3\xea\xff\xfa\xf3\xea\xff\xfa\xf3\xea\
\xff\xfa\xf3\xea\xff\xfa\xf3\xea\xff\xfb\xf4\xeb\xff\xfb\xf4\xeb\
\xff\xfb\xf4\xeb\xff\xfb\xf4\xeb\xff\xfb\xf4\xeb\xff\xfb\xf4\xeb\
\xff\xfb\xf4\xeb\xff\xfb\xf4\xeb\xff\xfa\xf3\xea\xff\xfa\xf3\xea\
\xff\xfa\xf3\xea\xff\xfa\xf3\xea\xff\xfa\xf3\xea\xff\xfa\xf3\xea\
\xff\xfb\xf4\xeb\xff\xfb\xf4\xeb\xff\xfb\xf4\xeb\xff\xfb\xf4\xeb\
\xff\xfb\xf4\xeb\xff\xfb\xf4\xeb\xff\xfb\xf4\xeb\xff\xfc\xf5\xec\
\xff\xfc\xf5\xec\xff\xfc\xf5\xec\xff\xfc\xf5\xec\xff\xfc\xf5\xec\
\xff\xfc\xf5\xec\xff\xfd\xf6\xed\xff\xfd\xf6\xed\xff\xfd\xf6\xed\
\xff\xfd\xf6\xed\xff\xfc\xf5\xec\xff\xfd\xf6\xed\xff\xfd\xf6\xed\
\xff\xfe\xf7\xee\xff\xfe\xf7\xee\xff\xfe\xf7\xee\xff\xfe\xf7\xee\
\xff\xfe\xf7\xee\xff\xfe\xf7\xee\xff\xfe\xf7\xee\xff\xff\xf8\xef\
\xff\xff\xf8\xef\xff\xff\xf8\xef\xff\xff\xf8\xef\xff\xff\xf8\xef\
\xff\xff\xf8\xef\xff\xff\xf8\xef\xff\xff\xf8\xef\xff\xff\xf8\xef\
\xff\xff\xf8\xef\xff\xff\xf8\xef\xff\xff\xf8\xef\xff\xff\xf8\xef\
\xff\xff\xf8\xef\xff\xff\xf8\xef\xff\xff\xf8\xef\xff\xff\xf8\xef\
\xff\xff\xf9\xf0\xff\xfe\xf7\xee\xff\xff\xf8\xef\xff\xff\xf8\xef\
\xff\xff\xf8\xef\xff\xff\xf8\xef\xff\xfe\xf7\xee\xff\xfd\xf6\xed\
\xff\xfd\xf6\xed\xff\xfd\xf6\xed\xff\xfd\xf6\xed\xff\xfe\xf6\xed\
\xff\xfe\xf5\xec\xff\xfe\xf5\xec\xff\xfe\xf5\xec\xff\xfe\xf5\xec\
\xff\xfe\xf5\xec\xff\xfe\xf5\xec\xff\xfd\xf4\xeb\xff\xfd\xf4\xeb\
\xff\xfd\xf4\xeb\xff\xfd\xf4\xeb\xff\xfc\xf3\xea\xff\xfc\xf3\xea\
\xff\xfc\xf3\xe9\xff\xfc\xf3\xe9\xff\xfc\xf3\xe9\xff\xfb\xf2\xe8\
\xff\xfb\xf2\xe8\xff\xfa\xf1\xe7\xff\xfa\xf1\xe7\xff\xfa\xf1\xe7\
\xff\xfb\xf1\xe7\xff\xfb\xf1\xe7\xff\xfb\xf1\xe7\xff\xfa\xf1\xe4\
\xff\xfa\xf1\xe4\xff\xf9\xf0\xe3\xff\xf9\xf0\xe3\xff\xf9\xf0\xe3\
\xff\xf8\xef\xe2\xff\xf9\xf0\xe3\xff\xf9\xf0\xe3\xff\xf8\xef\xe2\
\xff\xf7\xee\xe1\xff\xf7\xee\xe1\xff\xf7\xee\xe1\xff\xf7\xee\xe1\
\xff\xf9\xed\xe1\xff\xf9\xed\xe1\xff\xf8\xec\xe0\xff\xf8\xec\xe0\
\xff\xf8\xec\xe0\xff\xf7\xeb\xdf\xff\xf7\xeb\xdf\xff\xf6\xea\xde\
\xff\xf5\xe9\xdd\xff\xf5\xea\xdc\xff\xf6\xeb\xdd\xff\xf5\xea\xdc\
\xff\xf5\xea\xdc\xff\xf6\xeb\xdd\xff\xf7\xec\xde\xff\xf6\xeb\xdd\
\xff\xf5\xe9\xdb\xff\xf5\xe8\xda\xff\xf5\xe8\xda\xff\xf5\xe8\xda\
\xff\xf4\xe7\xd9\xff\xf3\xe6\xd8\xff\xf2\xe5\xd7\xff\xf2\xe5\xd7\
\xff\xf3\xe5\xd6\xff\xf3\xe4\xd4\xff\xf1\xe2\xd2\xff\xe4\xd4\xc4\
\xff\xe5\xd5\xc5\xff\xe7\xd7\xc7\xff\xe8\xd8\xc8\xff\xe9\xd9\xc9\
\xff\xea\xda\xca\xff\xe9\xd9\xc9\xff\xea\xda\xca\xff\xea\xda\xca\
\xff\xeb\xdc\xcc\xff\xec\xdd\xcd\xff\xec\xdd\xcd\xff\xed\xde\xce\
\xff\xed\xde\xce\xff\xee\xdf\xcf\xff\xee\xdf\xcf\xff\xed\xe0\xd0\
\xff\xee\xe1\xd1\xff\xee\xe1\xd1\xff\xef\xe2\xd2\xff\xef\xe2\xd2\
\xff\xef\xe2\xd2\xff\xef\xe2\xd2\xff\xf0\xe3\xd3\xff\xf1\xe4\xd4\
\xff\xf1\xe4\xd4\xff\xf2\xe5\xd5\xff\xf3\xe6\xd5\xff\xf2\xe6\xd8\
\xff\xf2\xe7\xd9\xff\xf2\xe7\xd9\xff\xf2\xe7\xd9\xff\xf3\xe8\xda\
\xff\xf3\xe8\xda\xff\xf3\xe8\xda\xff\xf4\xe9\xdb\xff\xf3\xe9\xdb\
\xff\xf3\xea\xdc\xff\xf3\xea\xdc\xff\xf3\xea\xdc\xff\xf4\xeb\xdd\
\xff\xf4\xeb\xdd\xff\xf4\xeb\xdd\xff\xf6\xed\xdf\xff\xf7\xee\xe0\
\xff\xf8\xef\xe2\xff\xf8\xef\xe2\xff\xf8\xef\xe2\xff\xf9\xf0\xe3\
\xff\xf8\xf0\xe3\xff\xf8\xf0\xe3\xff\xf9\xf1\xe4\xff\xf9\xf0\xe6\
\xff\xf9\xf0\xe6\xff\xf9\xf0\xe6\xff\xf9\xf0\xe6\xff\xf9\xf0\xe6\
\xff\xf9\xf0\xe6\xff\xf9\xf0\xe6\xff\xf9\xf0\xe6\xff\xfa\xf1\xe7\
\xff\xfa\xf1\xe7\xff\xfa\xf1\xe7\xff\xfa\xf1\xe7\xff\xfa\xf1\xe7\
\xff\xfb\xf2\xe8\xff\xfb\xf2\xe8\xff\xfb\xf2\xe8\xff\xfb\xf2\xe8\
\xff\xfa\xf3\xe8\xff\xf9\xf3\xe8\xff\xf9\xf3\xe8\xff\xfa\xf4\xe9\
\xff\xfa\xf4\xe9\xff\xfa\xf4\xe9\xff\xfa\xf4\xe9\xff\xfa\xf4\xe9\
\xff\xfa\xf4\xe9\xff\xfa\xf4\xe9\xff\xfa\xf4\xe9\xff\xfb\xf5\xea\
\xff\xfb\xf5\xea\xff\xfb\xf4\xeb\xff\xfb\xf4\xeb\xff\xfb\xf4\xeb\
\xff\xfa\xf3\xea\xff\xfa\xf3\xea\xff\xfa\xf3\xea\xff\xfb\xf4\xeb\
\xff\xfb\xf4\xeb\xff\xfb\xf4\xeb\xff\xfb\xf4\xeb\xff\xfb\xf4\xeb\
\xff\xfb\xf4\xeb\xff\xfb\xf4\xeb\xff\xfb\xf4\xeb\xff\xfb\xf4\xeb\
\xff\xfb\xf4\xeb\xff\xfb\xf4\xeb\xff\xfb\xf4\xeb\xff\xfc\xf4\xeb\
\xff\xfc\xf4\xeb\xff\xfb\xf4\xeb\xff\xfb\xf4\xeb\xff\xfb\xf4\xeb\
\xff\xfb\xf4\xeb\xff\xfb\xf4\xeb\xff\xfb\xf4\xeb\xff\xfb\xf4\xeb\
\xff\xfb\xf4\xeb\xff\xfb\xf4\xeb\xff\xfa\xf3\xea\xff\xfa\xf3\xea\
\xff\xfa\xf3\xea\xff\xfa\xf3\xea\xff\xfa\xf3\xea\xff\xfa\xf3\xea\
\xff\xfa\xf3\xea\xff\xfa\xf3\xea\xff\xfa\xf3\xea\xff\xfa\xf3\xea\
\xff\xfa\xf3\xea\xff\xfa\xf3\xea\xff\xfa\xf3\xea\xff\xfa\xf3\xea\
\xff\xfa\xf3\xea\xff\xfa\xf3\xea\xff\xfa\xf3\xea\xff\xfa\xf3\xea\
\xff\xfa\xf3\xea\xff\xfa\xf3\xea\xff\xfa\xf3\xea\xff\xfa\xf3\xea\
\xff\xfa\xf3\xea\xff\xfb\xf4\xeb\xff\xfa\xf3\xea\xff\xfa\xf3\xea\
\xff\xfb\xf4\xeb\xff\xfb\xf4\xeb\xff\xfb\xf4\xeb\xff\xfb\xf4\xeb\
\xff\xfb\xf4\xeb\xff\xfb\xf4\xeb\xff\xfb\xf4\xeb\xff\xfc\xf5\xec\
\xff\xfc\xf5\xec\xff\xfc\xf5\xec\xff\xfd\xf6\xed\xff\xfd\xf6\xed\
\xff\xfd\xf6\xed\xff\xfd\xf6\xed\xff\xfd\xf6\xed\xff\xfd\xf6\xed\
\xff\xfe\xf7\xee\xff\xfe\xf7\xee\xff\xfe\xf7\xee\xff\xfe\xf7\xee\
\xff\xfe\xf7\xee\xff\xfe\xf7\xee\xff\xfe\xf7\xee\xff\xfe\xf7\xee\
\xff\xfe\xf7\xee\xff\xfe\xf7\xee\xff\xfe\xf7\xee\xff\xff\xf8\xef\
\xff\xff\xf8\xef\xff\xff\xf8\xef\xff\xff\xf8\xef\xff\xff\xf8\xef\
\xff\xff\xf8\xef\xff\xff\xf8\xef\xff\xff\xf8\xef\xff\xff\xf8\xef\
\xff\xff\xf8\xef\xff\xff\xf8\xef\xff\xff\xf8\xef\xff\xff\xf8\xef\
\xff\xff\xf8\xef\xff\xff\xf8\xef\xff\xff\xf8\xef\xff\xff\xf8\xef\
\xff\xfe\xf7\xee\xff\xfe\xf7\xee\xff\xfe\xf7\xee\xff\xff\xf8\xef\
\xff\xff\xf8\xef\xff\xff\xf8\xef\xff\xff\xf8\xef\xff\xfe\xf7\xee\
\xff\xfd\xf6\xed\xff\xfd\xf6\xed\xff\xfd\xf6\xed\xff\xff\xf6\xed\
\xff\xff\xf5\xec\xff\xfe\xf5\xec\xff\xfe\xf5\xec\xff\xfe\xf5\xec\
\xff\xfe\xf5\xec\xff\xfd\xf4\xeb\xff\xfd\xf4\xeb\xff\xfd\xf4\xeb\
\xff\xfd\xf4\xeb\xff\xfd\xf4\xeb\xff\xfc\xf3\xea\xff\xfc\xf3\xea\
\xff\xfc\xf3\xe9\xff\xfc\xf3\xe9\xff\xfc\xf3\xe9\xff\xfb\xf2\xe8\
\xff\xfb\xf2\xe8\xff\xfa\xf1\xe7\xff\xfa\xf1\xe7\xff\xfa\xf1\xe7\
\xff\xfb\xf1\xe7\xff\xfb\xf1\xe7\xff\xfb\xf1\xe7\xff\xfa\xf1\xe4\
\xff\xfa\xf1\xe4\xff\xfa\xf1\xe4\xff\xf9\xf0\xe3\xff\xf9\xf0\xe3\
\xff\xf9\xf0\xe3\xff\xf9\xf0\xe3\xff\xf9\xf0\xe3\xff\xf9\xf0\xe3\
\xff\xf9\xf0\xe3\xff\xf9\xf0\xe3\xff\xf8\xef\xe2\xff\xf6\xed\xe0\
\xff\xf9\xee\xe1\xff\xf9\xed\xe1\xff\xf8\xec\xe0\xff\xf8\xec\xe0\
\xff\xf8\xec\xe0\xff\xf7\xeb\xdf\xff\xf7\xeb\xdf\xff\xf7\xeb\xdf\
\xff\xf6\xea\xdd\xff\xf5\xea\xdc\xff\xf7\xec\xde\xff\xf6\xeb\xdd\
\xff\xf6\xeb\xdd\xff\xf7\xec\xde\xff\xf7\xec\xde\xff\xf6\xeb\xdd\
\xff\xf5\xe9\xdb\xff\xf6\xe9\xdb\xff\xf5\xe8\xda\xff\xf5\xe8\xda\
\xff\xf5\xe8\xda\xff\xf4\xe7\xd9\xff\xf3\xe6\xd7\xff\xf2\xe5\xd7\
\xff\xf3\xe5\xd6\xff\xf2\xe3\xd3\xff\xf1\xe2\xd3\xff\xe4\xd4\xc4\
\xff\xe5\xd5\xc5\xff\xe7\xd7\xc7\xff\xe8\xd8\xc8\xff\xe9\xd9\xc9\
\xff\xe9\xd9\xc9\xff\xea\xda\xca\xff\xea\xda\xca\xff\xea\xda\xca\
\xff\xeb\xdc\xcc\xff\xeb\xdc\xcc\xff\xec\xdd\xcd\xff\xed\xde\xce\
\xff\xee\xdf\xcf\xff\xee\xdf\xcf\xff\xee\xe0\xd0\xff\xed\xe0\xd0\
\xff\xed\xe1\xd0\xff\xee\xe2\xd0\xff\xef\xe2\xd2\xff\xef\xe2\xd2\
\xff\xef\xe2\xd2\xff\xf0\xe3\xd3\xff\xf0\xe3\xd5\xff\xf1\xe4\xd5\
\xff\xf1\xe4\xd4\xff\xf2\xe5\xd5\xff\xf3\xe6\xd8\xff\xf3\xe8\xda\
\xff\xf3\xe8\xda\xff\xf3\xe8\xda\xff\xf3\xe8\xda\xff\xf3\xe8\xda\
\xff\xf3\xe8\xda\xff\xf4\xe9\xdb\xff\xf4\xe9\xdb\xff\xf5\xea\xdc\
\xff\xf3\xea\xdc\xff\xf3\xea\xdc\xff\xf4\xeb\xdd\xff\xf5\xec\xde\
\xff\xf6\xed\xdf\xff\xf6\xed\xdf\xff\xf7\xee\xe0\xff\xf7\xee\xe0\
\xff\xf8\xef\xe2\xff\xf8\xef\xe2\xff\xf9\xf0\xe3\xff\xf9\xf0\xe3\
\xff\xf8\xf0\xe3\xff\xf8\xf0\xe3\xff\xf9\xf1\xe4\xff\xf9\xf0\xe5\
\xff\xfa\xf1\xe7\xff\xfa\xf1\xe7\xff\xfa\xf1\xe7\xff\xfa\xf1\xe7\
\xff\xfa\xf1\xe7\xff\xfa\xf1\xe7\xff\xfa\xf1\xe7\xff\xfb\xf2\xe8\
\xff\xfb\xf2\xe8\xff\xfb\xf2\xe8\xff\xfb\xf2\xe8\xff\xfb\xf2\xe8\
\xff\xfb\xf2\xe8\xff\xfb\xf2\xe8\xff\xfb\xf2\xe8\xff\xfc\xf3\xe9\
\xff\xfa\xf3\xe9\xff\xfa\xf4\xe9\xff\xfa\xf4\xe9\xff\xfa\xf4\xe9\
\xff\xfa\xf4\xe9\xff\xfa\xf4\xe9\xff\xfa\xf3\xea\xff\xfa\xf4\xe9\
\xff\xfa\xf4\xe9\xff\xfa\xf4\xe9\xff\xfa\xf4\xe9\xff\xfb\xf5\xea\
\xff\xfb\xf5\xea\xff\xfb\xf4\xeb\xff\xfb\xf4\xeb\xff\xfb\xf4\xeb\
\xff\xfb\xf4\xeb\xff\xfc\xf5\xec\xff\xfc\xf5\xec\xff\xfc\xf5\xec\
\xff\xfc\xf5\xec\xff\xfc\xf5\xec\xff\xfb\xf4\xeb\xff\xfb\xf4\xeb\
\xff\xfb\xf4\xeb\xff\xfb\xf4\xeb\xff\xfb\xf4\xeb\xff\xfb\xf4\xeb\
\xff\xfb\xf4\xeb\xff\xfb\xf4\xeb\xff\xfb\xf4\xeb\xff\xfb\xf4\xeb\
\xff\xfb\xf4\xeb\xff\xfb\xf4\xeb\xff\xfb\xf4\xeb\xff\xfb\xf4\xeb\
\xff\xfb\xf4\xeb\xff\xfb\xf4\xeb\xff\xfb\xf4\xeb\xff\xfb\xf4\xeb\
\xff\xfb\xf4\xeb\xff\xfb\xf4\xeb\xff\xfa\xf3\xea\xff\xfa\xf3\xea\
\xff\xfa\xf3\xea\xff\xfa\xf3\xea\xff\xfb\xf4\xeb\xff\xfb\xf4\xeb\
\xff\xfb\xf4\xeb\xff\xfb\xf4\xeb\xff\xfb\xf4\xeb\xff\xfb\xf4\xeb\
\xff\xfb\xf4\xeb\xff\xfb\xf4\xeb\xff\xfa\xf3\xea\xff\xfa\xf3\xea\
\xff\xfa\xf3\xea\xff\xfa\xf3\xea\xff\xfa\xf3\xea\xff\xfa\xf3\xea\
\xff\xfa\xf3\xea\xff\xfa\xf3\xea\xff\xfa\xf3\xea\xff\xfa\xf3\xea\
\xff\xfb\xf4\xeb\xff\xfb\xf4\xeb\xff\xfa\xf3\xea\xff\xfb\xf4\xeb\
\xff\xfb\xf4\xeb\xff\xfb\xf4\xeb\xff\xfb\xf4\xeb\xff\xfb\xf4\xeb\
\xff\xfb\xf4\xeb\xff\xfb\xf4\xeb\xff\xfc\xf5\xec\xff\xfc\xf5\xec\
\xff\xfc\xf5\xec\xff\xfc\xf5\xec\xff\xfd\xf6\xed\xff\xfe\xf7\xee\
\xff\xfe\xf7\xee\xff\xfd\xf6\xed\xff\xfe\xf7\xee\xff\xfe\xf7\xee\
\xff\xff\xf8\xef\xff\xff\xf8\xef\xff\xfe\xf7\xee\xff\xfe\xf7\xee\
\xff\xfe\xf7\xee\xff\xff\xf7\xef\xff\xfe\xf7\xef\xff\xff\xf8\xef\
\xff\xff\xf8\xef\xff\xff\xf8\xef\xff\xff\xf8\xef\xff\xff\xf8\xef\
\xff\xff\xf8\xef\xff\xff\xf8\xef\xff\xff\xf8\xef\xff\xff\xf8\xef\
\xff\xff\xf8\xef\xff\xff\xf8\xef\xff\xff\xf8\xef\xff\xff\xf8\xef\
\xff\xff\xf8\xef\xff\xff\xf8\xef\xff\xff\xf8\xef\xff\xff\xf8\xef\
\xff\xff\xf8\xef\xff\xff\xf8\xef\xff\xff\xf8\xef\xff\xfe\xf7\xee\
\xff\xfe\xf7\xee\xff\xfe\xf7\xee\xff\xff\xf8\xef\xff\xff\xf8\xef\
\xff\xff\xf8\xef\xff\xff\xf8\xef\xff\xfe\xf7\xee\xff\xfe\xf7\xee\
\xff\xfd\xf6\xed\xff\xfd\xf6\xed\xff\xfd\xf6\xed\xff\xff\xf6\xed\
\xff\xfe\xf5\xec\xff\xfe\xf5\xec\xff\xfe\xf5\xec\xff\xfe\xf5\xec\
\xff\xfe\xf5\xec\xff\xfd\xf4\xeb\xff\xfd\xf4\xeb\xff\xfd\xf4\xeb\
\xff\xfd\xf4\xeb\xff\xfd\xf4\xeb\xff\xfc\xf3\xea\xff\xfc\xf3\xea\
\xff\xfb\xf2\xe8\xff\xfc\xf3\xe8\xff\xfb\xf2\xe8\xff\xfb\xf2\xe8\
\xff\xfb\xf2\xe8\xff\xfa\xf1\xe7\xff\xfa\xf1\xe7\xff\xfb\xf1\xe7\
\xff\xfb\xf1\xe7\xff\xfa\xf0\xe6\xff\xfa\xf0\xe6\xff\xfa\xf1\xe4\
\xff\xfa\xf1\xe4\xff\xfa\xf1\xe4\xff\xfa\xf1\xe4\xff\xfa\xf1\xe4\
\xff\xf9\xf0\xe3\xff\xf9\xf0\xe3\xff\xf9\xf0\xe3\xff\xf9\xf0\xe3\
\xff\xf9\xf0\xe3\xff\xf9\xf0\xe3\xff\xf7\xee\xe1\xff\xf6\xed\xe0\
\xff\xf8\xed\xe1\xff\xf9\xed\xe1\xff\xf9\xed\xe1\xff\xf8\xec\xe0\
\xff\xf8\xec\xe0\xff\xf7\xeb\xdf\xff\xf7\xeb\xdf\xff\xf7\xeb\xdf\
\xff\xf6\xeb\xde\xff\xf6\xeb\xdd\xff\xf6\xeb\xdd\xff\xf6\xeb\xdd\
\xff\xf6\xeb\xdd\xff\xf7\xec\xde\xff\xf7\xec\xde\xff\xf6\xeb\xdd\
\xff\xf6\xea\xdc\xff\xf6\xe9\xdb\xff\xf5\xe8\xda\xff\xf5\xe8\xda\
\xff\xf5\xe8\xda\xff\xf4\xe7\xd9\xff\xf3\xe6\xd8\xff\xf2\xe5\xd8\
\xff\xf2\xe4\xd6\xff\xf2\xe3\xd3\xff\xf1\xe2\xd2\xff\xe5\xd5\xc5\
\xff\xe6\xd6\xc6\xff\xe7\xd7\xc7\xff\xe8\xd8\xc8\xff\xe9\xd9\xc9\
\xff\xe9\xd9\xc9\xff\xea\xda\xca\xff\xea\xda\xca\xff\xec\xdc\xcc\
\xff\xec\xdd\xcd\xff\xec\xdd\xcd\xff\xed\xde\xce\xff\xed\xde\xce\
\xff\xed\xde\xce\xff\xef\xe0\xd0\xff\xf0\xe1\xd1\xff\xed\xe0\xd1\
\xff\xee\xe2\xd0\xff\xef\xe3\xd1\xff\xef\xe2\xd2\xff\xef\xe2\xd2\
\xff\xf0\xe3\xd3\xff\xf0\xe3\xd4\xff\xf1\xe4\xd6\xff\xf1\xe4\xd5\
\xff\xf2\xe5\xd5\xff\xf3\xe6\xd6\xff\xf4\xe7\xd9\xff\xf4\xe8\xda\
\xff\xf3\xe8\xda\xff\xf3\xe8\xda\xff\xf3\xe8\xda\xff\xf4\xe9\xdb\
\xff\xf4\xe9\xdb\xff\xf4\xe9\xdb\xff\xf5\xea\xdc\xff\xf4\xea\xdc\
\xff\xf4\xeb\xdd\xff\xf4\xeb\xdd\xff\xf5\xec\xde\xff\xf5\xec\xde\
\xff\xf6\xed\xdf\xff\xf7\xee\xe0\xff\xf7\xee\xe0\xff\xf7\xee\xe1\
\xff\xf8\xef\xe2\xff\xf9\xf0\xe3\xff\xf9\xf0\xe3\xff\xfa\xf1\xe4\
\xff\xf9\xf0\xe3\xff\xf8\xf0\xe3\xff\xf9\xf1\xe4\xff\xf9\xf0\xe5\
\xff\xfa\xf1\xe7\xff\xfa\xf1\xe7\xff\xfa\xf1\xe7\xff\xfa\xf1\xe7\
\xff\xfa\xf1\xe7\xff\xfa\xf1\xe7\xff\xfa\xf1\xe7\xff\xfb\xf2\xe8\
\xff\xfb\xf2\xe8\xff\xfb\xf2\xe8\xff\xfb\xf2\xe8\xff\xfb\xf2\xe8\
\xff\xfb\xf2\xe8\xff\xfb\xf2\xe8\xff\xfa\xf2\xe8\xff\xf8\xf4\xe8\
\xff\xfa\xf4\xe9\xff\xfa\xf4\xe9\xff\xfa\xf4\xe9\xff\xfa\xf4\xe9\
\xff\xfa\xf4\xe9\xff\xfb\xf4\xea\xff\xfb\xf4\xeb\xff\xfa\xf3\xea\
\xff\xfa\xf3\xea\xff\xfb\xf4\xeb\xff\xfb\xf4\xeb\xff\xfb\xf4\xeb\
\xff\xfb\xf4\xeb\xff\xfb\xf4\xeb\xff\xfb\xf4\xeb\xff\xfb\xf4\xeb\
\xff\xfb\xf4\xeb\xff\xfb\xf4\xeb\xff\xfc\xf5\xec\xff\xfc\xf5\xec\
\xff\xfc\xf5\xec\xff\xfc\xf5\xec\xff\xfc\xf5\xec\xff\xfc\xf5\xec\
\xff\xfc\xf5\xec\xff\xfc\xf5\xec\xff\xfc\xf5\xec\xff\xfc\xf5\xec\
\xff\xfc\xf5\xec\xff\xfc\xf5\xec\xff\xfc\xf5\xec\xff\xfc\xf5\xec\
\xff\xfb\xf4\xeb\xff\xfb\xf4\xeb\xff\xfb\xf4\xeb\xff\xfb\xf4\xeb\
\xff\xfb\xf4\xeb\xff\xfb\xf4\xeb\xff\xfb\xf4\xeb\xff\xfb\xf4\xeb\
\xff\xfb\xf4\xeb\xff\xfa\xf3\xea\xff\xfa\xf3\xea\xff\xfa\xf3\xea\
\xff\xfa\xf3\xea\xff\xfb\xf4\xeb\xff\xfb\xf4\xeb\xff\xfb\xf4\xeb\
\xff\xfb\xf4\xeb\xff\xfb\xf4\xeb\xff\xfb\xf4\xeb\xff\xfb\xf4\xeb\
\xff\xfb\xf4\xeb\xff\xfb\xf4\xeb\xff\xfa\xf3\xea\xff\xfa\xf3\xea\
\xff\xfa\xf3\xea\xff\xfa\xf3\xea\xff\xfa\xf3\xea\xff\xfa\xf3\xea\
\xff\xfa\xf3\xea\xff\xfa\xf3\xea\xff\xfa\xf3\xea\xff\xfb\xf4\xeb\
\xff\xfb\xf4\xeb\xff\xfb\xf4\xeb\xff\xfb\xf4\xeb\xff\xfb\xf4\xeb\
\xff\xfb\xf4\xeb\xff\xfb\xf4\xeb\xff\xfc\xf5\xec\xff\xfc\xf5\xec\
\xff\xfc\xf5\xec\xff\xfc\xf5\xec\xff\xfc\xf5\xec\xff\xfd\xf6\xed\
\xff\xfd\xf6\xed\xff\xfd\xf6\xed\xff\xfe\xf7\xee\xff\xfe\xf7\xee\
\xff\xfe\xf7\xee\xff\xfe\xf7\xee\xff\xfe\xf7\xee\xff\xff\xf8\xef\
\xff\xff\xf8\xef\xff\xff\xf8\xef\xff\xff\xf8\xef\xff\xff\xf8\xef\
\xff\xff\xf8\xef\xff\xff\xf7\xf0\xff\xff\xf7\xf0\xff\xff\xf7\xf0\
\xff\xff\xf7\xf0\xff\xff\xf7\xf0\xff\xff\xf7\xf0\xff\xff\xf8\xef\
\xff\xff\xf8\xef\xff\xff\xf8\xef\xff\xff\xf9\xf0\xff\xff\xf9\xf0\
\xff\xff\xf8\xef\xff\xff\xf8\xef\xff\xff\xf8\xef\xff\xff\xf8\xef\
\xff\xff\xf8\xef\xff\xff\xf8\xef\xff\xff\xf8\xef\xff\xff\xf8\xef\
\xff\xff\xf8\xef\xff\xff\xf8\xef\xff\xff\xf8\xef\xff\xff\xf8\xef\
\xff\xff\xf8\xef\xff\xff\xf8\xef\xff\xff\xf8\xef\xff\xff\xf8\xef\
\xff\xff\xf8\xef\xff\xfe\xf7\xee\xff\xfe\xf7\xee\xff\xfe\xf7\xee\
\xff\xfd\xf6\xed\xff\xfd\xf6\xed\xff\xfd\xf6\xed\xff\xff\xf6\xed\
\xff\xfe\xf5\xec\xff\xfe\xf5\xec\xff\xfe\xf5\xec\xff\xfe\xf5\xec\
\xff\xfd\xf4\xeb\xff\xfc\xf3\xea\xff\xfc\xf3\xea\xff\xfc\xf3\xea\
\xff\xfc\xf3\xea\xff\xfc\xf3\xea\xff\xfc\xf3\xea\xff\xfb\xf2\xe9\
\xff\xfb\xf2\xe8\xff\xfb\xf2\xe8\xff\xfb\xf2\xe8\xff\xfb\xf2\xe8\
\xff\xfb\xf2\xe8\xff\xfb\xf2\xe8\xff\xfb\xf2\xe8\xff\xfb\xf2\xe8\
\xff\xfb\xf1\xe7\xff\xfa\xf0\xe6\xff\xfa\xf0\xe5\xff\xfa\xf1\xe4\
\xff\xfa\xf1\xe4\xff\xfa\xf1\xe4\xff\xfa\xf1\xe4\xff\xf9\xf0\xe3\
\xff\xf9\xf0\xe3\xff\xf9\xf0\xe3\xff\xf9\xf0\xe3\xff\xf9\xf0\xe3\
\xff\xf8\xef\xe2\xff\xf8\xef\xe2\xff\xf8\xef\xe2\xff\xf7\xee\xe1\
\xff\xf9\xed\xe1\xff\xf9\xed\xe1\xff\xf9\xed\xe1\xff\xf9\xed\xe1\
\xff\xf9\xed\xe1\xff\xf8\xec\xe0\xff\xf8\xec\xe0\xff\xf8\xec\xe0\
\xff\xf7\xeb\xde\xff\xf6\xec\xdd\xff\xf7\xec\xde\xff\xf6\xeb\xdd\
\xff\xf6\xeb\xdd\xff\xf6\xeb\xdd\xff\xf7\xec\xde\xff\xf5\xea\xdc\
\xff\xf5\xea\xdc\xff\xf7\xea\xdc\xff\xf6\xe9\xdb\xff\xf5\xe8\xda\
\xff\xf4\xe7\xd9\xff\xf3\xe6\xd8\xff\xf3\xe6\xd8\xff\xf2\xe5\xd7\
\xff\xf2\xe4\xd5\xff\xf2\xe3\xd3\xff\xf1\xe2\xd2\xff\xe6\xd6\xc6\
\xff\xe7\xd7\xc7\xff\xe8\xd8\xc8\xff\xe8\xd8\xc8\xff\xe9\xd9\xc9\
\xff\xea\xda\xca\xff\xeb\xdb\xcb\xff\xeb\xdb\xcb\xff\xec\xdc\xcc\
\xff\xec\xdd\xcd\xff\xec\xde\xce\xff\xee\xdf\xcf\xff\xee\xdf\xcf\
\xff\xee\xdf\xcf\xff\xf0\xe1\xd1\xff\xf0\xe1\xd1\xff\xee\xe1\xd1\
\xff\xee\xe2\xd1\xff\xef\xe3\xd1\xff\xef\xe2\xd2\xff\xef\xe2\xd2\
\xff\xf0\xe3\xd3\xff\xf2\xe4\xd6\xff\xf3\xe6\xd8\xff\xf3\xe6\xd6\
\xff\xf2\xe5\xd5\xff\xf3\xe6\xd6\xff\xf5\xe8\xd9\xff\xf4\xe8\xda\
\xff\xf3\xe8\xda\xff\xf4\xe9\xdb\xff\xf4\xe9\xdb\xff\xf4\xe9\xdb\
\xff\xf5\xea\xdc\xff\xf5\xea\xdb\xff\xf4\xeb\xdb\xff\xf4\xeb\xdc\
\xff\xf4\xec\xdc\xff\xf6\xed\xdf\xff\xf6\xed\xdf\xff\xf6\xed\xdf\
\xff\xf6\xed\xdf\xff\xf6\xed\xdf\xff\xf7\xee\xe0\xff\xf8\xef\xe1\
\xff\xf9\xf0\xe3\xff\xf9\xf0\xe3\xff\xf9\xf0\xe3\xff\xfa\xf1\xe4\
\xff\xf8\xf0\xe3\xff\xf8\xf0\xe3\xff\xf9\xf1\xe4\xff\xf9\xf0\xe5\
\xff\xfa\xf1\xe7\xff\xfa\xf1\xe7\xff\xfa\xf1\xe7\xff\xfa\xf1\xe7\
\xff\xf9\xf0\xe6\xff\xfa\xf1\xe7\xff\xfa\xf1\xe7\xff\xfa\xf1\xe7\
\xff\xfa\xf1\xe7\xff\xfa\xf1\xe7\xff\xfa\xf1\xe7\xff\xfb\xf2\xe8\
\xff\xfb\xf2\xe8\xff\xfb\xf2\xe8\xff\xfb\xf2\xe8\xff\xfa\xf3\xe8\
\xff\xfa\xf4\xe9\xff\xfa\xf4\xe9\xff\xfa\xf4\xe9\xff\xfa\xf4\xe9\
\xff\xfb\xf4\xeb\xff\xfb\xf4\xeb\xff\xfb\xf4\xeb\xff\xfb\xf4\xeb\
\xff\xfb\xf4\xeb\xff\xfb\xf4\xeb\xff\xfb\xf4\xeb\xff\xfb\xf4\xeb\
\xff\xfc\xf5\xec\xff\xfc\xf5\xec\xff\xfc\xf5\xec\xff\xfc\xf5\xec\
\xff\xfc\xf5\xec\xff\xfc\xf5\xec\xff\xfc\xf5\xec\xff\xfc\xf5\xec\
\xff\xfc\xf5\xec\xff\xfc\xf5\xec\xff\xfc\xf5\xec\xff\xfc\xf5\xec\
\xff\xfc\xf5\xec\xff\xfc\xf5\xec\xff\xfc\xf5\xec\xff\xfc\xf5\xec\
\xff\xfc\xf5\xec\xff\xfc\xf5\xec\xff\xfc\xf5\xec\xff\xfc\xf5\xec\
\xff\xfc\xf5\xec\xff\xfc\xf5\xec\xff\xfb\xf4\xeb\xff\xfb\xf4\xeb\
\xff\xfb\xf4\xeb\xff\xfb\xf4\xeb\xff\xfb\xf4\xeb\xff\xfb\xf4\xeb\
\xff\xfb\xf4\xeb\xff\xfb\xf4\xeb\xff\xfb\xf4\xeb\xff\xfb\xf4\xeb\
\xff\xfa\xf3\xea\xff\xfb\xf4\xeb\xff\xfb\xf4\xeb\xff\xfb\xf4\xeb\
\xff\xfb\xf4\xeb\xff\xfb\xf4\xeb\xff\xfb\xf4\xeb\xff\xfb\xf4\xeb\
\xff\xfb\xf4\xeb\xff\xfb\xf4\xeb\xff\xfa\xf3\xea\xff\xfa\xf3\xea\
\xff\xfa\xf3\xea\xff\xfa\xf3\xea\xff\xfa\xf3\xea\xff\xfa\xf3\xea\
\xff\xfa\xf3\xea\xff\xfb\xf4\xeb\xff\xfb\xf4\xeb\xff\xfa\xf3\xea\
\xff\xfa\xf3\xea\xff\xfb\xf4\xeb\xff\xfb\xf4\xeb\xff\xfb\xf4\xeb\
\xff\xfb\xf4\xeb\xff\xfb\xf4\xeb\xff\xfb\xf4\xeb\xff\xfc\xf5\xec\
\xff\xfc\xf5\xec\xff\xfd\xf6\xed\xff\xfd\xf6\xed\xff\xfe\xf7\xee\
\xff\xfe\xf7\xee\xff\xfe\xf7\xee\xff\xff\xf8\xef\xff\xff\xf8\xef\
\xff\xff\xf8\xef\xff\xff\xf8\xef\xff\xff\xf8\xef\xff\xff\xf8\xef\
\xff\xff\xf8\xef\xff\xff\xf8\xef\xff\xff\xf8\xef\xff\xff\xf8\xef\
\xff\xff\xf8\xef\xff\xff\xf7\xf0\xff\xff\xf7\xf0\xff\xff\xf8\xf1\
\xff\xff\xf8\xf1\xff\xff\xf8\xf1\xff\xff\xf8\xf1\xff\xff\xf9\xef\
\xff\xff\xf9\xf0\xff\xff\xf8\xef\xff\xff\xf9\xf0\xff\xff\xf9\xf0\
\xff\xff\xf9\xf0\xff\xff\xf8\xef\xff\xff\xf8\xef\xff\xff\xf8\xef\
\xff\xff\xf8\xef\xff\xff\xf8\xef\xff\xff\xf8\xef\xff\xff\xf8\xef\
\xff\xff\xf8\xef\xff\xff\xf8\xef\xff\xff\xf8\xef\xff\xff\xf8\xef\
\xff\xff\xf8\xef\xff\xff\xf8\xef\xff\xff\xf8\xef\xff\xff\xf8\xef\
\xff\xff\xf8\xef\xff\xfe\xf7\xee\xff\xfe\xf7\xee\xff\xfd\xf6\xed\
\xff\xfd\xf6\xed\xff\xfd\xf6\xed\xff\xfd\xf6\xed\xff\xfe\xf5\xec\
\xff\xfe\xf5\xec\xff\xfe\xf5\xec\xff\xfe\xf5\xec\xff\xfd\xf4\xeb\
\xff\xfd\xf4\xeb\xff\xfd\xf4\xeb\xff\xfc\xf3\xea\xff\xfc\xf3\xea\
\xff\xfc\xf3\xea\xff\xfc\xf3\xea\xff\xfc\xf3\xea\xff\xfb\xf2\xe9\
\xff\xfc\xf4\xe8\xff\xfc\xf3\xe8\xff\xfc\xf3\xe8\xff\xfb\xf2\xe8\
\xff\xfb\xf2\xe8\xff\xfa\xf1\xe7\xff\xfa\xf1\xe7\xff\xfa\xf1\xe7\
\xff\xfb\xf1\xe7\xff\xfb\xf2\xe6\xff\xfb\xf2\xe4\xff\xfa\xf1\xe4\
\xff\xfa\xf1\xe4\xff\xfa\xf1\xe4\xff\xf9\xf0\xe3\xff\xf9\xf0\xe3\
\xff\xf9\xf0\xe3\xff\xf9\xf0\xe3\xff\xf9\xf0\xe3\xff\xf8\xef\xe2\
\xff\xf7\xee\xe1\xff\xf7\xee\xe1\xff\xf7\xee\xe1\xff\xf7\xee\xe1\
\xff\xf8\xed\xe1\xff\xf9\xed\xe1\xff\xfa\xee\xe2\xff\xf9\xed\xe1\
\xff\xf9\xed\xe1\xff\xf9\xed\xe1\xff\xf8\xec\xe0\xff\xf8\xec\xe0\
\xff\xf7\xec\xdf\xff\xf7\xec\xde\xff\xf7\xec\xde\xff\xf7\xec\xde\
\xff\xf6\xeb\xdd\xff\xf6\xeb\xdd\xff\xf7\xec\xde\xff\xf5\xea\xdc\
\xff\xf4\xe9\xdb\xff\xf7\xea\xdc\xff\xf5\xe8\xda\xff\xf3\xe6\xd8\
\xff\xf3\xe6\xd8\xff\xf3\xe6\xd8\xff\xf3\xe6\xd8\xff\xf2\xe5\xd7\
\xff\xf2\xe4\xd4\xff\xf2\xe4\xd3\xff\xf1\xe1\xd0\xff\xe6\xd6\xc6\
\xff\xe7\xd7\xc7\xff\xe8\xd8\xc8\xff\xe9\xd9\xc9\xff\xe9\xd9\xc9\
\xff\xe9\xd9\xc9\xff\xec\xdb\xcb\xff\xed\xdd\xcd\xff\xed\xdd\xcd\
\xff\xec\xdd\xcd\xff\xec\xdd\xcd\xff\xed\xde\xce\xff\xee\xdf\xcf\
\xff\xef\xe0\xd0\xff\xf0\xe1\xd1\xff\xf0\xe2\xd2\xff\xef\xe2\xd2\
\xff\xef\xe3\xd1\xff\xef\xe3\xd1\xff\xef\xe2\xd2\xff\xf0\xe3\xd3\
\xff\xf1\xe4\xd4\xff\xf2\xe5\xd6\xff\xf4\xe7\xd8\xff\xf4\xe7\xd6\
\xff\xf3\xe6\xd5\xff\xf4\xe7\xd7\xff\xf4\xe8\xda\xff\xf4\xe9\xdb\
\xff\xf4\xe9\xdb\xff\xf4\xe9\xdb\xff\xf4\xe9\xdb\xff\xf4\xe9\xdb\
\xff\xf5\xea\xdc\xff\xf5\xea\xdd\xff\xf5\xeb\xdc\xff\xf6\xec\xdd\
\xff\xf6\xec\xde\xff\xf7\xec\xdf\xff\xf7\xec\xdf\xff\xf8\xec\xe0\
\xff\xf6\xed\xdf\xff\xf6\xed\xdf\xff\xf7\xee\xe0\xff\xf8\xef\xe2\
\xff\xf9\xf0\xe3\xff\xf9\xf0\xe3\xff\xf9\xf0\xe3\xff\xf9\xf0\xe3\
\xff\xf8\xf0\xe3\xff\xf8\xf0\xe3\xff\xf9\xf1\xe4\xff\xf9\xf1\xe6\
\xff\xfa\xf1\xe7\xff\xfa\xf1\xe7\xff\xf9\xf0\xe6\xff\xf9\xf0\xe6\
\xff\xf9\xf0\xe6\xff\xfa\xf1\xe7\xff\xfa\xf1\xe7\xff\xfa\xf1\xe7\
\xff\xfa\xf1\xe7\xff\xfa\xf1\xe7\xff\xfa\xf1\xe7\xff\xfa\xf1\xe7\
\xff\xfb\xf2\xe8\xff\xfb\xf2\xe8\xff\xfb\xf2\xe8\xff\xfc\xf3\xe9\
\xff\xfb\xf4\xe9\xff\xfa\xf4\xe9\xff\xfc\xf6\xeb\xff\xfb\xf5\xea\
\xff\xfb\xf4\xea\xff\xfb\xf4\xeb\xff\xfb\xf4\xeb\xff\xfb\xf4\xeb\
\xff\xfb\xf4\xeb\xff\xfb\xf4\xeb\xff\xfb\xf4\xeb\xff\xfc\xf5\xec\
\xff\xfc\xf5\xec\xff\xfc\xf5\xec\xff\xfc\xf5\xec\xff\xfc\xf5\xec\
\xff\xfc\xf5\xec\xff\xfc\xf5\xec\xff\xfc\xf5\xec\xff\xfc\xf5\xec\
\xff\xfc\xf5\xec\xff\xfc\xf5\xec\xff\xfc\xf5\xec\xff\xfc\xf5\xec\
\xff\xfc\xf5\xec\xff\xfc\xf5\xec\xff\xfc\xf5\xec\xff\xfc\xf5\xec\
\xff\xfc\xf5\xec\xff\xfc\xf5\xec\xff\xfc\xf5\xec\xff\xfc\xf5\xec\
\xff\xfc\xf5\xec\xff\xfc\xf5\xec\xff\xfc\xf5\xec\xff\xfc\xf5\xec\
\xff\xfc\xf5\xec\xff\xfc\xf5\xec\xff\xfb\xf4\xeb\xff\xfb\xf4\xeb\
\xff\xfb\xf4\xeb\xff\xfb\xf4\xeb\xff\xfb\xf4\xeb\xff\xfb\xf4\xeb\
\xff\xfb\xf4\xeb\xff\xfb\xf4\xeb\xff\xfb\xf4\xeb\xff\xfb\xf4\xeb\
\xff\xfb\xf4\xeb\xff\xfb\xf4\xeb\xff\xfb\xf4\xeb\xff\xfb\xf4\xeb\
\xff\xfb\xf4\xeb\xff\xfb\xf4\xeb\xff\xfb\xf4\xeb\xff\xfb\xf4\xeb\
\xff\xfb\xf4\xeb\xff\xfb\xf4\xeb\xff\xfb\xf4\xeb\xff\xfb\xf4\xeb\
\xff\xfb\xf4\xeb\xff\xfb\xf4\xeb\xff\xfb\xf4\xeb\xff\xfa\xf3\xea\
\xff\xfb\xf4\xeb\xff\xfb\xf4\xeb\xff\xfb\xf4\xeb\xff\xfb\xf4\xeb\
\xff\xfb\xf4\xeb\xff\xfb\xf4\xeb\xff\xfc\xf5\xec\xff\xfc\xf5\xec\
\xff\xfc\xf5\xec\xff\xfd\xf6\xed\xff\xfd\xf6\xed\xff\xfe\xf7\xee\
\xff\xfe\xf7\xee\xff\xff\xf8\xef\xff\xff\xf8\xef\xff\xff\xf8\xef\
\xff\xff\xf8\xef\xff\xff\xf8\xef\xff\xff\xf8\xef\xff\xff\xf8\xef\
\xff\xff\xf8\xef\xff\xff\xf8\xef\xff\xff\xf8\xef\xff\xff\xf7\xf0\
\xff\xff\xf7\xf0\xff\xff\xf7\xf0\xff\xff\xf8\xf1\xff\xff\xf8\xf1\
\xff\xff\xf8\xf1\xff\xff\xf8\xf1\xff\xff\xf8\xf1\xff\xff\xf9\xf0\
\xff\xff\xf9\xf0\xff\xff\xf9\xf0\xff\xff\xf9\xf0\xff\xff\xf9\xf0\
\xff\xff\xf9\xf0\xff\xff\xf9\xf0\xff\xff\xf9\xf0\xff\xff\xf8\xef\
\xff\xff\xf8\xef\xff\xff\xf8\xef\xff\xff\xf8\xef\xff\xff\xf8\xef\
\xff\xff\xf8\xef\xff\xff\xf8\xef\xff\xff\xf8\xef\xff\xff\xf8\xef\
\xff\xff\xf8\xef\xff\xff\xf8\xef\xff\xff\xf8\xef\xff\xfe\xf7\xee\
\xff\xfe\xf7\xee\xff\xff\xf7\xee\xff\xff\xf7\xee\xff\xff\xf6\xed\
\xff\xfe\xf6\xed\xff\xfe\xf6\xed\xff\xfe\xf6\xed\xff\xfe\xf5\xec\
\xff\xfe\xf5\xec\xff\xfe\xf5\xec\xff\xfd\xf4\xeb\xff\xfd\xf4\xeb\
\xff\xfd\xf4\xea\xff\xfd\xf4\xea\xff\xfc\xf3\xe9\xff\xfc\xf3\xe9\
\xff\xfc\xf3\xe9\xff\xfc\xf3\xe9\xff\xfc\xf3\xe9\xff\xfc\xf3\xe9\
\xff\xfc\xf4\xe9\xff\xfc\xf3\xe8\xff\xfb\xf3\xe8\xff\xfb\xf3\xe7\
\xff\xfa\xf2\xe6\xff\xfa\xf2\xe5\xff\xfa\xf2\xe5\xff\xfa\xf2\xe5\
\xff\xfb\xf1\xe6\xff\xfb\xf2\xe5\xff\xfa\xf1\xe4\xff\xfa\xf1\xe4\
\xff\xfa\xf1\xe4\xff\xfa\xf1\xe4\xff\xfa\xf1\xe4\xff\xf9\xf0\xe3\
\xff\xf9\xf0\xe3\xff\xf9\xf0\xe3\xff\xf9\xf0\xe3\xff\xf8\xef\xe2\
\xff\xf7\xee\xe1\xff\xf7\xee\xe1\xff\xf8\xed\xe1\xff\xf8\xed\xe1\
\xff\xf9\xed\xe1\xff\xf9\xed\xe1\xff\xfa\xee\xe2\xff\xfb\xef\xe3\
\xff\xf9\xed\xe1\xff\xf8\xec\xe0\xff\xf8\xec\xe0\xff\xf8\xec\xe0\
\xff\xf7\xec\xdf\xff\xf7\xec\xde\xff\xf7\xec\xde\xff\xf7\xec\xde\
\xff\xf6\xeb\xdd\xff\xf6\xeb\xdd\xff\xf5\xea\xdc\xff\xf4\xea\xdc\
\xff\xf4\xe9\xdb\xff\xf6\xe9\xdb\xff\xf4\xe8\xda\xff\xf3\xe6\xd8\
\xff\xf3\xe6\xd7\xff\xf3\xe6\xd7\xff\xf4\xe6\xd7\xff\xf1\xe4\xd5\
\xff\xf2\xe3\xd3\xff\xf2\xe3\xd3\xff\xf1\xe1\xd1\xff\xe5\xd6\xc6\
\xff\xe6\xd7\xc7\xff\xe7\xd8\xc8\xff\xe7\xd8\xc8\xff\xe9\xd9\xca\
\xff\xe9\xda\xca\xff\xe9\xdb\xcb\xff\xeb\xdc\xcc\xff\xed\xdd\xcd\
\xff\xed\xdd\xcd\xff\xed\xde\xce\xff\xed\xde\xce\xff\xee\xdf\xcf\
\xff\xef\xe0\xd0\xff\xf0\xe1\xd1\xff\xf0\xe1\xd1\xff\xee\xe1\xd1\
\xff\xf0\xe3\xd2\xff\xf1\xe5\xd3\xff\xf1\xe4\xd4\xff\xf2\xe5\xd5\
\xff\xf2\xe5\xd5\xff\xf0\xe7\xd6\xff\xf1\xe7\xd6\xff\xf2\xe7\xd7\
\xff\xf4\xe7\xd8\xff\xf5\xe8\xd9\xff\xf4\xe9\xdb\xff\xf4\xe9\xdb\
\xff\xf4\xe9\xdb\xff\xf4\xe9\xdb\xff\xf4\xe9\xdb\xff\xf4\xe9\xdb\
\xff\xf5\xe9\xdc\xff\xf6\xea\xde\xff\xf7\xeb\xdf\xff\xf6\xec\xdf\
\xff\xf5\xec\xdf\xff\xf7\xeb\xdf\xff\xf8\xec\xe0\xff\xf9\xed\xe1\
\xff\xf7\xee\xe0\xff\xf7\xee\xe0\xff\xf8\xef\xe1\xff\xf9\xf0\xe2\
\xff\xf9\xf0\xe3\xff\xf9\xf0\xe3\xff\xfa\xf1\xe4\xff\xfa\xf1\xe4\
\xff\xf9\xf1\xe4\xff\xf9\xf1\xe4\xff\xfa\xf2\xe5\xff\xfa\xf1\xe7\
\xff\xfa\xf1\xe7\xff\xfa\xf1\xe7\xff\xfa\xf1\xe7\xff\xf9\xf0\xe6\
\xff\xfa\xf1\xe7\xff\xfa\xf1\xe7\xff\xfa\xf1\xe7\xff\xfa\xf1\xe7\
\xff\xfa\xf1\xe7\xff\xfa\xf1\xe7\xff\xfa\xf1\xe7\xff\xfa\xf1\xe7\
\xff\xfb\xf2\xe8\xff\xfb\xf2\xe8\xff\xfb\xf2\xe8\xff\xfc\xf3\xe9\
\xff\xfc\xf3\xe9\xff\xfc\xf3\xe9\xff\xfc\xf3\xe9\xff\xfc\xf3\xe9\
\xff\xfc\xf4\xea\xff\xfb\xf4\xeb\xff\xfb\xf4\xeb\xff\xfb\xf4\xeb\
\xff\xfb\xf4\xeb\xff\xfb\xf4\xeb\xff\xfc\xf5\xec\xff\xfc\xf5\xec\
\xff\xfc\xf5\xec\xff\xfc\xf5\xec\xff\xfc\xf5\xec\xff\xfc\xf5\xec\
\xff\xfc\xf5\xec\xff\xfc\xf5\xec\xff\xfc\xf5\xec\xff\xfc\xf5\xec\
\xff\xfc\xf5\xec\xff\xfc\xf5\xec\xff\xfc\xf5\xec\xff\xfc\xf5\xec\
\xff\xfc\xf5\xec\xff\xfc\xf5\xec\xff\xfc\xf5\xec\xff\xfc\xf5\xec\
\xff\xfc\xf5\xec\xff\xfc\xf5\xec\xff\xfc\xf5\xec\xff\xfc\xf5\xec\
\xff\xfb\xf4\xeb\xff\xfc\xf5\xec\xff\xfc\xf5\xec\xff\xfc\xf5\xec\
\xff\xfd\xf6\xed\xff\xfd\xf6\xed\xff\xfb\xf4\xeb\xff\xfb\xf4\xeb\
\xff\xfb\xf4\xeb\xff\xfb\xf4\xeb\xff\xfb\xf4\xeb\xff\xfb\xf4\xeb\
\xff\xfb\xf4\xeb\xff\xfb\xf4\xeb\xff\xfb\xf4\xeb\xff\xfb\xf4\xeb\
\xff\xfb\xf4\xeb\xff\xfb\xf4\xeb\xff\xfb\xf4\xeb\xff\xfb\xf4\xeb\
\xff\xfb\xf4\xeb\xff\xfb\xf4\xeb\xff\xfa\xf3\xea\xff\xfa\xf3\xea\
\xff\xfa\xf3\xea\xff\xfb\xf4\xeb\xff\xfb\xf4\xeb\xff\xfb\xf4\xeb\
\xff\xfb\xf4\xeb\xff\xfb\xf4\xeb\xff\xfb\xf4\xeb\xff\xfb\xf4\xeb\
\xff\xfb\xf4\xeb\xff\xfb\xf4\xeb\xff\xfb\xf4\xeb\xff\xfb\xf4\xeb\
\xff\xfb\xf4\xeb\xff\xfc\xf5\xec\xff\xfc\xf5\xec\xff\xfc\xf5\xec\
\xff\xfd\xf6\xed\xff\xfd\xf6\xed\xff\xfd\xf6\xed\xff\xfe\xf7\xee\
\xff\xff\xf8\xef\xff\xff\xf8\xef\xff\xff\xf8\xef\xff\xff\xf8\xef\
\xff\xff\xf8\xef\xff\xff\xf8\xef\xff\xff\xf8\xef\xff\xff\xf8\xef\
\xff\xff\xf9\xf0\xff\xff\xf9\xf0\xff\xff\xf8\xef\xff\xfe\xf6\xef\
\xff\xff\xf7\xf1\xff\xff\xf8\xf1\xff\xff\xf8\xf1\xff\xff\xf8\xf1\
\xff\xff\xf8\xf1\xff\xff\xf8\xf1\xff\xff\xf8\xf1\xff\xff\xf9\xf2\
\xff\xfe\xf8\xf1\xff\xfe\xf8\xf1\xff\xfe\xf8\xf1\xff\xfe\xf8\xf1\
\xff\xfe\xf8\xf1\xff\xff\xf8\xf1\xff\xff\xf9\xf0\xff\xff\xf9\xf0\
\xff\xff\xf9\xf0\xff\xff\xf8\xef\xff\xff\xf8\xef\xff\xff\xf8\xef\
\xff\xff\xf8\xef\xff\xff\xf8\xef\xff\xff\xf8\xef\xff\xff\xf8\xef\
\xff\xff\xf8\xef\xff\xff\xf8\xef\xff\xff\xf7\xee\xff\xfe\xf7\xee\
\xff\xfe\xf7\xee\xff\xff\xf7\xee\xff\xff\xf7\xee\xff\xff\xf6\xed\
\xff\xff\xf6\xed\xff\xff\xf6\xed\xff\xff\xf6\xed\xff\xfe\xf5\xec\
\xff\xfe\xf5\xec\xff\xfd\xf4\xeb\xff\xfd\xf4\xeb\xff\xfd\xf4\xeb\
\xff\xfd\xf4\xea\xff\xfc\xf3\xe9\xff\xfc\xf3\xe9\xff\xfc\xf3\xe9\
\xff\xfc\xf3\xe9\xff\xfc\xf3\xe9\xff\xfc\xf3\xe9\xff\xfc\xf3\xe9\
\xff\xfc\xf3\xe9\xff\xfb\xf2\xe8\xff\xfb\xf2\xe8\xff\xfa\xf1\xe7\
\xff\xfa\xf2\xe5\xff\xfa\xf3\xe4\xff\xfa\xf2\xe5\xff\xfa\xf2\xe5\
\xff\xfa\xf0\xe5\xff\xfa\xf1\xe5\xff\xfa\xf1\xe4\xff\xfa\xf1\xe4\
\xff\xfa\xf1\xe4\xff\xfa\xf1\xe4\xff\xfa\xf1\xe4\xff\xfa\xf1\xe3\
\xff\xf9\xf0\xe3\xff\xf9\xf0\xe3\xff\xf8\xef\xe2\xff\xf7\xee\xe1\
\xff\xf7\xee\xe1\xff\xf7\xee\xe1\xff\xf9\xed\xe1\xff\xf9\xed\xe1\
\xff\xf9\xed\xe1\xff\xf9\xed\xe1\xff\xf9\xed\xe1\xff\xf9\xed\xe1\
\xff\xf8\xec\xe0\xff\xf8\xec\xe0\xff\xf8\xec\xe0\xff\xf8\xec\xe0\
\xff\xf7\xec\xdf\xff\xf7\xec\xde\xff\xf7\xec\xde\xff\xf7\xec\xde\
\xff\xf6\xeb\xdd\xff\xf6\xeb\xdd\xff\xf5\xea\xdc\xff\xf5\xea\xdc\
\xff\xf5\xea\xdc\xff\xf5\xe8\xda\xff\xf3\xe6\xd8\xff\xf3\xe6\xd8\
\xff\xf3\xe6\xd6\xff\xf4\xe6\xd6\xff\xf4\xe5\xd5\xff\xf2\xe4\xd4\
\xff\xf2\xe3\xd3\xff\xf1\xe2\xd2\xff\xf1\xe2\xd2\xff\xe6\xd7\xc7\
\xff\xe7\xd8\xc7\xff\xe8\xd9\xc8\xff\xe7\xd9\xc8\xff\xe8\xda\xc9\
\xff\xe9\xdb\xca\xff\xe9\xdb\xcb\xff\xeb\xdc\xcc\xff\xed\xdd\xcd\
\xff\xed\xdd\xcd\xff\xed\xde\xce\xff\xee\xdf\xcf\xff\xef\xe0\xd0\
\xff\xef\xe0\xd0\xff\xf0\xe1\xd1\xff\xf0\xe2\xd2\xff\xef\xe2\xd2\
\xff\xf0\xe3\xd3\xff\xf1\xe4\xd4\xff\xf2\xe5\xd5\xff\xf3\xe6\xd6\
\xff\xf3\xe6\xd6\xff\xf1\xe7\xd6\xff\xf2\xe8\xd6\xff\xf3\xe8\xd9\
\xff\xf5\xe8\xdb\xff\xf6\xe9\xda\xff\xf4\xe9\xdb\xff\xf4\xe9\xdb\
\xff\xf5\xea\xdc\xff\xf5\xea\xdc\xff\xf5\xea\xdc\xff\xf4\xea\xdc\
\xff\xf4\xea\xdd\xff\xf6\xea\xde\xff\xf7\xeb\xdf\xff\xf5\xec\xdf\
\xff\xf5\xec\xdf\xff\xf6\xed\xe0\xff\xf7\xee\xe1\xff\xf7\xee\xe1\
\xff\xf7\xee\xe0\xff\xf8\xef\xe1\xff\xf8\xef\xe1\xff\xf9\xf0\xe2\
\xff\xf9\xf0\xe3\xff\xfa\xf1\xe4\xff\xfa\xf1\xe4\xff\xfa\xf1\xe4\
\xff\xfa\xf2\xe5\xff\xf9\xf1\xe4\xff\xfa\xf2\xe5\xff\xfa\xf1\xe7\
\xff\xfa\xf1\xe7\xff\xfa\xf1\xe7\xff\xfa\xf1\xe7\xff\xfa\xf1\xe7\
\xff\xfa\xf1\xe7\xff\xfa\xf1\xe7\xff\xfa\xf1\xe7\xff\xfa\xf1\xe7\
\xff\xfa\xf1\xe7\xff\xfa\xf1\xe7\xff\xfb\xf2\xe8\xff\xfb\xf2\xe8\
\xff\xfb\xf2\xe8\xff\xfb\xf2\xe8\xff\xfb\xf2\xe8\xff\xfb\xf2\xe8\
\xff\xfc\xf3\xe9\xff\xfc\xf3\xe9\xff\xfc\xf3\xe9\xff\xfc\xf3\xe9\
\xff\xfd\xf4\xea\xff\xfb\xf4\xeb\xff\xfb\xf4\xeb\xff\xfb\xf4\xeb\
\xff\xfb\xf4\xeb\xff\xfc\xf5\xec\xff\xfc\xf5\xec\xff\xfc\xf5\xec\
\xff\xfc\xf5\xec\xff\xfc\xf5\xec\xff\xfc\xf5\xec\xff\xfc\xf5\xec\
\xff\xfc\xf5\xec\xff\xfc\xf5\xec\xff\xfc\xf5\xec\xff\xfc\xf5\xec\
\xff\xfc\xf5\xec\xff\xfc\xf5\xec\xff\xfc\xf5\xec\xff\xfc\xf5\xec\
\xff\xfc\xf5\xec\xff\xfc\xf5\xec\xff\xfc\xf5\xec\xff\xfc\xf5\xec\
\xff\xfc\xf5\xec\xff\xfc\xf5\xec\xff\xfc\xf5\xec\xff\xfc\xf5\xec\
\xff\xfc\xf5\xec\xff\xfc\xf5\xec\xff\xfb\xf4\xeb\xff\xfc\xf5\xec\
\xff\xfd\xf6\xed\xff\xfd\xf6\xed\xff\xfb\xf4\xeb\xff\xfb\xf4\xeb\
\xff\xfb\xf4\xeb\xff\xfb\xf4\xeb\xff\xfb\xf4\xeb\xff\xfb\xf4\xeb\
\xff\xfb\xf4\xeb\xff\xfb\xf4\xeb\xff\xfb\xf4\xeb\xff\xfb\xf4\xeb\
\xff\xfb\xf4\xeb\xff\xfb\xf4\xeb\xff\xfb\xf4\xeb\xff\xfb\xf4\xeb\
\xff\xfb\xf4\xeb\xff\xfb\xf4\xeb\xff\xfa\xf3\xea\xff\xfa\xf3\xea\
\xff\xfb\xf4\xeb\xff\xfb\xf4\xeb\xff\xfb\xf4\xeb\xff\xfb\xf4\xeb\
\xff\xfb\xf4\xeb\xff\xfb\xf4\xeb\xff\xfb\xf4\xeb\xff\xfb\xf4\xeb\
\xff\xfb\xf4\xeb\xff\xfb\xf4\xeb\xff\xfb\xf4\xeb\xff\xfb\xf4\xeb\
\xff\xfc\xf5\xec\xff\xfc\xf5\xec\xff\xfc\xf5\xec\xff\xfc\xf5\xec\
\xff\xfd\xf6\xed\xff\xfd\xf6\xed\xff\xfe\xf7\xee\xff\xff\xf8\xef\
\xff\xff\xf8\xef\xff\xff\xf8\xef\xff\xff\xf8\xef\xff\xff\xf8\xef\
\xff\xff\xf8\xef\xff\xff\xf8\xef\xff\xff\xf8\xef\xff\xff\xf9\xf0\
\xff\xff\xf9\xf0\xff\xff\xf9\xf0\xff\xff\xf8\xef\xff\xff\xf6\xef\
\xff\xff\xf8\xf1\xff\xff\xf8\xf1\xff\xff\xf8\xf1\xff\xff\xf8\xf1\
\xff\xff\xf8\xf1\xff\xff\xf8\xf1\xff\xff\xf8\xf1\xff\xff\xf9\xf2\
\xff\xff\xf9\xf2\xff\xfe\xf8\xf1\xff\xfe\xf8\xf1\xff\xfe\xf8\xf1\
\xff\xfe\xf8\xf1\xff\xfe\xf8\xf2\xff\xfe\xf8\xf1\xff\xff\xf9\xf0\
\xff\xff\xf9\xf0\xff\xff\xf8\xef\xff\xff\xf8\xef\xff\xff\xf8\xef\
\xff\xff\xf8\xef\xff\xff\xf8\xef\xff\xff\xf8\xef\xff\xff\xf8\xef\
\xff\xff\xf8\xef\xff\xff\xf8\xef\xff\xfe\xf7\xee\xff\xfe\xf7\xee\
\xff\xfe\xf7\xee\xff\xff\xf7\xee\xff\xff\xf7\xee\xff\xff\xf6\xed\
\xff\xff\xf6\xed\xff\xff\xf6\xed\xff\xff\xf6\xed\xff\xfe\xf5\xec\
\xff\xfd\xf4\xeb\xff\xfd\xf4\xeb\xff\xfd\xf4\xea\xff\xfd\xf4\xea\
\xff\xfd\xf4\xea\xff\xfd\xf4\xea\xff\xfc\xf3\xe9\xff\xfc\xf3\xe9\
\xff\xfc\xf3\xe9\xff\xfc\xf3\xe9\xff\xfc\xf3\xe9\xff\xfc\xf3\xe9\
\xff\xfc\xf3\xe9\xff\xfb\xf2\xe8\xff\xfb\xf2\xe8\xff\xfa\xf1\xe8\
\xff\xfa\xf1\xe6\xff\xfa\xf2\xe5\xff\xfa\xf2\xe5\xff\xfa\xf2\xe5\
\xff\xfa\xf1\xe5\xff\xfa\xf1\xe5\xff\xfa\xf1\xe4\xff\xfa\xf1\xe4\
\xff\xfa\xf1\xe4\xff\xfa\xf1\xe4\xff\xfa\xf1\xe3\xff\xfa\xf1\xe2\
\xff\xf9\xf0\xe3\xff\xf9\xf0\xe3\xff\xf8\xef\xe2\xff\xf9\xf0\xe3\
\xff\xf7\xef\xe2\xff\xf7\xee\xe1\xff\xf9\xed\xe1\xff\xf9\xed\xe1\
\xff\xf9\xed\xe1\xff\xf9\xed\xe1\xff\xf9\xed\xe1\xff\xf9\xed\xe1\
\xff\xf8\xec\xe0\xff\xf8\xec\xe0\xff\xf8\xec\xe0\xff\xf8\xec\xe0\
\xff\xf8\xed\xe0\xff\xf8\xed\xdf\xff\xf8\xed\xdf\xff\xf7\xec\xde\
\xff\xf6\xeb\xdd\xff\xf7\xeb\xdd\xff\xf7\xea\xdc\xff\xf6\xe9\xdb\
\xff\xf6\xe8\xda\xff\xf4\xe7\xd9\xff\xf3\xe6\xd8\xff\xf3\xe6\xd8\
\xff\xf5\xe6\xd6\xff\xf4\xe5\xd5\xff\xf4\xe5\xd5\xff\xf4\xe4\xd4\
\xff\xf2\xe3\xd3\xff\xf1\xe2\xd2\xff\xf1\xe2\xd2\xff\xe6\xd8\xc6\
\xff\xe7\xd9\xc7\xff\xe8\xda\xc8\xff\xe9\xdb\xc9\xff\xe9\xdb\xc9\
\xff\xea\xdc\xca\xff\xeb\xdd\xcc\xff\xed\xde\xcd\xff\xed\xde\xce\
\xff\xed\xde\xce\xff\xee\xdf\xcf\xff\xee\xdf\xcf\xff\xef\xe0\xd0\
\xff\xf0\xe1\xd1\xff\xf1\xe2\xd2\xff\xf1\xe2\xd2\xff\xef\xe2\xd2\
\xff\xf1\xe3\xd3\xff\xf1\xe4\xd4\xff\xf3\xe6\xd6\xff\xf3\xe6\xd6\
\xff\xf3\xe6\xd6\xff\xf3\xe8\xd7\xff\xf3\xe9\xd7\xff\xf5\xe9\xdb\
\xff\xf7\xe9\xdc\xff\xf6\xea\xdb\xff\xf5\xea\xdc\xff\xf4\xea\xdc\
\xff\xf5\xeb\xdd\xff\xf6\xeb\xdd\xff\xf5\xeb\xdd\xff\xf4\xeb\xde\
\xff\xf5\xec\xdf\xff\xf5\xec\xdf\xff\xf5\xec\xdf\xff\xf5\xec\xdf\
\xff\xf6\xec\xe0\xff\xf7\xee\xe1\xff\xf7\xee\xe1\xff\xf7\xee\xe1\
\xff\xf7\xee\xe0\xff\xf7\xee\xe0\xff\xf8\xef\xe1\xff\xf9\xf0\xe2\
\xff\xf9\xf0\xe3\xff\xfa\xf1\xe4\xff\xfa\xf1\xe4\xff\xfa\xf1\xe4\
\xff\xfa\xf2\xe5\xff\xfa\xf2\xe5\xff\xfa\xf2\xe5\xff\xfa\xf1\xe7\
\xff\xfa\xf1\xe7\xff\xfa\xf1\xe7\xff\xfb\xf2\xe8\xff\xfb\xf2\xe8\
\xff\xfb\xf2\xe8\xff\xfa\xf1\xe7\xff\xfa\xf1\xe7\xff\xfa\xf1\xe7\
\xff\xfa\xf1\xe7\xff\xfb\xf2\xe8\xff\xfb\xf2\xe8\xff\xfb\xf2\xe8\
\xff\xfb\xf2\xe8\xff\xfb\xf2\xe8\xff\xfb\xf2\xe8\xff\xfb\xf2\xe8\
\xff\xfc\xf3\xe9\xff\xfc\xf3\xe9\xff\xfc\xf3\xe9\xff\xfc\xf3\xe9\
\xff\xfd\xf4\xea\xff\xfb\xf4\xeb\xff\xfa\xf4\xeb\xff\xfb\xf4\xeb\
\xff\xfb\xf4\xeb\xff\xfc\xf5\xec\xff\xfc\xf5\xec\xff\xfc\xf5\xec\
\xff\xfc\xf5\xec\xff\xfc\xf5\xec\xff\xfc\xf5\xec\xff\xfc\xf5\xec\
\xff\xfc\xf5\xec\xff\xfc\xf5\xec\xff\xfc\xf5\xec\xff\xfc\xf5\xec\
\xff\xfc\xf5\xec\xff\xfc\xf5\xec\xff\xfc\xf5\xec\xff\xfc\xf5\xec\
\xff\xfc\xf5\xec\xff\xfc\xf5\xec\xff\xfc\xf5\xec\xff\xfc\xf5\xec\
\xff\xfc\xf5\xec\xff\xfc\xf5\xec\xff\xfc\xf5\xec\xff\xfc\xf5\xec\
\xff\xfc\xf5\xec\xff\xfc\xf5\xec\xff\xfc\xf5\xec\xff\xfc\xf5\xec\
\xff\xfc\xf5\xec\xff\xfc\xf5\xec\xff\xfc\xf5\xec\xff\xfb\xf4\xeb\
\xff\xfb\xf4\xeb\xff\xfb\xf4\xeb\xff\xfb\xf4\xeb\xff\xfb\xf4\xeb\
\xff\xfb\xf4\xeb\xff\xfb\xf4\xeb\xff\xfb\xf4\xeb\xff\xfb\xf4\xeb\
\xff\xfb\xf4\xeb\xff\xfb\xf4\xeb\xff\xfb\xf4\xeb\xff\xfb\xf4\xeb\
\xff\xfb\xf4\xeb\xff\xfb\xf4\xeb\xff\xfa\xf3\xea\xff\xfb\xf4\xeb\
\xff\xfb\xf4\xeb\xff\xfb\xf4\xeb\xff\xfb\xf4\xeb\xff\xfb\xf4\xeb\
\xff\xfb\xf4\xeb\xff\xfb\xf4\xeb\xff\xfb\xf4\xeb\xff\xfb\xf4\xeb\
\xff\xfc\xf5\xec\xff\xfc\xf5\xec\xff\xfb\xf4\xeb\xff\xfb\xf4\xeb\
\xff\xfc\xf5\xec\xff\xfc\xf5\xec\xff\xfd\xf6\xed\xff\xfe\xf7\xee\
\xff\xfe\xf7\xee\xff\xfe\xf7\xee\xff\xff\xf8\xef\xff\xff\xf8\xef\
\xff\xff\xf8\xef\xff\xff\xf8\xef\xff\xff\xf8\xef\xff\xff\xf8\xef\
\xff\xff\xf8\xef\xff\xff\xf9\xf0\xff\xff\xf9\xf0\xff\xff\xf9\xf0\
\xff\xff\xf9\xf0\xff\xff\xf9\xef\xff\xff\xf8\xef\xff\xff\xf7\xf0\
\xff\xff\xf8\xf1\xff\xff\xf8\xf1\xff\xff\xf8\xf1\xff\xff\xf8\xf1\
\xff\xff\xf8\xf1\xff\xff\xf8\xf1\xff\xff\xf8\xf1\xff\xff\xf9\xf2\
\xff\xff\xf9\xf2\xff\xff\xf9\xf2\xff\xfe\xf8\xf1\xff\xfe\xf8\xf1\
\xff\xfe\xf8\xf1\xff\xfe\xf8\xf2\xff\xfe\xf8\xf1\xff\xff\xf9\xf0\
\xff\xff\xf9\xf0\xff\xff\xf9\xf0\xff\xff\xf8\xef\xff\xff\xf8\xef\
\xff\xff\xf8\xef\xff\xff\xf8\xef\xff\xff\xf8\xef\xff\xff\xf8\xef\
\xff\xff\xf8\xef\xff\xff\xf8\xef\xff\xfe\xf7\xee\xff\xfe\xf7\xee\
\xff\xff\xf7\xee\xff\xff\xf7\xee\xff\xff\xf7\xee\xff\xff\xf6\xed\
\xff\xff\xf7\xee\xff\xff\xf6\xed\xff\xfe\xf5\xec\xff\xfe\xf5\xec\
\xff\xfd\xf4\xeb\xff\xfd\xf4\xeb\xff\xfd\xf4\xea\xff\xfd\xf4\xea\
\xff\xfd\xf4\xea\xff\xfc\xf3\xea\xff\xfc\xf3\xe9\xff\xfc\xf3\xe9\
\xff\xfc\xf3\xe9\xff\xfc\xf3\xe9\xff\xfc\xf3\xe9\xff\xfc\xf3\xe9\
\xff\xfc\xf3\xe9\xff\xfb\xf2\xe8\xff\xfb\xf2\xe8\xff\xfb\xf2\xe8\
\xff\xfa\xf1\xe7\xff\xfa\xf1\xe6\xff\xfa\xf2\xe5\xff\xfa\xf2\xe5\
\xff\xfb\xf2\xe6\xff\xfa\xf1\xe5\xff\xfa\xf1\xe4\xff\xfa\xf1\xe4\
\xff\xfa\xf1\xe4\xff\xfa\xf1\xe4\xff\xfa\xf1\xe4\xff\xfa\xf1\xe2\
\xff\xf9\xf0\xe3\xff\xf9\xf0\xe3\xff\xf8\xef\xe2\xff\xf8\xef\xe2\
\xff\xf8\xef\xe2\xff\xf8\xed\xe1\xff\xf9\xed\xe1\xff\xf9\xed\xe1\
\xff\xf9\xed\xe1\xff\xf9\xed\xe1\xff\xf9\xed\xe1\xff\xf9\xed\xe1\
\xff\xf9\xed\xe1\xff\xf8\xec\xe0\xff\xf8\xec\xe0\xff\xf8\xec\xe0\
\xff\xf8\xec\xdf\xff\xf8\xed\xdf\xff\xf8\xed\xdf\xff\xf6\xeb\xdd\
\xff\xf6\xeb\xdd\xff\xf7\xeb\xdd\xff\xf7\xea\xdc\xff\xf6\xe9\xdb\
\xff\xf6\xe9\xdb\xff\xf5\xe8\xda\xff\xf4\xe7\xda\xff\xf3\xe6\xd7\
\xff\xf4\xe6\xd6\xff\xf4\xe5\xd5\xff\xf4\xe5\xd5\xff\xf3\xe3\xd3\
\xff\xf2\xe3\xd3\xff\xf1\xe2\xd2\xff\xf0\xe1\xd1\xff\xe6\xd8\xc6\
\xff\xe7\xd9\xc7\xff\xe8\xda\xc8\xff\xe9\xdb\xc9\xff\xe9\xdb\xc9\
\xff\xea\xdc\xca\xff\xeb\xdd\xcb\xff\xec\xde\xcd\xff\xee\xde\xce\
\xff\xee\xdf\xcf\xff\xee\xdf\xcf\xff\xef\xe0\xd0\xff\xef\xe0\xd0\
\xff\xf0\xe1\xd1\xff\xf1\xe2\xd2\xff\xf1\xe3\xd3\xff\xef\xe3\xd3\
\xff\xf1\xe4\xd4\xff\xf2\xe5\xd5\xff\xf4\xe7\xd7\xff\xf4\xe7\xd7\
\xff\xf4\xe7\xd7\xff\xf4\xe9\xd8\xff\xf3\xea\xd9\xff\xf6\xea\xdb\
\xff\xf6\xea\xdc\xff\xf5\xea\xdc\xff\xf6\xeb\xdd\xff\xf6\xeb\xdd\
\xff\xf7\xec\xde\xff\xf5\xec\xde\xff\xf5\xec\xde\xff\xf5\xec\xde\
\xff\xf5\xec\xdf\xff\xf5\xec\xdf\xff\xf6\xed\xe0\xff\xf6\xed\xe0\
\xff\xf6\xed\xe0\xff\xf7\xee\xe1\xff\xf7\xee\xe1\xff\xf8\xef\xe2\
\xff\xf7\xee\xe0\xff\xf8\xef\xe1\xff\xf8\xef\xe1\xff\xf9\xf0\xe2\
\xff\xfa\xf1\xe4\xff\xfa\xf1\xe4\xff\xfa\xf1\xe4\xff\xfa\xf1\xe4\
\xff\xfa\xf1\xe4\xff\xfa\xf2\xe5\xff\xfa\xf2\xe5\xff\xfa\xf1\xe7\
\xff\xfb\xf2\xe8\xff\xfb\xf2\xe8\xff\xfb\xf2\xe8\xff\xfb\xf2\xe8\
\xff\xfb\xf2\xe8\xff\xfb\xf2\xe8\xff\xfb\xf2\xe8\xff\xfb\xf2\xe8\
\xff\xfb\xf2\xe8\xff\xfb\xf2\xe8\xff\xfb\xf2\xe8\xff\xfb\xf2\xe8\
\xff\xfb\xf2\xe8\xff\xfb\xf2\xe8\xff\xfb\xf2\xe8\xff\xfc\xf3\xe9\
\xff\xfc\xf3\xe9\xff\xfc\xf3\xe9\xff\xfc\xf3\xe9\xff\xfc\xf3\xe9\
\xff\xfd\xf4\xea\xff\xfb\xf4\xeb\xff\xfb\xf4\xeb\xff\xfb\xf4\xeb\
\xff\xfc\xf5\xec\xff\xfc\xf5\xec\xff\xfc\xf5\xec\xff\xfc\xf5\xec\
\xff\xfc\xf5\xec\xff\xfc\xf5\xec\xff\xfc\xf5\xec\xff\xfc\xf5\xec\
\xff\xfc\xf5\xec\xff\xfc\xf5\xec\xff\xfc\xf5\xec\xff\xfc\xf5\xec\
\xff\xfc\xf5\xec\xff\xfd\xf6\xed\xff\xfc\xf5\xec\xff\xfc\xf5\xec\
\xff\xfc\xf5\xec\xff\xfc\xf5\xec\xff\xfc\xf5\xec\xff\xfc\xf5\xec\
\xff\xfc\xf5\xec\xff\xfc\xf5\xec\xff\xfc\xf5\xec\xff\xfc\xf5\xec\
\xff\xfc\xf5\xec\xff\xfc\xf5\xec\xff\xfc\xf5\xec\xff\xfc\xf5\xec\
\xff\xfc\xf5\xec\xff\xfc\xf5\xec\xff\xfc\xf5\xec\xff\xfc\xf5\xec\
\xff\xfb\xf4\xeb\xff\xfb\xf4\xeb\xff\xfb\xf4\xeb\xff\xfa\xf3\xea\
\xff\xfb\xf4\xeb\xff\xfb\xf4\xeb\xff\xfb\xf4\xeb\xff\xfb\xf4\xeb\
\xff\xfb\xf4\xeb\xff\xfb\xf4\xeb\xff\xfb\xf4\xeb\xff\xfb\xf4\xeb\
\xff\xfb\xf4\xeb\xff\xfb\xf4\xeb\xff\xfb\xf4\xeb\xff\xfb\xf4\xeb\
\xff\xfb\xf4\xeb\xff\xfb\xf4\xeb\xff\xfb\xf4\xeb\xff\xfb\xf4\xeb\
\xff\xfb\xf4\xeb\xff\xfb\xf4\xeb\xff\xfb\xf4\xeb\xff\xfc\xf5\xec\
\xff\xfc\xf5\xec\xff\xfc\xf5\xec\xff\xfc\xf5\xec\xff\xfc\xf5\xec\
\xff\xfd\xf6\xed\xff\xfe\xf7\xee\xff\xfe\xf7\xee\xff\xfe\xf7\xee\
\xff\xfe\xf7\xee\xff\xff\xf8\xef\xff\xff\xf8\xef\xff\xff\xf8\xef\
\xff\xff\xf9\xf0\xff\xff\xf9\xf0\xff\xff\xf9\xf0\xff\xff\xf9\xf0\
\xff\xff\xf9\xf0\xff\xff\xf9\xf0\xff\xff\xf9\xf0\xff\xff\xf9\xf0\
\xff\xff\xf9\xf0\xff\xff\xf9\xf0\xff\xff\xf8\xf0\xff\xff\xf7\xf0\
\xff\xff\xf8\xf1\xff\xff\xf8\xf1\xff\xff\xf8\xf1\xff\xff\xf8\xf1\
\xff\xfe\xf8\xf1\xff\xfe\xf8\xf1\xff\xfe\xf8\xf1\xff\xff\xf9\xf2\
\xff\xff\xf9\xf2\xff\xff\xf9\xf2\xff\xff\xf9\xf2\xff\xfe\xf8\xf1\
\xff\xfe\xf8\xf1\xff\xfe\xf8\xf1\xff\xfe\xf8\xf1\xff\xff\xf9\xf0\
\xff\xff\xf9\xf0\xff\xff\xf9\xf0\xff\xff\xf9\xf0\xff\xff\xf8\xef\
\xff\xff\xf8\xef\xff\xff\xf8\xef\xff\xff\xf8\xef\xff\xff\xf8\xef\
\xff\xff\xf8\xef\xff\xff\xf8\xef\xff\xfe\xf7\xee\xff\xfe\xf7\xee\
\xff\xff\xf7\xee\xff\xff\xf7\xee\xff\xff\xf6\xed\xff\xff\xf6\xed\
\xff\xff\xf6\xed\xff\xfe\xf5\xec\xff\xfe\xf5\xec\xff\xfd\xf4\xeb\
\xff\xfd\xf4\xeb\xff\xfd\xf4\xeb\xff\xfd\xf4\xeb\xff\xfd\xf4\xeb\
\xff\xfd\xf4\xea\xff\xfc\xf3\xea\xff\xfc\xf3\xe9\xff\xfc\xf3\xe9\
\xff\xfc\xf3\xe9\xff\xfc\xf3\xe9\xff\xfc\xf3\xe9\xff\xfc\xf3\xe9\
\xff\xfc\xf3\xe9\xff\xfb\xf2\xe8\xff\xfb\xf2\xe8\xff\xfb\xf2\xe8\
\xff\xfa\xf1\xe7\xff\xfa\xf2\xe6\xff\xfa\xf2\xe5\xff\xfa\xf2\xe5\
\xff\xfb\xf1\xe6\xff\xfa\xf1\xe5\xff\xfa\xf1\xe4\xff\xfa\xf1\xe4\
\xff\xfa\xf1\xe4\xff\xfa\xf1\xe4\xff\xfa\xf1\xe4\xff\xf9\xf0\xe2\
\xff\xf9\xf0\xe3\xff\xf9\xf0\xe3\xff\xf8\xef\xe2\xff\xf8\xef\xe2\
\xff\xf7\xee\xe1\xff\xf9\xed\xe1\xff\xf9\xed\xe1\xff\xf9\xed\xe1\
\xff\xf9\xed\xe1\xff\xf9\xed\xe1\xff\xf9\xed\xe1\xff\xf9\xed\xe1\
\xff\xf9\xed\xe1\xff\xf8\xec\xe0\xff\xf8\xec\xe0\xff\xf8\xec\xe0\
\xff\xf7\xeb\xdf\xff\xf8\xed\xdf\xff\xf7\xec\xde\xff\xf6\xeb\xdd\
\xff\xf6\xeb\xdd\xff\xf6\xeb\xdd\xff\xf7\xea\xdc\xff\xf7\xea\xdc\
\xff\xf6\xe9\xdb\xff\xf5\xe8\xda\xff\xf5\xe8\xda\xff\xf4\xe7\xd7\
\xff\xf3\xe6\xd6\xff\xf4\xe5\xd5\xff\xf3\xe4\xd4\xff\xf2\xe3\xd3\
\xff\xf2\xe3\xd3\xff\xf1\xe2\xd2\xff\xf0\xe1\xd1\xff\xe6\xd8\xc6\
\xff\xe7\xd9\xc7\xff\xe8\xda\xc8\xff\xe9\xdb\xc9\xff\xe9\xdb\xc9\
\xff\xea\xdc\xca\xff\xeb\xdd\xcb\xff\xec\xde\xcc\xff\xee\xde\xce\
\xff\xef\xdf\xcf\xff\xef\xe0\xd0\xff\xf0\xe1\xd1\xff\xf0\xe1\xd1\
\xff\xf1\xe2\xd2\xff\xf2\xe3\xd3\xff\xf1\xe3\xd3\xff\xf0\xe4\xd4\
\xff\xf1\xe4\xd4\xff\xf2\xe5\xd5\xff\xf4\xe7\xd7\xff\xf4\xe7\xd7\
\xff\xf4\xe7\xd7\xff\xf3\xe9\xd8\xff\xf4\xea\xd9\xff\xf6\xea\xdb\
\xff\xf6\xea\xdc\xff\xf5\xea\xdc\xff\xf6\xeb\xdd\xff\xf5\xeb\xdd\
\xff\xf5\xec\xde\xff\xf5\xec\xde\xff\xf5\xec\xde\xff\xf5\xec\xde\
\xff\xf5\xec\xdf\xff\xf6\xed\xe0\xff\xf6\xed\xe0\xff\xf7\xee\xe1\
\xff\xf8\xef\xe2\xff\xf7\xee\xe1\xff\xf8\xef\xe2\xff\xf8\xef\xe2\
\xff\xf8\xef\xe1\xff\xf8\xef\xe1\xff\xf9\xf0\xe2\xff\xfa\xf1\xe3\
\xff\xfa\xf1\xe4\xff\xfb\xf2\xe5\xff\xfb\xf2\xe5\xff\xfb\xf2\xe5\
\xff\xfa\xf2\xe5\xff\xfa\xf2\xe5\xff\xfb\xf3\xe6\xff\xfc\xf3\xe9\
\xff\xfc\xf3\xe9\xff\xfb\xf2\xe8\xff\xfb\xf2\xe8\xff\xfb\xf2\xe8\
\xff\xfb\xf2\xe8\xff\xfb\xf2\xe8\xff\xfb\xf2\xe8\xff\xfb\xf2\xe8\
\xff\xfb\xf2\xe8\xff\xfb\xf2\xe8\xff\xfb\xf2\xe8\xff\xfb\xf2\xe8\
\xff\xfb\xf2\xe8\xff\xfb\xf2\xe8\xff\xfc\xf3\xe9\xff\xfc\xf3\xe9\
\xff\xfc\xf3\xe9\xff\xfc\xf3\xe9\xff\xfd\xf4\xea\xff\xfd\xf4\xea\
\xff\xfe\xf5\xeb\xff\xfc\xf5\xec\xff\xfc\xf5\xec\xff\xfc\xf5\xec\
\xff\xfc\xf5\xec\xff\xfd\xf6\xed\xff\xfd\xf6\xed\xff\xfd\xf6\xed\
\xff\xfd\xf6\xed\xff\xfc\xf5\xec\xff\xfc\xf5\xec\xff\xfc\xf5\xec\
\xff\xfc\xf5\xec\xff\xfc\xf5\xec\xff\xfc\xf5\xec\xff\xfc\xf5\xec\
\xff\xfc\xf5\xec\xff\xfd\xf6\xed\xff\xfd\xf6\xed\xff\xfd\xf6\xed\
\xff\xfc\xf5\xec\xff\xfc\xf5\xec\xff\xfc\xf5\xec\xff\xfc\xf5\xec\
\xff\xfc\xf5\xec\xff\xfc\xf5\xec\xff\xfc\xf5\xec\xff\xfc\xf5\xec\
\xff\xfc\xf5\xec\xff\xfc\xf5\xec\xff\xfc\xf5\xec\xff\xfc\xf5\xec\
\xff\xfc\xf5\xec\xff\xfd\xf6\xed\xff\xfc\xf5\xec\xff\xfc\xf5\xec\
\xff\xfb\xf4\xeb\xff\xfb\xf4\xeb\xff\xfb\xf4\xeb\xff\xfa\xf3\xea\
\xff\xfc\xf5\xec\xff\xfc\xf5\xec\xff\xfb\xf4\xeb\xff\xfb\xf4\xeb\
\xff\xfb\xf4\xeb\xff\xfb\xf4\xeb\xff\xfb\xf4\xeb\xff\xfb\xf4\xeb\
\xff\xfb\xf4\xeb\xff\xfb\xf4\xeb\xff\xfb\xf4\xeb\xff\xfb\xf4\xeb\
\xff\xfb\xf4\xeb\xff\xfb\xf4\xeb\xff\xfb\xf4\xeb\xff\xfb\xf4\xeb\
\xff\xfb\xf4\xeb\xff\xfb\xf4\xeb\xff\xfc\xf5\xec\xff\xfc\xf5\xec\
\xff\xfc\xf5\xec\xff\xfc\xf5\xec\xff\xfc\xf5\xec\xff\xfc\xf5\xec\
\xff\xfe\xf7\xee\xff\xff\xf8\xef\xff\xfe\xf7\xee\xff\xff\xf8\xef\
\xff\xff\xf8\xef\xff\xff\xf8\xef\xff\xff\xf9\xf0\xff\xff\xf9\xf0\
\xff\xff\xf9\xf0\xff\xff\xf9\xf0\xff\xff\xf9\xf0\xff\xfe\xf9\xf0\
\xff\xfe\xf9\xf0\xff\xfe\xf9\xf0\xff\xfe\xf9\xf0\xff\xfe\xf9\xf0\
\xff\xfe\xf9\xf0\xff\xfe\xf9\xf0\xff\xfe\xf9\xf0\xff\xff\xf9\xf2\
\xff\xff\xf9\xf2\xff\xff\xf9\xf2\xff\xfe\xf8\xf1\xff\xfe\xf8\xf1\
\xff\xfe\xf8\xf1\xff\xfe\xf9\xf2\xff\xff\xf9\xf2\xff\xff\xf9\xf2\
\xff\xff\xf9\xf2\xff\xff\xf9\xf2\xff\xff\xf9\xf2\xff\xfe\xf8\xf1\
\xff\xfe\xf8\xf1\xff\xfe\xf8\xf1\xff\xfe\xf8\xf1\xff\xff\xf9\xf0\
\xff\xff\xf9\xf0\xff\xff\xf9\xf0\xff\xff\xf9\xf0\xff\xff\xf9\xf0\
\xff\xff\xf8\xef\xff\xff\xf8\xef\xff\xff\xf8\xef\xff\xff\xf8\xef\
\xff\xff\xf8\xef\xff\xfe\xf7\xee\xff\xfe\xf7\xee\xff\xfe\xf7\xee\
\xff\xff\xf7\xee\xff\xff\xf6\xed\xff\xff\xf6\xed\xff\xfe\xf5\xec\
\xff\xfd\xf4\xeb\xff\xfe\xf5\xec\xff\xfe\xf5\xec\xff\xfd\xf4\xeb\
\xff\xfd\xf4\xeb\xff\xfd\xf4\xeb\xff\xfc\xf3\xeb\xff\xfd\xf4\xea\
\xff\xfd\xf4\xea\xff\xfc\xf3\xea\xff\xfc\xf3\xe9\xff\xfc\xf3\xe9\
\xff\xfc\xf3\xe9\xff\xfc\xf3\xe9\xff\xfc\xf3\xe9\xff\xfc\xf3\xe9\
\xff\xfb\xf2\xe8\xff\xfb\xf2\xe8\xff\xfb\xf2\xe8\xff\xfb\xf2\xe8\
\xff\xfb\xf2\xe8\xff\xfa\xf2\xe6\xff\xfa\xf2\xe5\xff\xfa\xf2\xe5\
\xff\xfb\xf2\xe6\xff\xfb\xf1\xe5\xff\xfa\xf1\xe4\xff\xfa\xf1\xe4\
\xff\xfa\xf1\xe4\xff\xfa\xf1\xe4\xff\xf9\xf0\xe3\xff\xf9\xf0\xe2\
\xff\xf9\xf0\xe3\xff\xf9\xf0\xe3\xff\xf8\xef\xe2\xff\xf7\xee\xe1\
\xff\xf7\xee\xe1\xff\xf9\xee\xe1\xff\xf9\xed\xe1\xff\xf9\xed\xe1\
\xff\xf9\xed\xe1\xff\xf9\xed\xe1\xff\xf9\xed\xe1\xff\xf9\xed\xe1\
\xff\xf9\xed\xe1\xff\xf9\xed\xe1\xff\xf9\xed\xe1\xff\xf8\xec\xe0\
\xff\xf7\xeb\xde\xff\xf7\xec\xde\xff\xf7\xec\xde\xff\xf6\xeb\xdd\
\xff\xf6\xeb\xdd\xff\xf6\xeb\xdd\xff\xf7\xea\xdc\xff\xf7\xea\xdc\
\xff\xf6\xe9\xdb\xff\xf5\xe8\xda\xff\xf4\xe7\xda\xff\xf4\xe7\xd7\
\xff\xf4\xe7\xd6\xff\xf4\xe5\xd5\xff\xf2\xe3\xd3\xff\xf2\xe3\xd3\
\xff\xf2\xe3\xd3\xff\xf1\xe2\xd2\xff\xf0\xe1\xd1\xff\xe6\xd8\xc6\
\xff\xe7\xd9\xc7\xff\xe8\xda\xc8\xff\xe9\xdb\xc9\xff\xe9\xdb\xc9\
\xff\xea\xdc\xca\xff\xec\xde\xcc\xff\xed\xdf\xcd\xff\xee\xdf\xcf\
\xff\xef\xdf\xcf\xff\xee\xdf\xcf\xff\xf0\xe1\xd1\xff\xf0\xe1\xd1\
\xff\xf1\xe2\xd2\xff\xf2\xe3\xd3\xff\xf1\xe3\xd3\xff\xf1\xe4\xd4\
\xff\xf1\xe4\xd4\xff\xf2\xe5\xd5\xff\xf3\xe6\xd6\xff\xf4\xe7\xd7\
\xff\xf4\xe7\xd7\xff\xf4\xe9\xd8\xff\xf5\xeb\xda\xff\xf6\xeb\xdb\
\xff\xf6\xeb\xdd\xff\xf6\xeb\xdd\xff\xf5\xeb\xdd\xff\xf5\xec\xde\
\xff\xf5\xec\xde\xff\xf6\xed\xdf\xff\xf6\xed\xdf\xff\xf6\xed\xdf\
\xff\xf6\xed\xe0\xff\xf7\xed\xe0\xff\xf7\xee\xe1\xff\xf7\xee\xe1\
\xff\xf6\xed\xe0\xff\xf7\xee\xe1\xff\xf9\xf0\xe3\xff\xf8\xef\xe2\
\xff\xf8\xef\xe1\xff\xf8\xef\xe1\xff\xf9\xf0\xe2\xff\xfa\xf1\xe3\
\xff\xfa\xf1\xe4\xff\xfb\xf2\xe5\xff\xfc\xf2\xe5\xff\xfb\xf2\xe5\
\xff\xfa\xf2\xe5\xff\xfa\xf3\xe5\xff\xfb\xf3\xe6\xff\xfc\xf3\xe8\
\xff\xfd\xf4\xe9\xff\xfd\xf4\xea\xff\xfc\xf3\xe9\xff\xfb\xf2\xe8\
\xff\xfb\xf2\xe8\xff\xfc\xf3\xe9\xff\xfc\xf3\xe9\xff\xfc\xf3\xe9\
\xff\xfc\xf3\xe9\xff\xfb\xf2\xe8\xff\xfb\xf2\xe8\xff\xfb\xf2\xe8\
\xff\xfb\xf2\xe8\xff\xfc\xf3\xe9\xff\xfc\xf3\xe9\xff\xfc\xf3\xe9\
\xff\xfc\xf3\xe9\xff\xfc\xf3\xe9\xff\xfd\xf4\xea\xff\xfd\xf4\xea\
\xff\xfd\xf4\xea\xff\xfc\xf5\xec\xff\xfb\xf5\xec\xff\xfc\xf5\xec\
\xff\xfc\xf5\xec\xff\xfd\xf6\xed\xff\xfd\xf6\xed\xff\xfd\xf6\xed\
\xff\xfd\xf6\xed\xff\xfd\xf6\xed\xff\xfd\xf6\xed\xff\xfd\xf6\xed\
\xff\xfd\xf6\xed\xff\xfd\xf6\xed\xff\xfd\xf6\xed\xff\xfd\xf6\xed\
\xff\xfd\xf6\xed\xff\xfd\xf6\xed\xff\xfd\xf6\xed\xff\xfd\xf6\xed\
\xff\xfd\xf6\xed\xff\xfc\xf5\xec\xff\xfc\xf5\xec\xff\xfc\xf5\xec\
\xff\xfc\xf5\xec\xff\xfc\xf5\xec\xff\xfc\xf5\xec\xff\xfc\xf5\xec\
\xff\xfc\xf5\xec\xff\xfc\xf5\xec\xff\xfc\xf5\xec\xff\xfc\xf5\xec\
\xff\xfc\xf5\xec\xff\xfb\xf4\xeb\xff\xfc\xf5\xec\xff\xfc\xf5\xec\
\xff\xfb\xf4\xeb\xff\xfb\xf4\xeb\xff\xfb\xf4\xeb\xff\xfb\xf4\xeb\
\xff\xfc\xf5\xec\xff\xfc\xf5\xec\xff\xfb\xf4\xeb\xff\xfb\xf4\xeb\
\xff\xfb\xf4\xeb\xff\xfb\xf4\xeb\xff\xfb\xf4\xeb\xff\xfb\xf4\xeb\
\xff\xfb\xf4\xeb\xff\xfb\xf4\xeb\xff\xfb\xf4\xeb\xff\xfb\xf4\xeb\
\xff\xfb\xf4\xeb\xff\xfb\xf4\xeb\xff\xfb\xf4\xeb\xff\xfb\xf4\xeb\
\xff\xfb\xf4\xeb\xff\xfc\xf5\xec\xff\xfc\xf5\xec\xff\xfc\xf5\xec\
\xff\xfd\xf6\xed\xff\xfd\xf6\xed\xff\xfd\xf6\xed\xff\xfd\xf6\xed\
\xff\xfd\xf6\xed\xff\xfe\xf7\xee\xff\xff\xf8\xef\xff\xff\xf8\xef\
\xff\xff\xf8\xef\xff\xff\xf8\xef\xff\xff\xf9\xf0\xff\xff\xf9\xf0\
\xff\xff\xf9\xf0\xff\xff\xf9\xf0\xff\xff\xf9\xf0\xff\xfe\xf9\xf0\
\xff\xfe\xf9\xf0\xff\xff\xfa\xf1\xff\xff\xfa\xf1\xff\xff\xfa\xf1\
\xff\xff\xfa\xf1\xff\xff\xfa\xf1\xff\xff\xfa\xf1\xff\xff\xf9\xf2\
\xff\xff\xf9\xf2\xff\xff\xf9\xf2\xff\xff\xf9\xf2\xff\xfe\xf8\xf1\
\xff\xfe\xf8\xf1\xff\xff\xf9\xf2\xff\xff\xf9\xf2\xff\xff\xf9\xf2\
\xff\xff\xf9\xf2\xff\xff\xf9\xf2\xff\xff\xf9\xf2\xff\xff\xf8\xf2\
\xff\xfe\xf8\xf1\xff\xfe\xf8\xf1\xff\xfe\xf8\xf1\xff\xff\xf9\xf0\
\xff\xff\xf9\xf0\xff\xff\xf9\xf0\xff\xff\xf9\xf0\xff\xff\xf9\xf0\
\xff\xff\xf9\xf0\xff\xff\xf9\xf0\xff\xff\xf8\xef\xff\xff\xf8\xef\
\xff\xfe\xf7\xee\xff\xfe\xf7\xee\xff\xfe\xf7\xee\xff\xfe\xf7\xee\
\xff\xff\xf7\xee\xff\xff\xf6\xed\xff\xff\xf6\xed\xff\xfe\xf5\xec\
\xff\xfd\xf4\xeb\xff\xfd\xf4\xeb\xff\xfe\xf5\xec\xff\xfe\xf5\xec\
\xff\xfd\xf4\xeb\xff\xfc\xf3\xea\xff\xfc\xf3\xea\xff\xfd\xf4\xeb\
\xff\xfd\xf4\xea\xff\xfc\xf3\xe9\xff\xfc\xf3\xe9\xff\xfc\xf3\xe9\
\xff\xfc\xf3\xe9\xff\xfc\xf3\xe9\xff\xfc\xf3\xe9\xff\xfc\xf3\xe9\
\xff\xfb\xf2\xe8\xff\xfb\xf2\xe8\xff\xfb\xf2\xe8\xff\xfb\xf2\xe8\
\xff\xfb\xf2\xe8\xff\xfb\xf2\xe6\xff\xfa\xf2\xe5\xff\xfa\xf2\xe5\
\xff\xfb\xf1\xe7\xff\xfb\xf2\xe6\xff\xfa\xf1\xe4\xff\xfa\xf1\xe4\
\xff\xfa\xf1\xe4\xff\xfa\xf1\xe4\xff\xf9\xf0\xe3\xff\xf9\xf0\xe2\
\xff\xf9\xf0\xe3\xff\xf9\xf0\xe3\xff\xf8\xef\xe2\xff\xf8\xef\xe2\
\xff\xf7\xee\xe1\xff\xf8\xed\xe1\xff\xf9\xed\xe1\xff\xf9\xed\xe1\
\xff\xf9\xed\xe1\xff\xf9\xed\xe1\xff\xf9\xed\xe1\xff\xf9\xed\xe1\
\xff\xf9\xed\xe1\xff\xf9\xed\xe1\xff\xf9\xed\xe1\xff\xf9\xed\xe1\
\xff\xf8\xec\xe0\xff\xf8\xed\xdf\xff\xf7\xec\xde\xff\xf6\xeb\xdd\
\xff\xf5\xeb\xdd\xff\xf7\xeb\xdd\xff\xf7\xea\xdc\xff\xf7\xea\xdc\
\xff\xf6\xe9\xdb\xff\xf6\xe9\xdb\xff\xf4\xe8\xd9\xff\xf3\xe6\xd6\
\xff\xf3\xe5\xd5\xff\xf4\xe5\xd5\xff\xf3\xe4\xd4\xff\xf2\xe3\xd3\
\xff\xf2\xe3\xd3\xff\xf1\xe2\xd2\xff\xf0\xe1\xd1\xff\xe6\xd8\xc6\
\xff\xe7\xd9\xc7\xff\xe8\xda\xc8\xff\xe9\xdb\xc9\xff\xea\xdc\xca\
\xff\xec\xde\xcc\xff\xed\xdf\xcd\xff\xed\xdf\xcd\xff\xee\xdf\xcf\
\xff\xee\xdf\xcf\xff\xef\xe0\xd0\xff\xf0\xe1\xd1\xff\xf0\xe1\xd0\
\xff\xf1\xe2\xd2\xff\xf2\xe3\xd3\xff\xf1\xe3\xd3\xff\xf0\xe3\xd3\
\xff\xf2\xe5\xd5\xff\xf3\xe6\xd6\xff\xf4\xe7\xd7\xff\xf5\xe8\xd8\
\xff\xf5\xe8\xd8\xff\xf4\xea\xd9\xff\xf5\xeb\xda\xff\xf5\xeb\xdb\
\xff\xf6\xeb\xdd\xff\xf5\xeb\xdd\xff\xf5\xec\xde\xff\xf5\xec\xde\
\xff\xf6\xed\xdf\xff\xf6\xed\xdf\xff\xf6\xee\xdf\xff\xf6\xef\xe0\
\xff\xf6\xee\xe0\xff\xf6\xee\xe1\xff\xf7\xef\xe2\xff\xf7\xef\xe2\
\xff\xf7\xef\xe1\xff\xf7\xee\xe1\xff\xf7\xef\xe2\xff\xf7\xef\xe1\
\xff\xf8\xef\xe1\xff\xf9\xf0\xe2\xff\xf9\xf0\xe2\xff\xfa\xf1\xe3\
\xff\xfa\xf1\xe4\xff\xfb\xf2\xe5\xff\xfb\xf2\xe5\xff\xfb\xf2\xe5\
\xff\xfb\xf3\xe6\xff\xfc\xf4\xe7\xff\xfc\xf4\xe7\xff\xfc\xf4\xe7\
\xff\xfc\xf3\xe8\xff\xfc\xf3\xe9\xff\xfb\xf2\xe8\xff\xfb\xf2\xe8\
\xff\xfc\xf3\xe9\xff\xfc\xf3\xe9\xff\xfc\xf3\xe9\xff\xfc\xf3\xe9\
\xff\xfc\xf3\xe9\xff\xfc\xf3\xe9\xff\xfc\xf3\xe9\xff\xfc\xf3\xe9\
\xff\xfc\xf3\xe9\xff\xfc\xf3\xe9\xff\xfc\xf3\xe9\xff\xfc\xf3\xe9\
\xff\xfc\xf3\xe9\xff\xfc\xf3\xe9\xff\xfd\xf4\xea\xff\xfd\xf4\xea\
\xff\xfd\xf4\xea\xff\xfc\xf5\xeb\xff\xfd\xf5\xec\xff\xfe\xf6\xed\
\xff\xfe\xf6\xed\xff\xfe\xf6\xed\xff\xfd\xf6\xed\xff\xfe\xf6\xed\
\xff\xfe\xf6\xed\xff\xfd\xf6\xed\xff\xfd\xf6\xed\xff\xfd\xf6\xed\
\xff\xfd\xf6\xed\xff\xfd\xf6\xed\xff\xfd\xf6\xed\xff\xfd\xf6\xed\
\xff\xfd\xf6\xed\xff\xfd\xf6\xed\xff\xfd\xf6\xed\xff\xfd\xf6\xed\
\xff\xfc\xf5\xec\xff\xfc\xf5\xec\xff\xfc\xf5\xec\xff\xfc\xf5\xec\
\xff\xfc\xf5\xec\xff\xfc\xf5\xec\xff\xfc\xf5\xec\xff\xfc\xf5\xec\
\xff\xfc\xf5\xec\xff\xfc\xf5\xec\xff\xfc\xf5\xec\xff\xfb\xf4\xeb\
\xff\xfb\xf4\xeb\xff\xfc\xf5\xec\xff\xfc\xf5\xec\xff\xfb\xf4\xeb\
\xff\xfb\xf4\xeb\xff\xfb\xf4\xeb\xff\xfb\xf4\xeb\xff\xfb\xf4\xeb\
\xff\xfb\xf4\xeb\xff\xfb\xf4\xeb\xff\xfb\xf4\xeb\xff\xfb\xf4\xeb\
\xff\xfb\xf4\xeb\xff\xfb\xf4\xeb\xff\xfb\xf4\xeb\xff\xfb\xf4\xeb\
\xff\xfb\xf4\xeb\xff\xfb\xf4\xeb\xff\xfb\xf4\xeb\xff\xfb\xf4\xeb\
\xff\xfb\xf4\xeb\xff\xfb\xf4\xeb\xff\xfb\xf4\xeb\xff\xfb\xf4\xeb\
\xff\xfc\xf5\xec\xff\xfc\xf5\xec\xff\xfc\xf5\xec\xff\xfc\xf5\xec\
\xff\xfc\xf5\xec\xff\xfd\xf6\xed\xff\xfd\xf6\xed\xff\xfd\xf6\xed\
\xff\xfe\xf7\xee\xff\xff\xf8\xef\xff\xff\xf8\xef\xff\xff\xf8\xef\
\xff\xff\xf8\xef\xff\xff\xf8\xef\xff\xff\xf9\xf0\xff\xff\xf9\xf0\
\xff\xff\xf9\xf0\xff\xff\xf9\xf0\xff\xff\xf9\xf0\xff\xfe\xf9\xf0\
\xff\xfe\xf9\xf0\xff\xff\xfa\xf1\xff\xff\xfa\xf1\xff\xff\xfa\xf1\
\xff\xff\xfa\xf1\xff\xff\xfa\xf1\xff\xff\xfa\xf1\xff\xff\xf9\xf2\
\xff\xff\xf9\xf2\xff\xff\xf9\xf2\xff\xff\xf9\xf2\xff\xfe\xf8\xf1\
\xff\xfe\xf8\xf1\xff\xff\xf9\xf2\xff\xff\xf9\xf2\xff\xff\xf9\xf2\
\xff\xff\xf9\xf2\xff\xff\xf9\xf2\xff\xff\xf9\xf2\xff\xff\xf9\xf2\
\xff\xff\xf9\xf2\xff\xfe\xf8\xf1\xff\xfe\xf8\xf1\xff\xff\xf9\xf0\
\xff\xff\xf9\xf0\xff\xff\xf9\xf0\xff\xff\xf9\xf0\xff\xff\xf9\xf0\
\xff\xff\xf9\xf0\xff\xff\xf9\xf0\xff\xff\xf8\xef\xff\xff\xf8\xef\
\xff\xfe\xf7\xee\xff\xfe\xf7\xee\xff\xfe\xf7\xee\xff\xfe\xf7\xee\
\xff\xff\xf6\xed\xff\xff\xf6\xed\xff\xff\xf6\xed\xff\xff\xf6\xed\
\xff\xff\xf6\xed\xff\xfe\xf5\xec\xff\xfc\xf3\xea\xff\xfd\xf4\xeb\
\xff\xfd\xf4\xeb\xff\xfc\xf3\xea\xff\xfc\xf3\xea\xff\xfd\xf4\xeb\
\xff\xfd\xf4\xea\xff\xfd\xf4\xea\xff\xfc\xf3\xe9\xff\xfc\xf3\xe9\
\xff\xfc\xf3\xe9\xff\xfc\xf3\xe9\xff\xfc\xf3\xe9\xff\xfc\xf3\xe9\
\xff\xfb\xf2\xe8\xff\xfc\xf3\xe9\xff\xfc\xf3\xe9\xff\xfb\xf2\xe8\
\xff\xfb\xf2\xe8\xff\xfb\xf3\xe7\xff\xfa\xf2\xe5\xff\xfb\xf2\xe5\
\xff\xfb\xf2\xe7\xff\xfb\xf2\xe5\xff\xfa\xf1\xe4\xff\xfa\xf1\xe4\
\xff\xf9\xf0\xe3\xff\xf9\xf0\xe3\xff\xf9\xf0\xe3\xff\xfa\xf1\xe3\
\xff\xf9\xf0\xe3\xff\xf9\xf0\xe3\xff\xf8\xef\xe2\xff\xf8\xef\xe2\
\xff\xf8\xef\xe2\xff\xf7\xee\xe1\xff\xf9\xed\xe1\xff\xf9\xed\xe1\
\xff\xf9\xed\xe1\xff\xf9\xed\xe1\xff\xf9\xed\xe1\xff\xf9\xed\xe1\
\xff\xf9\xed\xe1\xff\xf9\xed\xe1\xff\xf9\xed\xe1\xff\xf9\xed\xe1\
\xff\xf8\xec\xe0\xff\xf8\xed\xdf\xff\xf7\xec\xde\xff\xf7\xec\xde\
\xff\xf6\xeb\xdd\xff\xf6\xeb\xdc\xff\xf7\xea\xdb\xff\xf7\xea\xdb\
\xff\xf6\xe9\xdb\xff\xf6\xe9\xdb\xff\xf6\xe8\xd9\xff\xf5\xe7\xd6\
\xff\xf4\xe5\xd5\xff\xf3\xe4\xd4\xff\xf3\xe4\xd4\xff\xf1\xe3\xd2\
\xff\xf0\xe1\xd1\xff\xef\xe0\xd0\xff\xef\xe0\xd0\xff\xe6\xd8\xc6\
\xff\xe7\xd9\xc7\xff\xe8\xda\xc8\xff\xe9\xdb\xc9\xff\xea\xdc\xca\
\xff\xeb\xdd\xcb\xff\xed\xdf\xcd\xff\xed\xdf\xcd\xff\xef\xe0\xce\
\xff\xef\xe0\xce\xff\xef\xe1\xcf\xff\xf0\xe2\xd0\xff\xf1\xe3\xd1\
\xff\xf1\xe2\xd2\xff\xf1\xe3\xd3\xff\xf1\xe4\xd4\xff\xf1\xe4\xd4\
\xff\xf2\xe5\xd5\xff\xf3\xe6\xd6\xff\xf4\xe7\xd7\xff\xf4\xe8\xd8\
\xff\xf3\xe9\xd8\xff\xf5\xea\xdb\xff\xf5\xea\xdc\xff\xf6\xeb\xdd\
\xff\xf6\xeb\xdd\xff\xf6\xeb\xdd\xff\xf5\xec\xde\xff\xf6\xed\xdf\
\xff\xf6\xee\xe0\xff\xf7\xee\xe0\xff\xf7\xee\xe0\xff\xf6\xef\xe1\
\xff\xf7\xee\xe1\xff\xf7\xef\xe1\xff\xf7\xef\xe1\xff\xf7\xef\xe1\
\xff\xf7\xef\xe1\xff\xf7\xef\xe0\xff\xf8\xf0\xe2\xff\xf9\xf1\xe2\
\xff\xf8\xf0\xe2\xff\xf9\xf1\xe2\xff\xf9\xf1\xe3\xff\xfa\xf2\xe4\
\xff\xf9\xf2\xe3\xff\xf9\xf2\xe3\xff\xfa\xf3\xe3\xff\xfb\xf4\xe6\
\xff\xfc\xf4\xe7\xff\xfc\xf4\xe8\xff\xfc\xf3\xe8\xff\xfb\xf2\xe8\
\xff\xfb\xf2\xe9\xff\xfc\xf3\xe8\xff\xfc\xf3\xe9\xff\xfc\xf3\xe9\
\xff\xfc\xf3\xe9\xff\xfc\xf3\xe9\xff\xfc\xf3\xe9\xff\xfc\xf3\xe9\
\xff\xfc\xf3\xe9\xff\xfc\xf3\xe9\xff\xfc\xf3\xe9\xff\xfc\xf3\xe9\
\xff\xfc\xf3\xe9\xff\xfc\xf3\xe9\xff\xfc\xf3\xe9\xff\xfc\xf3\xe9\
\xff\xfc\xf3\xe9\xff\xfc\xf3\xe9\xff\xfd\xf4\xea\xff\xfd\xf4\xea\
\xff\xfd\xf4\xea\xff\xfe\xf5\xec\xff\xfe\xf5\xec\xff\xfe\xf5\xec\
\xff\xfe\xf5\xec\xff\xfe\xf5\xec\xff\xff\xf6\xed\xff\xff\xf6\xed\
\xff\xff\xf6\xed\xff\xff\xf6\xed\xff\xff\xf6\xed\xff\xff\xf6\xed\
\xff\xff\xf6\xed\xff\xff\xf6\xed\xff\xff\xf6\xed\xff\xff\xf6\xed\
\xff\xfe\xf6\xed\xff\xfd\xf6\xed\xff\xfd\xf6\xed\xff\xfd\xf6\xed\
\xff\xfc\xf5\xec\xff\xfd\xf6\xed\xff\xfd\xf6\xed\xff\xfd\xf6\xed\
\xff\xfd\xf6\xed\xff\xfc\xf5\xec\xff\xfc\xf5\xec\xff\xfc\xf5\xec\
\xff\xfc\xf5\xec\xff\xfc\xf5\xec\xff\xfc\xf5\xec\xff\xfc\xf5\xec\
\xff\xfc\xf5\xec\xff\xfc\xf5\xec\xff\xfb\xf4\xeb\xff\xfb\xf4\xeb\
\xff\xfb\xf4\xeb\xff\xfb\xf4\xeb\xff\xfb\xf4\xeb\xff\xfb\xf4\xeb\
\xff\xfb\xf4\xeb\xff\xfb\xf4\xeb\xff\xfb\xf4\xeb\xff\xfb\xf4\xeb\
\xff\xfb\xf4\xeb\xff\xfb\xf4\xeb\xff\xfb\xf4\xeb\xff\xfb\xf4\xeb\
\xff\xfb\xf4\xeb\xff\xfb\xf4\xeb\xff\xfb\xf4\xeb\xff\xfb\xf4\xeb\
\xff\xfb\xf4\xeb\xff\xfb\xf4\xeb\xff\xfb\xf4\xeb\xff\xfc\xf5\xec\
\xff\xfc\xf5\xec\xff\xfd\xf6\xed\xff\xfd\xf6\xed\xff\xfd\xf6\xed\
\xff\xfd\xf6\xed\xff\xfd\xf6\xed\xff\xfe\xf7\xee\xff\xfe\xf7\xee\
\xff\xfe\xf7\xef\xff\xff\xf7\xef\xff\xff\xf7\xef\xff\xff\xf8\xf0\
\xff\xff\xf8\xf0\xff\xff\xf7\xef\xff\xff\xf8\xf0\xff\xfe\xf9\xf1\
\xff\xfe\xf8\xf1\xff\xfe\xf9\xf0\xff\xfe\xf9\xf0\xff\xfe\xf9\xf0\
\xff\xff\xf9\xf0\xff\xfe\xf9\xf0\xff\xff\xfa\xf1\xff\xff\xfa\xf1\
\xff\xff\xfa\xf1\xff\xff\xfa\xf1\xff\xff\xfa\xf1\xff\xff\xfa\xf1\
\xff\xff\xfa\xf1\xff\xfe\xf9\xf1\xff\xfe\xf9\xf1\xff\xfe\xf9\xf0\
\xff\xff\xfa\xf1\xff\xff\xfa\xf1\xff\xff\xfa\xf1\xff\xff\xfa\xf1\
\xff\xff\xfa\xf1\xff\xff\xfa\xf1\xff\xff\xfa\xf1\xff\xff\xfa\xf1\
\xff\xff\xfa\xf1\xff\xff\xf9\xf1\xff\xfe\xf9\xf1\xff\xfe\xf8\xf1\
\xff\xff\xf9\xf0\xff\xff\xf9\xf0\xff\xff\xf9\xf0\xff\xff\xf9\xf0\
\xff\xff\xf9\xf0\xff\xff\xf9\xf0\xff\xff\xf8\xef\xff\xff\xf8\xef\
\xff\xfe\xf7\xee\xff\xfe\xf7\xee\xff\xfe\xf7\xee\xff\xff\xf7\xee\
\xff\xff\xf6\xed\xff\xfe\xf5\xec\xff\xfe\xf5\xec\xff\xfe\xf5\xec\
\xff\xff\xf6\xed\xff\xfe\xf5\xec\xff\xfd\xf4\xeb\xff\xfd\xf4\xeb\
\xff\xfd\xf4\xeb\xff\xfc\xf3\xea\xff\xfc\xf3\xea\xff\xfd\xf4\xea\
\xff\xfd\xf4\xea\xff\xfc\xf3\xe9\xff\xfc\xf3\xe9\xff\xfc\xf3\xe9\
\xff\xfc\xf3\xe9\xff\xfc\xf3\xe9\xff\xfc\xf3\xe9\xff\xfc\xf3\xe9\
\xff\xfb\xf2\xe8\xff\xfb\xf2\xe8\xff\xfc\xf3\xe9\xff\xfc\xf3\xe9\
\xff\xfc\xf3\xe9\xff\xfb\xf3\xe7\xff\xfb\xf3\xe7\xff\xfb\xf3\xe6\
\xff\xfc\xf3\xe5\xff\xfb\xf2\xe5\xff\xfa\xf1\xe4\xff\xfa\xf1\xe4\
\xff\xfa\xf1\xe4\xff\xf9\xf0\xe3\xff\xf9\xf0\xe3\xff\xf9\xf0\xe3\
\xff\xf9\xf0\xe3\xff\xf9\xf0\xe3\xff\xf8\xef\xe2\xff\xf7\xee\xe1\
\xff\xf7\xee\xe1\xff\xf7\xee\xe1\xff\xf8\xed\xe1\xff\xf8\xed\xe1\
\xff\xf8\xed\xe1\xff\xf8\xed\xe1\xff\xf8\xed\xe1\xff\xf8\xed\xe1\
\xff\xf9\xee\xe0\xff\xf9\xee\xe0\xff\xf8\xed\xdf\xff\xf8\xed\xdf\
\xff\xf7\xec\xde\xff\xf7\xec\xde\xff\xf7\xec\xde\xff\xf7\xec\xde\
\xff\xf7\xec\xde\xff\xf7\xeb\xdc\xff\xf7\xea\xda\xff\xf7\xea\xda\
\xff\xf6\xe9\xd9\xff\xf7\xe8\xd8\xff\xf6\xe7\xd7\xff\xf5\xe6\xd6\
\xff\xf4\xe5\xd5\xff\xf3\xe4\xd4\xff\xf3\xe5\xd3\xff\xf1\xe3\xd1\
\xff\xf0\xe1\xd1\xff\xf0\xe1\xd1\xff\xef\xe0\xd0\xff\xe7\xd9\xc7\
\xff\xe8\xda\xc8\xff\xea\xdc\xca\xff\xea\xdc\xca\xff\xea\xdc\xca\
\xff\xea\xdc\xca\xff\xeb\xdd\xcb\xff\xed\xdf\xcd\xff\xee\xdf\xce\
\xff\xee\xdf\xce\xff\xef\xe1\xcf\xff\xf0\xe2\xd0\xff\xf1\xe3\xd2\
\xff\xf1\xe2\xd2\xff\xf0\xe3\xd3\xff\xf1\xe4\xd4\xff\xf2\xe5\xd5\
\xff\xf2\xe5\xd5\xff\xf2\xe5\xd5\xff\xf4\xe6\xd7\xff\xf3\xe8\xd7\
\xff\xf2\xe9\xd8\xff\xf5\xea\xdc\xff\xf6\xeb\xdd\xff\xf6\xeb\xdd\
\xff\xf6\xeb\xdd\xff\xf6\xeb\xdd\xff\xf5\xec\xde\xff\xf7\xee\xe0\
\xff\xf7\xee\xe0\xff\xf7\xee\xe0\xff\xf8\xee\xe2\xff\xf9\xee\xe3\
\xff\xf9\xef\xe0\xff\xf9\xf0\xe0\xff\xf9\xef\xe1\xff\xf9\xef\xe1\
\xff\xf9\xef\xe1\xff\xfa\xf0\xe2\xff\xfa\xf0\xe2\xff\xfb\xf1\xe3\
\xff\xf9\xf2\xe3\xff\xf9\xf3\xe3\xff\xfa\xf3\xe4\xff\xfa\xf3\xe4\
\xff\xfa\xf3\xe4\xff\xfa\xf3\xe3\xff\xfb\xf4\xe3\xff\xfc\xf5\xe6\
\xff\xfc\xf4\xe9\xff\xfc\xf3\xe9\xff\xfb\xf2\xe8\xff\xfc\xf3\xe9\
\xff\xfc\xf3\xe9\xff\xfc\xf3\xe9\xff\xfc\xf3\xe9\xff\xfc\xf3\xe9\
\xff\xfc\xf3\xe9\xff\xfb\xf2\xe8\xff\xfc\xf3\xe9\xff\xfc\xf3\xe9\
\xff\xfc\xf3\xe9\xff\xfc\xf3\xe9\xff\xfc\xf3\xe9\xff\xfc\xf3\xe9\
\xff\xfc\xf3\xe9\xff\xfc\xf3\xe9\xff\xfc\xf3\xe9\xff\xfc\xf3\xe9\
\xff\xfc\xf3\xe9\xff\xfc\xf3\xe9\xff\xfd\xf4\xea\xff\xfd\xf4\xea\
\xff\xfe\xf5\xeb\xff\xff\xf7\xed\xff\xfe\xf5\xec\xff\xfe\xf5\xec\
\xff\xfe\xf5\xec\xff\xfe\xf5\xec\xff\xff\xf6\xed\xff\xff\xf6\xed\
\xff\xff\xf6\xed\xff\xff\xf6\xed\xff\xff\xf6\xed\xff\xff\xf6\xed\
\xff\xff\xf6\xed\xff\xff\xf6\xed\xff\xff\xf6\xed\xff\xff\xf6\xed\
\xff\xff\xf6\xed\xff\xfd\xf6\xed\xff\xfd\xf6\xed\xff\xfd\xf6\xed\
\xff\xfe\xf7\xee\xff\xfe\xf7\xee\xff\xfd\xf6\xed\xff\xfd\xf6\xed\
\xff\xfd\xf6\xed\xff\xfd\xf6\xed\xff\xfd\xf6\xed\xff\xfd\xf6\xed\
\xff\xfc\xf5\xec\xff\xfc\xf5\xec\xff\xfc\xf5\xec\xff\xfc\xf5\xec\
\xff\xfc\xf5\xec\xff\xfc\xf5\xec\xff\xfc\xf5\xec\xff\xfc\xf5\xec\
\xff\xfc\xf5\xec\xff\xfc\xf5\xec\xff\xfc\xf5\xec\xff\xfc\xf5\xec\
\xff\xfb\xf4\xeb\xff\xfb\xf4\xeb\xff\xfc\xf5\xec\xff\xfc\xf5\xec\
\xff\xfc\xf5\xec\xff\xfc\xf5\xec\xff\xfc\xf5\xec\xff\xfb\xf4\xeb\
\xff\xfb\xf4\xeb\xff\xfc\xf5\xec\xff\xfc\xf5\xec\xff\xfc\xf5\xec\
\xff\xfb\xf4\xeb\xff\xfb\xf4\xeb\xff\xfc\xf5\xec\xff\xfc\xf5\xec\
\xff\xfc\xf5\xec\xff\xfd\xf6\xed\xff\xfe\xf7\xee\xff\xfe\xf7\xee\
\xff\xfe\xf7\xee\xff\xfd\xf6\xed\xff\xff\xf8\xef\xff\xff\xf8\xf0\
\xff\xff\xf8\xf0\xff\xff\xf7\xf0\xff\xff\xf7\xf0\xff\xff\xf8\xf1\
\xff\xff\xf7\xf1\xff\xff\xf7\xf1\xff\xfe\xf8\xf1\xff\xfe\xf8\xf1\
\xff\xff\xf9\xf2\xff\xff\xf9\xf2\xff\xfe\xfa\xf1\xff\xff\xfa\xf1\
\xff\xff\xfa\xf1\xff\xff\xfa\xf1\xff\xff\xfa\xf1\xff\xff\xfa\xf1\
\xff\xff\xfa\xf1\xff\xff\xfa\xf1\xff\xff\xfa\xf1\xff\xff\xfa\xf1\
\xff\xff\xfa\xf1\xff\xff\xfa\xf1\xff\xff\xfa\xf1\xff\xff\xfa\xf1\
\xff\xff\xfa\xf1\xff\xff\xfa\xf1\xff\xff\xfa\xf1\xff\xff\xfa\xf1\
\xff\xff\xfa\xf1\xff\xff\xfa\xf1\xff\xff\xfa\xf1\xff\xff\xfa\xf1\
\xff\xff\xfa\xf1\xff\xff\xfa\xf1\xff\xff\xfa\xf1\xff\xff\xf9\xf2\
\xff\xff\xfa\xf1\xff\xff\xf9\xf0\xff\xff\xf9\xf0\xff\xff\xf9\xf0\
\xff\xff\xf9\xf0\xff\xff\xf9\xf0\xff\xff\xf8\xef\xff\xff\xf8\xef\
\xff\xfe\xf7\xee\xff\xfe\xf7\xee\xff\xff\xf7\xee\xff\xff\xf7\xee\
\xff\xff\xf6\xed\xff\xfe\xf5\xec\xff\xfe\xf5\xec\xff\xfe\xf5\xec\
\xff\xfe\xf5\xec\xff\xfe\xf5\xec\xff\xfe\xf5\xec\xff\xfd\xf4\xeb\
\xff\xfd\xf4\xeb\xff\xfc\xf3\xea\xff\xfc\xf3\xea\xff\xfc\xf3\xea\
\xff\xfc\xf3\xe9\xff\xfc\xf3\xe9\xff\xfc\xf3\xe9\xff\xfc\xf3\xe9\
\xff\xfc\xf3\xe9\xff\xfc\xf3\xe9\xff\xfc\xf3\xe9\xff\xfc\xf3\xe9\
\xff\xfc\xf3\xe9\xff\xfc\xf3\xe9\xff\xfc\xf3\xe9\xff\xfc\xf3\xe9\
\xff\xfc\xf3\xe9\xff\xfc\xf3\xe8\xff\xfb\xf2\xe8\xff\xfb\xf2\xe7\
\xff\xfb\xf2\xe5\xff\xfb\xf2\xe5\xff\xfa\xf1\xe4\xff\xfa\xf1\xe4\
\xff\xfa\xf1\xe4\xff\xf9\xf0\xe3\xff\xf9\xf0\xe3\xff\xf9\xf0\xe3\
\xff\xf9\xf0\xe3\xff\xf9\xf0\xe3\xff\xf8\xef\xe2\xff\xf8\xef\xe2\
\xff\xf8\xef\xe2\xff\xf8\xef\xe2\xff\xf7\xee\xe1\xff\xf7\xee\xe1\
\xff\xf7\xee\xe1\xff\xf7\xee\xe1\xff\xf7\xee\xe1\xff\xf7\xee\xe1\
\xff\xf9\xee\xe0\xff\xf9\xee\xe0\xff\xf8\xed\xdf\xff\xf8\xed\xdf\
\xff\xf7\xec\xde\xff\xf7\xec\xde\xff\xf7\xec\xde\xff\xf7\xec\xde\
\xff\xf7\xec\xde\xff\xf8\xeb\xdd\xff\xf8\xeb\xdb\xff\xf6\xe9\xd9\
\xff\xf5\xe8\xd8\xff\xf6\xe7\xd7\xff\xf5\xe6\xd6\xff\xf5\xe5\xd5\
\xff\xf3\xe4\xd5\xff\xf3\xe5\xd4\xff\xf3\xe5\xd2\xff\xf1\xe3\xd1\
\xff\xf0\xe2\xd0\xff\xf0\xe1\xd1\xff\xef\xe0\xd0\xff\xe7\xd9\xc7\
\xff\xe8\xda\xc8\xff\xe9\xdb\xc9\xff\xea\xdc\xca\xff\xea\xdc\xca\
\xff\xeb\xdd\xcb\xff\xec\xde\xcc\xff\xed\xdf\xcd\xff\xed\xdf\xcd\
\xff\xee\xe0\xce\xff\xf0\xe2\xd0\xff\xf0\xe2\xd0\xff\xf1\xe3\xd1\
\xff\xf1\xe2\xd2\xff\xf1\xe3\xd3\xff\xf1\xe4\xd4\xff\xf2\xe5\xd5\
\xff\xf3\xe6\xd6\xff\xf3\xe6\xd6\xff\xf4\xe6\xd7\xff\xf3\xe7\xd7\
\xff\xf4\xea\xd9\xff\xf6\xeb\xdd\xff\xf6\xeb\xdd\xff\xf6\xeb\xdd\
\xff\xf7\xec\xde\xff\xf8\xed\xdf\xff\xf6\xed\xdf\xff\xf7\xee\xe0\
\xff\xf7\xee\xe0\xff\xf7\xee\xe1\xff\xf8\xef\xe1\xff\xf8\xef\xe1\
\xff\xf8\xef\xe1\xff\xf8\xef\xe1\xff\xf9\xf0\xe2\xff\xf9\xf0\xe2\
\xff\xf9\xf0\xe2\xff\xf9\xf0\xe2\xff\xfa\xf1\xe3\xff\xfa\xf1\xe3\
\xff\xf9\xf2\xe3\xff\xfa\xf2\xe4\xff\xfb\xf3\xe5\xff\xfb\xf4\xe6\
\xff\xfa\xf3\xe5\xff\xfa\xf2\xe5\xff\xfb\xf3\xe5\xff\xfc\xf4\xe6\
\xff\xfc\xf3\xe7\xff\xfc\xf3\xe8\xff\xfc\xf3\xe9\xff\xfc\xf3\xe9\
\xff\xfc\xf3\xe9\xff\xfc\xf3\xe9\xff\xfc\xf3\xe9\xff\xfc\xf3\xe9\
\xff\xfb\xf2\xe8\xff\xfb\xf2\xe8\xff\xfc\xf3\xe9\xff\xfc\xf3\xe9\
\xff\xfc\xf3\xe9\xff\xfc\xf3\xe9\xff\xfc\xf3\xe9\xff\xfc\xf3\xe9\
\xff\xfc\xf3\xe9\xff\xfc\xf3\xe9\xff\xfc\xf3\xe9\xff\xfc\xf3\xe9\
\xff\xfc\xf3\xe9\xff\xfd\xf4\xea\xff\xfd\xf4\xea\xff\xfd\xf4\xea\
\xff\xfe\xf5\xeb\xff\xff\xf6\xed\xff\xff\xf6\xed\xff\xff\xf6\xed\
\xff\xff\xf6\xed\xff\xff\xf6\xed\xff\xff\xf6\xed\xff\xff\xf6\xed\
\xff\xff\xf6\xed\xff\xff\xf6\xed\xff\xff\xf6\xed\xff\xff\xf6\xed\
\xff\xff\xf7\xee\xff\xff\xf7\xee\xff\xff\xf6\xed\xff\xff\xf6\xed\
\xff\xff\xf6\xed\xff\xfd\xf6\xed\xff\xfd\xf6\xed\xff\xfd\xf6\xed\
\xff\xfd\xf6\xed\xff\xfd\xf6\xed\xff\xfd\xf6\xed\xff\xfd\xf6\xed\
\xff\xfd\xf6\xed\xff\xfd\xf6\xed\xff\xfd\xf6\xed\xff\xfd\xf6\xed\
\xff\xfd\xf6\xed\xff\xfd\xf6\xed\xff\xfd\xf6\xed\xff\xfc\xf5\xec\
\xff\xfc\xf5\xec\xff\xfc\xf5\xec\xff\xfc\xf5\xec\xff\xfc\xf5\xec\
\xff\xfc\xf5\xec\xff\xfc\xf5\xec\xff\xfc\xf5\xec\xff\xfc\xf5\xec\
\xff\xfc\xf5\xec\xff\xfc\xf5\xec\xff\xfc\xf5\xec\xff\xfc\xf5\xec\
\xff\xfc\xf5\xec\xff\xfc\xf5\xec\xff\xfc\xf5\xec\xff\xfc\xf5\xec\
\xff\xfb\xf4\xeb\xff\xfb\xf4\xeb\xff\xfc\xf5\xec\xff\xfc\xf5\xec\
\xff\xfc\xf5\xec\xff\xfc\xf5\xec\xff\xfc\xf5\xec\xff\xfc\xf5\xec\
\xff\xfd\xf6\xed\xff\xfd\xf6\xed\xff\xfd\xf6\xed\xff\xfe\xf7\xee\
\xff\xfe\xf7\xee\xff\xfe\xf7\xee\xff\xfe\xf7\xee\xff\xfe\xf7\xee\
\xff\xff\xf8\xef\xff\xff\xf8\xef\xff\xff\xf8\xf1\xff\xff\xf8\xf1\
\xff\xfe\xf8\xf1\xff\xfe\xf8\xf1\xff\xfe\xf8\xf1\xff\xff\xf9\xf2\
\xff\xff\xf9\xf2\xff\xff\xf9\xf2\xff\xff\xf9\xf2\xff\xff\xfa\xf1\
\xff\xff\xfa\xf1\xff\xff\xfa\xf1\xff\xff\xfa\xf1\xff\xff\xfa\xf1\
\xff\xff\xfa\xf1\xff\xff\xfa\xf1\xff\xff\xfa\xf1\xff\xff\xfa\xf1\
\xff\xff\xfa\xf1\xff\xff\xfa\xf1\xff\xff\xfa\xf1\xff\xff\xfa\xf1\
\xff\xff\xfa\xf1\xff\xff\xfa\xf1\xff\xff\xfa\xf1\xff\xff\xfa\xf1\
\xff\xff\xfa\xf1\xff\xff\xfa\xf1\xff\xff\xfa\xf1\xff\xff\xfa\xf1\
\xff\xff\xfa\xf1\xff\xff\xfa\xf1\xff\xff\xfa\xf1\xff\xff\xfa\xf1\
\xff\xff\xfa\xf1\xff\xfe\xf9\xf0\xff\xff\xf9\xf0\xff\xff\xf9\xf0\
\xff\xff\xf9\xf0\xff\xff\xf9\xf0\xff\xff\xf8\xef\xff\xff\xf8\xef\
\xff\xff\xf8\xef\xff\xff\xf7\xee\xff\xff\xf7\xee\xff\xff\xf6\xed\
\xff\xff\xf6\xed\xff\xfe\xf5\xec\xff\xfe\xf5\xec\xff\xfe\xf5\xec\
\xff\xfe\xf5\xec\xff\xfe\xf5\xec\xff\xfd\xf4\xeb\xff\xfd\xf4\xeb\
\xff\xfc\xf3\xea\xff\xfc\xf3\xea\xff\xfc\xf3\xea\xff\xfc\xf3\xea\
\xff\xfc\xf3\xe9\xff\xfc\xf3\xe9\xff\xfc\xf3\xe9\xff\xfc\xf3\xe9\
\xff\xfc\xf3\xe9\xff\xfc\xf3\xe9\xff\xfc\xf3\xe9\xff\xfc\xf3\xe9\
\xff\xfc\xf3\xe9\xff\xfc\xf3\xe9\xff\xfc\xf3\xe9\xff\xfc\xf3\xe9\
\xff\xfc\xf3\xe9\xff\xfc\xf3\xe9\xff\xfb\xf2\xe8\xff\xfb\xf2\xe7\
\xff\xfb\xf2\xe5\xff\xfb\xf2\xe5\xff\xfb\xf2\xe5\xff\xfb\xf2\xe5\
\xff\xfa\xf1\xe4\xff\xfa\xf1\xe4\xff\xf9\xf0\xe3\xff\xf9\xf0\xe3\
\xff\xf9\xf0\xe3\xff\xf9\xf0\xe3\xff\xf9\xf0\xe3\xff\xf8\xef\xe2\
\xff\xf8\xef\xe2\xff\xf8\xef\xe2\xff\xf8\xef\xe2\xff\xf8\xef\xe2\
\xff\xf8\xef\xe2\xff\xf8\xef\xe2\xff\xf7\xee\xe1\xff\xf8\xee\xe0\
\xff\xf9\xee\xe0\xff\xf8\xed\xdf\xff\xf8\xed\xdf\xff\xf8\xed\xdf\
\xff\xf7\xec\xde\xff\xf6\xeb\xdd\xff\xf6\xeb\xdd\xff\xf6\xeb\xdd\
\xff\xf6\xea\xdc\xff\xf7\xea\xdb\xff\xf6\xe9\xd9\xff\xf5\xe8\xd8\
\xff\xf4\xe8\xd8\xff\xf4\xe7\xd7\xff\xf5\xe5\xd5\xff\xf4\xe5\xd5\
\xff\xf3\xe4\xd4\xff\xf2\xe4\xd3\xff\xf2\xe4\xd2\xff\xf1\xe3\xd1\
\xff\xf1\xe1\xd0\xff\xef\xe0\xd0\xff\xee\xdf\xcf\xff\xe7\xd9\xc7\
\xff\xe8\xda\xc8\xff\xe9\xdb\xc9\xff\xea\xdc\xca\xff\xeb\xdd\xcb\
\xff\xeb\xdd\xcb\xff\xed\xdf\xcd\xff\xed\xdf\xcd\xff\xee\xe0\xce\
\xff\xef\xe1\xcf\xff\xf0\xe2\xd0\xff\xf0\xe2\xd0\xff\xf1\xe3\xd1\
\xff\xf2\xe3\xd3\xff\xf1\xe4\xd4\xff\xf1\xe4\xd4\xff\xf2\xe5\xd5\
\xff\xf3\xe6\xd6\xff\xf3\xe6\xd6\xff\xf4\xe7\xd7\xff\xf3\xe8\xd7\
\xff\xf5\xeb\xda\xff\xf6\xeb\xdd\xff\xf6\xeb\xdd\xff\xf7\xec\xde\
\xff\xf7\xec\xde\xff\xf8\xed\xdf\xff\xf6\xed\xdf\xff\xf7\xee\xe0\
\xff\xf7\xee\xe0\xff\xf8\xef\xe2\xff\xf8\xef\xe1\xff\xf8\xef\xe0\
\xff\xf8\xef\xe2\xff\xf9\xf0\xe2\xff\xf9\xf0\xe3\xff\xf9\xf0\xe3\
\xff\xf9\xf0\xe3\xff\xf9\xf0\xe3\xff\xfa\xf1\xe4\xff\xfb\xf2\xe5\
\xff\xfa\xf1\xe6\xff\xfb\xf2\xe6\xff\xfc\xf3\xe7\xff\xfc\xf3\xe8\
\xff\xfb\xf2\xe8\xff\xfa\xf1\xe7\xff\xfb\xf1\xe8\xff\xfc\xf3\xe8\
\xff\xfc\xf3\xe7\xff\xfb\xf2\xe7\xff\xfc\xf3\xe9\xff\xfc\xf3\xe9\
\xff\xfc\xf3\xe9\xff\xfc\xf3\xe9\xff\xfc\xf3\xe9\xff\xfc\xf3\xe9\
\xff\xfb\xf2\xe8\xff\xfb\xf2\xe8\xff\xfc\xf3\xe9\xff\xfc\xf3\xe9\
\xff\xfc\xf3\xe9\xff\xfc\xf3\xe9\xff\xfc\xf3\xe9\xff\xfc\xf3\xe9\
\xff\xfc\xf3\xe9\xff\xfc\xf3\xe9\xff\xfc\xf3\xe9\xff\xfc\xf3\xe9\
\xff\xfd\xf4\xea\xff\xfd\xf4\xea\xff\xfd\xf4\xea\xff\xfe\xf5\xea\
\xff\xff\xf6\xec\xff\xff\xf6\xed\xff\xff\xf6\xed\xff\xff\xf6\xed\
\xff\xff\xf6\xed\xff\xff\xf6\xed\xff\xff\xf6\xed\xff\xff\xf6\xed\
\xff\xff\xf6\xed\xff\xff\xf6\xed\xff\xff\xf6\xed\xff\xff\xf6\xed\
\xff\xff\xf6\xed\xff\xff\xf7\xee\xff\xff\xf6\xed\xff\xff\xf6\xed\
\xff\xff\xf6\xed\xff\xff\xf6\xed\xff\xfe\xf6\xed\xff\xfe\xf6\xed\
\xff\xfe\xf6\xed\xff\xfe\xf6\xed\xff\xfe\xf6\xed\xff\xfe\xf6\xed\
\xff\xfe\xf6\xed\xff\xfe\xf6\xed\xff\xfe\xf6\xed\xff\xfe\xf6\xed\
\xff\xfe\xf6\xed\xff\xfe\xf6\xed\xff\xfe\xf6\xed\xff\xfd\xf6\xed\
\xff\xfd\xf6\xed\xff\xfd\xf5\xec\xff\xfc\xf5\xec\xff\xfc\xf5\xec\
\xff\xfc\xf5\xec\xff\xfc\xf5\xec\xff\xfc\xf5\xec\xff\xfc\xf5\xec\
\xff\xfc\xf5\xec\xff\xfc\xf5\xec\xff\xfc\xf5\xec\xff\xfc\xf5\xec\
\xff\xfc\xf5\xec\xff\xfc\xf5\xec\xff\xfc\xf5\xec\xff\xfc\xf5\xec\
\xff\xfb\xf4\xeb\xff\xfb\xf4\xeb\xff\xfc\xf5\xec\xff\xfc\xf5\xec\
\xff\xfc\xf5\xec\xff\xfc\xf5\xec\xff\xfc\xf5\xec\xff\xfd\xf6\xed\
\xff\xfd\xf6\xed\xff\xfd\xf6\xed\xff\xfd\xf6\xed\xff\xfe\xf7\xee\
\xff\xff\xf8\xef\xff\xfe\xf7\xee\xff\xfe\xf7\xee\xff\xfe\xf7\xee\
\xff\xfe\xf7\xee\xff\xff\xf8\xef\xff\xff\xf9\xf0\xff\xff\xf9\xf0\
\xff\xfe\xf9\xf0\xff\xfe\xf9\xf0\xff\xff\xfa\xf1\xff\xff\xfa\xf1\
\xff\xff\xf9\xf2\xff\xff\xf9\xf2\xff\xff\xf9\xf2\xff\xff\xfa\xf1\
\xff\xff\xfa\xf1\xff\xff\xfa\xf1\xff\xff\xfa\xf1\xff\xff\xfa\xf1\
\xff\xff\xfa\xf1\xff\xff\xfa\xf1\xff\xff\xfa\xf1\xff\xff\xfa\xf1\
\xff\xff\xfa\xf1\xff\xff\xfa\xf1\xff\xff\xfa\xf1\xff\xff\xfa\xf1\
\xff\xff\xfa\xf1\xff\xff\xfa\xf1\xff\xff\xfa\xf1\xff\xff\xfb\xf2\
\xff\xff\xfb\xf2\xff\xff\xfb\xf2\xff\xff\xfa\xf1\xff\xff\xfa\xf1\
\xff\xff\xfa\xf1\xff\xfe\xf9\xf0\xff\xfe\xf9\xf0\xff\xfe\xf9\xf0\
\xff\xfe\xf9\xf0\xff\xfe\xf9\xf0\xff\xff\xf9\xf0\xff\xff\xf9\xf0\
\xff\xff\xf9\xf0\xff\xff\xf8\xef\xff\xff\xf8\xef\xff\xff\xf8\xef\
\xff\xff\xf8\xef\xff\xff\xf7\xee\xff\xff\xf7\xee\xff\xff\xf6\xed\
\xff\xff\xf6\xed\xff\xfe\xf5\xec\xff\xfe\xf5\xec\xff\xfe\xf5\xec\
\xff\xfd\xf4\xeb\xff\xfd\xf4\xea\xff\xfd\xf4\xea\xff\xfd\xf4\xea\
\xff\xfc\xf3\xe9\xff\xfc\xf3\xe9\xff\xfc\xf3\xe9\xff\xfc\xf3\xe9\
\xff\xfc\xf3\xe9\xff\xfc\xf3\xe9\xff\xfd\xf4\xea\xff\xfd\xf4\xea\
\xff\xfd\xf4\xea\xff\xfd\xf4\xea\xff\xfd\xf4\xea\xff\xfd\xf4\xea\
\xff\xfc\xf3\xe9\xff\xfc\xf3\xe9\xff\xfc\xf3\xe9\xff\xfc\xf3\xe9\
\xff\xfc\xf3\xe9\xff\xfb\xf2\xe8\xff\xfb\xf2\xe8\xff\xfb\xf2\xe7\
\xff\xfc\xf3\xe6\xff\xfb\xf2\xe5\xff\xfb\xf2\xe5\xff\xfb\xf2\xe5\
\xff\xfb\xf2\xe5\xff\xfa\xf1\xe4\xff\xfa\xf1\xe4\xff\xfa\xf1\xe4\
\xff\xf9\xf0\xe3\xff\xf9\xf0\xe3\xff\xf9\xf0\xe3\xff\xf9\xf0\xe3\
\xff\xf8\xef\xe2\xff\xf8\xef\xe2\xff\xf8\xef\xe2\xff\xf8\xef\xe2\
\xff\xf8\xef\xe2\xff\xf8\xef\xe2\xff\xf7\xee\xe1\xff\xf8\xee\xe0\
\xff\xf9\xee\xe0\xff\xf8\xed\xdf\xff\xf8\xed\xdf\xff\xf7\xec\xde\
\xff\xf7\xec\xde\xff\xf6\xeb\xdd\xff\xf6\xeb\xdd\xff\xf6\xeb\xdd\
\xff\xf6\xeb\xdb\xff\xf6\xe9\xd9\xff\xf5\xe8\xd8\xff\xf5\xe8\xd8\
\xff\xf4\xe7\xd7\xff\xf4\xe7\xd7\xff\xf4\xe5\xd5\xff\xf4\xe5\xd5\
\xff\xf2\xe3\xd4\xff\xf2\xe3\xd2\xff\xf1\xe3\xd1\xff\xf0\xe2\xd0\
\xff\xf1\xe1\xd0\xff\xf0\xe0\xd0\xff\xee\xdf\xcf\xff\xe8\xda\xc8\
\xff\xe9\xdb\xc9\xff\xe9\xdb\xc9\xff\xea\xdc\xca\xff\xeb\xdd\xcb\
\xff\xec\xde\xcc\xff\xed\xdf\xcd\xff\xed\xdf\xcd\xff\xee\xe0\xce\
\xff\xf0\xe2\xd0\xff\xf0\xe2\xd0\xff\xf0\xe2\xd0\xff\xf1\xe2\xd1\
\xff\xf2\xe3\xd3\xff\xf1\xe4\xd4\xff\xf1\xe4\xd4\xff\xf3\xe6\xd6\
\xff\xf4\xe7\xd7\xff\xf4\xe7\xd7\xff\xf4\xe7\xd7\xff\xf4\xe8\xd8\
\xff\xf4\xea\xd9\xff\xf5\xea\xdc\xff\xf7\xec\xde\xff\xf8\xed\xdf\
\xff\xf8\xed\xdf\xff\xf8\xed\xdf\xff\xf7\xed\xdf\xff\xf7\xee\xe0\
\xff\xf7\xee\xe0\xff\xf8\xef\xe2\xff\xf8\xef\xe3\xff\xf9\xef\xe4\
\xff\xf9\xf0\xe3\xff\xf9\xf0\xe3\xff\xfa\xf1\xe4\xff\xfa\xf1\xe4\
\xff\xfa\xf1\xe4\xff\xfa\xf1\xe4\xff\xfb\xf2\xe5\xff\xfb\xf2\xe5\
\xff\xfb\xf2\xe8\xff\xfb\xf2\xe8\xff\xfb\xf2\xe8\xff\xfb\xf2\xe8\
\xff\xfb\xf2\xe8\xff\xfb\xf2\xe8\xff\xfb\xf2\xe8\xff\xfc\xf3\xe9\
\xff\xfc\xf3\xe9\xff\xfb\xf2\xe8\xff\xfb\xf2\xe8\xff\xfc\xf3\xe9\
\xff\xfc\xf3\xe9\xff\xfc\xf3\xe9\xff\xfc\xf3\xe9\xff\xfb\xf2\xe8\
\xff\xfb\xf2\xe8\xff\xfb\xf2\xe8\xff\xfc\xf3\xe9\xff\xfc\xf3\xe9\
\xff\xfc\xf3\xe9\xff\xfc\xf3\xe9\xff\xfc\xf3\xe9\xff\xfc\xf3\xe9\
\xff\xfc\xf3\xe9\xff\xfc\xf3\xe9\xff\xfc\xf3\xe9\xff\xfc\xf3\xe9\
\xff\xfd\xf4\xea\xff\xfd\xf4\xea\xff\xfd\xf4\xea\xff\xfe\xf5\xeb\
\xff\xfe\xf5\xeb\xff\xfe\xf5\xec\xff\xff\xf6\xed\xff\xff\xf6\xed\
\xff\xff\xf6\xed\xff\xff\xf6\xed\xff\xff\xf6\xed\xff\xff\xf6\xed\
\xff\xff\xf6\xed\xff\xff\xf6\xec\xff\xff\xf6\xec\xff\xff\xf6\xec\
\xff\xff\xf6\xec\xff\xff\xf6\xed\xff\xff\xf6\xec\xff\xff\xf6\xed\
\xff\xff\xf6\xed\xff\xff\xf6\xed\xff\xff\xf6\xed\xff\xff\xf6\xed\
\xff\xff\xf6\xed\xff\xff\xf6\xed\xff\xff\xf6\xed\xff\xff\xf6\xed\
\xff\xff\xf6\xed\xff\xff\xf6\xed\xff\xff\xf6\xed\xff\xff\xf6\xed\
\xff\xff\xf6\xed\xff\xff\xf6\xed\xff\xff\xf6\xed\xff\xff\xf6\xed\
\xff\xff\xf5\xed\xff\xff\xf5\xec\xff\xfe\xf5\xec\xff\xfe\xf5\xec\
\xff\xfe\xf5\xec\xff\xfe\xf5\xec\xff\xfe\xf5\xec\xff\xfe\xf5\xec\
\xff\xfd\xf5\xec\xff\xfd\xf5\xec\xff\xfc\xf6\xec\xff\xfc\xf5\xeb\
\xff\xfc\xf6\xeb\xff\xfc\xf6\xeb\xff\xfc\xf6\xeb\xff\xfc\xf6\xeb\
\xff\xfc\xf6\xeb\xff\xfc\xf5\xeb\xff\xfd\xf6\xed\xff\xfc\xf5\xec\
\xff\xfc\xf5\xec\xff\xfc\xf5\xec\xff\xfc\xf5\xec\xff\xfd\xf6\xed\
\xff\xfd\xf6\xed\xff\xfd\xf6\xed\xff\xfd\xf6\xed\xff\xfe\xf7\xee\
\xff\xff\xf8\xef\xff\xff\xf8\xef\xff\xfe\xf7\xee\xff\xfe\xf7\xee\
\xff\xff\xf8\xef\xff\xff\xf9\xf0\xff\xff\xf9\xf0\xff\xff\xf9\xf0\
\xff\xff\xfa\xf1\xff\xff\xfa\xf1\xff\xff\xfa\xf1\xff\xff\xfa\xf1\
\xff\xff\xfa\xf1\xff\xff\xfa\xf1\xff\xff\xfb\xf0\xff\xff\xfa\xf1\
\xff\xff\xfa\xf1\xff\xff\xfa\xf1\xff\xff\xfa\xf1\xff\xff\xfa\xf1\
\xff\xff\xfa\xf1\xff\xff\xfa\xf1\xff\xff\xfa\xf1\xff\xff\xfa\xf1\
\xff\xff\xfa\xf1\xff\xff\xfa\xf1\xff\xff\xfa\xf1\xff\xff\xfa\xf1\
\xff\xff\xfa\xf1\xff\xff\xfa\xf1\xff\xff\xfa\xf1\xff\xff\xfb\xf2\
\xff\xff\xfb\xf2\xff\xff\xfb\xf2\xff\xff\xfa\xf1\xff\xff\xfa\xf1\
\xff\xff\xfa\xf1\xff\xfe\xf9\xf0\xff\xfe\xf9\xf0\xff\xfe\xf9\xf0\
\xff\xfe\xf9\xf0\xff\xfe\xf9\xf0\xff\xff\xf9\xf0\xff\xff\xf9\xf0\
\xff\xff\xf8\xef\xff\xff\xf8\xef\xff\xff\xf8\xef\xff\xff\xf8\xef\
\xff\xff\xf8\xef\xff\xff\xf7\xee\xff\xff\xf7\xee\xff\xff\xf6\xed\
\xff\xff\xf6\xed\xff\xfe\xf5\xec\xff\xfe\xf5\xec\xff\xfd\xf4\xeb\
\xff\xfd\xf4\xea\xff\xfd\xf4\xea\xff\xfd\xf4\xea\xff\xfc\xf3\xe9\
\xff\xfc\xf3\xe9\xff\xfc\xf3\xe9\xff\xfc\xf3\xe9\xff\xfc\xf3\xe9\
\xff\xfc\xf3\xe9\xff\xfb\xf2\xe8\xff\xfc\xf3\xe9\xff\xfc\xf3\xe9\
\xff\xfc\xf3\xe9\xff\xfc\xf3\xe9\xff\xfc\xf3\xe9\xff\xfc\xf3\xe9\
\xff\xfc\xf3\xe9\xff\xfc\xf3\xe9\xff\xfc\xf3\xe9\xff\xfc\xf3\xe9\
\xff\xfb\xf2\xe8\xff\xfb\xf2\xe8\xff\xfb\xf2\xe8\xff\xfb\xf2\xe7\
\xff\xfc\xf3\xe6\xff\xfb\xf2\xe5\xff\xfb\xf2\xe5\xff\xfb\xf2\xe5\
\xff\xfb\xf2\xe5\xff\xfb\xf2\xe5\xff\xfa\xf1\xe4\xff\xfa\xf1\xe4\
\xff\xfa\xf1\xe4\xff\xf9\xf0\xe3\xff\xf9\xf0\xe3\xff\xf9\xf0\xe3\
\xff\xf8\xef\xe2\xff\xf8\xef\xe2\xff\xf8\xef\xe2\xff\xf8\xef\xe2\
\xff\xf8\xef\xe2\xff\xf8\xef\xe2\xff\xf7\xee\xe1\xff\xf8\xee\xe0\
\xff\xf9\xee\xe0\xff\xf8\xed\xdf\xff\xf8\xed\xdf\xff\xf8\xed\xdf\
\xff\xf7\xec\xde\xff\xf6\xeb\xdd\xff\xf6\xeb\xdd\xff\xf6\xeb\xdc\
\xff\xf5\xea\xd9\xff\xf6\xe9\xd9\xff\xf5\xe8\xd8\xff\xf4\xe7\xd7\
\xff\xf3\xe7\xd7\xff\xf4\xe7\xd7\xff\xf4\xe5\xd5\xff\xf3\xe4\xd4\
\xff\xf3\xe4\xd4\xff\xf2\xe4\xd3\xff\xf1\xe3\xd1\xff\xf0\xe1\xd0\
\xff\xf0\xe0\xcf\xff\xf0\xe0\xd0\xff\xed\xde\xce\xff\xe8\xda\xc8\
\xff\xe9\xdb\xc9\xff\xea\xdc\xca\xff\xeb\xdd\xcb\xff\xeb\xdd\xcb\
\xff\xec\xde\xcc\xff\xec\xde\xcc\xff\xee\xe0\xce\xff\xef\xe1\xcf\
\xff\xef\xe1\xcf\xff\xf0\xe2\xd0\xff\xf1\xe3\xd1\xff\xf2\xe3\xd2\
\xff\xf2\xe2\xd3\xff\xf1\xe3\xd3\xff\xf1\xe4\xd4\xff\xf3\xe6\xd6\
\xff\xf4\xe7\xd7\xff\xf4\xe7\xd7\xff\xf6\xe8\xd8\xff\xf5\xe9\xd9\
\xff\xf5\xeb\xda\xff\xf6\xeb\xdd\xff\xf7\xec\xde\xff\xf8\xed\xdf\
\xff\xf8\xed\xdf\xff\xf8\xed\xdf\xff\xf7\xee\xe0\xff\xf7\xee\xe0\
\xff\xf7\xee\xe0\xff\xf8\xef\xe2\xff\xf9\xf0\xe3\xff\xf9\xf0\xe3\
\xff\xf9\xf0\xe3\xff\xfa\xf1\xe3\xff\xfa\xf1\xe4\xff\xfb\xf2\xe5\
\xff\xfb\xf2\xe5\xff\xfb\xf2\xe5\xff\xfb\xf2\xe5\xff\xfb\xf2\xe6\
\xff\xfb\xf2\xe8\xff\xfb\xf2\xe8\xff\xfb\xf2\xe8\xff\xfb\xf2\xe8\
\xff\xfb\xf2\xe8\xff\xfb\xf2\xe8\xff\xfb\xf3\xe7\xff\xfb\xf2\xe8\
\xff\xfb\xf2\xe8\xff\xfb\xf2\xe8\xff\xfc\xf3\xe9\xff\xfc\xf3\xe9\
\xff\xfc\xf3\xe9\xff\xfb\xf2\xe8\xff\xfb\xf2\xe8\xff\xfb\xf2\xe8\
\xff\xfb\xf2\xe8\xff\xfb\xf2\xe8\xff\xfc\xf3\xe9\xff\xfc\xf3\xe9\
\xff\xfc\xf3\xe9\xff\xfc\xf3\xe9\xff\xfc\xf3\xe9\xff\xfc\xf3\xe9\
\xff\xfc\xf3\xe9\xff\xfc\xf3\xe9\xff\xfc\xf3\xe9\xff\xfd\xf4\xea\
\xff\xfd\xf4\xea\xff\xfd\xf4\xea\xff\xfd\xf4\xea\xff\xfe\xf5\xeb\
\xff\xfe\xf5\xeb\xff\xfe\xf5\xec\xff\xfe\xf5\xec\xff\xff\xf6\xed\
\xff\xff\xf6\xed\xff\xff\xf6\xed\xff\xff\xf6\xed\xff\xff\xf6\xed\
\xff\xff\xf6\xed\xff\xff\xf6\xec\xff\xff\xf6\xec\xff\xff\xf6\xec\
\xff\xff\xf6\xec\xff\xff\xf6\xec\xff\xff\xf6\xec\xff\xff\xf6\xec\
\xff\xff\xf6\xec\xff\xff\xf6\xed\xff\xff\xf6\xed\xff\xff\xf6\xed\
\xff\xff\xf6\xed\xff\xff\xf6\xed\xff\xff\xf6\xed\xff\xff\xf6\xed\
\xff\xff\xf6\xed\xff\xff\xf6\xed\xff\xff\xf6\xed\xff\xff\xf6\xec\
\xff\xff\xf7\xed\xff\xff\xf6\xed\xff\xff\xf6\xec\xff\xfe\xf5\xeb\
\xff\xfe\xf5\xeb\xff\xfe\xf5\xec\xff\xfe\xf5\xec\xff\xfe\xf5\xec\
\xff\xfe\xf5\xec\xff\xfe\xf5\xec\xff\xfe\xf5\xec\xff\xfe\xf5\xec\
\xff\xfe\xf5\xec\xff\xfe\xf6\xed\xff\xfd\xf7\xec\xff\xfc\xf6\xeb\
\xff\xfc\xf6\xeb\xff\xfc\xf6\xeb\xff\xfc\xf6\xeb\xff\xfc\xf6\xeb\
\xff\xfc\xf6\xeb\xff\xfc\xf6\xeb\xff\xfd\xf6\xed\xff\xfd\xf6\xec\
\xff\xfc\xf5\xec\xff\xfc\xf5\xec\xff\xfc\xf5\xec\xff\xfd\xf6\xed\
\xff\xfd\xf6\xed\xff\xfd\xf6\xed\xff\xfd\xf6\xee\xff\xfe\xf7\xee\
\xff\xff\xf8\xef\xff\xff\xf8\xef\xff\xfe\xf7\xee\xff\xfe\xf7\xee\
\xff\xff\xf8\xef\xff\xff\xf9\xf0\xff\xff\xf9\xf0\xff\xff\xf9\xf0\
\xff\xff\xfa\xf1\xff\xff\xfa\xf1\xff\xff\xfa\xf1\xff\xff\xfa\xf1\
\xff\xff\xfa\xf1\xff\xff\xfa\xf1\xff\xff\xfa\xf1\xff\xff\xfa\xf1\
\xff\xff\xfa\xf1\xff\xff\xfa\xf1\xff\xff\xfa\xf1\xff\xff\xfa\xf1\
\xff\xff\xfa\xf1\xff\xff\xfa\xf1\xff\xff\xfa\xf1\xff\xff\xfa\xf1\
\xff\xff\xfa\xf1\xff\xff\xfa\xf1\xff\xff\xfa\xf1\xff\xff\xfa\xf1\
\xff\xff\xfa\xf1\xff\xff\xfa\xf1\xff\xff\xfa\xf1\xff\xff\xfa\xf1\
\xff\xff\xfa\xf1\xff\xff\xfa\xf1\xff\xff\xfa\xf1\xff\xff\xfa\xf1\
\xff\xff\xfa\xf1\xff\xfe\xf9\xf0\xff\xfe\xf9\xf0\xff\xfe\xf9\xf0\
\xff\xfe\xf9\xf0\xff\xfe\xf9\xf0\xff\xff\xf9\xf0\xff\xff\xf8\xef\
\xff\xff\xf8\xef\xff\xff\xf8\xef\xff\xff\xf8\xef\xff\xff\xf8\xef\
\xff\xff\xf8\xef\xff\xff\xf8\xef\xff\xff\xf7\xee\xff\xff\xf6\xed\
\xff\xff\xf6\xed\xff\xfe\xf5\xec\xff\xfe\xf5\xec\xff\xfe\xf5\xeb\
\xff\xfd\xf4\xea\xff\xfd\xf4\xea\xff\xfc\xf3\xe9\xff\xfc\xf3\xe9\
\xff\xfc\xf3\xe9\xff\xfc\xf3\xe9\xff\xfc\xf3\xe9\xff\xfc\xf2\xe9\
\xff\xfb\xf2\xe7\xff\xfb\xf3\xe7\xff\xfb\xf2\xe7\xff\xfb\xf2\xe7\
\xff\xfb\xf2\xe7\xff\xfb\xf2\xe7\xff\xfb\xf2\xe7\xff\xfb\xf3\xe8\
\xff\xfc\xf3\xe9\xff\xfc\xf3\xe9\xff\xfc\xf3\xe9\xff\xfc\xf3\xe9\
\xff\xfc\xf3\xe9\xff\xfb\xf2\xe8\xff\xfb\xf2\xe8\xff\xfb\xf2\xe7\
\xff\xfb\xf2\xe5\xff\xfb\xf2\xe5\xff\xfb\xf2\xe5\xff\xfb\xf2\xe5\
\xff\xfb\xf2\xe5\xff\xfb\xf2\xe5\xff\xfa\xf1\xe4\xff\xfa\xf1\xe4\
\xff\xfa\xf1\xe4\xff\xf9\xf0\xe3\xff\xf9\xf0\xe3\xff\xf8\xef\xe2\
\xff\xf8\xef\xe2\xff\xf8\xef\xe2\xff\xf8\xef\xe2\xff\xf8\xef\xe2\
\xff\xf8\xef\xe2\xff\xf8\xef\xe2\xff\xf8\xef\xe2\xff\xf8\xee\xe0\
\xff\xf9\xee\xe0\xff\xf8\xed\xdf\xff\xf8\xed\xdf\xff\xf7\xed\xde\
\xff\xf7\xec\xdc\xff\xf6\xec\xdb\xff\xf6\xec\xdb\xff\xf5\xeb\xda\
\xff\xf5\xea\xda\xff\xf6\xe9\xd9\xff\xf4\xe7\xd8\xff\xf4\xe7\xd7\
\xff\xf3\xe7\xd6\xff\xf4\xe6\xd6\xff\xf4\xe5\xd5\xff\xf3\xe4\xd4\
\xff\xf2\xe3\xd3\xff\xf2\xe3\xd2\xff\xf1\xe3\xd1\xff\xf0\xe2\xd0\
\xff\xf0\xe0\xcf\xff\xee\xdf\xcf\xff\xed\xde\xce\xff\xe8\xda\xc8\
\xff\xe9\xdb\xc9\xff\xea\xdc\xca\xff\xeb\xdd\xcb\xff\xeb\xdd\xcb\
\xff\xec\xde\xcc\xff\xed\xdf\xcd\xff\xee\xe0\xce\xff\xee\xe0\xce\
\xff\xef\xe1\xcf\xff\xf1\xe3\xd1\xff\xf1\xe3\xd1\xff\xf2\xe4\xd2\
\xff\xf2\xe3\xd3\xff\xf1\xe4\xd4\xff\xf2\xe5\xd5\xff\xf3\xe5\xd5\
\xff\xf4\xe7\xd7\xff\xf5\xe8\xd8\xff\xf7\xe9\xd9\xff\xf6\xeb\xda\
\xff\xf6\xec\xdb\xff\xf7\xec\xdd\xff\xf7\xec\xde\xff\xf8\xed\xdf\
\xff\xf8\xed\xdf\xff\xf8\xed\xdf\xff\xf6\xed\xdf\xff\xf7\xee\xe0\
\xff\xf7\xee\xe1\xff\xf9\xf0\xe3\xff\xf9\xf0\xe3\xff\xf9\xf0\xe3\
\xff\xf9\xf0\xe3\xff\xfa\xf1\xe4\xff\xfa\xf1\xe4\xff\xfb\xf2\xe5\
\xff\xfb\xf2\xe5\xff\xfb\xf2\xe5\xff\xfc\xf3\xe6\xff\xfc\xf3\xe6\
\xff\xfb\xf3\xe6\xff\xfb\xf3\xe6\xff\xfb\xf3\xe6\xff\xfb\xf3\xe6\
\xff\xfb\xf3\xe6\xff\xfb\xf3\xe6\xff\xfb\xf3\xe6\xff\xfb\xf3\xe6\
\xff\xfb\xf2\xe8\xff\xfc\xf3\xe9\xff\xfb\xf2\xe8\xff\xfb\xf2\xe8\
\xff\xfb\xf2\xe8\xff\xfb\xf2\xe8\xff\xfb\xf2\xe8\xff\xfb\xf2\xe8\
\xff\xfb\xf2\xe8\xff\xfb\xf2\xe8\xff\xfc\xf3\xe9\xff\xfc\xf3\xe9\
\xff\xfc\xf3\xe9\xff\xfc\xf3\xe9\xff\xfc\xf3\xe9\xff\xfc\xf3\xe9\
\xff\xfd\xf4\xea\xff\xfd\xf4\xea\xff\xfd\xf4\xea\xff\xfd\xf4\xea\
\xff\xfd\xf4\xea\xff\xfd\xf4\xea\xff\xfd\xf4\xea\xff\xfd\xf4\xea\
\xff\xfe\xf5\xeb\xff\xfe\xf5\xec\xff\xfe\xf5\xec\xff\xfe\xf5\xec\
\xff\xfe\xf5\xec\xff\xfe\xf5\xec\xff\xfe\xf5\xec\xff\xfe\xf5\xec\
\xff\xfe\xf5\xec\xff\xff\xf6\xec\xff\xff\xf6\xec\xff\xfe\xf5\xeb\
\xff\xfe\xf5\xeb\xff\xfe\xf5\xeb\xff\xfe\xf5\xeb\xff\xff\xf6\xec\
\xff\xff\xf6\xec\xff\xff\xf6\xed\xff\xfe\xf5\xec\xff\xfe\xf5\xec\
\xff\xfe\xf5\xec\xff\xfe\xf5\xec\xff\xfe\xf5\xec\xff\xfe\xf5\xec\
\xff\xfe\xf5\xec\xff\xff\xf6\xed\xff\xff\xf6\xec\xff\xff\xf6\xec\
\xff\xfe\xf5\xeb\xff\xfe\xf5\xeb\xff\xfe\xf5\xeb\xff\xfe\xf5\xeb\
\xff\xfe\xf5\xeb\xff\xfe\xf5\xeb\xff\xfe\xf5\xec\xff\xfe\xf5\xec\
\xff\xfe\xf5\xec\xff\xfe\xf5\xec\xff\xfe\xf5\xec\xff\xfe\xf5\xec\
\xff\xfe\xf5\xec\xff\xfe\xf5\xec\xff\xfd\xf7\xec\xff\xfd\xf7\xec\
\xff\xfd\xf6\xec\xff\xfc\xf6\xeb\xff\xfc\xf6\xeb\xff\xfc\xf6\xeb\
\xff\xfc\xf6\xeb\xff\xfc\xf6\xeb\xff\xfc\xf6\xeb\xff\xfc\xf6\xeb\
\xff\xfc\xf6\xeb\xff\xfc\xf6\xeb\xff\xfc\xf6\xeb\xff\xfd\xf7\xeb\
\xff\xfd\xf7\xec\xff\xfd\xf7\xec\xff\xfd\xf7\xed\xff\xfe\xf8\xee\
\xff\xfe\xf8\xee\xff\xfe\xf8\xee\xff\xfe\xf7\xee\xff\xfe\xf7\xee\
\xff\xff\xf8\xef\xff\xff\xf8\xef\xff\xff\xf9\xf0\xff\xff\xf9\xf0\
\xff\xff\xfa\xf1\xff\xff\xfa\xf1\xff\xff\xfa\xf1\xff\xff\xfa\xf1\
\xff\xff\xfa\xf1\xff\xff\xfb\xf2\xff\xff\xfa\xf1\xff\xff\xfa\xf1\
\xff\xff\xfa\xf1\xff\xff\xfa\xf1\xff\xff\xfa\xf1\xff\xff\xfa\xf1\
\xff\xff\xfa\xf1\xff\xff\xfa\xf1\xff\xff\xfa\xf1\xff\xff\xfa\xf1\
\xff\xff\xfa\xf1\xff\xff\xfa\xf1\xff\xff\xfa\xf1\xff\xff\xfa\xf1\
\xff\xff\xfa\xf1\xff\xff\xfa\xf1\xff\xff\xfa\xf1\xff\xfe\xf9\xf0\
\xff\xfe\xf9\xf0\xff\xfe\xf9\xf0\xff\xfe\xf9\xf0\xff\xfe\xf9\xf0\
\xff\xfe\xf9\xf0\xff\xfe\xf9\xf0\xff\xfe\xf9\xf0\xff\xfe\xf9\xf0\
\xff\xfe\xf9\xf0\xff\xfe\xf9\xf0\xff\xff\xf9\xf0\xff\xff\xf8\xef\
\xff\xff\xf8\xef\xff\xff\xf8\xef\xff\xff\xf8\xef\xff\xff\xf8\xef\
\xff\xfe\xf7\xee\xff\xfe\xf7\xee\xff\xff\xf6\xed\xff\xff\xf6\xed\
\xff\xfe\xf5\xec\xff\xfe\xf5\xec\xff\xfe\xf5\xec\xff\xfc\xf3\xea\
\xff\xfc\xf3\xe9\xff\xfc\xf3\xe9\xff\xfc\xf3\xe9\xff\xfc\xf3\xe9\
\xff\xfc\xf3\xe9\xff\xfc\xf3\xe9\xff\xfc\xf3\xe9\xff\xfc\xf3\xe8\
\xff\xfb\xf3\xe6\xff\xfb\xf3\xe6\xff\xfb\xf3\xe6\xff\xfb\xf3\xe6\
\xff\xfb\xf3\xe6\xff\xfb\xf3\xe6\xff\xfb\xf3\xe6\xff\xfb\xf3\xe6\
\xff\xfb\xf2\xe8\xff\xfb\xf2\xe8\xff\xfb\xf2\xe8\xff\xfb\xf2\xe8\
\xff\xfb\xf2\xe8\xff\xfb\xf2\xe8\xff\xfb\xf2\xe8\xff\xfb\xf2\xe7\
\xff\xfb\xf2\xe5\xff\xfb\xf2\xe5\xff\xfb\xf2\xe5\xff\xfb\xf2\xe5\
\xff\xfb\xf2\xe5\xff\xfa\xf1\xe4\xff\xfa\xf1\xe4\xff\xfa\xf1\xe4\
\xff\xfa\xf1\xe4\xff\xfa\xf1\xe4\xff\xf9\xf0\xe3\xff\xf9\xf0\xe3\
\xff\xf9\xf0\xe3\xff\xf8\xef\xe2\xff\xf8\xef\xe2\xff\xf9\xf0\xe3\
\xff\xf8\xef\xe2\xff\xf8\xef\xe2\xff\xf8\xef\xe2\xff\xf9\xee\xe1\
\xff\xf8\xed\xdf\xff\xf8\xed\xdf\xff\xf8\xed\xdf\xff\xf8\xed\xdf\
\xff\xf7\xed\xdc\xff\xf6\xec\xdb\xff\xf5\xeb\xda\xff\xf4\xea\xd9\
\xff\xf4\xe9\xd9\xff\xf5\xe8\xd8\xff\xf4\xe7\xd7\xff\xf3\xe7\xd5\
\xff\xf3\xe7\xd5\xff\xf3\xe5\xd5\xff\xf4\xe5\xd5\xff\xf3\xe4\xd4\
\xff\xf2\xe3\xd3\xff\xf1\xe2\xd1\xff\xf0\xe2\xd0\xff\xef\xe1\xcf\
\xff\xef\xe0\xce\xff\xee\xdf\xcf\xff\xec\xdd\xcd\xff\xe8\xda\xc8\
\xff\xe9\xdb\xc9\xff\xea\xdc\xca\xff\xeb\xdd\xcb\xff\xec\xde\xcc\
\xff\xec\xde\xcc\xff\xed\xdf\xcd\xff\xee\xe0\xce\xff\xee\xe0\xce\
\xff\xf0\xe2\xd0\xff\xf1\xe3\xd1\xff\xf1\xe3\xd1\xff\xf2\xe4\xd3\
\xff\xf3\xe4\xd4\xff\xf2\xe4\xd4\xff\xf2\xe5\xd5\xff\xf2\xe5\xd5\
\xff\xf3\xe6\xd6\xff\xf5\xe8\xd8\xff\xf7\xe9\xd9\xff\xf6\xeb\xda\
\xff\xf6\xed\xdc\xff\xf7\xec\xde\xff\xf7\xec\xde\xff\xf8\xed\xdf\
\xff\xf8\xed\xdf\xff\xf8\xed\xdf\xff\xf6\xec\xde\xff\xf7\xee\xe0\
\xff\xf7\xee\xe0\xff\xf8\xef\xe2\xff\xf9\xf0\xe3\xff\xf9\xf0\xe3\
\xff\xf9\xf0\xe3\xff\xfa\xf1\xe4\xff\xfb\xf2\xe5\xff\xfc\xf3\xe6\
\xff\xfc\xf3\xe6\xff\xfc\xf3\xe6\xff\xfc\xf3\xe6\xff\xfc\xf3\xe6\
\xff\xfb\xf3\xe6\xff\xfb\xf3\xe6\xff\xfb\xf3\xe6\xff\xfb\xf3\xe6\
\xff\xfb\xf3\xe6\xff\xfb\xf3\xe6\xff\xfb\xf3\xe6\xff\xfb\xf3\xe6\
\xff\xfc\xf4\xe8\xff\xfc\xf3\xe9\xff\xfb\xf2\xe8\xff\xfb\xf2\xe8\
\xff\xfb\xf2\xe8\xff\xfb\xf2\xe8\xff\xfb\xf2\xe8\xff\xfb\xf2\xe8\
\xff\xfb\xf2\xe8\xff\xfb\xf2\xe8\xff\xfc\xf3\xe9\xff\xfc\xf3\xe9\
\xff\xfc\xf3\xe9\xff\xfc\xf3\xe9\xff\xfc\xf3\xe9\xff\xfc\xf3\xe9\
\xff\xfd\xf4\xea\xff\xfd\xf4\xea\xff\xfd\xf4\xea\xff\xfd\xf4\xea\
\xff\xfd\xf4\xea\xff\xfd\xf4\xea\xff\xfd\xf4\xea\xff\xfd\xf4\xea\
\xff\xfd\xf4\xea\xff\xfd\xf4\xeb\xff\xfd\xf4\xeb\xff\xfe\xf5\xec\
\xff\xfe\xf5\xec\xff\xfe\xf5\xec\xff\xfe\xf5\xec\xff\xfe\xf5\xec\
\xff\xfe\xf5\xec\xff\xff\xf6\xec\xff\xfe\xf5\xeb\xff\xfe\xf5\xeb\
\xff\xfe\xf5\xeb\xff\xfe\xf5\xeb\xff\xfe\xf5\xeb\xff\xff\xf6\xec\
\xff\xff\xf6\xec\xff\xfe\xf5\xec\xff\xfe\xf5\xec\xff\xfe\xf5\xec\
\xff\xfe\xf5\xec\xff\xfe\xf5\xec\xff\xfe\xf5\xec\xff\xfe\xf5\xec\
\xff\xfe\xf5\xec\xff\xff\xf6\xec\xff\xff\xf6\xec\xff\xfe\xf5\xeb\
\xff\xfe\xf5\xeb\xff\xfe\xf5\xeb\xff\xfe\xf5\xeb\xff\xfe\xf5\xeb\
\xff\xfe\xf5\xeb\xff\xfe\xf5\xeb\xff\xfe\xf5\xec\xff\xfe\xf5\xec\
\xff\xfe\xf5\xec\xff\xfe\xf5\xec\xff\xfe\xf5\xec\xff\xfe\xf5\xec\
\xff\xfe\xf5\xec\xff\xfe\xf5\xec\xff\xfd\xf7\xec\xff\xfd\xf7\xec\
\xff\xfe\xf8\xed\xff\xfd\xf7\xec\xff\xfc\xf6\xeb\xff\xfc\xf6\xeb\
\xff\xfc\xf6\xeb\xff\xfc\xf6\xeb\xff\xfc\xf6\xeb\xff\xfc\xf6\xeb\
\xff\xfc\xf6\xeb\xff\xfc\xf6\xeb\xff\xfc\xf6\xeb\xff\xfc\xf6\xeb\
\xff\xfd\xf7\xec\xff\xfd\xf7\xec\xff\xfd\xf7\xec\xff\xfe\xf8\xed\
\xff\xfe\xf8\xed\xff\xfe\xf8\xed\xff\xfe\xf8\xed\xff\xfe\xf8\xed\
\xff\xff\xf9\xee\xff\xff\xf8\xee\xff\xff\xf8\xf0\xff\xff\xf9\xf0\
\xff\xff\xf9\xf0\xff\xfe\xf9\xf0\xff\xfe\xf9\xf0\xff\xff\xfa\xf1\
\xff\xff\xfa\xf1\xff\xff\xfb\xf2\xff\xff\xfb\xf2\xff\xff\xfa\xf1\
\xff\xff\xfa\xf1\xff\xff\xfa\xf1\xff\xff\xfa\xf1\xff\xff\xfa\xf1\
\xff\xff\xfa\xf1\xff\xff\xfa\xf1\xff\xff\xfa\xf1\xff\xff\xfa\xf1\
\xff\xff\xfa\xf1\xff\xff\xfa\xf1\xff\xff\xfa\xf1\xff\xff\xfa\xf1\
\xff\xff\xfa\xf1\xff\xff\xfa\xf1\xff\xff\xfa\xf1\xff\xfe\xf9\xf0\
\xff\xfe\xf9\xf0\xff\xfe\xf9\xf0\xff\xfe\xf9\xf0\xff\xfe\xf9\xf0\
\xff\xfe\xf9\xf0\xff\xfe\xf9\xf0\xff\xfe\xf9\xf0\xff\xfe\xf9\xf0\
\xff\xfe\xf9\xf0\xff\xfe\xf9\xf0\xff\xff\xf9\xf0\xff\xff\xf8\xef\
\xff\xff\xf8\xef\xff\xff\xf8\xef\xff\xff\xf8\xef\xff\xff\xf8\xef\
\xff\xfe\xf7\xee\xff\xfe\xf6\xed\xff\xff\xf6\xed\xff\xfe\xf5\xec\
\xff\xfe\xf5\xec\xff\xfd\xf4\xeb\xff\xfd\xf4\xeb\xff\xfc\xf3\xea\
\xff\xfc\xf3\xe9\xff\xfc\xf3\xe9\xff\xfc\xf3\xe9\xff\xfc\xf3\xe9\
\xff\xfc\xf3\xe9\xff\xfc\xf3\xe9\xff\xfc\xf3\xe9\xff\xfc\xf3\xe7\
\xff\xfb\xf3\xe6\xff\xfb\xf3\xe6\xff\xfb\xf3\xe6\xff\xfb\xf3\xe6\
\xff\xfb\xf3\xe6\xff\xfb\xf3\xe6\xff\xfb\xf3\xe6\xff\xfb\xf3\xe6\
\xff\xfa\xf1\xe7\xff\xfa\xf1\xe7\xff\xfb\xf2\xe8\xff\xfb\xf2\xe8\
\xff\xfb\xf2\xe8\xff\xfb\xf2\xe8\xff\xfb\xf2\xe8\xff\xfb\xf2\xe7\
\xff\xfb\xf2\xe5\xff\xfb\xf2\xe5\xff\xfb\xf2\xe5\xff\xfb\xf2\xe5\
\xff\xfa\xf1\xe4\xff\xfa\xf1\xe4\xff\xfa\xf1\xe4\xff\xfa\xf1\xe4\
\xff\xfa\xf1\xe4\xff\xfa\xf1\xe4\xff\xfa\xf1\xe4\xff\xf9\xf0\xe3\
\xff\xf9\xf0\xe3\xff\xf9\xf0\xe3\xff\xf9\xf0\xe3\xff\xfa\xf1\xe4\
\xff\xf9\xf0\xe3\xff\xf8\xef\xe2\xff\xf8\xef\xe2\xff\xf9\xef\xe1\
\xff\xf9\xee\xe0\xff\xf8\xed\xdf\xff\xf8\xed\xdf\xff\xf7\xec\xde\
\xff\xf6\xec\xdb\xff\xf5\xeb\xda\xff\xf4\xea\xd9\xff\xf4\xea\xd9\
\xff\xf3\xe8\xd8\xff\xf3\xe6\xd6\xff\xf3\xe7\xd5\xff\xf3\xe7\xd5\
\xff\xf1\xe5\xd4\xff\xf3\xe5\xd5\xff\xf3\xe4\xd4\xff\xf2\xe3\xd3\
\xff\xf2\xe3\xd3\xff\xf1\xe3\xd2\xff\xf0\xe2\xd0\xff\xef\xe1\xcf\
\xff\xef\xdf\xce\xff\xed\xdd\xcd\xff\xeb\xdc\xcc\xff\x00\x00\x00\
\x00\x00\x00\x00\x00\x00\x00\x00\x00\x00\x00\x00\x00\x00\x00\x00\
\x00\x00\x00\x00\x00\x00\x00\x00\x00\x00\x00\x00\x00\x00\x00\x00\
\x00\x00\x00\x00\x00\x00\x00\x00\x00\x00\x00\x00\x00\x00\x00\x00\
\x00\x00\x00\x00\x00\x00\x00\x00\x00\x00\x00\x00\x00\x00\x00\x00\
\x00\x00\x00\x00\x00\x00\x00\x00\x00\x00\x00\x00\x00\x00\x00\x00\
\x00\x00\x00\x00\x00\x00\x00\x00\x00\x00\x00\x00\x00\x00\x00\x00\
\x00\x00\x00\x00\x00\x00\x00\x00\x00\x00\x00\x00\x00\x00\x00\x00\
\x00\x00\x00\x00\x00\x00\x00\x00\x00\x00\x00\x00\x00\x00\x00\x00\
\x00\x00\x00\x00\x00\x00\x00\x00\x00\x00\x00\x00\x00\x00\x00\x00\
\x00\x00\x00\x00\x00\x00\x00\x00\x00\x00\x00\x00\x00\x00\x00\x00\
\x00\x00\x00\x00\x00\x00\x00\x00\x00\x00\x00\x00\x00\x00\x00\x00\
\x00\x00\x00\x00\x00\x00\x00\x00\x00\x00\x00\x00\x00\x00\x00\x00\
\x00\x00\x00\x00\x00\x00\x00\x00\x00\x00\x00\x00\x00\x00\x00\x00\
\x00\x00\x00\x00\x00\x00\x00\x00\x00\x00\x00\x00\x00\x00\x00\x00\
\x00\x00\x00\x00\x00\x00\x00\x00\x00\x00\x00\x00\x00\x00\x00\x00\
\x00\x00\x00\x00\x00\x00\x00\x00\x00\x00\x00\x00\x00\x00\x00\x00\
\x00\x00\x00\x00\x00\x00\x00\x00\x00\x00\x00\x00\x00\x00\x00\x00\
\x00\x00\x00\x00\x00\x00\x00\x00\x00\x00\x00\x00\x00\x00\x00\x00\
\x00\x00\x00\x00\x00\x00\x00\x00\x00\x00\x00\x00\x00\x00\x00\x00\
\x00\x00\x00\x00\x00\x00\x00\x00\x00\x00\x00\x00\x00\x00\x00\x00\
\x00\x00\x00\x00\x00\x00\x00\x00\x00\x00\x00\x00\x00\x00\x00\x00\
\x00\x00\x00\x00\x00\x00\x00\x00\x00\x00\x00\x00\x00\x00\x00\x00\
\x00\x00\x00\x00\x00\x00\x00\x00\x00\x00\x00\x00\x00\x00\x00\x00\
\x00\x00\x00\x00\x00\x00\x00\x00\x00\x00\x00\x00\x00\x00\x00\x00\
\x00\x00\x00\x00\x00\x00\x00\x00\x00\x00\x00\x00\x00\x00\x00\x00\
\x00\x00\x00\x00\x00\x00\x00\x00\x00\x00\x00\x00\x00\x00\x00\x00\
\x00\x00\x00\x00\x00\x00\x00\x00\x00\x00\x00\x00\x00\x00\x00\x00\
\x00\x00\x00\x00\x00\x00\x00\x00\x00\x00\x00\x00\x00\x00\x00\x00\
\x00\x00\x00\x00\x00\x00\x00\x00\x00\x00\x00\x00\x00\x00\x00\x00\
\x00\x00\x00\x00\x00\x00\x00\x00\x00\x00\x00\x00\x00\x00\x00\x00\
\x00\x00\x00\x00\x00\x00\x00\x00\x00\x00\x00\x00\x00\x00\x00\x00\
\x00\x00\x00\x00\x00\x00\x00\x00\x00\x00\x00\x00\x00\x00\x00\x00\
\x00\x00\x00\x00\x00\x00\x00\x00\x00\x00\x00\x00\x00\x00\x00\x00\
\x00\x00\x00\x00\x00\x00\x00\x00\x00\x00\x00\x00\x00\x00\x00\x00\
\x00\x00\x00\x00\x00\x00\x00\x00\x00\x00\x00\x00\x00\x00\x00\x00\
\x00\x00\x00\x00\x00\x00\x00\x00\x00\x00\x00\x00\x00\x00\x00\x00\
\x00\x00\x00\x00\x00\x00\x00\x00\x00\x00\x00\x00\x00\x00\x00\x00\
\x00\x00\x00\x00\x00\x00\x00\x00\x00\x00\x00\x00\x00\x00\x00\x00\
\x00\x00\x00\x00\x00\x00\x00\x00\x00\x00\x00\x00\x00\x00\x00\x00\
\x00\x00\x00\x00\x00\x00\x00\x00\x00\x00\x00\x00\x00\x00\x00\x00\
\x00\x00\x00\x00\x00\x00\x00\x00\x00\x00\x00\x00\x00\x00\x00\x00\
\x00\x00\x00\x00\x00\x00\x00\x00\x00\x00\x00\x00\x00\x00\x00\x00\
\x00\x00\x00\x00\x00\x00\x00\x00\x00\x00\x00\x00\x00\x00\x00\x00\
\x00\x00\x00\x00\x00\x00\x00\x00\x00\x00\x00\x00\x00\x00\x00\x00\
\x00\x00\x00\x00\x00\x00\x00\x00\x00\x00\x00\x00\x00\x00\x00\x00\
\x00\x00\x00\x00\x00\x00\x00\x00\x00\x00\x00\x00\x00\x00\x00\x00\
\x00\x00\x00\x00\x00\x00\x00\x00\x00\x00\x00\x00\x00\x00\x00\x00\
\x00\x00\x00\x00\x00\x00\x00\x00\x00\x00\x00\x00\x00\x00\x00\x00\
\x00\x00\x00\x00\x00\x00\x00\x00\x00\x00\x00\x00\x00\x00\x00\x00\
\x00\x00\x00\x00\x00\x00\x00\x00\x00\x00\x00\x00\x00\x00\x00\x00\
\x00\x00\x00\x00\x00\x00\x00\x00\x00\x00\x00\x00\x00\x00\x00\x00\
\x00\x00\x00\x00\x00\x00\x00\x00\x00\x00\x00\x00\x00\x00\x00\x00\
\x00\x00\x00\x00\x00\x00\x00\x00\x00\x00\x00\x00\x00\x00\x00\x00\
\x00\x00\x00\x00\x00\x00\x00\x00\x00\x00\x00\x00\x00\x00\x00\x00\
\x00\x00\x00\x00\x00\x00\x00\x00\x00\x00\x00\x00\x00\x00\x00\x00\
\x00\x00\x00\x00\x00\x00\x00\x00\x00\x00\x00\x00\x00\x00\x00\x00\
\x00\x00\x00\x00\x00\x00\x00\x00\x00\x00\x00\x00\x00\x00\x00\x00\
\x00\x00\x00\x00\x00\x00\x00\x00\x00\x00\x00\x00\x00\x00\x00\x00\
\x00\x00\x00\x00\x00\x00\x00\x00\x00\x00\x00\x00\x00\x00\x00\x00\
\x00\x00\x00\x00\x00\x00\x00\x00\x00\x00\x00\x00\x00\x00\x00\x00\
\x00\x00\x00\x00\x00\x00\x00\x00\x00\x00\x00\x00\x00\x00\x00\x00\
\x00\x00\x00\x00\x00\x00\x00\x00\x00\x00\x00\x00\x00\x00\x00\x00\
\x00\x00\x00\x00\x00\x00\x00\x00\x00\x00\x00\x00\x00\x00\x00\x00\
\x00\x00\x00\x00\x00\x00\x00\x00\x00\x00\x00\x00\x00\x00\x00\x00\
\x00\x00\x00\x00\x00\x00\x00\x00\x00\x00\x00\x00\x00\x00\x00\x00\
\x00\x00\x00\x00\x00\x00\x00\x00\x00\x00\x00\x00\x00\x00\x00\x00\
\x00\x00\x00\x00\x00\x00\x00\x00\x00\x00\x00\x00\x00\x00\x00\x00\
\x00\x00\x00\x00\x00\x00\x00\x00\x00\x00\x00\x00\x00\x00\x00\x00\
\x00\x00\x00\x00\x00\x00\x00\x00\x00\x00\x00\x00\x00\x00\x00\x00\
\x00\x00\x00\x00\x00\x00\x00\x00\x00\x00\x00\x00\x00\x00\x00\x00\
\x00\x00\x00\x00\x00\x00\x00\x00\x00\x00\x00\x00\x00\x00\x00\x00\
\x00\x00\x00\x00\x00\x00\x00\x00\x00\x00\x00\x00\x00\x00\x00\x00\
\x00\x00\x00\x00\x00\x00\x00\x00\x00\x00\x00\x00\x00\x00\x00\x00\
\x00\x00\x00\x00\x00\x00\x00\x00\x00\x00\x00\x00\x00\x00\x00\x00\
\x00\x00\x00\x00\x00\x00\x00\x00\x00\x00\x00\x00\x00\x00\x00\x00\
\x00\x00\x00\x00\x00\x00\x00\x00\x00\x00\x00\x00\x00\x00\x00\x00\
\x00\x00\x00\x00\x00\x00\x00\x00\x00\x00\x00\x00\x00\x00\x00\x00\
\x00\x00\x00\x00\x00\x00\x00\x00\x00\x00\x00\x00\x00\x00\x00\x00\
\x00\x00\x00\x00\x00\x00\x00\x00\x00\x00\x00\x00\x00\x00\x00\x00\
\x00\x00\x00\x00\x00\x00\x00\x00\x00\x00\x00\x00\x00\x00\x00\x00\
\x00\x00\x00\x00\x00\x00\x00\x00\x00\x00\x00\x00\x00\x00\x00\x00\
\x00\x00\x00\x00\x00\x00\x00\x00\x00\x00\x00\x00\x00\x00\x00\x00\
\x00\x00\x00\x00\x00\x00\x00\x00\x00\x00\x00\x00\x00\x00\x00\x00\
\x00\x00\x00\x00\x00\x00\x00\x00\x00\x00\x00\x00\x00\x00\x00\x00\
\x00\x00\x00\x00\x00\x00\x00\x00\x00\x00\x00\x00\x00\x00\x00\x00\
\x00\x00\x00\x00\x00\x00\x00\x00\x00\x00\x00\x00\x00\x00\x00\x00\
\x00\x00\x00\x00\x00\x00\x00\x00\x00\x00\x00\x00\x00\x00\x00\x00\
\x00\x00\x00\x00\x00\x00\x00\x00\x00\x00\x00\x00\x00\x00\x00\x00\
\x00\x00\x00\x00\x00\x00\x00\x00\x00\x00\x00\x00\x00\x00\x00\x00\
\x00\x00\x00\x00\x00\x00\x00\x00\x00\x00\x00\x00\x00\x00\x00\x00\
\x00\x00\x00\x00\x00\x00\x00\x00\x00\x00\x00\x00\x00\x00\x00\x00\
\x00\x00\x00\x00\x00\x00\x00\x00\x00\x00\x00\x00\x00\x00\x00\x00\
\x00\x00\x00\x00\x00\x00\x00\x00\x00\x00\x00\x00\x00\x00\x00\x00\
\x00\x00\x00\x00\x00\x00\x00\x00\x00\x00\x00\x00\x00\x00\x00\x00\
\x00\x00\x00\x00\x00\x00\x00\x00\x00\x00\x00\x00\x00\x00\x00\x00\
\x00\x00\x00\x00\x00\x00\x00\x00\x00\x00\x00\x00\x00\x00\x00\x00\
\x00\x00\x00\x00\x00\x00\x00\x00\x00\x00\x00\x00\x00\x00\x00\x00\
\x00\x00\x00\x00\x00\x00\x00\x00\x00\x00\x00\x00\x00\x00\x00\x00\
\x00\x00\x00\x00\x00\x00\x00\x00\x00\x00\x00\x00\x00\x00\x00\x00\
\x00\x00\x00\x00\x00\x00\x00\x00\x00\x00\x00\x00\x00\x00\x00\x00\
\x00\x00\x00\x00\x00\x00\x00\x00\x00\x00\x00\x00\x00\x00\x00\x00\
\x00\x00\x00\x00\x00\x00\x00\x00\x00\x00\x00\x00\x00\x00\x00\x00\
\x00\x00\x00\x00\x00\x00\x00\x00\x00\x00\x00\x00\x00\x00\x00\x00\
\x00\x00\x00\x00\x00\x00\x00\x00\x00\x00\x00\x00\x00\x00\x00\x00\
\x00\x00\x00\x00\x00\x00\x00\x00\x00\x00\x00\x00\x00\x00\x00\x00\
\x00\x00\x00\x00\x00\x00\x00\x00\x00\x00\x00\x00\x00\x00\x00\x00\
\x00\x00\x00\x00\x00\x00\x00\x00\x00\x00\x00\x00\x00\x00\x00\x00\
\x00\x00\x00\x00\x00\x00\x00\x00\x00\x00\x00\x00\x00\x00\x00\x00\
\x00\x00\x00\x00\x00\x00\x00\x00\x00\x00\x00\x00\x00\x00\x00\x00\
\x00\x00\x00\x00\x00\x00\x00\x00\x00\x00\x00\x00\x00\x00\x00\x00\
\x00\x00\x00\x00\x00\x00\x00\x00\x00\x00\x00\x00\x00\x00\x00\x00\
\x00\x00\x00\x00\x00\x00\x00\x00\x00\x00\x00\x00\x00\x00\x00\x00\
\x00\x00\x00\x00\x00\x00\x00\x00\x00\x00\x00\x00\x00\x00\x00\x00\
\x00\x00\x00\x00\x00\x00\x00\x00\x00\x00\x00\x00\x00\x00\x00\x00\
\x00\x00\x00\x00\x00\x00\x00\x00\x00\x00\x00\x00\x00\x00\x00\x00\
\x00\x00\x00\x00\x00\x00\x00\x00\x00\x00\x00\x00\x00\x00\x00\x00\
\x00\x00\x00\x00\x00\x00\x00\x00\x00\x00\x00\x00\x00\x00\x00\x00\
\x00\x00\x00\x00\x00\x00\x00\x00\x00\x00\x00\x00\x00\x00\x00\x00\
\x00\x00\x00\x00\x00\x00\x00\x00\x00\x00\x00\x00\x00\x00\x00\x00\
\x00\x00\x00\x00\x00\x00\x00\x00\x00\x00\x00\x00\x00\x00\x00\x00\
\x00\x00\x00\x00\x00\x00\x00\x00\x00\x00\x00\x00\x00\x00\x00\x00\
\x00\x00\x00\x00\x00\x00\x00\x00\x00\x00\x00\x00\x00\x00\x00\x00\
\x00\x00\x00\x00\x00\x00\x00\x00\x00\x00\x00\x00\x00\x00\x00\x00\
\x00\x00\x00\x00\x00\x00\x00\x00\x00\x00\x00\x00\x00\x00\x00\x00\
\x00\x00\x00\x00\x00\x00\x00\x00\x00\x00\x00\x00\x00\x00\x00\x00\
\x00\x00\x00\x00\x00\x00\x00\x00\x00\x00\x00\x00\x00\x00\x00\x00\
\x00\x00\x00\x00\x00\x00\x00\x00\x00\x00\x00\x00\x00\x00\x00\x00\
\x00\x00\x00\x00\x00\x00\x00\x00\x00\x00\x00\x00\x00\x00\x00\x00\
\x00\x00\x00\x00\x00\x00\x00\x00\x00\x00\x00\x00\x00\x00\x00\x00\
\x00\x00\x00\x00\x00\x00\x00\x00\x00\x00\x00\x00\x00\x00\x00\x00\
\x00\x00\x00\x00\x00\x00\x00\x00\x00\x00\x00\x00\x00\x00\x00\x00\
\x00\x00\x00\x00\x00\x00\x00\x00\x00\x00\x00\x00\x00\x00\x00\x00\
\x00\x00\x00\x00\x00\x00\x00\x00\x00\x00\x00\x00\x00\x00\x00\x00\
\x00\x00\x00\x00\x00\x00\x00\x00\x00\x00\x00\x00\x00\x00\x00\x00\
\x00\x00\x00\x00\x00\x00\x00\x00\x00\x00\x00\x00\x00\x00\x00\x00\
\x00\x00\x00\x00\x00\x00\x00\x00\x00\x00\x00\x00\x00\x00\x00\x00\
\x00\x00\x00\x00\x00\x00\x00\x00\x00\x00\x00\x00\x00\x00\x00\x00\
\x00\x00\x00\x00\x00\x00\x00\x00\x00\x00\x00\x00\x00\x00\x00\x00\
\x00\x00\x00\x00\x00\x00\x00\x00\x00\x00\x00\x00\x00\x00\x00\x00\
\x00\x00\x00\x00\x00\x00\x00\x00\x00\x00\x00\x00\x00\x00\x00\x00\
\x00\x00\x00\x00\x00\x00\x00\x00\x00\x00\x00\x00\x00\x00\x00\x00\
\x00\x00\x00\x00\x00\x00\x00\x00\x00\x00\x00\x00\x00\x00\x00\x00\
\x00\x00\x00\x00\x00\x00\x00\x00\x00\x00\x00\x00\x00\x00\x00\x00\
\x00\x00\x00\x00\x00\x00\x00\x00\x00\x00\x00\x00\x00\x00\x00\x00\
\x00\x00\x00\x00\x00\x00\x00\x00\x00\x00\x00\x00\x00\x00\x00\x00\
\x00\x00\x00\x00\x00\x00\x00\x00\x00\x00\x00\x00\x00\x00\x00\x00\
\x00\x00\x00\x00\x00\x00\x00\x00\x00\x00\x00\x00\x00\x00\x00\x00\
\x00\x00\x00\x00\x00\x00\x00\x00\x00\x00\x00\x00\x00\x00\x00\x00\
\x00\x00\x00\x00\x00\x00\x00\x00\x00\x00\x00\x00\x00\x00\x00\x00\
\x00\x00\x00\x00\x00\x00\x00\x00\x00\x00\x00\x00\x00\x00\x00\x00\
\x00\x00\x00\x00\x00\x00\x00\x00\x00\x00\x00\x00\x00\x00\x00\x00\
\x00\x00\x00\x00\x00\x00\x00\x00\x00\x00\x00\x00\x00\x00\x00\x00\
\x00\x00\x00\x00\x00\x00\x00\x00\x00\x00\x00\x00\x00\x00\x00\x00\
\x00\x00\x00\x00\x00\x00\x00\x00\x00\x00\x00\x00\x00\x00\x00\x00\
\x00\x00\x00\x00\x00\x00\x00\x00\x00\x00\x00\x00\x00\x00\x00\x00\
\x00\x00\x00\x00\x00\x00\x00\x00\x00\x00\x00\x00\x00\x00\x00\x00\
\x00\x00\x00\x00\x00\x00\x00\x00\x00\x00\x00\x00\x00\x00\x00\x00\
\x00\x00\x00\x00\x00\x00\x00\x00\x00\x00\x00\x00\x00\x00\x00\x00\
\x00\x00\x00\x00\x00\x00\x00\x00\x00\x00\x00\x00\x00\x00\x00\x00\
\x00\x00\x00\x00\x00\x00\x00\x00\x00\x00\x00\x00\x00\x00\x00\x00\
\x00\x00\x00\x00\x00\x00\x00\x00\x00\x00\x00\x00\x00\x00\x00\x00\
\x00\x00\x00\x00\x00\x00\x00\x00\x00\x00\x00\x00\x00\x00\x00\x00\
\x00\x00\x00\x00\x00\x00\x00\x00\x00\x00\x00\x00\x00\x00\x00\x00\
\x00\x00\x00\x00\x00\x00\x00\x00\x00\x00\x00\x00\x00\x00\x00\x00\
\x00\x00\x00\x00\x00\x00\x00\x00\x00\x00\x00\x00\x00\x00\x00\x00\
\x00\x00\x00\x00\x00\x00\x00\x00\x00\x00\x00\x00\x00\x00\x00\x00\
\x00\x00\x00\x00\x00\x00\x00\x00\x00\x00\x00\x00\x00\x00\x00\x00\
\x00\x00\x00\x00\x00\x00\x00\x00\x00\x00\x00\x00\x00\x00\x00\x00\
\x00\x00\x00\x00\x00\x00\x00\x00\x00\x00\x00\x00\x00\x00\x00\x00\
\x00\x00\x00\x00\x00\x00\x00\x00\x00\x00\x00\x00\x00\x00\x00\x00\
\x00\x00\x00\x00\x00\x00\x00\x00\x00\x00\x00\x00\x00\x00\x00\x00\
\x00\x00\x00\x00\x00\x00\x00\x00\x00\x00\x00\x00\x00\x00\x00\x00\
\x00\x00\x00\x00\x00\x00\x00\x00\x00\x00\x00\x00\x00\x00\x00\x00\
\x00\x00\x00\x00\x00\x00\x00\x00\x00\x00\x00\x00\x00\x00\x00\x00\
\x00\x00\x00\x00\x00\x00\x00\x00\x00\x00\x00\x00\x00\x00\x00\x00\
\x00\x00\x00\x00\x00\x00\x00\x00\x00\x00\x00\x00\x00\x00\x00\x00\
\x00\x00\x00\x00\x00\x00\x00\x00\x00\x00\x00\x00\x00\x00\x00\x00\
\x00\x00\x00\x00\x00\x00\x00\x00\x00\x00\x00\x00\x00\x00\x00\x00\
\x00\x00\x00\x00\x00\x00\x00\x00\x00\x00\x00\x00\x00\x00\x00\x00\
\x00\x00\x00\x00\x00\x00\x00\x00\x00\x00\x00\x00\x00\x00\x00\x00\
\x00\x00\x00\x00\x00\x00\x00\x00\x00\x00\x00\x00\x00\x00\x00\x00\
\x00\x00\x00\x00\x00\x00\x00\x00\x00\x00\x00\x00\x00\x00\x00\x00\
\x00\x00\x00\x00\x00\x00\x00\x00\x00\x00\x00\x00\x00\x00\x00\x00\
\x00\x00\x00\x00\x00\x00\x00\x00\x00\x00\x00\x00\x00\x00\x00\x00\
\x00\x00\x00\x00\x00\x00\x00\x00\x00\x00\x00\x00\x00\x00\x00\x00\
\x00\x00\x00\x00\x00\x00\x00\x00\x00\x00\x00\x00\x00\x00\x00\x00\
\x00\x00\x00\x00\x00\x00\x00\x00\x00\x00\x00\x00\x00\x00\x00\x00\
\x00\x00\x00\x00\x00\x00\x00\x00\x00\x00\x00\x00\x00\x00\x00\x00\
\x00\x00\x00\x00\x00\x00\x00\x00\x00\x00\x00\x00\x00\x00\x00\x00\
\x00\x00\x00\x00\x00\x00\x00\x00\x00\x00\x00\x00\x00\x00\x00\x00\
\x00\x00\x00\x00\x00\x00\x00\x00\x00\x00\x00\x00\x00\x00\x00\x00\
\x00\x00\x00\x00\x00\x00\x00\x00\x00\x00\x00\x00\x00\x00\x00\x00\
\x00\x00\x00\x00\x00\x00\x00\x00\x00\x00\x00\x00\x00\x00\x00\x00\
\x00\x00\x00\x00\x00\x00\x00\x00\x00\x00\x00\x00\x00\x00\x00\x00\
\x00\x00\x00\x00\x00\x00\x00\x00\x00\x00\x00\x00\x00\x00\x00\x00\
\x00\x00\x00\x00\x00\x00\x00\x00\x00\x00\x00\x00\x00\x00\x00\x00\
\x00\x00\x00\x00\x00\x00\x00\x00\x00\x00\x00\x00\x00\x00\x00\x00\
\x00\x00\x00\x00\x00\x00\x00\x00\x00\x00\x00\x00\x00\x00\x00\x00\
\x00\x00\x00\x00\x00\x00\x00\x00\x00\x00\x00\x00\x00\x00\x00\x00\
\x00\x00\x00\x00\x00\x00\x00\x00\x00\x00\x00\x00\x00\x00\x00\x00\
\x00\x00\x00\x00\x00\x00\x00\x00\x00\x00\x00\x00\x00\x00\x00\x00\
\x00\x00\x00\x00\x00\x00\x00\x00\x00\x00\x00\x00\x00\x00\x00\x00\
\x00\x00\x00\x00\x00\x00\x00\x00\x00\x00\x00\x00\x00\x00\x00\x00\
\x00\x00\x00\x00\x00\x00\x00\x00\x00\x00\x00\x00\x00\x00\x00\x00\
\x00\x00\x00\x00\x00\x00\x00\x00\x00\x00\x00\x00\x00\x00\x00\x00\
\x00\x00\x00\x00\x00\x00\x00\x00\x00\x00\x00\x00\x00\x00\x00\x00\
\x00\x00\x00\x00\x00\x00\x00\x00\x00\x00\x00\x00\x00\x00\x00\x00\
\x00\x00\x00\x00\x00\x00\x00\x00\x00\x00\x00\x00\x00\x00\x00\x00\
\x00\x00\x00\x00\x00\x00\x00\x00\x00\x00\x00\x00\x00\x00\x00\x00\
\x00\x00\x00\x00\x00\x00\x00\x00\x00\x00\x00\x00\x00\x00\x00\x00\
\x00\x00\x00\x00\x00\x00\x00\x00\x00\x00\x00\x00\x00\x00\x00\x00\
\x00\x00\x00\x00\x00\x00\x00\x00\x00\x00\x00\x00\x00\x00\x00\x00\
\x00\x00\x00\x00\x00\x00\x00\x00\x00\x00\x00\x00\x00\x00\x00\x00\
\x00\x00\x00\x00\x00\x00\x00\x00\x00\x00\x00\x00\x00\x00\x00\x00\
\x00\x00\x00\x00\x00\x00\x00\x00\x00\x00\x00\x00\x00\x00\x00\x00\
\x00\x00\x00\x00\x00\x00\x00\x00\x00\x00\x00\x00\x00\x00\x00\x00\
\x00\x00\x00\x00\x00\x00\x00\x00\x00\x00\x00\x00\x00\x00\x00\x00\
\x00\x00\x00\x00\x00\x00\x00\x00\x00\x00\x00\x00\x00\x00\x00\x00\
\x00\x00\x00\x00\x00\x00\x00\x00\x00\x00\x00\x00\x00\x00\x00\x00\
\x00\x00\x00\x00\x00\x00\x00\x00\x00\x00\x00\x00\x00\x00\x00\x00\
\x00\x00\x00\x00\x00\x00\x00\x00\x00\x00\x00\x00\x00\x00\x00\x00\
\x00\x00\x00\x00\x00\x00\x00\x00\x00\x00\x00\x00\x00\x00\x00\x00\
\x00\x00\x00\x00\x00\x00\x00\x00\x00\x00\x00\x00\x00\x00\x00\x00\
\x00\x00\x00\x00\x00\x00\x00\x00\x00\x00\x00\x00\x00\x00\x00\x00\
\x00\x00\x00\x00\x00\x00\x00\x00\x00\x00\x00\x00\x00\x00\x00\x00\
\x00\x00\x00\x00\x00\x00\x00\x00\x00\x00\x00\x00\x00\x00\x00\x00\
\x00\x00\x00\x00\x00\x00\x00\x00\x00\x00\x00\x00\x00\x00\x00\x00\
\x00\x00\x00\x00\x00\x00\x00\x00\x00\x00\x00\x00\x00\x00\x00\x00\
\x00\x00\x00\x00\x00\x00\x00\x00\x00\x00\x00\x00\x00\x00\x00\x00\
\x00\x00\x00\x00\x00\x00\x00\x00\x00\x00\x00\x00\x00\x00\x00\x00\
\x00\x00\x00\x00\x00\x00\x00\x00\x00\x00\x00\x00\x00\x00\x00\x00\
\x00\x00\x00\x00\x00\x00\x00\x00\x00\x00\x00\x00\x00\x00\x00\x00\
\x00\x00\x00\x00\x00\x00\x00\x00\x00\x00\x00\x00\x00\x00\x00\x00\
\x00\x00\x00\x00\x00\x00\x00\x00\x00\x00\x00\x00\x00\x00\x00\x00\
\x00\x00\x00\x00\x00\x00\x00\x00\x00\x00\x00\x00\x00\x00\x00\x00\
\x00\x00\x00\x00\x00\x00\x00\x00\x00\x00\x00\x00\x00\x00\x00\x00\
\x00\x00\x00\x00\x00\x00\x00\x00\x00\x00\x00\x00\x00\x00\x00\x00\
\x00\x00\x00\x00\x00\x00\x00\x00\x00\x00\x00\x00\x00\x00\x00\x00\
\x00\x00\x00\x00\x00\x00\x00\x00\x00\x00\x00\x00\x00\x00\x00\x00\
\x00\x00\x00\x00\x00\x00\x00\x00\x00\x00\x00\x00\x00\x00\x00\x00\
\x00\x00\x00\x00\x00\x00\x00\x00\x00\x00\x00\x00\x00\x00\x00\x00\
\x00\x00\x00\x00\x00\x00\x00\x00\x00\x00\x00\x00\x00\x00\x00\x00\
\x00\x00\x00\x00\x00\x00\x00\x00\x00\x00\x00\x00\x00\x00\x00\x00\
\x00\x00\x00\x00\x00\x00\x00\x00\x00\x00\x00\x00\x00\x00\x00\x00\
\x00\x00\x00\x00\x00\x00\x00\x00\x00\x00\x00\x00\x00\x00\x00\x00\
\x00\x00\x00\x00\x00\x00\x00\x00\x00\x00\x00\x00\x00\x00\x00\x00\
\x00\x00\x00\x00\x00\x00\x00\x00\x00\x00\x00\x00\x00\x00\x00\x00\
\x00\x00\x00\x00\x00\x00\x00\x00\x00\x00\x00\x00\x00\x00\x00\x00\
\x00\x00\x00\x00\x00\x00\x00\x00\x00\x00\x00\x00\x00\x00\x00\x00\
\x00\x00\x00\x00\x00\x00\x00\x00\x00\x00\x00\x00\x00\x00\x00\x00\
\x00\x00\x00\x00\x00\x00\x00\x00\x00\x00\x00\x00\x00\x00\x00\x00\
\x00\x00\x00\x00\x00\x00\x00\x00\x00\x00\x00\x00\x00\x00\x00\x00\
\x00\x00\x00\x00\x00\x00\x00\x00\x00\x00\x00\x00\x00\x00\x00\x00\
\x00\x00\x00\x00\x00\x00\x00\x00\x00\x00\x00\x00\x00\x00\x00\x00\
\x00\x00\x00\x00\x00\x00\x00\x00\x00\x00\x00\x00\x00\x00\x00\x00\
\x00\x00\x00\x00\x00\x00\x00\x00\x00\x00\x00\x00\x00\x00\x00\x00\
\x00\x00\x00\x00\x00\x00\x00\x00\x00\x00\x00\x00\x00\x00\x00\x00\
\x00\x00\x00\x00\x00\x00\x00\x00\x00\x00\x00\x00\x00\x00\x00\x00\
\x00\x00\x00\x00\x00\x00\x00\x00\x00\x00\x00\x00\x00\x00\x00\x00\
\x00\x00\x00\x00\x00\x00\x00\x00\x00\x00\x00\x00\x00\x00\x00\x00\
\x00\x00\x00\x00\x00\x00\x00\x00\x00\x00\x00\x00\x00\x00\x00\x00\
\x00\x00\x00\x00\x00\x00\x00\x00\x00\x00\x00\x00\x00\x00\x00\x00\
\x00\x00\x00\x00\x00\x00\x00\x00\x00\x00\x00\x00\x00\x00\x00\x00\
\x00\x00\x00\x00\x00\x00\x00\x00\x00\x00\x00\x00\x00\x00\x00\x00\
\x00\x00\x00\x00\x00\x00\x00\x00\x00\x00\x00\x00\x00\x00\x00\x00\
\x00\x00\x00\x00\x00\x00\x00\x00\x00\x00\x00\x00\x00\x00\x00\x00\
\x00\x00\x00\x00\x00\x00\x00\x00\x00\x00\x00\x00\x00\x00\x00\x00\
\x00\x00\x00\x00\x00\x00\x00\x00\x00\x00\x00\x00\x00\x00\x00\x00\
\x00\x00\x00\x00\x00\x00\x00\x00\x00\x00\x00\x00\x00\x00\x00\x00\
\x00\x00\x00\x00\x00\x00\x00\x00\x00\x00\x00\x00\x00\x00\x00\x00\
\x00\x00\x00\x00\x00\x00\x00\x00\x00\x00\x00\x00\x00\x00\x00\x00\
\x00\x00\x00\x00\x00\x00\x00\x00\x00\x00\x00\x00\x00\x00\x00\x00\
\x00\x00\x00\x00\x00\x00\x00\x00\x00\x00\x00\x00\x00\x00\x00\x00\
\x00\x00\x00\x00\x00\x00\x00\x00\x00\x00\x00\x00\x00\x00\x00\x00\
\x00\x00\x00\x00\x00\x00\x00\x00\x00\x00\x00\x00\x00\x00\x00\x00\
\x00\x00\x00\x00\x00\x00\x00\x00\x00\x00\x00\x00\x00\x00\x00\x00\
\x00\x00\x00\x00\x00\x00\x00\x00\x00\x00\x00\x00\x00\x00\x00\x00\
\x00\x00\x00\x00\x00\x00\x00\x00\x00\x00\x00\x00\x00\x00\x00\x00\
\x00\x00\x00\x00\x00\x00\x00\x00\x00\x00\x00\x00\x00\x00\x00\x00\
\x00\x00\x00\x00\x00\x00\x00\x00\x00\x00\x00\x00\x00\x00\x00\x00\
\x00\x00\x00\x00\x00\x00\x00\x00\x00\x00\x00\x00\x00\x00\x00\x00\
\x00\x00\x00\x00\x00\x00\x00\x00\x00\x00\x00\x00\x00\x00\x00\x00\
\x00\x00\x00\x00\x00\x00\x00\x00\x00\x00\x00\x00\x00\x00\x00\x00\
\x00\x00\x00\x00\x00\x00\x00\x00\x00\x00\x00\x00\x00\x00\x00\x00\
\x00\x00\x00\x00\x00\x00\x00\x00\x00\x00\x00\x00\x00\x00\x00\x00\
\x00\x00\x00\x00\x00\x00\x00\x00\x00\x00\x00\x00\x00\x00\x00\x00\
\x00\x00\x00\x00\x00\x00\x00\x00\x00\x00\x00\x00\x00\x00\x00\x00\
\x00\x00\x00\x00\x00\x00\x00\x00\x00\x00\x00\x00\x00\x00\x00\x00\
\x00\x00\x00\x00\x00\x00\x00\x00\x00\x00\x00\x00\x00\x00\x00\x00\
\x00\x00\x00\x00\x00\x00\x00\x00\x00\x00\x00\x00\x00\x00\x00\x00\
\x00\x00\x00\x00\x00\x00\x00\x00\x00\x00\x00\x00\x00\x00\x00\x00\
\x00\x00\x00\x00\x00\x00\x00\x00\x00\x00\x00\x00\x00\x00\x00\x00\
\x00\x00\x00\x00\x00\x00\x00\x00\x00\x00\x00\x00\x00\x00\x00\x00\
\x00\x00\x00\x00\x00\x00\x00\x00\x00\x00\x00\x00\x00\x00\x00\x00\
\x00\x00\x00\x00\x00\x00\x00\x00\x00\x00\x00\x00\x00\x00\x00\x00\
\x00\x00\x00\x00\x00\x00\x00\x00\x00\x00\x00\x00\x00\x00\x00\x00\
\x00\x00\x00\x00\x00\x00\x00\x00\x00\x00\x00\x00\x00\x00\x00\x00\
\x00\x00\x00\x00\x00\x00\x00\x00\x00\x00\x00\x00\x00\x00\x00\x00\
\x00\x00\x00\x00\x00\x00\x00\x00\x00\x00\x00\x00\x00\x00\x00\x00\
\x00\x00\x00\x00\x00\x00\x00\x00\x00\x00\x00\x00\x00\x00\x00\x00\
\x00\x00\x00\x00\x00\x00\x00\x00\x00\x00\x00\x00\x00\x00\x00\x00\
\x00\x00\x00\x00\x00\x00\x00\x00\x00\x00\x00\x00\x00\x00\x00\x00\
\x00\x00\x00\x00\x00\x00\x00\x00\x00\x00\x00\x00\x00\x00\x00\x00\
\x00\x00\x00\x00\x00\x00\x00\x00\x00\x00\x00\x00\x00\x00\x00\x00\
\x00\x00\x00\x00\x00\x00\x00\x00\x00\x00\x00\x00\x00\x00\x00\x00\
\x00\x00\x00\x00\x00\x00\x00\x00\x00\x00\x00\x00\x00\x00\x00\x00\
\x00\x00\x00\x00\x00\x00\x00\x00\x00\x00\x00\x00\x00\x00\x00\x00\
\x00\x00\x00\x00\x00\x00\x00\x00\x00\x00\x00\x00\x00\x00\x00\x00\
\x00\x00\x00\x00\x00\x00\x00\x00\x00\x00\x00\x00\x00\x00\x00\x00\
\x00\x00\x00\x00\x00\x00\x00\x00\x00\x00\x00\x00\x00\x00\x00\x00\
\x00\x00\x00\x00\x00\x00\x00\x00\x00\x00\x00\x00\x00\x00\x00\x00\
\x00\x00\x00\x00\x00\x00\x00\x00\x00\x00\x00\x00\x00\x00\x00\x00\
\x00\x00\x00\x00\x00\x00\x00\x00\x00\x00\x00\x00\x00\x00\x00\x00\
\x00\x00\x00\x00\x00\x00\x00\x00\x00\x00\x00\x00\x00\x00\x00\x00\
\x00\x00\x00\x00\x00\x00\x00\x00\x00\x00\x00\x00\x00\x00\x00\x00\
\x00\x00\x00\x00\x00\x00\x00\x00\x00\x00\x00\x00\x00\x00\x00\x00\
\x00\x00\x00\x00\x00\x00\x00\x00\x00\x00\x00\x00\x00\x00\x00\x00\
\x00\x00\x00\x00\x00\x00\x00\x00\x00\x00\x00\x00\x00\x00\x00\x00\
\x00\x00\x00\x00\x00\x00\x00\x00\x00\x00\x00\x00\x00\x00\x00\x00\
\x00\x00\x00\x00\x00\x00\x00\x00\x00\x00\x00\x00\x00\x00\x00\x00\
\x00\x00\x00\x00\x00\x00\x00\x00\x00\x00\x00\x00\x00\x00\x00\x00\
\x00\x00\x00\x00\x00\x00\x00\x00\x00\x00\x00\x00\x00\x00\x00\x00\
\x00\x00\x00\x00\x00\x00\x00\x00\x00\x00\x00\x00\x00\x00\x00\x00\
\x00\x00\x00\x00\x00\x00\x00\x00\x00\x00\x00\x00\x00\x00\x00\x00\
\x00\x00\x00\x00\x00\x00\x00\x00\x00\x00\x00\x00\x00\x00\x00\x00\
\x00\x00\x00\x00\x00\x00\x00\x00\x00\x00\x00\x00\x00\x00\x00\x00\
\x00\x00\x00\x00\x00\x00\x00\x00\x00\x00\x00\x00\x00\x00\x00\x00\
\x00\x00\x00\x00\x00\x00\x00\x00\x00\x00\x00\x00\x00\x00\x00\x00\
\x00\x00\x00\x00\x00\x00\x00\x00\x00\x00\x00\x00\x00\x00\x00\x00\
\x00\x00\x00\x00\x00\x00\x00\x00\x00\x00\x00\x00\x00\x00\x00\x00\
\x00\x00\x00\x00\x00\x00\x00\x00\x00\x00\x00\x00\x00\x00\x00\x00\
\x00\x00\x00\x00\x00\x00\x00\x00\x00\x00\x00\x00\x00\x00\x00\x00\
\x00\x00\x00\x00\x00\x00\x00\x00\x00\x00\x00\x00\x00\x00\x00\x00\
\x00\x00\x00\x00\x00\x00\x00\x00\x00\x00\x00\x00\x00\x00\x00\x00\
\x00\x00\x00\x00\x00\x00\x00\x00\x00\x00\x00\x00\x00\x00\x00\x00\
\x00\x00\x00\x00\x00\x00\x00\x00\x00\x00\x00\x00\x00\x00\x00\x00\
\x00\x00\x00\x00\x00\x00\x00\x00\x00\x00\x00\x00\x00\x00\x00\x00\
\x00\x00\x00\x00\x00\x00\x00\x00\x00\x00\x00\x00\x00\x00\x00\x00\
\x00\x00\x00\x00\x00\x00\x00\x00\x00\x00\x00\x00\x00\x00\x00\x00\
\x00\x00\x00\x00\x00\x00\x00\x00\x00\x00\x00\x00\x00\x00\x00\x00\
\x00\x00\x00\x00\x00\x00\x00\x00\x00\x00\x00\x00\x00\x00\x00\x00\
\x00\x00\x00\x00\x00\x00\x00\x00\x00\x00\x00\x00\x00\x00\x00\x00\
\x00\x00\x00\x00\x00\x00\x00\x00\x00\x00\x00\x00\x00\x00\x00\x00\
\x00\x00\x00\x00\x00\x00\x00\x00\x00\x00\x00\x00\x00\x00\x00\x00\
\x00\x00\x00\x00\x00\x00\x00\x00\x00\x00\x00\x00\x00\x00\x00\x00\
\x00\x00\x00\x00\x00\x00\x00\x00\x00\x00\x00\x00\x00\x00\x00\x00\
\x00\x00\x00\x00\x00\x00\x00\x00\x00\x00\x00\x00\x00\x00\x00\x00\
\x00\x00\x00\x00\x00\x00\x00\x00\x00\x00\x00\x00\x00\x00\x00\x00\
\x00\x00\x00\x00\x00\x00\x00\x00\x00\x00\x00\x00\x00\x00\x00\x00\
\x00\x00\x00\x00\x00\x00\x00\x00\x00\x00\x00\x00\x00\x00\x00\x00\
\x00\x00\x00\x00\x00\x00\x00\x00\x00\x00\x00\x00\x00\x00\x00\x00\
\x00\x00\x00\x00\x00\x00\x00\x00\x00\x00\x00\x00\x00\x00\x00\x00\
\x00\x00\x00\x00\x00\x00\x00\x00\x00\x00\x00\x00\x00\x00\x00\x00\
\x00\x00\x00\x00\x00\x00\x00\x00\x00\x00\x00\x00\x00\
\x00\x01S\x86\
\xff\
\xd8\xff\xe0\x00\x10JFIF\x00\x01\x01\x00\x00d\x00\
d\x00\x00\xff\xdb\x00C\x00\x02\x01\x01\x02\x01\x01\x02\x02\
\x02\x02\x02\x02\x02\x02\x03\x05\x03\x03\x03\x03\x03\x06\x04\x04\
\x03\x05\x07\x06\x07\x07\x07\x06\x07\x07\x08\x09\x0b\x09\x08\x08\
\x0a\x08\x07\x07\x0a\x0d\x0a\x0a\x0b\x0c\x0c\x0c\x0c\x07\x09\x0e\
\x0f\x0d\x0c\x0e\x0b\x0c\x0c\x0c\xff\xdb\x00C\x01\x02\x02\x02\
\x03\x03\x03\x06\x03\x03\x06\x0c\x08\x07\x08\x0c\x0c\x0c\x0c\x0c\
\x0c\x0c\x0c\x0c\x0c\x0c\x0c\x0c\x0c\x0c\x0c\x0c\x0c\x0c\x0c\x0c\
\x0c\x0c\x0c\x0c\x0c\x0c\x0c\x0c\x0c\x0c\x0c\x0c\x0c\x0c\x0c\x0c\
\x0c\x0c\x0c\x0c\x0c\x0c\x0c\x0c\x0c\x0c\x0c\x0c\x0c\xff\xc0\x00\
\x11\x08\x01\xc2\x02\x8a\x03\x01\x11\x00\x02\x11\x01\x03\x11\x01\
\xff\xc4\x00\x1e\x00\x00\x01\x04\x03\x01\x01\x01\x00\x00\x00\x00\
\x00\x00\x00\x00\x00\x03\x02\x04\x05\x06\x00\x01\x07\x08\x09\x0a\
\xff\xc4\x00L\x10\x00\x01\x03\x03\x03\x02\x04\x04\x03\x06\x04\
\x04\x04\x03\x06\x07\x01\x02\x03\x04\x00\x05\x11\x06\x12!\x07\
1\x13\x22AQ\x08\x142a\x15q\x81\x09#BR\
\x91\xa1\x16$3\xb1Sbr\xc1\x17\x184\xd1C\x92\
\xe1\x19&'DTs\x0a%(5Uc\x82\xff\xc4\
\x00\x1c\x01\x00\x02\x03\x01\x01\x01\x01\x00\x00\x00\x00\x00\x00\
\x00\x00\x00\x00\x02\x01\x03\x04\x05\x06\x07\x08\xff\xc4\x00=\
\x11\x00\x02\x01\x03\x04\x00\x05\x03\x01\x06\x06\x01\x02\x07\x01\
\x00\x00\x01\x02\x03\x04\x11\x05\x12!1\x06\x13\x22AQ\
\x142aq\x15#3B\x81\x91\x07\x16$4R\xa1\
C\xb1\xc1%5b\xd1\xe1\xf0\xf1S\xff\xda\x00\x0c\x03\
\x01\x00\x02\x11\x03\x11\x00?\x00\xfa\xb8\xc1\xc05\xea\x0f\
.:m]\xc5\x00;h\xe4\x03@\x0e\x99_oJ\
\x00p\xd3\x99>\xf4\xb2,\x1d\xc7\xf2\xe0\xd2\x80\xf5\x87\
@\x22\x96@9h\xe7\x14\xa5\x81\x02r\xa1Q \x0e\
\xd6=i\x06\x88d\x9c\x1a\x06\x0c\x85\x9cw\xa0\x05\xa5\
~\xf4\x00\xaa\xac\x9d\xa6P\x1bM\xa5[Nh%#\
jIW9\xcd\x03\x09#\x14\x01\xb4}B\x80\x17@\
\x1bI\xc1\xa0\x05%Y\xa0\x0d\x81\x9a\x00^\xc1\xf7\xa0\
h\x8a\xd8h\x18\xde\xc3\xf6\xa0\x0d\xa9;\xa8+5\xe1\
\x1a\x00\xda\x86E\x03D\xd6\xc3\xf6\xa0c6\x1f\xb5\x00\
l'\xcb\x83@\xad\x1a-\x91A\x18bH\xc5\x00\x96\
L\xa0s(\x01I\xe1=\xfdid,\x8cS\x85T\
\xa2\x89\xa0\x0d\x94\x94\xd0N\x19\x89\x194\x06\x18D}\
B\x82TBm\xf2\xe6\x80\xdam\xb1\x92h'\x082\
\x13\xd8P\xc9\x16\x11\x83U\xb0\x14\x0e\x01\xa0\x0dP\x06\
P\x06P\x06P\x06P\x02|#@\x1a\xd8h\x03T\
\x01\x8a\xe4\x1ah\x80:`\x12\xb4\xee\xa0\x00\xb8\x8a\xb0\
\x00\xb8\xdf\x07\x1cPC\xe8\x11I\x14\x08j\x80\x12\xbe\
\xf4\x0a\xd0\x9a\x08\xc32\x80\xc36\x1a\xc2\xbf\xef@\xe6\
);h\x01\x0b\xefM\x11d&\x98Q\x0aN\xda\x00\
J\x95\xb6\x80\x06\xa5\xf2}\xe8\x03E\xc2S\x8a\x00B\
\xce\x07\xe7R\xbb!\xf4\x01c=\xfdi\xc4\x00\xea\x01\
Wj\x04}\x8d\x9eg\x22\xa5v@\xd5\xc6\xb1\x91\x9e\
)\xc5hn\xf2p9\xa7]\x0c6u'\x9a\x91d\
3}\xbd\xc0\xe4zT\xfb\x11\x11\xb7\x81\xf7\xa8\x1c`\
\xc9$\x1a\x0a\xc7M/\x1cP\x03\xb6W\x85\x03\xe9@\
\x0e\x9a9\xc5\x009e\x5cb\x96E\x83\xa6\xc9\xda9\
\xa5\x01\xc4e\x0d\xe3=\x8d,\x80|\xd2\xf6\x0e;R\
\x96\x06J\xb3\xeb\xcdD\x802\x15\x8aA\xa2\x10(\x83\
@n~\xe1\x02\x8f\xbd\x01\xb8[K\xf7\xa07\x06m\
\xcd\xdd\xea\xb1\xf7\x9bR\xb0x\xa07\xa1`\x12\x9e\xd4\
\x13\xbb=\x1bH\xc0\xa0cddP\x02\x00\xc2\x80\xa0\
\x05\xd0\x06P\x06P\x01\x01\xf6\xa0\x036B\x93\x9a\x06\
\x88\xac\x8fq@\xc6P\x06PF\x11\xb5\x0c\x01@a\
\x1a\xa8o\x04\x99Q\xb8\x0c\xa3p\x19F\xe03\x22\x8d\
\xc0 \xab\x22\x8d\xcc\x0dTd\x0c\xa3 fx\xc5@\
\x19A\x18BT\xafA@a\x0a'\xde\x82M\xa4\xe0\
\xd0\x02\xc7\x9b\xb5\x00\x17w\x97\x14\x01\xb6\xc1\x07\x8a\x00\
2U\xc6j\x1fD\xed\x14\x95g\xbd m\x15A.\
(\xca\x052\x802\x802\x802\x80\x14V1@\x09\
\xa0\x04\xf8\x7fz\x00I\x18\xa6\x88\x09X\xf5\xa6\x01*\
\xech\x00.zU\x80\x05c9\xa0\x04);h\x17\
h5\x8c\x1a\x03i\xa23A\x0d`\xdf\x97\xf9E\x04\
\x19\xe5\xfeQ@\x1a\xa0\x0d,\x7fj\x00\x1a\x8e\x054\
E\x90\x82qL(5\xaf\x9a\x00\x199\xef@\x08Y\
\xc9\xa0\x0ddP\x02\x16rjWb\xc8B\xfb\xd3\x8a\
\x01\xd0M\x00\x09\xd4g\xd0\xd4\xae\xc8hj\xeb~\xe3\
\xd3\x14\xe2\x0d\x9f\x194\xeb\xa0\x1a\xba\x82s\xc5H\xb2\
\x1a\xba\x9d\xb9\xf5\xa6\xcf\x04Dm\xe1\xfd\xe9G!\xd8\
p\xe0\xd0V;d\x83\xdc\xf6\xa0\x07\xad\x803\x8a\x95\
\xd9)d;\x0a\xc0\xcf\xb7\xa5@m\x1c\xb2\xae3\x8a\
\x86\x87\x1c\xb0\xad\xc4f\x90\x07m\x0f*~\xd5\x0dd\
\x07m/ {R\x0c\xa4\x15\xb5`\xd2\xc8`\xe8s\
\x22\x94\x05\x871\xebQ\x967\xdd\xd8\xbd\xc3\xde\x8c\xb0\
\xda)\xb7JF{\xd1\x96\x1bB6\xe9\x14m\x14(\
\xf3\x9e\xf8\xa8\xdaN\xd0\xcd\xbb\xc6\x0dCX\x1a+\x02\
\xc6\x0a\xf85\x03\xa9\x18IH\x19\xef@\xc6}G>\
\xb4\x01\xb2q@\x19\x91\xee(\x03(\x01H\xf5\xa0\x02\
\xb6\xb2\x13\x8fJ\x86\xf04E\x04\x83\xebFP\xc2\xe8\
\xdc\x06Q\xb8\x0c<\xd1\xb8\x0c\xa5o iJ)\x1c\
b\xa0\x0d\x173\xe9@\x1a\xc9\xf74\x01\xaa\x00\xd0W\
<\x8cf\x80\x12\xac\xa7\xd6\x803'\xdc\xd0\x06\x03\xb0\
\xf1\xfd\xe8\x03\x0a\xcd\x00h\x1c\x1a\x00\xd9%G\x9a\x00\
\xc4\xab\x1d\xe8\x00\xa8^\xce\xd4\x00\xa4\xac\x9eM\x00\x15\
.\x95\x9eqA9\x16\x0e\x13\x8a\x03p\xa4\x1c\xe6\xa1\
\xa0\xdc+'\xde\xa1\xc4\x1b\x14\x95\x92})H\x15@\
\x19A)d\xd1$\x0fJ\x09\xdabNE\x01\xb4\xdd\
\x01\xb4\xca\x08\xda$\xac\x9a\x94\xb2OBI\xc9\xa7\xc0\
\xa6\x97\xf4\xd0\x00\x96y\xa0\x04,dS&\x00\xb6{\
\x9a`\x10\xb5m\xfay\xa0\x018;P\x06\x04\x02(\
\x16Bh\x14\xca\x00Jy<\x93@\x18\xa5\xe6\x82\x1f\
@\xd4\xa0G\xad4E\xec\x12\xcf&\x98\x80g\x95s\
\xc5\x00%G\x02\x82\x17@\x940;\x9a\x09\x13O\xb4\
\x0c\xa3h\x1aRwT\x8b\xb4\x1a\xd3\xc9\xe6\x82\x1a\xc0\
5\xaf\x1cz\x9a\x08\x1b\xbb\xe7\x1c\xd5\x82m\x1a\xbe\xc8\
\x00\xfd\xa9\xd4\x81\xac\x0c\xdcO\xf7\xa9\x15\xac\x8c\xdd\xca\
I\xc0\xcd\x00\x90,\x0faA$\x03\x1d\x8d\x05c\x94\
w\xa0\x07\xac\x92\x91\xc9\xa9]\x8d\x11\xc3n\x00*\x06\
\x1c\xb2\xbe1@\x07ey\x03\xedU\x80\xf1$\x04\x8c\
P\x03\x96W\xc8\x00\xd2.\xc9A\x90\xaf\xbdCC\x85\
B\xf8\xefH\xd7\xc0\x0a\x0e\x1fz\x8c\x0d\x10\x89t\x0e\
\xfc\x8a\x06\x0a\x85`c\xd2\x80\x14\x85\x8c\xd0V8B\
\xbf\xad\x03\xae\x85\x05\x15\x1fJ\x89\x12\x15\xb7v\x1aA\
\xa2(\xac\xab\xd6\x81\x8dn\xdb\xeb\x8a\x00\xcc\xe7\xd6\x80\
2\x80\x16\x85db\x80\x14\x95m4\x00D\xac\x01\xeb\
K!\xa2-+\xe6\x94a{\xc7\xde\x805\xe2+\xdc\
\xd0\x06x\x8a\xf74\x01\x89_<\x9a\x00\xd1^h\x03\
T\x01\x94\x01\x94\x01\x8a\xc0\x07<\xe2\x80\x12\xb3\xc6(\
\x01\x07\xb8\xa0\x05)[\x8d\x00j\x802\x800\x1c\xd0\
\x06P\x06\xc2\xf1@\x04\x0b#\xd6\x80\x14\xdb\xa0\x1ey\
\xa0\x03%\xde8\xc1\xa0\x02!t\x00\xbc\x8fq@\x18\
\x15\x9e\xc6\x97h\x1b\xc9\xf74m\x03A\xdc\x1fSF\
\xd1\xa2l\xaf4m\x18\xc4\xab\x15\x18\x01u\x00!g\
\x9a\x00\xd54E\x91\xa2p)\x85\x12U\x92y\xa0\x04\
\x91\x9a\x00EJ\xec\x01\xad\x14\xe0\x0f\xc3\xd8(\x00j\
\x19\xceh\x03\x00\xc0\xa0I\x03\xa0\x83(\x01\x0a\x184\
\x00\x85\xab\xd2\x82\x1fBi\xa2*\xec\x1994\xc4\x1a\
Zr(!\xf4\x0d\x7fM\x00\xba\x04\xa1\x83\x9fJ\x95\
\xd9\x22i\xc0\xca\x00\xd1^8\xa0\x01\x14\x92\xa3\xcd\x02\
\xc8\x12\xfe\xaa\x05\x02\xa2\x07\x06\xac\x01\xb3\xa7#&\x82\
\x1fCW\xc6s\x8e1N\xba\x10j\xe0\xf2\x1a\x90\x03\
@\x15\x96\x5c\xa9\xc3#\x08p\xd2\xc8\x1c\x9eh\xc3\x0c\
!\xe39\xc7\xadJX\xec\x9c\x07i]\xbdi@t\
\xd19\xf5\xa0\x03\xb2\xbd\xbd\xf8\xaa\xc8lr\xdc\x80E\
\x04\x8e\x1bx\xe0{\x0aD\x99+\x87\x90\xcd\xba\x15\xeb\
M!\x93\xc8T\xb8R=i\x09\x14\x87\x09>\xb5\x18\
\x190\xe9W\xb5CD\xe43Nz\x1a6\x92\x11\x0a\
\x14\xa5c\x84\x9es@\xe8X^\xdfjY\x12-'\
 r)F\x89\x8aV\xc1@\xc6\xc1\xc8\xa0\x0c\x07\x14\
\x00\xb0\xbc\x9e\xd4\x00\xa4\x8c\x9a\x00 AWj\x8c\xa0\
\x14\x9e\xd5\x12y\x1a\x22\x81\xc1\xa5\x18X9\xa0\x0c\xa0\
\x0c\xa0\x0c\xa0\x0c\xa0\x0c\xa0\x0c\xa0\x0dg9\xf4\xa0\x05\
\x826\xfd\xe8\x00$\xe6\x803\x14\x01\x94\x01\x94\x01\x94\
\x00\x94\xe4\x1e\xc6\x80\x17\x83\xech\x03T\x01\x80\xe6\x80\
6\x95m4\x00F\xd5\x82=\xa8\x00\xcd\xac\x83@\x05\
\x074\x01\x94\x00\xa4\xab\x1d\xe8\x01+9_\x1d\xa8\x1a\
!\x01\x06\x81\x8c\xa0\x05)y\xedI\x86FP\x9a0\
\xc3(\xc2p)\x92\x22O\x22\x16rjE5@\x19\
@\x08P\xe4\xd0\x02V<\xb5`\x08>n\xf4d\x00\
\xad9\xa0\x04\xd0#@\xe8#\x06P\x18\x12\xb0s@\
\x02 \xe7\x9a\x04\x94\xbe\x04\xab8\xe2\x9a \xbb\x10F\
)\x880\x9cPC@\x942(\x05\xd0'\x14Oq\
\x8a\x09\x13Vd\x0d\x84\x95\x1e\x01\xa0\x01\x11\xcf4\x01\
\xa2\xbc\x1cb\x81$\x09\xccf\x82\x0083\xdc\xe2\x9b\
p\x0d$$\xa4\xfd\x8d0\x01ZwS\xa6V5y\
9\x06\xa79\x00\x5c}\xa8\x02\xa5\x1d\xdc\xe6\xac\x01\xd3\
G\x04P\x03\x86]\xe4\x02H\xa1\x80\xe9\x87>\xdc\xd5\
`9a\xccw8\xa0\x02\xa1\xdc\x9fZ\xacY\x05A\
\xc1\xa0a\xca$\x1d\xb8\xa0g\xca\x0f\x1d\xccPDG\
\x01x\xaa\xc7\x16\x870=(\x00\xa8]+D`:\
\x1e\xcd)!\x90A\xfc\xe8\x00\xed\xaf4\x0e\x82\x1c\x10\
;T>\x89\x16\x9fJBb\x13#\xdcP9\x80\x01\
@\x0a\xc0\xf6U\x00l$\x0a\x00R>\xaa\x87\x9f`\
\x16\x0f\xb1\xa4\x01A|s@\xc9\x98\x17\xe6\xfbPN\
P\xa4\xab\x8e\x0d\x01\x94+y\xfbPI\xb4\x9c\xfaP\
\x06\xf3\x8a\x00\xd6\xf1@\x19\xbcP\x06o\x14\x00\x95,\
\xaa\x805@\x18x\xfb\xd0\x02J\xcf\xe5@\x1bI\xe3\
\xbd\x00o#\xdcP\x06d{\x8a\x00FO\xb9\xa0\x0c\
\xc9\xf74\x01\x9b\xcd\x00)#\x1c\x8a\x00\xd89\xa0\x05\
%@'\xbd\x00\x11\x0e\xd0\x01\x12\xf74\x00\xb0\xef\xe5\
@\x0aJ\xb7\x0e\xd8\xa0\x0c*\x02\x80\xc9\xb0\xac\x1e\xe2\
\x81\xf2\x85o4\x06Q\xad\xe6\x81\x0d\x95\xf6\xfe\xf4\x00\
\x92s@\x19@\x19@\x1a*\x02\x806Nh\x00j\
Oq@\x03\xa0\x04(`\xd5\x80!i\xc1\xcd\x00\x0b\
a\xa0\x0d-'\x18\xa0\x04\x92O\xa5\x05XB\x14\x06\
9\xa0\x9c\x09P\x00w\xa6\x88`\x19Vi\x84hJ\
\xd3\x9fZ\x08\x11@\x08[{\xa8\x00J\xc08\xcdJ\
\x037mN3\x81N\x00\xd6\xe74\x005\xaf\xcf\x8a\
\x04\x90\x85\x1c\x9a\x08\x12\xfby\x03\xfb\xd0\x03i\x09\x0b\
\xe3=\xaa\xc0\x1b\xb8\xde\xc3F@j\xf8\xe0\xd3DI\
!\xb7\x86=\xcd>X\xb8E5\x83\xb0\xfet\xe4\x8f\
\x1b|d{P\x01\x98P\xc8\xa0\x07m\xaf\xcb\x9e\xd5\
X\x06i\xcc\x1eh\x00\xe8s\x02\xab\x00\x81\xfc\x9e\xf4\
\x00V\x9d4\x00v\xe4`P\x03\x84\xbf\x9a\xac\xb0+\
n\xe7\x02\x80\x0c\x87y\xee*$\x01\x9b_<\xe2\x90\
\x036\xe6\xc3\x93\xcd\x009e\xec\xf1@\xeb\xa0\xa9w\
\x901K\x22B\xa1\xdaQ\xa2l\xb9\xec(\x18\xd89\
\x1d\xa8\x01{\xd5\xf7\xa0\x0d\xa1D\x9e\xd4\x00\xb4\x12\xa3\
\xde\x86\xc0X\xc8\xf7\xaa\xc0RTH\xed@\x1a\x0e{\
\xd0\x02\xd2\xafLP\x06\x17}\xb9\xa0\xb0\xcc\xab\xef@\
\x1b$\x8e\xf4\x01\x9e&}(\x03<O\xb5\x00g\x89\
\xdb\x8e\xf4`\x0c\xf1>\xd5,\x0c\x0esP\x06\xca\x82\
s@\x09Q\xdd\x93\xed@\x1a\xed@d\xcc\xfaP\x06\
c\x8a\x00VS\xec\x7f\xad\x00fS\xec\x7f\xad\x00h\
\x91\xe8(\x03@\xe0b\x80\x14\x8e\x05\x00)'v(\
\x03`\xe0\xd0\x02\xd2\xafj\x00Z\x5c\xf7\xa0\x0d\x871\
\xeb@\x1b\x0e\x1cr(\x01`\xe6\x803&\x80\x09@\
\x1b\xc1\xf64\x01\xaa\x00\xca\x00\xca\x00\xc5\xa3\xc9\x9c\x1c\
\xd0\x06$`P\x00\xdds\x07\x18\xa0\x01\xd0\x02\x14r\
{U\x80h\xf2(\x00t\x00\x95\xa7\xd6\x80\x10\xa7\x00\
\x14\x15\x83P\xc8\xa0\x9d\xacJRI\xeci\xa2\x1bX\
\x97;S\x09 .+\x0a\xe6\x81D\x83\x91\xda\x80\x10\
\xe3\x85'\xed\xf7\xa0\x01\x95\x02\xac\xf1\x9a\x95\xd8\x08Y\
\xc9\xf7\xa7\x00n\xab\x06\x80\x00W\x97\x0f\xda\x81dg\
\x89\xe6\xf4\x14\x0am\xe5\xeeG\xb5\x005X9\xab\x00\
n\xfa\xf9\xc5\x007w\x0aA\xe6\x9a\x22\xc8mNF\
\x1f\xc1F\x8c\xb2s\x93F\xe2\x07\x8d\x9f \xf7\xa3p\
\x0eY;q\xf6\xa3s\x01\xc3/g\x19\xa8\x00\xe9X\
Wc@\x05C\x84\xa7\xd2\x91\x80D,g\xd6\xa0\x02\
\xa5\xd2O\x1cP\x01\x9bQ#\xbd\x00-\x0e+=\xe9\
\x1a\xc0\xdb\x98\xe9\x0flMA)\xe4p\x87F\xdc\xe2\
\xa1\xa2C2\xe0Q\xe6\xa7\x00\x18I\x04\xfa\xd5cm\
\x0e\xd3\xf8Vq@\xc1[\x7fq\xed\x8a\x86\xb2\x01\xd2\
\xee\x0dN\x09O\x02\x92\xeeMVFBo>\xf4\x13\
\xb8\xcd\xe4z\x9a\x06O\x22\xd0\xbf_\xebA\x22\xd2\xe0\
\xcf#\x15\x0dd\x0d\xf8\xdf\xf3\x1a\x90\x08\x5c+O\x14\
\x8d`\x0c\xc8\xf7\x15\x00b]\xda;\xe6\x801+\xf5\
\x06\x807\xe2+\xdc\xd0\x06\xd6\xf7\x1e\xf9\xa0t\xcc*\
\xcar($\xc28\xe1B\x800\xb8U\xc0\x03\xcbN\
\x96\x0a\xcd\x85aX4\x8c\xb0\xd2_\x0bw\x01<T\
e\xe4\x1fF\xd0\x01$\x15`\x9e\xd5\x22\xc5\x99\xb8)\
\x04\x9c\xa1)\xfe\xf4\x0c\xe0\xd9\xad\xc0cq\xc0=\xa8\
!E\xae\xc5)\xdd\xa4\x0d\x9d\xe8$\xc5\x00\x93\x9c\x92\
=\xa8\x03(\x03(\x03(\x03(\x03\x01\xc2q@\x1b\
\x0a\xc6>\xd4\x00\xa0s\x9a\x00Z;\xd0\x06\xf2\x07z\
\x00\xdd\x00f~\xf4\x00D8\x01\xfc\xe8\x00\x94\x00\xa0\
\xbfz\x00^\xf3@\x1a\xa0\x0c$\x0a\x00IX\xa0\x0d\
\x17\x09\xf5\xa0\x0c\xdeq\xde\x80\x12\xb1\x9fJ\x00\x12\xd5\
\xc6*R\x00Ed\xfa\xd3\x81\x80\x91@\x1a\xa0\x0d/\
\xe94\x00%\xa4m\xec(\x13\x22h#\x22V\xbd\xa7\
\xedM\x10\xc8'\x15\x9e\xc34\xc2\xc8\x0a\xc6\xf3\x9a\x05\
\x13\xb8\x8a\x00J\xc8=\xe8\x018N@\xc0\xc5\x00!\
\xc0\x01\xe2\x9bp\x0d\xdd>jb\xbc\x83RG&\x82\
[\xc8\x90\xa4\x83\xcd\x04\x08s+\x18\xddM\xb5\x09\xb8\
\x0a\xd4\xacw\xa6\x1cn\xef'9\xa0\x06\xaa$\x13R\
\x90\x93\xfc\x08\xc8\xfb\x7fJr\xad\xac\xa0\xb1\xd8\xd0X\
;i|\x9c\xd0\x03\x86\x17\x95d\xd0\x03\x86\xd5\x82>\
\xd4\x00P\xaf\xbd\x00\x11\xa5\x94\xa7\xbei\x1f`\x11+\
\xcf\xa9\xa8\x00\x88t\xe7\xd6\x80\x0e\xdb\xe0{\xd0\x01Z\
s=\xcd,\x802\x1d\xdd\xc6iF\x88t\xbaA\xef\
@\xc1\xdap\x83\xde\x80\x0c\x87\x87\xe5U\x96\x0eXu\
#\xd4P\x01\xd0\xe8Wc@\x06C\xbb\x85\x00\x11\xb7\
R\xa5pj\xb0\x0c\x15\xc6\x05\x00l,z\xf1@\xd1\
3x\xc7z\x06\x14\x14G\xaeh\x03aC\xd4P\x01\
\x9aV[\xe38\xfc\xa9d\x06\xf8\xfb\xd2\x80\x85+#\
\x02\x806\x17\x8fZ\x00X^=\x8d\x00g\x89\xbb\xea\
\xe4P4L\xdd\xbc\xfa\x01@\xc6\x05\xa5\x07\x83\x9a\x00\
\xcf\x18\x95q\x9e\x07&\x86\xf0\x186\x85\x80\x01\xefP\
\x9e@\xc2\xf0\xfa\x82v\xd0\xc8\xed\xe0\xd9\x05\xdc\x14\x84\
\xa4\x8fs\xde\x8d\xc0\xd6:\x14\xca\x14\xf7\x09\x1b\xc7\xb7\
\xa5\x1b\x96y!T\x96E\xaa;\x8c\xa7\x05<\xfd\xc7\
j\x14\x90\xde\xa7\xd9\xa5\xac\x03\x82|\xc3\xd2\x8c\xa0\x12\
\x97y\xc2\xb2\x07\xdb\x9a2\x80\xdf\x8cj@\xcf\x19_\
j\x00\xc0\xb2\xa3\xcd\x00ij\xc7\x14\x01\xb4\x9c\x8a\x00\
\xdd\x00)\x07\x9a\x00\xd8s\x0a\xfbP\x06\x8a\xf9\xf7\xa0\
\x05\x05\xe0w\xa0\x0d%\xcf\xd2\x806\x95\xf3\xc1\xed@\
\x07i\xcf\xbd\x00,8=x\xa0\x0d\xef\x03\xd6\x807\
\xbfw\xad\x00e\x00o\x07\xd8\xd0\x06\xa8\x03JV\xda\
\x00B\x94@<\xd0\x00\x96x4\xd1\x01\x14\xc0e\x00\
e\x00i\x7fI\xa0\x01\xaf\xe94\x15\x88'\x02\x80\x00\
\xf2\xf0=\xe9\xa2\x00\xca\x89\xefL,\x84)\xcc}\xe8\
\x14\x12\xde\xcb\x9c\xab\x9a\x00J\xd7\xe9\xde\x804\x17\x81\
@\x1a'&\x80\x02\xe8\xeej\xc2\xb0KW\xa5\x00\x0d\
\xccg\x8e\xf4\x00/\x13>\xd5aX7\x95\xc1\xfbP\
X\x05\xc3\x91@\x0dVpM4D\x92\xc3\x11\x93\xec\
?\xa51\x05\x01\xb76w\x14\x00v]\xde3@\x07\
e\xceh\x00\xe9{\x14\x00V\xce\xefSQ\x94\x01Z\
x\x03\x8aV\x01\x92\xa0\x83\xcd@\x0a\x0e\xfbP\x01P\
I\xe7\xb7\xda\x80\x0a\xda\xea\x1a\xc8\x07eX4\xad`\
h\x87B\xf6\xd4\x0c\x15\xb7\xf3\x8a\x86\x03\x86\xdc\x0a=\
\xa9R\xc8\xdb\x82\xa1\xd0;\x83PF\xe0\xe9s#\xbe\
('pf\xd7\xc7r(#pd9\xb5@\xfb\xd5\
c\x86K\xc3\xd74\x00\xa4/\xf4\xa0\x94\xf0-$\xaa\
\x81\x93\xc8\xa0H\xa0\x93\x0a\x88\x1cP\x01\x9atm\xc1\
\x07\xf45\x0dd\x0d\x95v\xc04\xac\x0d\xa5e=\xd3\
P\x02J\xe8\x03\x03\xb8\xa0\x02!\xc4\xac`\x9cP4\
M\xad`\x0cm\xc9\xfbT r^\xc5;\xe2\x13\xad\
\x7f\xf9r\xe9t\xddP,35\x0aa\xb2\xa7Lh\
\xa3+8\xf4\xa5\x93\xcf\x08\xdbB\xd5T|\xc9#\x83\
|\x0f~\xd6[w\xc7\x16\xa9\x99f\x8b\xd3\xcb\xf6\x99\
z*\xb6\xadr\xc1\x00TyS\x8a\xdd\x22\xeb\xab8\
\xd3YR=[\x229\x83(\xb4IV\xd3\xde\xa6\x9f\
'6//\x06\xc3\xbf2\xf8m\x00)Y\xc6\xd1\xde\
\x9a|!2\x94\x9c}\xc8\xbdg\xael\x1d0\x82&\
j\x8b\xcc;; \x15$\xc8XN\xe1T\xb9\xfc\x1b\
-\xed*U\x96\xd8\x9eL\xeb\x17\xedJ\xfcwT\xff\
\x00\x83\xba{n}\xa9r\xd6Cw\xacn\x8e\x90\x0f\
zU.O@\xb4YR\x8e\xfa\x87E\xd0\xff\x00\x15\
\x9a\x8fNid.\xfa\xc2\xef\x93[O\x9d,'\x95\
\xfb\xa8S\xa6\xb1\xc1\xce\xa9m\x1a\xb3\xdb\x17\x82\xf1\xd3\
\x8f\x8c]\x0d\xd4\xa8\x8a\x0f\xdc#\xd8\xa76\xb2\xda\x99\
\x90\xb0\x15\x91\xe9\xfdi|\xccvW_K\xab\x05\xba\
<\x9d.\x18E\xda*_\x84\xfbsc\xa8d8\xd9\
\xe0\xd3)\x1c\xd9'\x1e\x1ff\x9f>\x0a\x80P)'\
\xd3\xd6\xadRB\xa9&\xccm\xc0\xe2\x88\x19\xe0\x1ad\
\xb2Y\xb3\xe0[`\x9eG\xafj\x97\x12\xbc\xf2c\x82\
\x942i\x1c\x1eN('(#xQ\xe0\xe4\x0a\x00\
\xd2\xc8J\xb1\xde\x8038V\x0f\x14\xc9&C\xcf\xb1\
\xa0B\xb2\x07\xa5N\xc1\xa3\x19?c\x03\x988\xdaM\
#\x13<\xe0\xd2]J\x8e3P\xdf\xc1f>E\xb6\
1\xc9\xce\x054VE\x16\xa5l\x19\x194\xf8#(\
R\x1c\xde\x0eNi$\xb1\xd0\xd0\x8c\xa5\xd0\xa4\xbb\xbb\
\xb1\xf4\xcf\xde\xa15\x91\x1bi\xe1\x8bB\xfc\xa0\xf7>\
\xd5-\x16J8\xe8\xcf\x13\x8e\xe6\xa0Sm\xb8\x5c\xa0\
\x0d\xa9\xdd\x87\x04P\x06(\xee\xfbP\x02W\xf4\x9a\x00\
\x0a\x97\x9a\x94\xf0\x02J\xc04\xe0b\x95\x8a\x1f\x00l\
\x1c\x8a\x00\xd1\x19\x15\x19@\x09\xd5m\xa9+\x02\xb7>\
\xd4\x005\x0fzh\x80\x15/\x04\xd3\x08\xdeA,\x9c\
\xf7\xa0V\xd2\xec\x1a\xfe\xaa\x84\x08\xd5I\x22A\xdc\xa0\
\x05\x043j%'\x9a\x94\xb2F\xe0N\xaf\x19\xa7\x14\
\x0a\xddN(\x00\x0e/\x7fn(\x01;vz\xd5\x82\
a\x83[\x81^\x95\x09\xe4pN\xa8'\x8ej@n\
\xeaw\x83\xe9M\x12\x1a\xc8\x1d\x87\xf9\x851\x1bJ\x0a\
\x07\xad\x02\x86O\x94\xd0\x01\xd0\xac\x0e;\xd0\x02\xb7\x9a\
\x00+K*\xf5\xaa\xc0+n\xe0\xfd\xe8\x00\xe8;\xb0\
s\xc5\x00\x11/\x84(\x0e\xf9\xf5\xa0\x03!\xd0\xa5\x1a\
\x00\x22W\x9a\x00+n\x80R\x0f\x15\x12\x1a!\xc3\xfc\
\xf3H0F\x9e\x00\xfbf\x96@\x19\xa7Nx\xa6\x00\
\xc8w=\xe9\x18\x0e\x1bt\x11P\x01C\xf8\xa0\x03\xb2\
\xf0=\xcd,\x8b\x02\x07\x09<\x1c\x8aP\x0a\x1d\xe7\x1e\
\xb4\x00F\xdd;\xb1\x9cPJ\x09\xe2\x1fz\x070\xa8\
\x91@\x1bK\x85)\xe2\x80\x16\x998\xc6j\x1a\x01f\
@\xc8\xe3\xbd \x19\x91\xee(\x032=\xc5\x00k;\
\xc7\x03v=(\x06\xccB\xf2\x00R\xb6\x04\xd0\x83g\
9\x01\xaa\x12\x89:\x1e\xec\xd3\xe8\x0e\xc7[$aC\
#\xb5+X\xc0\xf1n]\xf0q?\x82\xcd\x07j\xd3\
\x1a\xbfQ\xbf\x0a\x0bM?# \x14\xa4\x0c\x1c\xd6\x9a\
\xd9t\xd7%x\xc7\xa3<\x9d\x9b^kKGM\xac\
O]5-\xcd\xabtV\x06\xe5+p*\xfe\x95\x87\
~:6\xda\xdaT\xa9,Ed\xf2O\x5c\xbfj\xd7\
\xcc\xbc\xabWL\xec\xe9\xbf6\xa1\xb1w\x00v\x96\xbe\
\xf5T\xea>\xd9\xea\xac\xfc5M\xb5*\xcf\x0c\xf3\x1e\
\xb4\x97\xa8\xba\xc9q\x5c\xbdo\xa8\xa4\xdd\x9at\xeeE\
\xbd\xd5\x1d\xad\xe7\xd3\xdf\x15\x9d\xd4\xc7G{\xe8\xa9\xd2\
\x94|\xa5\xfdL\xb7\xdbSk\x8a\x94[\x19\xfc=\x0c\
chO<\x0a\x88\xd4.\xad\xeb\x8e\x1a\xe0\xf4OD\
\xfa\xac5-\x9d\xa2\xd9H\xb9EO\x85\xb3\xf9\x87c\
[)\xcf\x83\xc9\xdd\xdaB\x9c\xfc\xa7\xd3#z\xd7\xd0\
\xbbV\xb8\x8e\xe6\xa5\xd3\xd1|)l\xf0\xfbh\xc8;\
\xfdN)$\xb8\xc1n\x99t\xe9\xd4t\xaa\xf2\xbd\x99\
X\xe9\xafZ5\xbfL\x1cJ\xa0\xea\x09sc\xb4\xad\
\xbf&\xa3\x8d\xbfnj\xb7'\x16t\xef\xf4\x9aU\x16\
`w=\x05\xfbJ\x1fjKQ\xf5U\x85\x10\xd1\xf4\
\x99\x04\xee\xab\x15C\xcf\x5cx}\xaeirw}\x0f\
\xf1\x09\xa2:\x90\xa4\x1be\xe9\xa3%c\xfd3\xc7&\
\xad\x8d\x5c\x1c\x8a\xdae\xcc\x1f\xa8\xbb*\x0b\xa9o\xc4\
IB\x92\xae\xdbV\x0e\x07\xbd\x5c\xaa&\xb0f\x93\xf2\
\xf8\x9a\xe4\x0e\xe2\x83\x95\x82M3k$m\xdc\xb3\x11\
a\xdd\xe0\xe1<\x0fJ\x10\xce\x9a\x8f\xdc\xc5)8=\
\xb6\x9fl\xd3\xe1\x10\xf1\xec% \xa4\xe7\x14\xbbQ\x06\
8\xb2\xbc\xe4yS\xedQ\xdb\x0c\xf0i\xb1\xea\x0fz\
\x5c\x0f\x1a\x93q4\xdb\x89[\x84\xee \x03\xe83F\
\xc6g\x94d\xe5\x91L\x05I^\xd4\xb6AWc\x8a\
\x96\x92X,\x94d\xbb\x1c\xb7my\xa4\xf9\xcbh\x1f\
\xf3,\x0a\xaaU\xa2\x89\x85,\xf4\x88\x8d_\xaf\xb4\xe7\
O\xe1\x17oW\x98\x91R\x06H\xf1FES;\x85\
\xec_\x1b9K\xa4q^\xa1\xfe\xd5N\x87t\xc8\xb8\
\xc4\x8dS\x1d\xf9\x8dvh\x0c\xe7\xf5\xaa\xfe\xa4\xec\xdb\
xr\xf5\xe2QG\x0d\xff\x00\xed\xea\xd2\xfa\x87\xaa6\
\xfb\x06\x9e\xb33p\x8d:JX\xf9\x8c\x91\x8c\x9cR\
\xc2\xabf\xfb\xaf\x0fJ\x95\x0f2\xe3\xb3\xdeQ\xe4&\
\xe9h\x8bqm_\xbb\x94\xda\x5c\x03\xdb\x22\xb6By\
<r\xa6\xd30,\x8e1\xda\xaec\x0aB\xf9\xedP\
\x02\xcb\xbe\xa6\x80\x12W\x9fZ\x00B\x97\x90h\x01;\
\x87\xbd\x00!d\x9e\xd4\xe8\x04n\x22\x8c\x11\x94l;\
\x8e\xd5\x1bE\xdcl\xbaOz\x9c\x22w\x1a\xf1B\xea\
E4\xac\x1fJ\x00\x03\x8a\xcex\xa6\x89\x0cj\xb3\x92\
sL \x85\x1c\xa8\x9a\x08x\xf7\x04\xa5\x02}\xaa\x17\
@\xba\x10\xa5f\xa4\x93D\xe0f\x9a$>\x8do\xdd\
\xc94\xc2\x02yg&\x80\x1b\x95\x15zP\x00\xd6=\
h\x01'\x8e\xf5`\x03#\x14\x88\x048pM8\x01\
u^S\xf7\xab\x00\x05\x04d\xa1\x81\x81@\x81\x12\x0a\
\x8f\xb5\x00\x15\x0a\xf3c\x07\xf3\xa0\x05\x05}\x8d\x00-\
+\xf7\xa4\xc0\x0b\x0ec\x8fZ\x80\x0c\xca\x95\xb7\x19\x18\
\xa0\x02%yV=h\x00\xc8^\x13@\x05C\xa4s\
\xde\x82R\x08\x95\x85\x1aY\x13\x10\xc8_\x1f\x9d(\xc1\
\x10\xf7\xbd,\x803nd\xf7\xa6\x00\xc8r\x96H\x03\
\x87\xf8\xa5\x00\xcd\xab?\xad\x00\x11\x0b\xdbK\x22\xc0\xed\
\xbf\x9c\x0fz\x8c\x00D\xb9\xeb\x9c\x1a\x80\x0a\x87\xbb\x0c\
\x1c\xd4\xb44E%\xcc\xe7\xdcw\xe6\xa0a{\xf03\
@a\x9bS\xe18\xe7\xbfje\xca\xc0\x1b\xf1\xc0\x19\
$\x00;\xe6\xa1&N\x18\xa4:U\x8a\x82\x05\xf8\x9f\
\x95#!\x1b\xdep{`P\x89\xfdM\xa5\xc0\x10\xac\
\x9c\x9f\x7fJd\xbeHx\xc0\xb6R\xeb\xcd\x84\x96\xca\
\xca\xc9\xe4$\x91Q&\x821\x9a\xec\x84\xea.\xba\xb2\
t\xfbE\xdd\x15}\xba\xc2e\x0d\xb4Id<\x90\xe2\
\xbe\xc0U\x12\x9fF\x88\xe9\xf5k\xacQG\x86\x9a\xfd\
\xa3Rte\xe2\xea\x8d\x07m\xf1]Y#|\xd6\x88\
I?cU\xd6\xac\xd4OK\xa6xZ\xa4\xbf\xdc\xbc\
\x1c\x8bRk\x9dM\xd6\xad@\xfd\xd7Y\xdd%\xa3\xc7\
V\xef\x94i\xd3\xe0~[}\xab\x14j\xbfs\xd6\xd2\
\xb6\xa5k\x15N\x92\x13\x15\xc6m\xa8S6\xc8\xacE\
Gl\xb6\x90\x9d\xdf\x9d\x12y|\x93\xe49\xfa\xc2G\
HZ\xc2\x96\xb4\xa9\xff\x00u\x1aI/\x81\xd4'\x15\
\xb7\xe4\x1c\x9b\xd4h\x8a\xde\x97J\x9fO\x1bA\xf2\x9f\
z\x88\xc47O\x1b\x07ZwT?\xa3\xaf-]\xa1\
\xadHRH*l\x9f)\xc9\xe7\x8a\xb5M\xc5\xe1\x19\
.\xec\xe1Z\x9f\x96\xcfH\xe8~\xa5\xb7~\xb4\xb7\x7f\
\xb6\x96\x8b-\xa05&1<,\x9e\xea\xc7\xadiO\
'\x92\xado:\x0dS\xcf\x08\x84\xea\x17I\x18\xd5\xac\
\xb9\xa8\xf4\xb3\x8d\x90\x01/\xc6\xdd\xe6\x0a\x1c\x93\x8a%\
\x14t\xec\xaf\xa7F\x1e]\xc7\xdas\x14\xca\x8fr\x0b\
m\xf4\xb6\xa9\x08V\xd5\xb6\xf0\xe4~\x95\x872\x5c\x1d\
\xdaJ\x18\xdd\x11\xb3\xb6\x14\x09~$yr\xa0->\
d\x96\x15\xb0w\xfbU\x8em\x0bQ\xa9zf\x8b\xbf\
O>$z\x8d\xd1\xd7A\xb4\xcbE\xd6/e&r\
\xca\xce\xda\xb2\x13\xf79\xd7Z5\xbdu\xd7't\xd0\
\x1f\xb4\xda\xc3!\x86\xe2k\x082#\xccW\x90\xae;\
X@?\x9d]\xbd\xb3\x8bq\xe1\xda\x90x\xa7\xd1\xde\
\xf4gS\xb4\xdfQm\xac\xc9\xb5]\xa1\xa5\xb7\x86B\
\x5cxo\xfe\x95b\xa8p\xab\xe9\xd5\xa9?\xde\x22\xc0\
\xe47\x10ABV\xe2H\xfa\xc0\xc85\xa1Mc%\
\x0b\x9e\x825jy\xd6\xb7\xaf\xf7)\xf5\xdf\xc5W*\
\x88\x96\xb02\x95x\xb5\xd9V~~\xf7l\x8c\x9fP\
\xe3\xe9G\xfd\xe9<\xf5\xd8\xca\x8dI,A\x1c\xf3\xa8\
\xdf\x18\xfd.\xe9\x92Vgj\x18n\xad\xbe\xe1\x89\x09\
V1\xfa\xd2\xce\xe9\xa3}\xae\x99s%\x9d\xaf\xfb\x1c\
'\xa8\xbf\xb7?\xa3Z\x22;\xcc@L\xf9\xb3\x13\xc2\
p\xde\xe0Mf\x95\xdb:\xf6\xfe\x15\xb9\x93\xcc\x8f=\
\xf5\x13\xff\x00\xe2\x02\xd4\x93__\xf8F\xc4\xca\x9b$\
\x84\x17\xd8\x22\xaaw2}\x9d\xca>\x0d\x86?|\xd9\
\xc1\xba\x8f\xfbHz\xf3\xd6\xe2\xe1rL{K\x0a\xc8\
\xfd\xc3\x85\xb2\x01\xaa\xe5^O\xb3\xb7g\xe1\xcbz]\
\xa3\x90j+\x86\xb7\xd7e_\x8ek\x0b\xca\xf7\xab%\
?4\xa3\xff\x00z\xa1\xd4;\x94m-\xa2\xb0\xa0\xbf\
\xb1\x18\xbd\x0bh\x8c\xc8D\xa7\x1e\x9c\xf1\xe4\xb8\xf7\x98\
\xe6\xa5I\x17\xc2\xda\xa3\x9e\xd5\xc1f\xd1\xb0\xed\xfa:\
\xfd\xa7\xa5\xc6\x82\xc3E\x99\xcd\xafpl\x03\xc2\x85_\
O/\xa3\xc6x\xca\xeat\x97\x95\x93\xef7Au\xaa\
5\xefC,\xd7$l\xc1m);{p+\xa3C\
\x09\xf2|\xcd\xc5\xa8e\x96\x849\xe4\x19\xeeFkS\
+6\x1c \xd0\xc0\xd9t\x15{T 5\xbf\x9a\x00\
M\x041+\xedA&\x8b\x84'\xf2\xa7]\x06D\x05\
\xe3\xbdH\x8c\xd2\x9f\xdb\xdf\x1f\xd2\x82\x0c\x123\xed\xfd\
(\x03e\xd0;\xd0\x02\x14\xfe=jp\x03w\xa4\xee\
\xce\x01\x19\xa9\x88\xb2\x1b)\xce\xf4\xc2\x8a\xcf\x14\x10\xc0\
,\xe5T F\xbb\xd0H\x95\xa8m\xefM\x12\x1fB\
i\x84\x04\xe9\xdc\xa1@\x03Y-\x9a\x00\x1a\x94\x00\xf4\
5(\x86\x05\xd5\xe5^\xf4\xe1\x93N/\x8fjX\x92\
\x01j\xca\x89\xf4\xa6\x01\xbb\xdfEX,\x81d{\x8a\
\x9c!J2U\x9a\x81b\x19\x07\xef@\xc6\xd1\x93\xeb\
\x8a\x09\xf6\x09\xe2sA\x06\xfc]\x86\x807\x92\xac\x11\
\xebK \x0a\xc9\x1fzP\x0a\x83\xe6\xcd\x008d}\
\xe8\x00\xa9\x18\x15\x5c\x87H\xdbj\xc9\xce($?\x8d\
\xb8\xa7\x03\x8f\xf6\xa0\x05\xa1[\xa8\x00\xe9P\x07\xde\x80\
\x08\x85~\xb4\x00\xb4\xb8\x13\xf7\xa0\x036\xf9\x18\xef\xc5\
,\x80;R\x0aO\xa5(\x04C\xbc\x9e{\xd0:a\
\x82\xc14\x12\x15\xa700EC!\x85h\x02\x9e2\
I\xefH\x1b\xd9\x9e\x22\x92\x9d\x8a\x07\xcd\xc8\xcd\x01\xe6\
HW\x89\xe2\x14\xb7\xd9)\xf5\xa0\x95S\xe4\xde\xf1\xb0\
\xa5~nr*S\x1b\xcd1\x0e\x15\xb9\xf5\x0d\xa3\xb0\
\xa9\xdcC\x97\xc0\xa5?\x85\xf9\x941I(\x8c\xfd#\
\x86Xzf\x03\x0d\xa9`\xf7\xa4\xce\x06Qr\xe0\xaa\
\xf5+\xae\xfa+\xa2Q^\xff\x00\x10j\x18\x0cLi\
\x1b\x84E,\x07\x16O\xa0\x15]J\xb9\xe8\xd7m\xa6\
\xdcU\x96#\x1e\x0f(\xf5s\xf6\xa5_5X6\xdd\
\x07g\x93f\x01e\x22s\xa3sg\xefY\xe5Q\x1e\
\x9e\xcf\xc3\xa9z\xea\xbc\xfe\x0f?\xea\xf7\xee]C\xbc\
\x1b\x8e\xb3\xbc9s\x9a\xb5n\x05\xa7H@?q\xed\
TJ\xa9\xe9h\xd1\x85\xbcW\x96\x80\xbd\x7f\x8f\x168\
b:ZR\x1b\xed\xb5#'\xf3\xaa\xdc\x9c\xbb.o\
z\xdc\xc6\xff\x00:\xb9@da9\xfdip\x86q\
\xcfa\x16\xfb\x8d\xb0C.\x04'\xd5'\x93R\xc6\xdb\
\x85\x84&4\x058|Y\x0b\xdc\x07\xf0\xe7\x19\xa0H\
\xc5\xac\x01q\x88\x10\x9f%)%\xc5\xf2\x12M9j\
\x0c\x16]p*G\x0c\xe3\x01\x1e\xb5$\xa8\xe4\xb0h\
mV\xe6\x84\xba!\xd67\xaa\xda\xe1\xc3\xac\x83\xc1\xcd\
Y\x16s\xaf\xac\xe1R9\xf7;\x9e\x9b\xbf@~;\
wM\x1f%-H)\xfd\xfb\x05[\x81\xcf~=\xcd\
Y\x93\xc9\xb8NU<\xba\x88\x0e\xa5\xe9]\x8b\xac\xb1\
\xcc\xbbr\x93\xa75\x1bgr\xd2\xf1\xc7\x8d\x8f\xb7\xde\
\xa3j\xcf&\xbbk\xd9Z\xcbk\xe5\x1c\xd6\xf9h\x99\
\xa4.\xc6\xdfrmM\xc9G\x01D}C\x1c\x11U\
e\xb5\xea=\x0c+*\xd1S\x83\xca4\xa9\xa6;\xa1\
\xb7R\xae<\xdb\xfd*\x8e3\xc0<\xe3\x11\x16\xfcX\
\xf7fJ^\x0d\xbc\xd2\xbdR\x9eE2\x93C\xa5$\
\xb7&3\x89\xa4\x9f\xb3,\xbd\xa7\xa6I\x875\xae[\
%\xd2@?\x95Y\x96gn2{k,\x86\x1f\xb5\
K\xa8\xbd\x11i\xeb%\xd1j\xb8\xbc\x8f#KJ3\
\xb8\xd5r\x9f\xb1L\xb4\x1aU?x\xb89'S\xbf\
j\x17\xc4\x06\xb9}\xc1\x1e[\x96{q>_\x11\xbc\
\x02\x9fz\xab\xccf\xfbO\x0c\xdaI\xfa\xd6NA\xad\
\xfa\x9b\xd4\x9e\xa70\xa7\xafz\xb5nw\xc0C\x85=\
\xfb\xd4JY=\x0d\x1d&\xda\x8f\x14\xe2SQ\xd3\xf8\
\xce \xb9>d\xd9r\x14r\xa2_&\xaasf\xdf\
\x22+\xb48cGX,i\x0e5\x19Kx\x9c\xf9\
\xce\xea\x14\xd1u:9x\xc1 \xdd\xc0\xc4H,\xb2\
\xcaRy\xfaG\x14\xb2\x91k\xa5\xb5\x8d$]\xdf\x92\
\xe7*\xc0>\xd4\x99\x19$7s.\x12\xa2\xa3\x90=\
\xe9[\xc0\xc9\xe3\xd8\x0a^L\xa9\x08H\xe4\x85\x0ax\
>Kc\x98\xe6\xa3\xf6-\x0f\xb2\xb9-\xe1I\xc2\x98\
IX\xc7~=ke%\xceQ\xf1\xbdv\xba\xabx\
\xdbyL\xfa\xff\x00\xfb(\xf5\x825g\xc2e\xbe+\
\x8b\x0a~:\xcf\x04\xe4\xe2\xb7\xc7\x07\x95\xb9\x7f\xbcq\
;\xf8Z\x8f#\xb0\xadk\xf2g\xc0\xa7\x1e)\xda\xae\
\xca\x14\xd2\x15&`p\xbb\xc9\xefH\x86\x15\xe3yq\
\xc5H\x09.`\xfd\xe8!\xf4$\xb9\x91\xf7\xa9HA\
%\xcc\xf79\xa6K\x00\x0dk\xdaq\x9c\xd4\x8c\x985\
9\xb8\xf7\xa0Q>&(\x03fF{\x10*\xc27\
!+VG\xff\x00Z\x09\xca\x06\xb5\x929\xa0W\x96\
\x0c\x9d\xc7\xda\x81D,\x81\xc78\xa0\x01\xa9x8\xa0\
\x01\xad\xcd\xc4\xf1\x8a\x10\x03Y\xe7\x15a\x0f\xa1%X\
\xf5\xa0A.\xbd\x85(\xf7\xc5\x00\x0c\xb8I\xa0\x01)\
y\x07\xb5J\xec\x87\xd0=\xe7\xde\x9c@o\xa8\xa8p\
iR,\x06W\x84\xe0\xd3\x00\xdd\xd5\x93\xebN\x96\x05\
\x90*\x91J2^O|\xd0,B\x22Bq\xe9@\
\xc2\x84\x8e1\x9a\x06\xf6\xc1\x81x9\xcf\x14\x06\xd0\x9e\
(\xc1\xc9\xc1\xa0\x8d\xa2\x90\xf8#h#\x8fjG\xd8\
m\x08\x87\x07\xa1\xefP\x1bC\xb4\xe0\xc8\xcf\xa5\x01\xb4\
:\x1e\x07\xb5\x03a\x0bK\xbb\x8fzF&p-.\
\x90*\x06\x8b\x0a\x95pq\xc6h\x18++\xfb\x0a\x00\
7\x89\xcflP\x02\x92\xf9Oc@\x0bK\xbb\xbdh\
\x00\xad\xbb\x8e\xd4\xb2\x00\x89{\x07\xbd(\x05\x0f\x14\x9e\
\xf4\x0e\xba\x0c\xd3\xc7\x8a\x09\x0c\xdc\x8cw T2$\
\xf0\xb2Au\x93Y\xdc\xfaw\xd2;\x9d\xfa\xcd\x07\xf1\
[\x941\x96b\x93\x8f\x18\xfet\x85\x94\xd4Y\x15\xf0\
\xc5\xd5\x9dM\xd7\x0d\x03*\xed\xaa4\xfa4\xe4\xa8\xca\
\xc3L\xa5[\xbcD\xff\x005\x19&Q\x8a\xec\xbd\x19\
%i\xda\x15\xbb\xdc{S.\x8a\xe2\x93YF\xfcU\
x\x84);\x10\x91\x92~\xd5\x18\xf6)\xc3\xceP{\
tGf;\xb9\x94'g\xa9Y\xc6*\xa7<rl\
\x8d<\x14\x9e\xb2\xfcMh?\x87\xf6\x5cV\xa1\xbb\xb0\
\xdc\xe4\xa3-\xb0\x92\x16\x14On\xde\xf4\x8e\xb1\xa2\xcb\
N\xaft\xf1N'\x90:\xd3\xfbHu\xd7V\xdbr\
\xd9\xa5\xedJ\xd3\xb6\xf2\xad\xa8\xb90\xbf2\xc6}\xab\
-Z\xb8\xe4\xf6V^\x19\xa5G\xd77\x96q\x19\xd6\
U\xdc\xe7\x19\xda\xaas\x9a\xae\xe4\xbe|G\xc9\xca\x0f\
\xb5fu\x9b;\xb0\xa7\xb5b\x92\xc0\xfc\xdd\x9df\x18\
`\x01\x15\x94\xf0\x1aOlUM\xe4n\x13\xdd\x8e~\
F.\xc5\x13TIqX\x03\xb1\xf5\xfc\xea\x0b!(\
K\x99\x1b/\xc7\xb66\x13\xb1\x00\xab\xb1\xc7zu\xd1\
n\x17\xb0\xb0\xfb\x8f\xa4(#\x08=\x94*FQ\x14\
\x97R\xce\x16H$\xfa\xd0\xc6Q\xcf\x03ys\x9e\xb8\
\x0f\x0a? \xf7W\xb5By\x0d\x8d{\x07j \x88\
\x94\x95\xa4>\xe2F\x0a\x8f\xa1\xa6L\x9cr\x11\xd7\xda\
rB\x02\x8e\xf7\xfd\x13M\x92\x99\xcaQ\xe5\x06eN\
6\xe6\x5c\x1e\x121\x8d\xbe\x86\xa5\xbc\x03\x8a\x97$\x86\
\x9e\xbf\xce\xd1W\x03:\xd0\x92\xa7\x11\xe6,g\x85}\
\xeaT\x8c\xb7v\x90\xad\x1e\x16\x19\xd0\xb4\xee\xa3WZ\
\xcf\xe2bI\xb4\xdf#p\x19G\xf1m\xecj\xdc\xa9\
\xac\x9ez\xa5\xa7\xd3=\xb3Y.\xb6'\xed\xddZm\
VMP\xf0\x85{e8bJ\x86T\xe9\xc7\x035\
\x0e;\xf8e\x14\xe5R\xdaJTy\x8f\xba\xf8\xfdN\
i\xael\xb7\x1e\x93je\xda/\xec\xab\xc29\xf0\xe4\
w\x0b\x07\xb6H\xaagOgg\xa4\xb4\x97\xd5\xa7:\
`\xd0\xd2\x1b`\x18\xefliC\xcb\x8fZ\xa56\xf9\
\x09\xe6\x9b\xc4\x82\xb5sr\x12\x12>\x93\xea\xaa|\x96\
8).\x8ec\xd6m2\x8b\xe3\xfe2\xdbHp\x1c\
\xa5\xfcd\xa2\xa9\x93m\x9d{Z\x94\xb6(\xbe\xcer\
\xb4\xdc\xf4\xecU\xa6s\x86\xe7\x0c\x8f&\xf1\xf4\x0a\xad\
\xe5\x1b\xe5J)f\x97\x05f\xfd\xa2\x98\xd4\xeaD\x8b\
T\x92\x87\x87*\x8f\x8c\x0c\xd1\x96\xc2\x85\xc4\xe3-\xb3\
\x5c|\xfb\x95\xe9Q\x9f\xb7I1\xe52YX8\x1f\
zL\x1d\x05QO\xa1\xb3\xca\x0e=\xb1)\xdf\xe9\x9f\
Z\xad\xa7\xec[\x1c\xaeP\x19\x0f\x15\x0cn\xfbTG\
>\xe5\xbb\xdb\x5c\x89{\x0d5\x9d\xc34I\x82\x8eD\
0\xa5\x14(\xa8\x9cc\x14\xa1\xe5\x87\xd1Q\x13#T\
\xb4\x97\x07\xee\xca\x87\xe5V\xd2k&}f\xe3\xc8\xb2\
s~\xe7E\xbdZ\x10\xd6\xa7u-\x8c6\xb6@\x15\
\xd4\xa6\x92Y>\x18\xe6\xe7U\xc9\xff\x00\xfb\xc9\xee\xdf\
\xd8\xc5\xad\xdc\x17\xeb\xa6\x9bS\x87\xc3\x8f\x1c\xa9\x09\xcf\
\xa9\xab#\xf7\x19oi\xa5-\xff\x00'\xbaC\x8a\x8c\
\xb5!^\xbd\xabz\xeb'>S\x04\xe3\xdbH\x04\xd3\
H]\xc8R\x9e\xe4`\xf1R\x97\x04\xa7\x91?1\x9a\
\x92M\x87\x8eh!\xf4l\xb9\x8er3Q\xb5\x08\x0f\
\xc5\x00\xfdB\xa4\x04-\xdc*\x80\x06^\xe3\xd34\x10\
\xde\x04x\x87\x18<\xd0!\xac\xfeUa\x180,\xe7\
\xb8\xa0\x9c\x1auyO\x14\x11\xb7\xf2!N\x0d\x9c\xf7\
\xa0\x90eY=\xf1@\x18\xa3\xc9\xf4\xa0\x01\xb8@5\
+\xb0\x04\xa5rM9\x0f\xa0n,z\x1c\xd0 %\
\xaf'\x90(\x03J^G\x14\x005\xacm\xfb{\xd4\
\xae\xc8}\x03Z\xf8\xfbS\x88\x01nn\x1c\x1cPX\
\x09n\xf1\xde\x9dD\x00\xa9x\xeejE\x91\xad\xe3\xef\
@\xa77nQ\xc7$PBX\x0a\x99$q\x94\xd0\
HQ(z\x91A;\x98\xb1+w\x19\x18\xa07\x1b\
/\xed\xedQ\xb8shx\x1e\xe4\x1f\xd2\x95\x80\xe5\xb9\
;\x88\xe4T\x00f\xdf\xc9\xef@\x05jI\x18\xc1\xa0\
\x02\xa5\xfd\xc7\xd6\xa1\xc5\x10\x97\xc8\xb4\xbb\x93\xdcT4\
\x91!\xd3##\x82)@3O\xfd\xc0\xa0\x02\xa1\xc2\
E\x00\x12\x806\x978\xc5C`\x14;\x84\xf7\x19\xa4\
\x01M\xbb\x8e\xe6\x80\x0c\x15\x84\x82H\xc1\xa9\xe0\x95\xbb\
!\x10\xff\x00\x86\xa1\xb4\x11\xf9\xd2H\x9c\xb0\xe9Pp\
\x8flg44\xd8ml\x8a\xea\x9b\xca\xff\x00\xc2\xcb\
\x90\xdd\xb7n0=MCX\x1a1\xdb\xcac^\x86\
I\x5c\xbd\x02\xb6\xd3\xbd\xd21\xc2y\xa9X\xf7\x1aq\
rY-\xa5\xa6\xadq\xbeb|\xb8\xd6\xd6\x07\xd4d\
, \x7fz\xaeSQ\x5c\x0bM\xaf\xb2\x9f,\xe2\xfd\
n\xfd\xa1\xbd7\xe8/\x88\xc2\x5c\x93|\xb8\x01\xe4L\
<:\x8d\xdd\xbd>\xf5\x9eU\xf8;V^\x1e\xb9\xb9\
\xc4\x97\x08\xf2\xefT\xfe>z\xa9\xd7\xd6\xdc\x87lj\
%\x9bN\xbd\x90\x1cH\xf0\x9f\x03\xfd\xeb4\xaa\xe1\x1e\
\xaa\xdbB\xb2\xa0\xb1q\x97\xfdNa\x0fI5\x00\xad\
\xeb\x95\xc2]\xeeK\x9ee\x19\xae\x17\xb0O\xb6k<\
\xa6\xce\xd4\xd4ZJ\x9a\xc7\xe8H3tTf\x0bm\
\x04\xa5\xb2>\x900;UM\xb654\xd7\xbeF\x86\
o\x84\xd8H\x09\xca\x8f'\xd6\x82\xe6\x9b\xfc\x02y\xf4\
\xa0\x12T6\xfa\x83\xde\x81\x955\xee4U\xd1N\x85\
\x220Q\x1e\xaa4\x0e\xa2\xbe\x0c\x8a\xda\x19HS\xe5\
N:~\x90)\xd7E\x89 \xb2\xef&\x03xW\x9b\
<$'\xd2\xa4\x8d\xa0bCv\xe2|WV\x12\x8f\
n\xd5\x0f\xa2\x17\xe0~ZCYQq,6\x8f\xa9\
D\xe0Rdx\xd3\xa9\xee4\x83u\xfcI\xd57\x10\
\xa8\xa5*\xf3\xa8\xf2\x0f\xdc}\xaa\xc0\x9cq\xd9+\x1e\
30r\xa2\xac\xba=hSH\x84\x93X\xc9\x92S\
\xf3\x1f\xbc\x90\xa5!\xb1\xcf\x15\x0ey)\x8d'\x06\xd6\
E\xb1v*|G\x842q\xca\xfd1\xed\x9aB[\
M\xee\x90{{\x93t\xf5\xe1\x17\x08ehq\xaf2\
\xc1\xe1*\x14\xde\xa6\xf8+\xbc\xb6u\xe3\x8c\x1dB\xc1\
\xacl}d\xb7%k\xb9\xc3\xb4^\xe3\xe0\xefq\xd0\
\xd0$~u\xa65\x1e9<\xf3\xb2\x95\x06\xe5\xec\x5c\
#\xeb}5\xab4\xda\xb4\xc6\xba\xbeYV\x94\x8f\xf2\
s\x92\xfaw\xef\xf4%Ud\xd6\xf5\xc9\xcf\x95yP\
\xa9\xe6\xd3o'#\xd5ZA\xce\x94\xcf)\x8fu\x81\
u\xb6:\xa2\x18r;\xa1\xce\xff\x00z\xc6\xe0\xe2z\
\x9b[\xb8W\x86!\xd8\x16\xaf\x22Z@q\xa77\xaf\
\xb2\xb1\xc1\xa8sE\xb1\xa7(s!\x96\xa2C\x89\x8e\
\xa0\xb0\x87[R{\x0eqI\x86\xfa5\xd2\xa9E\xe1\
\xe3\x93\x9d_\x980\x9cY\x18-\x93\xf4\x91\xc0\xfbU\
rj'^\xdf\x9e\x11[\xb9\xd9\xa3IN\xe6\xd4X\
x\xf3\xe4\xe0U\x11\x9edh\xab\x0d\xf1\xdaEjX\
\xf2\x13l\x08}\xa6\x9di#\x95\x84\xe5\xcf\xebV\xb9\
\xa3,a\xe5\xf4\xcaK\xb6\xe6\x13\xb9qT\xb6\xcf\xaf\
\x89UM\xfc\x1b\xa1t\xf1\x86\x88\x89%\xe6\xe5mZ\
\x01\xcf \xe3\x8aV\xdbY5Ey\x8f1\xe0D\x86\
\xca\xc0 \xf0;\xd42\xc8\xa6\xbb\x06\xfa\xf1\x15A\x04\
\xa4\x8f\xefP_\x16\x9fD\xcd\xb6\xce\xec-\x00\xc5\xed\
9I\x12\x02O\xa6\xeekE\x1ak9<g\x8d\xaf\
\x5c)\xfd49GET\x91w\xd30\xae\x08\xe5e\
A%_j\xe8\xae\x22|\xaa\x9a\xec\xf4\x07\xec\xce\xea\
J\xbay\xf16\xfeHK7\x16\xd0\xc8\xcf\xa9'\x1c\
TS\x9br,\xb9\x8a\x95\x15\x93\xeam\xf9\xed\x93\x82\
R8\xd8\x08\x19\xf7\xae\xb5.by\xe4\xfdX\x1b<\
\xb2\xad\xa4pOz\x1f<\x0d\xb4K\xaf\x00H\x1c\x0f\
\xbd2\xe9\x16%\xc1\xa6\xd6\x95w\xc5\x00\xd9\xb1#\xcf\
\xe9\x8a\x05o \xcc\x90\xa2@\xa3\x01\xc0\x95I\xf2\xf3\
\x8c\xfd\xaaVWBe\x89S\xaa\x00\x12;\xd4\xe3 \
\xe5\xf86\xac\x91\x9e(\xd8\xc8\xe4\x19u$c\x9f\xd2\
\x8d\xac\x5c\xbf\x83H|\x1e\xf8\xa8\xcb\x17s4\x1e*\
Q\xa6\xe4\x98\xa7\xeei\xe7\x92\x93\x80\x95\x1a9#\x7f\
\xe0\x1a\x9d\xc3\x9fP4r:\xe4K\x8f\xecJy\x07\
=\xaaH\x94%\xbb\x81%\xc5\x12s\x83\x8e\xff\x00j\
\x01}\xdbD<\xf0\x0a\xc0\x14\xc9{\x96a\x01[\xb8\
\x1cS\x14\xc8B\xdf\xdd\xea( \x12\xcf>\xf5)d\
\x0d\x12\x056\xd0\x10\xef\x1cdn>\xb5\x09rC\x04\
\xe9-,\x85\x1e{\xe6\x98\x8d\xa0<L{P0'\
\x17\xe9\x91\xc5:l\x01\x977\x03\xf6\xa9\x16@\xe8\x14\
\xe6\xc8>Z\x00IV\x0e}(\x01h{u\x00\x14\
>\x01\xa5o\xe0\x02\xa5\xf3\x8e\xf4\xa5\x82\x83\xd9 \xf6\
\xa0\x032\xff\x00\x9a\x80\x0e\x97\xf2x\xa1\x80d<\x0f\
n)70\x0a\xdb\x9crE\x1b\x98\x04K\xdc\x8a\x80\
\x1c\xa1\xc1\x8c\xfa\x1a\x00+o\x05\x1a\x00t\xdb\xa0\x8e\
\xf4\x00@\xee\x13@\x1aJ\xf2x\xf4\xe6\x96@\x11*\
\xdd\xf9\xd2\x80\xb4\xaf=\xe8\x00\xa9!\xc0\x01\xcf\x97\xb5\
\x05\x8a\xabH0\x91\xe2\xb7\xe6^\xc0\x9e\xc0\xd1\xc7\xb9\
W\x9a\xdfa`x\xb7\x0c\xa1\x90TGa\x8e\xf47\
\x12\xe8\xec}\xb2\x03\xae7\x8bf\x92\xe9e\xc57\xbb\
\x9ckc\xc4e\x09uX*\xaa\xa5U.\x86\x85\xa3\
\xa8\xf1G\x93\xcb\xdaw\xf6\xa4\xd9\xf4.\x9b\x9db\xd2\
\xf6i\x17K\x8aU\xb0Mh\xee@ VJ\x97\x07\
\xa0\xb1\xf0\xddYz\xeb\xfaN?\xd4n\xae\xf5#\xaf\
n8\xadS\x7f\xf0\xed.\x1c\x88\x88\xcbjJO\xa7\
\x15\x92u\xfe\x0fWk\xa4Z\xd2\xe21\xe7\xe4\xac\xd9\
\xf4\xe5\x93F!F\xde\xcb\x8a}G*q\xe5o\xc9\
\xf7\xe6\xaau\x19\xd6\x8d\x17\x15\xcb\xc8Y\xd7\xc7d \
y\xd2\xac\x7f\x0bc\x02\xaa\xdc\xc8j?\xcd\x1c\x822\
\xf6\xb7\xfb\xc3\x8f\xb7z\x92c\x0c\x81va#\x09\xe0\
}\xe9[\xc1lc\x81\xab\xb7t4\x08\xdaV\xb1\xf7\
\xa11\xd2\x1b\xb7\x11\xcb\xac\x8f\x11\xf5\x16\xd0=)\x87\
\xc2\x1f!\xe40\x92\x19RR\x94\xff\x00z\x01!\xaf\
\xe2jA(d\x1d\xee}J4\xeb\xa2G\x10\xa2\x06\
\x143\xfb\xc7\x97\xfa\x81RN\x05\xdd\xaf14\xecu\
;)\xc4\xad\xde\xe8`\x1f2\xa8h\xb2\x11\x7f\x045\
\xb2\xc7v\xeaC\xdb\xa5\xa1\xc8\xb6\x94\xab\xfd\x03\xc2\x96\
?:]\xa4\xceN\x0f\x11y-B\xde\xd5\xa6\x22\x18\
`|\xb3,\x802{\xe0S\x1599\xbeF\xb3\xf5\
\x96\x9f\xd3\xd1\xcb\xb2\xae\xb1\xd4\xb6\xc6\xef\x0f<\x93H\
\xd0\xb2\xa1N\x9b\xe6Ej\xdf\xd5i\x9dGe\xe9\x16\
\xfb4\xa6\xed\xd1\xdd\xf0\x88\xc7\xfa\xa7\xdcT\xa8#-\
MR\xca\x8a\xfd\xe4\xd3%\xff\x00\x16\xbc\xb3=0#\
Y\xa4[X-\xf8\x86C\xa3\x8f\xca\xacP^\xe7*\
\xb7\x89\xad\x97\xd9\x0c\x91\x97\x1b\x8c\xd7\xa2\xa9\xf9z\xda\
\xddm\x19\xd8\xa6\x5c#8\xa9\x94\xa2\x8eeo\x14W\
\xab\xc4)4R\xef\xb7\x8d\x02\xb7\x9cE\xc3Q\xb3>\
I\x1f\x5cw\xca\x7f\xda\xab\xf3Q\x86w\x17\xf5\x9b\xdd\
.\x0a.\xad\xb8hK\xcb\x08\xb6\xae\xe1!\xe8\xc1Y\
\x1bd\x90G\xeb\x9a\xad\xddm3\xd7\xb5\xac\xa3\xb9\xbe\
K.\x95\x92\xc5\xb2\xd6\xcd\xb6\xc3\xac\xa3\xc3\x82\xd7\xfa\
l\xbe\xe6\xf5\xa0\xfb\x92j\xff\x00\xa8R\x8eJm\xaf\
+R\x92\x94x,\x8cu+Z\xe9\x11\xe1.j5\
\x03\x08\xff\x00O\xc0NK\x9f\x95T\xa9\xba\x92:\xd6\
\xfe/\x93\x9e\xca\xb1\xe0\x9d\xd3_\x14\xce\x7f\xa3w\xd3\
3\xaddp\xa7\x1e\x1c\x1a\x89Q\x9c\x1e\x0e\xfd=Z\
\xca\xaa\xdc\xa4\xa2\xcb\x0bZ\xf7Fu\x09\x1e\x13w\x98\
\x91%v\xda\xb5c\x9a\xa9\xc7\xe4\xeb\xda\xd7R\xfb%\
\x92\x22\xf9\xa1e\xc4R\xd7\x10\xfc\xf3\x00d8\xd7j\
I(\xf4\xbb;\xb4f\xd7,\xaeHy\xe8N\x14\xb8\
\x92\x94\x9f\xa9*\xf4\xac\xf1L\xd5\x16\xa4\xba\x22\xaf\x1a\
z\x06\xa1iX!\xa7G\xdf\x19\xa0o\xa7\x9f\xc1\x0f\
\x03O\x04\xb0\xe33[\xf1\x92\x9f\xa3\x02\xac\x81\x8a\xbc\
\xebRx\x89\x13z\xd0o\xa9\xd2\xecgG\x86\x06C\
~\xa6\x89/\x82\xcbmGt\xb1Q\x15{\x92\x1d\x8f\
$5!\xb5GW\xd3\x83\xc6j\xbd\x99x;\xb4]\
=\x99\x83.W5H\x91\xd2d\xdb\xd2\x85\x16\x1a_\
\x8b\x91]\x18@\xf8\xef\x88\xef\xbc\xfdCnx,]\
1{\xf1\xbe\x99\xb6\xdb \xeeed\xab\xd7\xb5^y\
\xa6\xb6M\xa2\xeb\xd1=Vt\xa7X\xb4\xdc\xc4\x90\x94\
\xaesiY\xce;*\x96\x0bk\x1aqr\xa6}\x9a\
\xfcU\xab\xd5\xaa\x1d\xc1\x91\xe4u\xa4\xf3\xfaWb\x8f\
\xdb\x83\xcf\xb8\xfa\xc1\xa5\xf5%\xe5+9\x07\xb5N9\
\x11\xbfP\x82\xf8Q\xe7\xd6\x99\x8f9`\xc2\x12Gz\
\x81\x1c\x91\x9b\x88\x1b\x82\xd3\x9a0F\xeepk\xc6J\
\x9b<\x92i\xf2\x83,Kn\xa0\x12\x15\xe54d\x9c\
\xee\x02&\x14\xa8\xa0\xf2\x95z\xfbQ\xfa\x0a\xf8\xf7\x08\
\xd9Z\x8e\x12J\xaa2\xfeEU^C\xb3j\x96\xe0\
\xc8`\xaa\x93\xcc\x0f:b\x93a\x92@S\x8d)\x18\
\xa9\xf3\x10\xd9\x1b\xdc\x9e\x87nl*u\xc1\x88iO\
r\xe2\x80\xa5u\xa2\x86IK\xed+W\x1e\xb1\xe8k\
\x0e\xe13X\xda\x9b\x09\xef\xb9\xc0)~\xaa)d\xba\
4.$\xf8\x83*\xfa\x83\xe3?\xa4\xdasq\xff\x00\
\x16\xdbd\xab\xb1J]\x14\xb2\xbd\x8b,\x96\x99x\xdf\
\x10e\x17P~\xd4N\x98Z.1a0\x13=\xc9\
*\xf0\xc2\x90\xe7o\xbdgw\xab&\xdf\xf2\xed\xe2\xa7\
\xbd\xc4\xed\xban\xfe\xd6\xaf\xd2P\xefp\xd2Q\x12j\
2\xdas\x9a\xdbJ\xa6\xf8\xe4\xe2N\x0e\x9c\xdd9{\
\x0e\x1fp\x04\x82\x0f&\xb4.\x86B\x14\xe0B6\xfa\
\x9a\x91d\x04\xac\x01\xc5\x02\x88\xf1p{\xf1M\x10\x12\
\xe3\x9e.\x12\x90I\xcd0\x18\xea\xc7\x863\xc2\x93@\
\x01}\xdd\xecn'\xcc\x0d\x00\x04\xabq\xa0\x01/\xd6\
\x9a \x09K\xc2{\xd3\x00?\x1f\xef@\x98g5\x0e\
a\xcd\xa4d\xe35\x19'+\xa1>.}\xcf\xbdI\
)\xa7\xc26\xdb\xe0+\x00d\xd2\xef\x07\x94(\xb8\xac\
\xe3\x06\x93(\x5c\x0a\x0e\x96\xf8P\xe6\xabm\xe7#\x8b\
K\xf99\xc1\xabIK<\xa0\xcd\xc8\xda\x82}\xa8#\
!\x9a\x94\x0a7\x0c\xd40\x0a\x99x\x00\x13\x9d\xd5^\
Q\x19\x0e\x99\x18\xc6G\xe7\x8a2\x83(3og\x8f\
Z\x8d\xc4\x86m\xfc\xf9A\xcf\xb5K\x92\x00\xed?\xb4\
\xf3\x9a\x8d\xf1\xf9#!\xdb\x92\x10\x02\x8a\xb2\x0dNI\
\x1d!\xcc\xf9y\xcd\x19\x01a\xe1\x91\x8c\x9c\x9cR6\
\x01w\xed\x00\xf3\xcdFP\x18\x87IQ\x03\x93FP\
'\xf2>\xb7\xdad\x5c\xfc\xc9\x0d\xb6\x84rK\x8b\x09\
\x00~\xb4\xaeI!\xa5]Ear\xca'V\xbe*\
\xbak\xd0v\xd6\x9b\xfd\xf9\xb3=\x00\x91\x1d\x09\xf1\x01\
W\xb7\x15EK\x88\xae\x8d\xd6:u\xed\xdb\xcca\xc1\
\xe7>\xa5\xfe\xd4\x9dC\xad\x19z\x1e\x8a\xd3\x8d7\x0d\
g\x0d\xdcR\xad\xab@\xfc\xab$\xab~OOo\xe0\
\xd8\xa6\xa5]\xe0\xe1\xb79\xfa\x8f\xa8w%J\xd5z\
\x9em\xdd\xb7rU\x11\xe5yQ\xf6\xac\xce\xb4\xbd\x8f\
Ikaom\xc5(\xf3\xf2D\xb1\xa6\xad\xfaU\xd7\
Sfi1\x0b\xe7r\x8a*\x996\xdf'I\xd5m\
a\xac\x8d.:\xa6m\xb5\x07\xc7R\x9e\x00\x81\x9fz\
\x84\x11\xa7\x16\xba\x1c\xdbg\xfc\xec_\x1c\x92S\xea\x0d\
H\xea\x9aO\x86+\xf1\x044\xac\xb7\xce}(\x16T\
\xe7\xd8\x1f\x99>e\xbaHH\xa3\x04\xac{\x0d\x95u\
rO\x99\x84\x95 \x1cg\x14\x8d1\xd2\xf9\x0c\x98\xa1\
\xa7\x12\xeeI*<\x8a\x98\x8c\xd6\x16G\xaax\xe0(\
\x81\xb7\xd1'\x8c\xd4\xb7\x8e\xc6\x8f|\x82~\x1b\xb2\x08\
qjm\x86\xc9\xe0o\xefQ\xbd\x1781\xb1\xd4\x16\
\x9bs\x8ah\xbcJ\x93\xf5\x14\xa75dZ\xc0\x95)\
m\xe5\x8d^\xea\x9d\xb2\x1b.\xa2\xd4\x87\xa7J'\x03\
-\x11\xb4\xff\x00Jx\xc5\xb3\x0dMB\xde\x93\xf5\xbc\
\x9b\xb1i\xbdY\xa9\xca\xe6\xb5\xa6\x84\xe9\x04\xe5\x8d\xdc\
\x01O\xe4\xc9\x19\xabx\x82\xce4\xde\xd7\xc9t\xff\x00\
\xcb\xafQ\xf5t&\x1aZ\x1d\xb3\x97\xc6T[V\x03\
ug\x95\x93\x8bS\xc5\x91_d85\xd4\xcf\x86\x0b\
\xefFt\xe2/R\xefn]\x1be\xb1\xe2\xb4\xb5\x0f\
5S*n\x1d\x99\x16\xbdR\xeeX\x83\xc1\xe7+\xaf\
\xc5v\x8f\xd1\xb2\x1dev\x18\x97\xa9KQ\xdd\xe2\x8f\
\xa0\xfbVJ\x97\x11\x8b\xec\xeaCG\xb8\xac\xb3R\xa1\
Y\xd5_\x1f\xf7\xc9\xb1L\x0b\x1e\x9e\x8fd\x86y\xfd\
\xd2\xb1\xcf\xbdg\x95\x7fx\x8e\xbc;n\x9e\xe9\xbc\x94\
=Q\xf1A\xad\xf5\x22H\x7fRJa\x0a\xe3`W\
aTN\xea}\x12\xac\xe8\xd1\xfb \x8aU\xcbW\xbf\
vp\x99\xd77\xa5,\x9c\xf9\x8fzuRL\xaar\
\xfeX\xa2.\xed\xa9`\xc6\x01\xb6b\xb6\x97\x8fu\xe6\
\xa3|\x9ff\x0a\x91\x9a\xed`qc\x91\x15\xb6\x03\x8b\
 \xaf=\xf3J\xe2\xe4\xf2\xcc\xf4\x9c\x1c\xb2\xdbe\x82\
\xdf)\x85(8\xd6\x02\xff\x00\x9bv\x0f\xebMR~\
\x5c8,\x9a\x84\x9e\xe8\xc4\xef\x1f\x01\xf6k\xbe\xba\xeb\
\x5cDH\xba\xc86\xf8\xaf\x85\x06;\xa4\x8a\xd9\xa6N\
S\x97\x07/PT\xd4>\xdc\x1d+\xe3W\xafM\xe8\
^\xb3\xbbj\xfc\x16<\xc8\x8c\xb8\x12A<b\xb5]\
\xdd\xce\x9d\x5c3\x9dN\xc65`\xaa#\x9dF\xd6\xba\
\x03ZH%\xe8\xedX\xa4+\xff\x00\x88\xd8\xdcEg\
\x8d\xc59\xfd\xcf\x05\x91\xa5yo\xcd\x192r\x05\x9a\
T0\x17\xa6\xb5\xbc\xbb\x93i\x1cEW\x94({U\
\xca\x8d\x07\xc2|\x9d\x0a\x1e$\xbe\xb7k|r\x84\xea\
\x0d]\xd4=0\xebj\x93\xa4b\xcd\x84\xbeV\xff\x00\
\x8a\x0a\xaa\x1d\xb3\xf6G\xa7\xb2\xff\x00\x10c\x17\x8a\xd1\
\xc1\x1a\xefZ,\x08\x9a\xd3w\x02\xec\x09\x0e\x0c\x96\xc3\
j\xc0\xfdk5Ky\xa3\xdai\xfe(\xb3\xbaX\x8c\
\xf0X-\x97\xa8\x97\xd6|HR\x10\xeaO>eb\
\xb3I\xb8\xf6w\xe3\x0d\xf1\xdd\x19d\xc9L\x966\xe1\
d,\xf01\xcd:\x7f&z\xb6\x10\xab\xce0F\xea\
4\xc7j.&\xc7\x0e\xad~D-C\x90MY\x19\
\xc1r\x99\xcb\xafN\xb5\xacZ\xa7\xc9,\xde\x86\xb8\xdb\
:X\xe7\x99.\xb8\xea\x8e\x12\xa5\xf2\x12Et\xe0\xe3\
/\xb5\x9f!\xba\xa7]\x5c\xba\xb5\x11\x07\xd0yOZ\
$\xcd\xb7\xbd\xb9)(Q\xc68\xcd\x1bY\x17.2\
Y\x8fd\xa2/\x88\xb3\xea\x08\x0e%j\x06\x14\x8f\x14\
c\x9esQ8\xb4\xb2[F\x9c\xbc\xbd\xb8>\xae\xfc\
-\xfc_\xe9mc\xd1\xebL+\x8c\xdf\x96\x98\x12\x12\
x\xe4V\xca\x15\xa0\x97,\xe5U\xd3k99%\xc1\
\xdb-\x8f\xc7\xba\xb4\x17\x02SR\x1a_)^\xf1\x91\
W\xc6\xb4Z8\xb5%\xe5\xcb\x0f\xb1\xca\xed\x0f40\
\xa7c'\xfe\xa7\x80\xab\x1dH\x93:\x8b=\x00\x96\x88\
V\xd6\xca\xe5\xdc!\xb6\x8f\xb3\xc9\xff\x00\xde\x95\xd4\x8f\
\xc9\x099\xf4\x88K\xa7S\xf4]\x91\x01Ro\xf1\xdb\
\x03\xbe\xd5\x83\x8aY\xd7\x8cVr[\x0bZ\xb2k\xd2\
\xca\x95\xfb\xe3\x17\xa4\xfaY\xcc\xc9\xd5!$w\x09N\
k7\xd6S7\xd3\xd2n\xa7\xfc\xac\xa9\xdf?i\xcf\
E\xf4\xfbkR/\x86J\xd3\xdb-\x13\x9ao\xae\xa7\
\xf2ta\xe1\x8dA\xfd\xb19\xd6\xa9\xfd\xb2\xbaF!\
Sv;kS\x80>\x5c\xa7\x19\xaa*_a\xfaM\
\x94\xfc\x19u?\xe2\xf0R\xb5\x0f\xed\x9c\xd4b*\xd3\
j\xd0\xb1\x16H\xf2\xab\x7f5K\xbf\x99\xd1\xa1\xe0\x95\
\x8fT\x8ew\xa9\x7fj?V\xb5Kk\x0dZ\x8d\xb0\
+\xb7\x86\xef\xd3UJ\xf2\xa3gV\x9f\x82\xads\xea\
\x99\xcf/\x9f\x16\x1dc\xd5\xcb%Z\xba\xe7nJ\xbd\
\x10\xbf\xa6\xa3\xce\x96M\xb1\xf0\xcd\x84?\x94\xad\xde5\
v\xbf\xd5\x00\x8b\x8fQo\x0e\x83\xf5$\x93U\xce\xad\
Cu-.\xca\x9a\xe2\x9a#\x13\xa6\x9f\x90?\xce^\
$\xdc\x07\xaf\x88O4\x8a\xa4\xb3\x86\x5c\xedh\xc5\xa7\
N\x09\x05kFYX\xdd\xbe\x03R\x16\x07u\x1e\xf4\
\xf3\xca\xecj\xb0\x8c\x97\xa1rW\xba\xa4\xabV\x8f\xb0\
\xb36=\xb5\xa6e \xe5\x0a\x07\x94\x9a\x1eTr\xce\
6\xb1\xa8F\x8d\x1d\x89\xf2\xcf\xaa\x9f\xb3\xfb\xa8\xc7\xa8\
\xdf\x09:|\x95\x05;\x19\x9c\xbb\x93\xdb\x8a\xed\xd9J\
3\xa6\xb6\x9f!\xbd\xf3<\xdd\xd3\xf7:\xa1p\x8f\xc8\
\xf6\xae\x87\x5c0\x82l@_\x8a\xbc\x93\x80\x9fJ\x1f\
\x027\x97\x84k\xc7\x1e\xe6\x82\x04\x15\xf3\xdf\x8a\x94\xc0\
\x84\xd7z\xdf\xfc\x0df2\xf6\x822\x10O\xb6i\x93\
'\x03\xdbM\xc9W{C2\xc8\xc1y!X\xfbT\
\x90\x19\xe5\x0c\x8f1<\xd0\x00V\xfe\xdfS@\x00T\
\x80I\xefR\x80\x1a\xdc\xf2\xf3M\x94FP?\x19>\
\xe2\xa7!\x94x\xbf\xab_\xb5k\xa6\xdd\x08\xd7j\xd3\
\x9a\xae\xd1~\x87-\x08\xf1\x03\xa5\x92\x96\xc8\xf6\xcdr\
V\xaf\x0f\xf8\xbf\xecu\xed\xf4Z\xf5\xe3\xb9I\x0c\xac\
\xdf\xb6+\xa3\xda\x99\x859\x157\x042\x9e\xfb\x80\x04\
\xd3\xcbV\x83\x5cA\xff\x00cM\x0f\x0d\x5c\xd6\xf4\xc6\
i\x12\x1a\x7f\xf6\xaft\x8fT:\xe3\x10\x84\xe4\xad\xb4\
\xf9\x8a\xc0\xe6\x97\xf6\xa4;\xda$\xfc+x\xaal\xde\
\x87\xb0\xbfi\xff\x00K\xdf\x92\xb8\xc8rY\x92\xcf\xd6\
\x92\x07\x14~\xd5\xa7\xf0?\xf9R\xef\xfeHu\x1b\xf6\
\x93\xf4\xca\xe0\xb7\x12\x87\x1fS\x8d\x0c\xa99\x19M/\
\xedX|\x07\xf9V\xef\xfeH</\xda;\xd3i\xc0\
\xf8*\x90\xb2\xdf\xd5\xb7\x07g\xe7S\x1dF\x0cW\xe1\
k\xdc\xe1I\x0eO\xed\x0a\xe9\xab,\xf8\xcb}\xd5\xb7\
\xfcE$a?\x9d\x1f\xb4`B\xf0\xa5\xeb\xfed9\
\x8d\xfbB:qti.2\xe3\xcaa?R\xf8\xc0\
\xa9W\xf4\x9fHg\xe1;\xd8\xac\xeeC\xc6?h\x1f\
O\x9ch\xecD\xc56\x9e\xcec\x82(\xfa\xf8\x11\xfe\
Z\xbc\xf9C\xb4\xfcw\xf4\xf2*\x9bZ\x99\xb8\xe1c\
;\x94\x9f-O\xd7C\xe0\x97\xe1\xab\xc5\xdbC\xbf\xfc\
\xf2t\xf9xR\xa3]R\x9e\xe0\xec\xc0W\xe5L\xaf\
\xe8\xaf\xbddO\xf2\xed\xeax\xe0\x7f\x13\xe3_B\xc9\
xf-\xd5\xa4\x81\xdc\xa3\xea\xa8z\x85\x17\xd2+\xff\
\x00.\xdf~\x05\xa3\xe3\x87@\xa7z\x17\x12\xe8]\xdd\
\xb8\x0d\x9c\x91K\xf5\xf4?\xe27\xf9v\xf7\xf0%\x7f\
\x1e\x9d>a\xe0\x17m\xbd\xee\xc7\x09\x0ds\x9a\x9f\xab\
\xa5\xf9-\xff\x00._|\xa1c\xe3\xe7A2\x8f5\
\xaa\xfe\xa1\x9e\xde\x09\xddQ\xf5t\xbf \xfc5\x7f\xff\
\x00\xd2\x11\xff\x00\xda\x03\xa1\xdai*n\xcd\xa8\x14\xda\
\x8e1\xe0\x9d\xc2\x87yO\xd9\x10\xfc/~\xde\x1b\x89\
\xb6?h\x0e\x89[yE\x97P\xf9yNX=\xff\
\x00\xf6\xa4W\xcb?h\xd1\xf0\xdd\xf2\xf7C-_\xfb\
E\xac6[`v\xc7\xa7o\xaf\xdc\xd7\xf4\x87#\x92\
\x80\x7f\xa5+\xbbO\xd8\xbe\x1e\x15\xafQz\xe4\x8f7\
u\x8b\xe2\xf7\xac\x1dsyp\x9d\xb7M\xb4[W\x94\
\xa5Q[Snm\xfd+\x1c\xee&\xfaG\xa3\xd3\xbc\
;en\x94\xa6\xf3#\x96\xc1\xb1\xafL]\x0a\xa7Z\
u\x0d\xea[\xc7\x95Lh\xba\x12~\xd9\x15\x96S\x9b\
}\x1e\x8aQ\x8aX\xa5\x85\xfdF]@\xeb\x94\xee\x9c\
)\x0bN\x93\xbd\x98\xa9V\x16\xdcx\xa7\x9f\xd0\x0a\x98\
\xee\xf7FW$\x97\xaeM\x96+\x0e\xa0\x9d\xae\xecm\
\x5c\x19\xb2]#&Bw\xa5\x0e\xb2R\xb1\xf9\xd5\x9e\
\xbf\x82\xdar\x82]\x98\xfd\xba\xe8\xfc\xa4\xa5V\xf9y\
\x03\xf8[<R\xb52\xed\xd0\xf959\xb9Q#\x94\
\xfe\x1d%\xe7=|\x85@Um1\xe1(K\xdc\x8d\
\x8e\xdc\xe2J\x95\x0eK`\xff\x00\xc8B\x05+L\xb3\
\x10\xf9\x1d+m\x9e:\xa5:\x87\x0aGs\xe8(\xcb\
%E\xb5\x8c\x95k\xef\x5c\xb4\xed\x95\xb5*[\x12\xa4\
\x94\xf1\x86\x13\xb8~T\xfeL\x81\xce\x94{\x18\xdb>\
![\xbd\xa1\x22\xd5`\xbb\xa1\x04\xedIq\x83\x83G\
\x92\xcc\xd2\xd4\xedi\xbeYhL\xbdax\x80\xdb\xb6\
\x9bai\xf7\x8f\x1e;G\x09\xa7\xa5o)<&g\
\x9f\x89lh\xacc$\xc5\x8f\xe1\xb3\xaa\xba\xc5\xbf\x12\
\xe2\xf5\xae+n\xfd;\x15\xb4\x8a\xb9\xdaI>Y\xca\
\xb8\xf1\x954\xbfu\x1f\xee[\xec\xbf\x02\x90\xbeY\x0a\
\xd5\x9a\xb1\xb8e#;S3h\x1f\xde\x9dQ\x82\xf7\
8\xf3\xf1-\xe4\xf8\xc6rL\xc5\xd0=\x12\xe8\xeb\x0e\
*v\xaf\xb6Lt\x0f0T\xb4+\xfe\xf5.\xb5(\
\xac`\xc2\xef5\x0a\xcf\x18x\xfe\xa4^\xa3\xfd\xa1\x1f\
\x0e\xdd$\x83\xe0%\x10\xa6<G*l!g?\x9d\
R\xefi\xae\x91}=\x1a\xea\xbb\xcc\x9b9\x96\xb0\xfd\
\xba\x9d3\xd2\x90\xd6\xd6\x9c\xb7\xb8\xa7\x87\x08>\x18\xda\
*\x99\xea?\x08\xda\xbc#Q\xf1VK\xfa\x1c\x8b[\
\xfe\xdd-y\xa8\x99pZ\xe2\xc3i\x0b\xc8k(\xc1\
\xc5Q+\xba\x93\xe8\xecZxb\xc6\x11\xfd\xec\x9b8\
\xa6\xbd\xfd\xa3\x1dL\xea!Z.R\xdb1\xdd\xe1H\
\x0a;\x7f\xa5SQ\xcf\x1c\xb3Dt\xcb:R\xcd\x18\
\x9c\xaa~\xbdvl\x97$:X\x0e\xba\xa2T@\xac\
\x93\x84$\xfb:\x8a\x85y\xa4\xa0\xb0\x86\xae\xeb\xb2\xe2\
H\xf1\x14\x07\xd8\xe6\xa2sQ\xe8\xd1\x0d2\xb3\xfb\x98\
\xcdZ\xb5\xd7\x1c\xc2\x12\xf3\x8a\xfb\x0c\xd6y\x5c#\x5c\
4%.\xd8A.\xed=\xc4\xf8Q\x9c \xfa\x84V\
y\x5c\xcd.\x11\xaa:E*<\xc9\xa3wm\x19w\
u?0\xa6^G\xe6\x93U\xab\xea\x8f\xb3-\xd5+\
F\xb1\x84G1p\xb8\xdb\xfc\xa9\xf12\x8fE\x8e\x0d\
]\xf53g\x1ezM\xbdV\xdcx\xfd\x07k\xea,\
\xcbm\xb9\xe9\x0f\x92\x90\x13\x91\xb4S+\x9d\xfc3\x04\
|1Rm\xb8\xbe\x0f\x7f~\xc6\x98\x8b\xd6\xd2M\xcf\
\xc3s\x04\x02\x14\xae\xea5\xebt\x9aK\x86\x8f\x07\xae\
R\xadm=\x92g)\xfd\xa1\x1dZE\x8f\xe2\xb2\xf3\
\x09\xd2\x0f\x80\xfe\x14\x92y\xaeF\xa5\x97q$\x8b\xac\
\xb7\xaa\x09\xa5\xc1\xcd\xe3\xf5N\xdf3\x90\xdb~n\xea\
\xc75\x8b\xc8o\xa6m\xfa\x96\x9e\x1eIKn\xa8a\
\xc2W\x1ak\xf1\xd7\xdcm^\xd0?QP\xa38\xbf\
I.\xa4g\xda-\x9a_\xad\xda\x8bM\xfd\x13L\xd6\
\x93\xc8C\xcb\xde\x9f\xe9W+\xaa\xd0\xed\x95\xd4\xb0\x8d\
^v\xa2\xe2>)bjv[cQ\xd8m\xfe\x11\
N\xd2\xe31\xc0_\xe7\x9cw\xadT\xf5\x0f\xf9\x18j\
\xe9\x15c\xfc95\xfd@E\xb2\xe8\x0dY/\xc5\xb5\
\x5c\xae\x90$\xac\xe4%\xc7v6+R\xb9\xa3Qt\
E\x0b\x9dJ\xceY\x85F\xff\x00\xa9`\x1a\x1bUi\
\xd8\xa9v\xd5r\xb5M\x8f\x8c\x80\xa7\x03\x8b\xc5/\xd3\
B\xa7L\xf5\x96\x1f\xe2\x0d\xcd\x1fE\xd4W\xf4\x02\xf7\
S\x8d\xb1\x01\xab\xdd\xa2k\x8fg\x1b\xdbh\x94\x0cz\
\xd2}\x04\xd7L\xf5\xd6\xde2\xd3\xeep\xb3\x8c\x92\x16\
\xf4[\xf5pB\xd8\xbd-\x85\xe3)a\xd7\xb1\x8f\xb6\
=\xab.'\x17\xeb:\xbb\xadn\x16i\xa8\xbf\xd4\x9c\
\xfc2\xfbl\x8e\xe2\xa3G\x8c\xe9\xd8R\x1cB{\xd6\
\xaawSK\xd0\xce\x05\xff\x00\x85\xad+\xb78\xe5K\
\xfe\x8e[\xaa\xf5}\xebD\xddD\x9b\xad\xbd\xd9\x0dn\
\xc9\x0c6I\xab\xbc\xfa\x92\xec\xf3\xd3\xf0\x8d\xcd\x1c\xba\
r\xca\xfdOS\xfc.\xf5r\xd5\xd4-\x1c\xdab%\
\xc8O\xb4\x8c\xec{\xca\xac\xd3\xc56M\x92te\xb2\
\xaa\xc9\xd8\xac\x9dH\xbd\xe9\xd8\x12[\x83q\x94\x99.\
'kan\x90\x80}*\xef3a}{Kz\x8f\
uH\xaf\xecrMo\xae\xfa\x91x\xbbx3\xef\xd3\
XN|\xaae\xf5\x04\xff\x00\xbdSRs\x93\xca7\
\xdb\xd8X(\xafN_\xe8R5\x02u32\x7f\xce\
jk\xf3\xdb\xb9\xf2\xcaYMT\xe53\xa7F\x8d\xa2\
\xff\x00\xc6\xbf\xb1\x10\x9d5\x22{\x8b/\xdf\xefk*\
\xee\x0b\xe4\x81U'>\x99\xb5\xce\x8cc\x85I\x7fa\
l\xe9(\xac\xa8\x15J\x97%C\x93\xe2\xa8\xa8PU\
\xe7\xc1u\x01\xd1\xb5EH\x011#\xac\x0fE'4\
\x8e+\xd8eY>\x90\x7f\x95\x88\xd1In\x14f\xd6\
;mF)\x92k\xb1\x9dI>\xdeM\xee\xda|\xa1\
-\xe3\xda\xa4W37\xa9G\x05\xc7?\xbd\x02\xf0l\
I\xd80\xa5\x15~f\xa7,\x8d\xb9\xecA\x92\x0a\xf0\
\x12\x92}\xe8o!\xb4#\xb2\x03h\xc1\x03\xed\x81I\
)5\xceA\xc7\x80-<\xa7\xe56\x94\x0eB\xbb{\
\x8fj\xd1\xbb\xccBS{e\x86s\xef\x88\x96\xe4\xc9\
\x94\xdb.$\xa5\xb2\xae\x00\xf4\xabc\x14\xd6\x0f\x9b\xf8\
\x86\xe1N\xe1\xa5\xd2=\xd9\xfb\x18z\xac.:^\xf3\
\xa7\x9es\x88\x8c\x80\x84\x93\xef[\xb4\xe7\xb6[Q\xe5\
oS\x92Rg\xb2\xe4/\xc3x\xa0\x12\x0a}+\xaf\
/\xb8\xcf\x07\x88\xe5\x88u\xe4\xf1\x83\xdf\xbd\x15;E\
1\xed\x9a\xf9\x81\xf6\xa0cFH\x14\x01\x07\xd4}>\
\x8dM\xa5V\xda\xf6\xe0+\x7f\xf4\xa6\x89)\x8e4\x99\
\x0dX[o$\xa5\x90\x12)\x81\xf69D\x9f6\xc3\
\xe9\xebA\x00\x5c\x91\x9c\xd0\x00\x5c{o\xa5\x00\x0f\xe6\
H\x07\xd7\xf3\xa9\xc0\x03\xf9\x9f\xca\x9bi\x18G\xc8\xaf\
\x8a\xdf\xdae\xd1\x0f\x8bh,\xc6\xd5\xbaHF\xbf%\
a^!\xc2\x09H\xaf5\x1d[\xff\x00\xa4\xeaQ\xd3\
*\xd2\x8e\xd5/\xfb9\x16\xa4\xd7\x9d\x0fv\xc8\xc36\
\xbb2\xa1((e\xcf\x13\xea\x15\xa3\xf6\xa7\xb6\xd2a\
B\xe6\x9c\xb3\x09g\xfa\x8e\xedz\xdb\xa3\xf0\x93\x13\xe5\
\xa1\xa6+\x81c{\x9e'\xd5\x8a#\xa8S\x9f\xdd\x12\
\xb6\xef\xe37R2$.\x9a\x9b\xa4K\xd4\x82\xe1\x00\
\xb7\x09\xf5\xe3\xc5R\x9c\xcf\x88=\xa9\xbe\xa6\xdf\xe0e\
q\xa8\xff\x00\xc8v\xcd\xdb\xa4\xcd\xdeL\xf8\xb2\xdae\
\xe7\xc8\xf1\xd0\x5c\xfa\xc7\xd8T}]\xbb_i?U\
\xa8\x7f\xc8uk\xb9\xf4\xce\xd9w\x92\xf4+\x84v\x1a\
\x97\xc3\xc8.w\x15*\xb5\xb3\xf6\x05_P\xefp\xbb\
l\x0e\x9d\xb4f\xb2/\x11\xfeN\xe3\xf5'\xc5\xc9\x03\
\xd8Q\xe6\xdb|\x12\xee\xb5\x05\xfc\xc1\xb4\xb6\x94\xd1\x96\
\xdb4\xfb{z\x9e\x12\x22\xc9\xe1\xb4\x979H\xa8\x95\
[_d<ou\x0e\x9c\x85\xd9l\x10Y\xb0\xcb\xb6\
\x7f\x8c\xe0!\xa5\x1f\xdc\x9c\x82R\x07\xde\x92.\xdf\xe4\
u\x7f{\xff\x00#wx/\xce\xd2\xa6\xd85\xc5\xb5\
jA\x01\xb5\x0c\x02*\xd8\xca\x83#\xeb\xafW\xf3\x1a\
\x98\x8dEz\xd3MEF\xbd\xb66\xec}\xa1<\x0c\
\xe0TJ4\xfa\x8b\x1dj\xd7\x94\xf8\xec{\xa9\xd7\xab\
\xb5\x05\x86;p\xb5\xf5\xb2;\xf1\xc2RN\xd1\xe6\xc7\
\xad,!O\xe4o\xdb\x97\x7f\x06\xee\x905\xd4S\x12\
\xe4\xce\xbd\xb7:\xe38J\x9aJFM?\x95K\xe5\
\x07\xed\xdb\xaf\x82~\xf3\xa8u\x9d\xc6\xf1\x12\xe2\xce\xb1\
\xb6\xa5\x09\x09\x0bg\xc3\x1c\xe2\x93j\xf9'\xf6\xfd\xd7\
\xc0[\xc6\xad\xea\x02\xb5\x9bw\x08\xba\xba\xdc \xec\x09\
1\xfc1\x9d\xc3\xd6\x8d\xab\xe4\x95\xaf\xdd\xafa\xcc\x1d\
\x7f\xd4\x8bv\xbcvr\xb5M\xbd\xebK\xe8\x08Lp\
\xd0\xcaO\xadLi\xa9{\xa0\x87\x88j\xc5\xfa\xa2=\
\xd3\xbdL\xeaM\xa7]NvE\xfe\x14\x9b\x5c\x94m\
a\x90\xca\x7ft}\xf3J\xed\xdf\xfc\xcb\x1e\xbd9t\
\x87\xfas\xad]L\xd2\xf7\xab\xb0\x97v\x87*<\x84\
\xe2\x1e\x19I\xf0\x8f\xb9\xa8\xf2?\xfa\xc1k\x95\x17\xdd\
\x0c\x88\xd1\xdf\x12\xbdYb=\xd6=\xc2Ly/\x14\
\xe2#\xc1\x90\x12\x83V\xabyc\x89\x0a\xf5\xd5?\xe5\
\xc3\x05\xa7\xba\xfb\xd6e\xd8.\xcd\xcc\x95\x19\xcb\x81\x1f\
\xe5\x9c\xf9q\x80i|\xb9\xff\x00\xc8U\xabc\xf9X\
\xee\xdb\xf1\x03\xd5\xa7zg5\x89\xac0\xf5\xed x\
/\xaa2H\xcf\xe5\x8aeN_\xcd,\x96\xfe\xdd\x93\
}0O\xfcCui\xce\x99\x16Y\x80\x7f\x1aB@\
\xf1\x92\xc0\x03?\x95+\xb6o\xdc\xb6:\xda\xff\x00\x88\
\xdbU|@\xf5_\xfc\x13\x18@\xb3\xbc\x9b\xa0J|\
u\xf8C\xceG~)<\x86\xbad\xcb\x5c\x82\xfeQ\
\x96\xad\xf8\x83\xea\x84X6\xf5\xdbt\xb4\xa0\xb2\x84\xfc\
\xdaKY\xde}j~\x9d{\x90\xb5\xb8\xfbDi\xad\
\xba\xfb\xd4y7\xbb{Q\xf4l\xef\xc3V\xda~a\
\x01\xbewRJ\xd9\x1ai\xeb\xf1\x8fi\x91z\xd3\xab\
\x1a\xd3\xfcr\xc4d\xe8{\x98\xb08\xc0\xf1F\xde7\
\x91\xefH\xed\xd7\xb1\xb6\x1e(\xa2\x97E\x1d\x1a\xb6\xf7\
j\xea\x12\xa23\xd3\xcb\xa1\x80\x07\x8c\x09N\xe0UT\
\xaa\x13\x15\xf8\x92\xd1\xf7\x12\xc3\xa4\xfe*\xba\x81\x1b]\
\xcd\x88\x9d\x031\x9bdf75\x96\x07*\x1f\xa5\x1f\
O1^\xb1aS\x97\x01\xde\x8f\xf8\xf8\xeaL\xab\x8d\
\xc5\x89\xba\x22\xe0\xcch\xad\x952K8\xdeE,\xa8\
\xd5_h\xf4\xf5\x0d%\xf3:a4\xaf\xed\x1c\xd7W\
x7\x137G\xddX0[+B\x0aH\xdf\x8fA\
G\x95r\xfb\x1aWz;\xea\x1f\xf6S5\x0f\xc5\x0c\
\xfe\xb0\xe8\xf9\xf7+\xae\x98\xbc%\xd6\x1bR\xfe\x5c-\
IQ\xc5J\xa1?\x93E=WM\xa7\xca\x8fG?\
_L\xb4wQ\xf4|k\xab:\x22\xff\x00&\xe7$\
\x12\xfcq!{\x91Q+,\xbe\xcd\xd1\xf1\x05\xb2Y\
\xe0\x8e\x9b\xf0\xa7\xa7\x1a\x85\x1d\xc3\xd3[\xe8[\xa3\x9d\
\xee(\x91P\xac\x92\xec\xa1\xf8\x8e\xd8\xe5\x9dC\xd3\xda\
{M\x09h\xb7t\xea\xe8\xbf\x93\xe1\xecd\xed4;\
8.\x82z\xd5\xb3\x8f\x07$\xb0\xea\xf1\xa8/\xeb\x80\
\xb8n\xda\x1fqX\x8e\xdb\xa0\xee\xc5a\xb8\x85H\xf4\
\x8dZu\xe5\xa5w\x8a\x8c\xe8V^\x8c]o\xa0)\
\x12\xd0\xb4\xf6Q\xf65\xca\x9c\xea\xf5&z:u,\
\xe8\xfa\xe8\xf2[-?\x09\x17\x09\x1bV\xfa\xce\x15\xfd\
\xea\xa9\xc5|\x95\xcf_\xdb\xf6G\x05\xae\xc7\xf0\xb3\x0e\
!\x1e27\xab89\xf5\xac\xd2\xc9\x9a\xa6\xbbQ\xf4\
\x8b\x8d\x93\xe1\xee\xd5\x11\x19\x11\x01\xf6\x18\xefD|\xce\
\xb0b\x9e\xab[\xe4\xb7i\xee\x92\xc4\x84G\x85\x0cd\
v\xca{\xd5\xea5\xa5\xecc\xa9\x7fV_t\x85\xeb\
\xbe\x9e;\xf8P\xcc@\x10}\x93I*\x15\x97\xb1\x86\
uS|\xcc\xe7r\xba[o\x92\xe2\x92\xfd\xbdY>\
\xb8\xc5U\x19T\x8ajH\xaa\x17ui\xbd\xd4\xa5\x91\
\x8d\xab\xe1\x09\x1dZ\xd4\xd1\xed\xb6\xc6\xca\x19\xdd\x89<\
\x7f\xa6\x93\xebOgk*\xb50\x8e\x94|Aso\
M\xef=4\xce\xb2\x8d\xf0]\xa3\xe0\xd8th@\xb8\
[G\xef\x9cA\x1ez\xf6^w\xd1\xd3M\x9e\x1a\xea\
\xe5_W\xf5#\xc3\xfd\x7f\x8d\xa8:\xc7\xd5\x8b\xae\xa8\
\xb9\xc5}\xc9w\x05\xefR\xb1\xdc\xd7\x8d\xb9\xb8\xa9V\
\xb4\xaa\xae\x8f\xa5\xe9\x92\xb4\x85\xb4iO\x19E\x11\xfb\
E\xd6\xd8\xbd\xa5\x0e2\x9f@A\xa9\xa7y%\xd9}\
]2\xda\xaf1\xc1\xa6\xaf\xd7+W\x1f\xbcZs\xe9\
W\xfdc\xc6NmO\x0fA\xff\x00\x08\x99\xb4\xf5R\
E\xb8\x84\xb8\x16\x9c\xfb\xd5\x9ec\x99\xcf\xa9\xa5\x5cR\
\xfb^K\x1d\xab\xacI\x92\xb4\xb4\xf2\xd2G\xdcsM\
\x08s\xc9\x8ej\xe6=\xc4\xb0B\xd6P.x\xf1I\
I?\xc4\x95b\xa1\xa9g\xd0DjA,U\xc2e\
\x9a\xc1\xab&Y\x9dC\x96\xdb\x92\xd3\xce@+\xce)\
\xa1*\x91\xf73\xd4\xb7\xb7\x9fE\xf6\xdb\xf1\x03\xa8c\
\xc3\x0c\xcf\xf0n,ciJ[\x19\xc5_\x1dF\xe2\
\x9f\xdb\xc9\x82\xae\x95B\x5c\xbe05{QiME\
,\xad\xabs\xf6\x8b\x8a\x8f\xfe\xa5n\x10\x90\x7f*\xdf\
\x1dF\x15\x7f\x89\x12\x8aQ\xbd\xb7{\xa9T\xce\x0b4\
\x0dC\xaa4}\xb5\x0e[\xf5DK\xd3\x00\xff\x00\xe9\
ZNW\x8fj\xb7\xc9\xa3/U7\x83\xb9g\xe3\x1b\
\xda>\x9b\x98\xe4\xe8\x1d<\xf8\xa3\xb4\xbb\x191\xf5V\
\x8c\x91\x1d*8\x5c\x87@\xdb\x8fz\xb24\xe6\xd6\xc3\
\xd1R\xf15\xbdx\xf3$\xbf\xa9\xd7t\x22\xfam\xa8\
\xd4\x99:V\xeb\x13\xe7\x93\xcb\x91\xdaX\x04~\x94\xd8\
\xdb\xc1\x14\xe1*\xd2r\x8c\xcb\xac\xb8R\x9bh\xb8\xea\
2\xdf\xf0c\xbdF\xdd\xdd\x90\xa8\xb5,H\x81\xbc<\
.1\xd4\xd3\xca\x09P\xe4g\xbdD\x93\x5c\x1a\xe1\xb2\
/\x82\x9bvu\xfbr\x0bJH[C\x81\x9eMV\
\xf2\xce\xa5<\xc9\x11K\x8a\x99\xed(\xb0C+Ot\
\x9f\xe3\xa5\xc8\xcaU\x14\xb0\xc6+K\xd6\xd5\x92\xf3{\
\x82\xbe\xd5&\x8d\xe9\x08C\x89\x0a+\xc68\xc8\xc9\xf4\
\xaa\xd8\xf1\xa9\x07\xech:\xb0\xf6\xe5v\xeej$\xf0\
$\xa0\x9fH\xdc\x87\x92\xb3\x90G4\xb9b`\x0b\x97\
\x10\xc8\xc0\x0aW\xebS\xb9\x8b\x84 \xc9IF\xec\xd3\
\x0f\xb4S2PZ+\x0a\xc7\xe7Q\x90\xda\xc4.\xe3\
\xbc\x13\x90q\xe9R\xe2\x98\xb2N(\xd5\xb3P\x22\xdc\
\xeb\xb2\x9c\x8e\xb7\x04`V=\x8e*\xcb^^\x0ef\
\xb9q\xf4\xd4\xbc\xdf\xc1\x03\xd4i\xeb\xea\x15\x91\xab\xa8\
\x8e\xa6@\xe7\xb5hSQ\x9e\xd6|\xcaRw\x11u\
\x1f\xb9\xd1\xff\x00e\xdfSN\x80\xeb\xcbL-\xcc7\
vu(\xef\x8c\xfd\xaa\xcbJ\x9f\xbeh\xe7V\xa7\xfb\
\x9fQ\xf5F\xfe\xf6\xdb\xd2\xd6\xdf\xfag\x9f\xb5z\x18\
p\xcer\xfe\x1eF\xebp$\xee\xcew\x7fj*\xf6\
\x10^\x9c\x89\xf1q\xeaj\x08\x12\xa9\x04\x9a\x00k{\
yOZ\x1c\x00\x8ah\x8d\x1e\xc6\x9aFA~\xd0\xe8\
\xdcr\x85c\xf3\xa6\xc0\xb2|\x8f^}%;\xc7\xf0\
\x8eh\x00FF\xe3@\x02q\xde~\xf4\x00\x17$\x0c\
\x11\x9ah\x80\x1f\x14\x7f518g\x94:\xeb\xfb+\
:)\xf1\x08\x97\x1e\x16\xa8ZfR\x93\x84\xbb\x19\xaf\
0\xac\x15\xb4\xdaU\x16)\x97\xd2\xd4+R\xef\xfe\xcf\
\x17u\xd7\xf6\x0fj\xfe\x9d-\xe9z\x15K\xd5P\x10\
\x0a\x92\x97T\x13\x81\x9fj\xe4\x5ci5i\xbc\xa6u\
hj\xb4jzf\xb0\xcf&\xeb\xee\x9b^:=x\
]\xb3Xi\xd9\x16\xd7\xd9V\xd1\xe1\xb4\xa5\x8c\xfeb\
\xb9\x93\xb8px\xa8\xb0t\xe9[\xa9z\xa0\xf2\x88\xe6\
 \xda.\xce\x0d\xad\xa7\x8e@_\x95_\xefDg\xbf\
\xa0\x9c\x14^0\x19\xfd3\x19J\xde\x86\x92\x06;\x8c\
\x9a$\xdc{\x05M>\x86w\x16 Za:\xeb\xeb\
R\x12\x84\xe7\x8c\xd29\xa4\x9f=\x13\x0a\x0fv0@\
\xc1\xd6\x96y\x92Z@\x9eR\x80x\x1c\xf3I$\xde\
0\xc2\xad\x07\xb6O\x1d\x17\xb8:f<\xc8\xcd\xc9\x8f\
-\xc5 \x8d\xd9<\x7f\xde\xb4\xc7\x8c\xe4\xa9Z\xfaT\
\x98\xfa6\x9c/\x1d\xdf6\xbf\xeaE+\xcac\xf9k\
\xe0w\xf8\x1f\xcb\xaf?6\xb0{\xf1\xcd+r\xf6+\
qO\xa47\x9d\x01\xe6\x95\x94\x5c\x1eJ\xbd\x0f4\x92\
r^\xe3\xc6\x9c_hd\xbb\x84\xf8+\xf2\xdc\xa4n\
\xf7\xcd#\xa9/f[\x0a0~\xc0\xce\xa5\xbc\xc6$\
\x8b\xac\xa1\xbb\x9c\x05qDg/\x91\xe5B\x9f\xc1\x88\
\xd67\xb8\xc7\x02\xeb$g\xef\xda\x8f2_!\xe5\xd2\
\xf85\xfe9\xd4-\x1c\xa6\xf1'q\xeeA\xa1T\x97\
\xc9[\xa1\x16\xfa\x14\xcfR5\x22\x0f\x17\x99X<r\
\xaa\x7f2^\xcc\xa6\xa5\x08?\xe5\x1c\xa7\xaa\x1a\xa1\xa2\
1|\x96\x00\xe7\xea\xa1\xd5\x9f\xc9R\xb5\x82]\x06s\
\xabz\xb2I\xcf\xe3\xf36\x8f\xf9\xa8\xf3'\xf27\x95\
\xf8\x0c\xd7Zu\x84t\x80/\xd3x\xef\xe6\xa7\x8dy\
\xe3\x19\x15\xdbA\xfa\xa4\x87?\xf9\x83\xd6\xcc%%7\
\xc9YO\xae{T\xf9\xd2\xf9+V\xf1~\xc1Z\xf8\
\x9a\xd7i \x1b\xdc\xb2A\xfej<\xf9'\xd9o\xd2\
\xc3\xe0s\x13\xe2\xab^\xc5'\x17y`+\xfeaM\
\xf5U>D\x8d\xacW\xb0f\xfe0\xb5\xfbk\xc1\xba\
\xca$\x7f\xcfS\xf5\x13\xf9'\xe9a\xf08c\xe3G\
\xa8,\xa0\xff\x00\xfc\xc6J\x80\xe7\xea\xcf\x15T\xaf\xe7\
\x12\xc8XBA\x13\xf1\xd5\xaf\xd8\xc0L\xa7\xd4=\xb7\
v\xc7\xe9B\xd4$Y\xfb.\x9f\xb0S\xf1\xe9\xaf]\
@K\xae\xba\xb0\x0eq\xbf\x9e?J\xb1_\xb2\x99\xe9\
\x91\xf6\x1e7\xfb@5\x82\x14\x16\xa8\xa1K\xecTH\
\xce)\xbfiLZ\x9aM'\xceG\xb1\x7fh\x8e\xa7\
\x8e\xe6\xe3ol\xa8\xf7%]\xfe\xd4\xebS\x93\xf6+\
\xfd\x95\x0c\xe11\xd2?h\xb5\xe1\xc5\xa4.\xc9\x1dy\
9'=\xeaV\xa8\xd7h\xb5h\xf0\x9axc\xb8\xdf\
\xb4A\xd6V\xaf\x13K\xc1Qs\x85\x0c\xfdY\xa6\x96\
\xaag\xa5\xa3\xa5\x9c\xb1\xc5\xb7\xe3\xfe\x14WW\xbfI\
[R\x1d\xc0Wa\x91\xebTKR\xcfE\xbf\xb2T\
\x96S\x06\xe7\xc7\xbb6\xa2\xeb\xb6\xbd?\x0e\x1a\x9c\x07\
>\x19\xa5\xfa\xe9|\x94-9.\x1a&\xb47\xed\x05\
lH\xf1/!+G\xf2(v\xabc{\xf23\xb0\
\x82]\x1d#D|]t\x9e\xfee\xb5q\xb4\xc2l\
\xceV]W\x87\xf5~uu;\xd8\xa7\x86e\x95\xa3\
\xce\x12\x13\xa8zK\xd0^\xabNL\xb8L\xdb\xe3M\
H>\x1b\x89F\x0aO\xebZ~\xa2\x9c\xb8l\xa1\xc6\
\xad7\xd6\x0aV\xa2\xf8\x02\xb4\xdc\xdeR\xac\x1a\xb5q\
\xd9w\xccB\x0ax\xfe\xf5K\xb6\xa36k\xa5\xa8\x5c\
.\x1c\x883\xf0\x91\xd4\x0d \xd90\xe6\xae\xea\x94\x1f\
\xdd\xefpr\x9a\xcb=*\x9f\xf2\x1bc\xad\xce\x1f\x90\
\xc8N\xb9\xd0*\x0b\xb8iX\xf2[H\xc2\x89V\x7f\
Z\x85\xa7A3R\xd67.I(?\x10\xb6K\x1b\
\xa8N\xa0\xb4\xfe\x1e\x9fR\x96\xca\xb1N\xadb\x97A\
+\xa5/\xe6/\x9a7\xad]7\xd4\x8f'\xe5\xae\x8a\
K\xeevmm\x94\x81\xfdi\xa9\xcfj\xda\xd1Ju\
f\xf0\xe4YuTKM\xc6\xd8\x85C\x90\xcc\xa4\x13\
\xfc\x04\x1cUU.\xa9\xe7c\x5c\x94T\xb7\x97ye\
VOO\x1a\xb98\x86\x9ai\xb2\xa7\x8fq\xe9I\xe4\
R\x9b\xf9+\xa79A\x92\xda\x86\xe5m\xf8x\xd3\x02\
5\xbd\xb6\xdd\xbe\xdc\x92ZZ\x87*F{\x1c\xd5\xd0\
\xa7N\x0b\xd1\xc3\x12\xa5j\x92y\x93\xe0\xe6\xca\xe9\x9d\
\xc2\xf0\xd2\xaeS\x16\xe3\xb2\xa4\x9c\xafw$\x1a\xc5u\
o:\xabkf\x9bz\xf4\xe9\xbe\xb9\x22\xae\x1d5|\
4R\xb6\x82\x92=\xf9&\xb95,j\xafJ\x89\xb6\
\x17Po-\x94\xbe\xadt\xdd\xb8\xba:C\xbf\x22\x90\
\xb0\x9c\x85\x84\xe4\x8a\xc5skV\x9cs\x83\xb3\xa1\xdc\
\xb9]\xc6\x1b\xb88#\x16\x04:\xd0N\xd7\x02\xff\x00\
\xe6N+\x91F\xfd\xa7\x89#\xe9\x93\xb1S\xe9\x8d\xee\
\x1a9*\xf3)\x00\xe3\xde\xb5\xd3\xba\x8f\xc9\x82v\xf2\
\x83\xf5\x22\x1eF\x8fQY\x0d\xa7\x0a?N+B\xb8\
\xdd\xf6\xb35KXTY\xcf\xfd\x0d\xa5\xd9.V\xbc\
\x07\x14\xf3d\xf6\x185t/*A\xe3\x06:\xfaU\
\x9dn$\x96\x7fSP\xf5\x15\xce\xd9\xe6C\x8e\xe0z\
\xa8\xd6\xa8\xdf\xa7\xf7\xa3\x97_\xc3\x90k4\xe7\x82\xc9\
d\xeb4\xcbz\x00uK\xe7\xf5\xc5i\x85\xdd6\x8e\
=]\x1e\xe2\x93\xe1d\xb3\xdbz\xcd\x06\xe0\xe6\xc7\xc2\
\x5c'\x82H\xa4\x94\x96x0W\xa5QT\xe1pY\
l\xfd@\x85\x17\x0a\x83,\xc3s\xdd\x1d\xe8\x84\xa5\xec\
\xc24#'\x892\xc9l\xea\xb5\xc1\xa6\xb1+m\xed\
\xa5dxo+\x81ZUz\xb1\xe7&+\x9d\x16\xdf\
w\xee\xb8c\xed9\xac-\xd1.\x8a~(:i\xf5\
\xf0\xa7#g5|u\x15\x9fPS\x85\xed\xb2\xcd6\
t\xcd!\xd7-Ee\xda\xe5\xaa\xf9'Q\xa9\x1d\x9a\
\x90\xa0\x91[\xe8\xdc\xc2f\xea>\x22\xa9M\xe2\xbc2\
t;?\xc5\xbb\x9f,\x13\xabl\xf1\xed wu\x95\
o5t\xa9\xbe\xf2w\xadu\xcb:\xcdKv$X\
m\xfa\xefNu\x02?\x8be\xb8\xfc\xc9#!.\x8d\
\xb5\x9eP\x92=\x15\x0a\x8ak1dm\xca\x04\x98\x0e\
\x15\xa8!'9JP\xac\x83H\xe6\x97&\xe4\xdb\x8e\
\x04G\xd4\xa1j(y\x90\xb2?\x9a\x93{#\xca\x9f\
\xfe0m\xc0M\xedeQ\x14w\x83\x9d\x84\xd4\xf9m\
\x95\xb4\xe3\xf7\xf01\x94\x89\x11InBKk\x1d\x80\
\xe6\xa1\xc3\xe4\xb2\x12\xdc\xb8f\x99\x88^F\xe2\xa3\x9a\
\x86\xbe\x01\xbc1\x09cz\xc8\xdd\xfa\xd2\xe0\x9f7\xf0\
am\x0c\xa7\x04qV\xe2$\x9a\x0am\xb6\xca\xb6\x00\
\x9a\xad\xac\x09\xc8\xd9\xe9\x08RTB@$e\x22\x88\
\xcb\x0c\x98\xc1\xc9\xa2\xf9\xa54zn\xdd=\x9a\xe3\x8d\
$\xc8y\xa2\x94\x03\xefW[VQ\xab\x86x/\x18\
]J\xac\xfc\xa8\xbe\x11[:6Ln\x969\x16C\
~\x1a\x9bB\xb1\xefQ}U;\x88\xa8\x1er\xd2\x0d\
\xd0qG7\xe8\xbe\xa9V\x85\xeb\x1d\x89\xe0\xa2\x8f\x94\
\x92\x0a\x8f\xebZ'\xe9\xaa\xa5\x1fs\x158\xb9'\x19\
\x9fe\xf4\xc6\xa2N\xa9\xe9\xd5\x9e\xe8\x85\x05\x99m\x83\
\xbb=\xeb\xd2\xa9\xa7Mc\xb3\x8f5\x89a\xf4\x1d\x13\
\x0a[\xe7\xd3\xb6}j_8\x1e\x0b\x0b\x06\x19EC\
\xea\xa0\x1e\x04\xad\xfe;\xe6\x99\x220%\xf7\x8a\xe2\xb8\
N1\x82q\xfaQ/\xc1=rDh\x8b\x92\x5c\xb7\
\xcbJT8w\x15\x09\xb20\xb7a\x92N?\xb4\x93\
\x91\xb4\xfaS\x95\xff\x00.@\xaef\xd4\xe1)\x194\
\x12\x0d\xd9eD\x1fz\x00\x0b\xef\x908\x00\x0ah\x92\
\xbb\x11\xf3\x7f\xf2\x8f\xfeZa\xcaQ)\x0a\x01}\x87\
<Uj1\x8f1e[\xa55\x86\x87\x91n\xaf\xb2\
\xb0\xa6_q(I\xf3$\x9f)\xfbb\x91\xd5\x7f\xcc\
O\x96\xb3\x942\xd5\xfaWK\xf5.\x13\x8cj\x1d;\
h\x94\x97F\xd5:c%N~y\x22\x92t\xed\xea\
\xfd\xf1&3\xad\x07\x98K\x83\xca\xdd|\xfd\x8a=3\
\xea\xcb\xcf\xdc\xb4\xac\x99\x96\xeb\xb2\xc1Z[S\xbb\x1a\
\x07\x1d\xb1X+\xe9p\x92\xc5.\x0e\x95\xbe\xa9R/\
\x15Q\xe3n\xb3~\xcb~\xb0\xf4.K\xce6\xc4k\
\xbd\xb1\x19\xd8#'\xc4^\x05rj\xe9\xf5\xe1\xd7'\
f\x8e\xa5j\xd6Q\xc05\xf5\x8at\x1d?>\x05\xe2\
\xc3q\xb7\xc9\xc6\xdd\xee\xb0R\x90\x7fQ\xda\xb0\xdc\xd3\
\x958e\xa3\xa7\xa7\xb8T\xae\x96{<\xdd\x1a\xc0\xa8\
\xba\xde+\x0bQ\xd8\x17\x8c\x03\xde\xa2\xce\xa2\x9b\x89\xe8\
\xafi\xd3\x8d9,\x1e\xb2\x85ka\xad3nCh\
RT\x1b\x01Y\xe3<U\xd5f\xa3<\x1eNjR\
i!\xc4X\xa1'\x1c\xe2\xa1\xcd1]7\xec:v\
\x0a\x10\xd6\xec\xd2\xb9\xe0\x8f(\x8e\x90\xc9}Y\x04q\
\xefI9\xa1\xa3M\xa2\xb3s\x92\xa1-C\x8e\x09\xaa\
\x5c\xd1\xae\x14\xc6N\xcdB\x80\xdd\xe9R\xa4\x82P`\
\x97 \xadY\xa1\x22\x89Sh\xc5\xca `\x82\x0f\xbd\
6@Jfx\x87\x1c\xd4\x8a\xda\x14\xb9\xb9N0h\
#\x83\x11!KF\x07\x14\x07\x06\x95(\x83\x8eN(\
 \xdb\xd2\xcaP\x9d\xb99\xa0H\xaeM3)J<\
\xe4T>\x8bq\xc1\x89\x94T\xa3\xcd&A@Kr\
\xca\x1d9\x19\xa3#(\xf3\x81k\x94\x5c\x07\x19\xff\x00\
j\x1e\xdfq\x5cd\x9f\x00\xbegi\xfa\xaa\x1c\xa2\x8b\
Tf)\x9f\xde\x92\xa2G\x1f\xde\xa1\xd4\x80\x93\x8c\xb2\
iO'%$\xe2\x97\xcc\x89.\x8ak\xb3I\xc0\x07\
\x8auR\x02F\x8a\xcf`\xd0\xde\xf5,\x9e8\xe2\x87\
R%\xd2\x82\x82\xceL\x89\x09R^H\xcf9\xf5\xaa\
\xfc\xd8\xa2\xba\xb0Q\x86rs\xee\xb6\x5c\xaev\x19\xa9\
j3\x89\x07<\xe0\xd3y\x90=\x0e\x93\xa7S\xadK\
9-\x1d\x1b\x5c\xe9\xb6\x22\xf4\xa5%\xc5m\xf59\xa9\
\xe2\x5c\xa3\x93yC\xc9\xaa\xe3\xf0\x5c6\xb2\xfbX(\
H#\xedI(~L\x12\xc0\xb3\x15\xa7[\xc0\xc2H\
\xfeS\x82i\x12\x93\xe8E\xdep-\xb6\xdd\x8cAj\
l\xa6T;\x00\xe1\x15d!$\xf3\x91f\xe1/b\
N\xd3\xad\xf5\x0d\xa5\xe0\xa6.\x92\xd2\xd2x!N\x9a\
\xb1U\xaa\xbae~E6\xf3\x82\xddf\xf8\xaa\xd7V\
$\x00'x\x89H\xda\x9d\xca&\xad\x8d\xfc\xe9\xac2\
'd\xa5\xccQj\xb6|tjh[[\x9a\xdcY\
(#*\xdc7SGQm\xe0\xcd+'\xec\x89\x09\
\x1f\x1d\x1690\xca\xafv8n\xb68$2\x09\xcd\
]\xf5E_@\xdb\xec\xb4\xe8^\x9ah\xff\x00\x8a-\
7&\xfe\xc4YV\x8b{-\x93\xbd\xb4\xf8dm\xae\
\x95*\x94\xeaCp\x92\xa7:}H\x86\xe8\x94\xcd%\
\xa1u,\x86-\x97Y\xf77\x89-%\xb5\xbb\xbc6\
}\xf1^r\xfe\x86e\xba\x0c\xe9\xda\xd7x\xf5\xa3\xb5\
\xb7wc\xa6\x9ay\xeb\xd3\xeb/H\x90\x83\xe0#\xb8\
I\xf4\xadzU\x0a\x94\xd6\xfa\x9d\x14\xde\xd6\xa7?\xb1\
\x14\xfd\x0dd\x9b\xaa\xaf/j{\xd0+S\xe7\xf7-\
\xaf\x9d\x87\xd3\x8a\xcbq{\xb6|\x1a([9C-\
\x17\x07\xae\xea\xc6\xf7\x1a#?\xc2\x07\x02\xa6\x1a\x86\x16\
Y\x5c\xac\x93xF\x98\x5cY\x7f[jO\xa7\x98U\
\xea\xfe\x96\xd5&R\xac\xeboi\x1a\x93b\xb7\xcbA\
nO\x83\xf2\xe4s\xe2v\xab\xea]\xdb\xd4\xa7\x89\x22\
\x8c\x5cF\xbcv\xf2\xff\x00\x05r\xe9\xf0\xe9\xa550\
YG\x80T\xae\xde\x0e)h\xe9\xd6u\xe9\xbc\xb4\x99\
\xba\x9e\xbb\xa9\xda\xd4x\xca\xfdJF\xa4\xf8#\x835\
\x0b\x10\x0b\xc1G\xb6{W6\xeb\xc2P\x97\xf0\xce\xf5\
\xbf\xf8\x83Z\x9f\x17\x0b'<\xba|\x1cj\x1d9|\
e\xf1\xe0.:1\x90y\xaer\xf0\xedjO\xb3\xb7\
?\x1a\xd8]Qq\x92\xc3\xfc\x16\xcb\xdfJ\xd9\x97o\
i/\xc0IR\x13\x82\xa0\x8eM<\xed*G\xb3\xcb\
\xd3\xbd\xf57Fx\xfdJ\x1d\xfb\xe1\xc2\xdbp\xc9\xf0\
\x9cB\xff\x00,\x0a\xa1\xd2\x9c_(\xea[\xeb\x95\xa0\
\xf9y)W\xdf\x85iH\xdf\xf2\x8bF\xc0\x92y\xef\
U\xc9\xc5rt\xe9\xeb\xd4\xe7\x8f1\x1c\xe2\xf1\xd3\xb5\
\xd9\xae&2\x8a\xbcP{\x8a\x9f\xab}\x1d\xbaVt\
.!\xbd!\xb3\xd6k\x95\xad\xcc6I\x03\x9eM_\
N\xf298\xefB\xa797\x16\x126\xba\xb9\xd8_\
\x1e\x22\x89\x1e\xa4V\xf5w\x0crs\xebh\x0a/4\
\xe5\xc9=k\xeb\xbb\xad(6\xebM\xa98\xc1%5\
d|\xb9\xf4s\xaaQ\xbb\xa7\xc2YE\x9e\xcd\xd4\xd6\
&\x1d\xe2Q\x8aT\x9e\xc8V\xda\x99\xd1\xdb\xf6\xb3\x05\
E\x15\xcc\xe2\x5c\xb4\xff\x00V\xdc\xb7\xc7!\x97\x19\x9a\
q\xcf\x8cw\x8a\xae5n!\xcayE3\xa7mQ\
z8d\xe2:\xa3\x16\xe6\xd2M\xc4\xbf\x10\xfbC\xf2\
\x7f\xb5l\xa7\xaa?\xb6h\xcfJ\x85\xe5\x17\x9arx\
/zo\xae\x0dZa2\x88/\xb8\xe3i\x1c\x99j\
\xdc\x7f\xbdm\x84\xe8Mn\xf7\xf8;V\xde#\xbf\xa0\
\xf1R9-\xec\xf5j\xd72:\x17)\xc4oW\xf0\
\xb7\x8aV\xe2\x8fKc\xe2\xaaUZ\x8dE\x86K\xdb\
\xafI}\x02DGC)\x1f\xccq\x9aWQ\xae\x8f\
OJT\xeeVc4\xc9\xa8z\xbd\xb9\xe071\xb4\
\xa8v\xde\x81K\xe6d\xa6\xae\x98\xe1\xccX\xb9\x16d\
:\x8d\xf0\xdcl6\xa3\xc8'\x91O\x19\x22\xa9Tt\
\xfbD{\xa1\x11\xd4|4)K\x1d\xc8\xedN4j\
\xc2C7$\x07\xa4m\xec;\xd5M\x8f\x91\xbc\xf9$\
/`>S\xed\xe9H>\xd0pXU\xc2\xf1\x15\x86\
\xd2W\xe7\xf3\x0f\xb5#\x9aEW\x15\x95\x0a3\x91\xdc\
\xed\xd6\xd5C\x8a\xc3m\x10\x94\xa3\xbaGcY]G\
\x19\xe4\xf95\xd5IW\xa9)0z\xca\x18\x99it\
(\x006\xf01\xde\x876\xe6\xa4\xcb \xbc\xb5\xb7\xe4\
\xf2\x96\xac&\xd1\xaae\xb8\x12B\x90\xa0Q\x8e\x08\xae\
\xcc\xbdPS0T\x86\xc9\xb4}P\xf8\x15\xea\x18\xd7\
\xff\x00\x0fV\xa6T\xe0S\xb6\xd8\xe0,\x13\xc85\xd9\
\xb2\xa9\xbe\x188Wk\x13\xc1\xd4U8\xb8\xa2\x9e\xd8\
\xad\xd4\xc2\x5c`\xc6\xe4dq\xfd\xeaH4\xe4\xa3\x8e\
\xe6\x9dt\x02\xa2\xc8\x0e\xefI\xe7\xcax\xfd*$\x12\
\xe8\xad\xe8G\xc3\x09\x9a\x9c\xff\x00\xf1O\xfb\xd4.\xc1\
}\xeb\xf4&\xd5/)\xc1'\xbd9R\xfbD<\xfa\
\xb7\xed\xecE\x01\x90O8\xa6\xd2T\xbc\x00($\x8e\
\xb9jX\xf1\x19\x1b7\xb8\xea\xbc\xb8O84\xd1%\
\x0c\xbf\xc4w\x1f\xe4G\xf4\xa6\x1c\x88\x0e\x11\xc9\xe6\xa8\
\xd8U9\xee\x17\xf3[\x93\x85\x0c\x8f\xb5N\xd2\x14\x9a\
\xe8\xdbO\x006\xe0\x94\x8e\xd4\xf8\x80\x91rO!R\
\xe1\x09\xdd\xb8\x82x\x18\xe2\xab\x9aK\xed,\xdd&\xb0\
\xc7\x90\xb5,\xcbb\x08\x1e\x1a\xd0x\x1e\x22B\x87\xf7\
\xa3/\xa6D\xa9\xfc\x1c\x87\xe3\xf3\xa6\xda;X\xfc'\
\xeb\x1b\xa4\xeb\x1b.^\xe3CR\xd9\x90\xda\x02v\x10\
\x0f<\x0a\xe1x\x8e*\x9d\xab\xa8\xce\xb6\x85^\xa2\xbd\
\x857\xf2|\x00\xe9\xee\x87w_u\xaa\xc7\xa7\xdbX\
fU\xc9\xf2\xdbN\x9e\xc9\xe7\x82k\xcf\xf8j\x87\xd6\
U\x8d8\xbcd\xfa\xfe\xa1n\xa9[J\xb4\xbe\x0fx\
uc\xf6xuO\xa4zf\xdb%\x8b<\xbdC\x0d\
m\x05x\x8c7\xd8b\xba\x9a\x8d\x85J5\xe5\x05\xcb\
G\xcf-\xf5*uf\xe2\xf88\xec\xd3#M\xcc1\
\xaf\x90\xde\xb4\xc8\xce<7\x93\x85\x0a\xe75R/\xd7\
\x1c\x1d\x1d\xf4\xdf\xd8\xf28Hnj72\xe8u\x18\
\xe0\x8e\xc7\xefJ\x9a~\xe0\xe0\xbd\x88\x89{c-~\
 (O9>\x94\xb2\xcex\x19S\xc7,\xe7\xb7K\
\xba\xd7p^\xc0\xa3\xe6\xc0\xfb\x8fz\xa6p\x92\xe8\x95\
V\x9a\xe1\xb1\xb3\xbf0\xa5\x8c\xa0\xa5'\xd7\xd0S\xc2\
\x9c\xb0UR\xe2+\xec\xe4C\x93<\x04\xe5r\x12\x80\
\x9a\xb5\xc9.\x18\x99\xad.\xa0\xc6\xd2\xb5dF\x923\
1\xbc\xfbf\xa3\xcc\x89\x0e\xd6\xac\x96TX5kX\
\xae6\x9cHl\x11\xde\xacsX\xc0\x9fGZ=\xc5\
\x84wYBq\x8c|\xcb`\xe3\xbd.\xf4G\x91[\
\xfe\x02[\xd5QR\xc9\x22R\x0e>\xf4)/\x90\xf2\
k\x7f\xc1\x89N\xa8ac\x89(R\xbd\x85<T_\
\xb9\x15h\xd5\x8a\xdd\xb5\x9ao\x5c0\x85\xecu\xc0\x9c\
{\xd3\xf9K\xe4\xcfFNOo\xb8\xe1:\x96\x22\x90\
\x14%\xb6\x05P\xe4\xb3\x86i\xa9J\xac\x7f\x95\x98\xc6\
\xa3\x86\xb5+2\xd0\x08\xa7\xc2\xc0\xbb+c;\x19\x8d\
\xea\x18\x8e\x12\xa1)\x19\x07\x18\xcd.c\x9c\x0d\x1aU\
\xdf\xab`\x85jh\xe8'/\xa7\x1e\x9fz\x99\xc5\x22\
\xb5\xe6\xc9\xe3k6\x9dI\x15\xc5\x82\x97\xd0\xaf~j\
\xbd\x88\xb6S\xa9\x17\x87\x16\x14_\x90\xa5\x0d\x87\xfaR\
\xba\x08'V\xa7r\x88\xb5]R\x85\x82v\x9c\xf1K\
\xe4\x8e\xf6m\xec\xc3{B\xd3\x92\xad\xbfjf\xbf\x02\
\xe6\x1f&\xbf\x19N\xce\xfd\xe9_\xe5\x17b\x12\xe3\x22\
\xe2\xdf\xd2$\xa3\x18H\x07\x9c\xd1\xe5\xa9tWq\xb6\
P\xc4YW\xd7Q\x0e\xa0\xbf\x05}i\x07\xf3\xac\xf5\
\xb6\xd3Yl\xf6\x9e\x19\xb7r\xa5\x82\xc3\xa6\x1ej\xc1\
\x09H\xdf\xb0\x91\x80\x9aZU7.\x0e.\xb5K\xe9\
\xeb\xb4\xf9\xc9$u\x14v\xd1\x92\xb4\xe7\xf3\xab\xdeW\
\xb9\xc3q\xcb\xe0\x1cmN\xd3\xaf\x0cpG`Oz\
2\xf1\xc0n]`<\x9d@w\x02S\xbb\x14\x9b\xdf\
\xc8zW\xb0\x15j\x87\x1d^\x08;>\xf5;\xe5\xf2\
\x18\x7f\x00\xde\xbf\xba\x97\x06\x14H\xf65.qk\x92\
\xcaprX\xe8\x1b\xd7\x19\x08N\x10\xbeO?\xa5$\
\xa7\x15\xd0}+~\xe3{\xb1vc\x91YQN\xc5\
\xbc\x01\xe3\xbeqJ\xae\x93\x9a\x88\xd2\xb2j-\xb6}\
\x13\xe9M\x8c\xe9_\x83\x19B2\x02<h\xeb\xcf\x97\
\x9c\x94\xfd\xab\xd4\xd7\xa1\xe5\xd0S\x89\xe5\xe1=\xd5\xfc\
\xb9\x1eM\xf8{\xd1\x8b\xd1\xc8\xfcU\x80\xeb\x93&M\
[jQ9\x09\x05\x5cW\x8f\x8dY\xd4\xae\x9ex\xc9\
\xea\x15(S\x861\xd2={7\xa2\x97[\x8d\x86\x05\
\xca\x5c\xc2\xe5\xbc,,6}~\xd5\xeb\xb5\x07\xe4[\
D\xf3TZ\xadU\xa4N\x08\xed:\x86\xd0\x86\xfc6\
Q\xf4\xa7\xb0\xcdx\xca\xb1s\x96Q\xe8\xa9MF\x18\
a\xdc\x84\x16\x93\x80\x0a\x87~*\x5cs\x1c\x22\x886\
\xa5\x90\x02\xca\xdb\xc1d\xa4$\x91\xc5J\x5cm,u\
1&\xd9X\xeb\x05\x9b\xc2\xd0\xef\x84\x15%[\x08\x0a\
\x07\x06\xb1\xea2t\xe8\xeeO\xa3\xa9\xe1\xe8F\xa5\xec\
w\xae2qk\x04\xbb\xc5\x8e2\x15\x16z\xd0\xb4\xfa\
\x12Nk\xcbB\xfe\xe6\x9f\xae\x12\xe7\xe0\xfa\x85\xde\x9b\
cUbP,\xd6\xce\xb5\xea{S\x89\x0e\xbc_H\
\xef\x84\xf7\xae\xa5\xa7\x8a\xef \xfdO'\x9c\xad\xe0\xdd\
6\xb3n0\xff\x00\xb2\xc5c\xf8\x8eU\xc6kp\xe6\
\xdb\x1cS\x8e\xf0\x1c=\x85w\xa8x\xc65%\xb2q\
g\x06\xfb\xfc>\x8cb\xeaS\x9aI\x1d\x01p\xa2\x5c\
#4\xe7\x95\x01\xc0\x08\x06\xbdE;\xba\x12I\xe0\xf0\
\x95-vI\xc1\xf2\xd3\xc7\x04m\xc3DA\x94r6\
+\xd4\xe2\x91\xc6\xdek\xb0\x8f\x98\xba\x22\xa6\xf4\xa1\x97\
\x02\xc2\x12\x93\xe2'\x03\x1e\x94\xdf\xb3(N<I\x04\
\xafjSyh\xe3\xda\xfb\xe0\xce\xe72\xea\xb9\xd1$\
\xa4g\x90\x8d\xb9\xaf??\x0d\xd5\x94\x9e\xd9\x1e\xd3I\
\xf1\x9d\xb5*\x1bj\xac\x1c\xf3T|;\xea;Qp\
\xb9n~N\xd1\x8c\xa5?\xde\xb9\xf54\x9b\x8am\xa4\
\xb2z{\x1d\x7fM\xad\x1c\xefH\x8b\xd1\xdd\x06V\xa3\
[\xed\xcf\x88\xa8\xebJx\xde=j\xabX\xd5\x94\x9a\
\xa9\x16\x8ev\xb3\xa8Q\xa1\x05R\x84\xd4\xb2\xfd\x88\xbb\
\xf7\xc2\x8b\xe9B\x97\x1eBI=\x92\x05j\xa9\x19\xd3\
~\x96c\xb7\xd7\xe0\xd6'\x02\x97|\xf8}\xbcZ\x12\
Hm\xe5\xe3\xdb<SF\xbdU\xd9\xaa5\xac\xee\x1f\
\xad`\x80\x16\xeb\xc5\x85e-8\xb4-\xbe\xe9#5\
\xa2:\x84\xd7\xa6hJ\xfa\x1d\x0cy\x94\xe3\xc0\xfa7\
Qo\x16\x85\x00\xf2\x16\xe8\x1d\xf03W\xaa\xb4f\xb2\
a\xad\xa3\xd6\x8a\xccI\xcbWZZ\x90v\xcbB\xd1\
\x8e\x0eN1R\xa3\x16\xf3\x09\x1c\xef\xa2\xb9y\xde\xb8\
-v\x8e\xa2C\x9c\x94)\x89a\x809\x04\xab8\xab\
\xd5I/\xc9\xca\xb8\xa5\x17-\xaf\x86]\xad]j\x93\
\x0e:\x1b[\xdf6\x801\x94\x1a\xd3\x0b\x85\xfc\xc2\xdb\
\xba\xd6\xeb6\xf2\xc7\xf5-\xda\x7f\xadjR\x90\x92\xfa\
Xh\xf7\x0a<\x8awR\x9c\xfagn\xd3\xc5\x17\xf4\
\xa2\xd5x\xef.\xbag\xabMM|6\x84\x97\x10G\
+\x07\x81O\x18\xbcpz[/\x14Y\xd7\xc4+-\
\xaf\xf2[\xac\xddD\xb6H\xdc\xda\xa44\x16x\xc1\xef\
M:\x9b{:\x95(S\xaf\xea\xa348v\xde\x89\
\xf1\xd4\xeb+I$\xf0\x01\xefP\x94e\xd3\x0cJ2\
\xdb$C\xba\xdc\x88AKy\x04c\xd3\x1e\x9e\xf4\x93\
n/\x184'\x97\x84[z\x1de\x17k\xd3\xf2\xc8\
\xdc\xd0O\x93\xf3\xaajp\x91\xe6|Qx\xe9\xc1A\
#\xa9\xa5*H\xdc\xb0\xa0Oc\xd8UrI\xac\x9e\
\x16\x92I\xe5\x89\x99\xfef\x22\xd3\x8d\xc4\x8cUo\x08\
$\xdc\xa6\x99\xe6\x8e\xb9Y\xd5\x0bRo(!.+\
\x9e1]j2\xdfKb+\xbcX\x9e\xf7\xeez\xcf\
\xf6Mu/z/vg\x1c\xc8P\x08FOj\xe9\
iu6\xbd\x8c\xe1_Rm\xa9#\xd8R\x9e\x0d\xc9\
[y\xc1o\x82}\xeb\xb9Mv\xcag\x86\x93\x06\xa9\
aG\x00\xe2\xa0\x83e\xd0\x11\x95\x1c\x1f\xce\x99?\x90\
\x15\x12`\xdc\xbc\x1c(\xa4\xff\x00\xb5\x12`U\xf4\x8c\
\xd0\x89\xd2\xdaQ)Yp\x9f\xefP\x9e\x09\xfed\xcb\
\x02\x5c[\x8ec\xe8\x09\xf7\xf5\xa7*\xf6\xc0\xda~\xa3\
\x8d\x08\x14\xa9A\xd7\xbd\x12\x0f5\x19C\xf9dZ\x1e\
\xb8_T\xad\xc4\xc5l\xff\x005H\x83\x980\xd8\xb6\
\x82@\xdc\xf7\xaa\xbb\x82~\xd4\x00\xe3\xe6\x17\xff\x00'\
\xf4\xa0\x9d\xc5m(Q>\xb4\x10\x15\xb6J\xa8\x00\x89\
c\x1flP\x02b\xbe\xd4\x97\x14\xdaO\x9d4\xb2\x00\
\xaf0[h\x05v\x1fzP9\xe7\xc6\xe2q\xf0y\
\xacp0\x0c%r;\x9e+\xce\xf8\xb62\xfa<\xa3\
\xab\xa0J?_N?\x93\xe17\xc3\xe5\xaf\xff\x00\xea\
\xd3A\xa9\xb2B\xcc\xce\xfd\xbdk\x97\xe0\x07\xfe\xaa\x9e\
O\xb3\xf8\x82?\xfc>x\xf8?F\xd0/\x92\x98\xe9\
\xd5\x863\xce\xad\xf6\x8cp\x92\xda\x80\xc2\xb8\x15\xefu\
\x0d\x8a\xf2\xa4\x91\xf9\xfe\x94\xe7\x99\xaf\xc9G\xea/\xc3\
/Nz\xdf\x19\xc6\xaf:b\xd9\x1eJ\x86>`7\
\x95\xfey\xacS\xa3J\xb7\xf1\x11\xaa\x93\xad\x1ec#\
\xcd\x1d]\xfd\x8a\xb6\x1b\xe1[\xdaKSKj@$\
\xa22\x12\x12\x93\xf6\xaeE\xc6\x89\x0e\xe9\xb3\xabOY\
\x9d5\x89\xa3\xc8_\x12\x1f\x05\xda\xf3\xe1\x91\xe5\xb7}\
\xb4\x19\x16\xdd\x85A\xf1\xe7$\x0e\xc4\xe2\xb8\xf76\x95\
m\x96\xe9\x1dJz\x9c+,d\xf1}\xefU\xca7\
\x99!\xa60\x10\xb2\x00\xfeQ\x5c\x9aw\xbb\x9e\x0fY\
K\xc3\x90\x9cUL\x91Ro7\x09\x99B\xe5:\xd2\
O\xb5\x12\xbei\xe1\x1d\x0az}\xbd%\xca\x00\xb4\xbe\
\xea6\xb8\xf2\xdc\xff\x00\xaa\xaa\x95Y3R\xa7\x15\xd2\
\x01.\xdc\x955\x95! \xfb\xe6\x88\xceD\xcaI.\
\x86Q\xe1\xb7\x83\x92M\x5c\xe5,\x14)\xe7\xb4(D\
B\xd3\x82)wH\x9e=\x91\xb6\xa1\xa7\x18\xec(\xdf\
 \xe3\xdd\x1b\x84\x13\x0a\xe4\xca\xca\x89F\xef2Oj\
\xb25\x18\x95\xa9o\x83I\x13\xfa\x96\xebj\x9d\x00%\
\xa6\xd2$c\xb8O\xadZ\xeb<`\xf3v\xfaEE\
_\xcc\xf6+(\x8a\xaf\x0b\x95+\x1e\x95\x96r\x97g\
\xa4\x9d,%\xc0\xa4\xc6\xe4\x10\xb2)\x95I`\x99A\
c\xa0r\xd9\xda\x84\x90\xb5}\xf1U\xaa\x93\xdc==\
\xbb:$o\x0c\x14Dgj\x94\x9c\xa7\x9a\xbeS\x93\
0\xd2\x8c<\xc25\xb4\xad\x09*\x0f(\x1f\xb5*\x93\
.\xabJ\x9ez\xc9\xa6&K\x5c\x9d\xa9\x90\xe8\xf6\xe6\
\x9f|\xca\xab\xaa[q\xb4x\xd4\xf9\xd1\xd2G\x8e\xa7\
?3V\xab\xc3\x93;{w\xd1\xa5j\xb9\xb1\xd4B\
\x9a\xcf\xdf5j\xba\xc8\x8fO\xa5.PVu\xfb\x81\
 -!?qG\x9a\xa64\xb4\xa7\x8c\xc1\x8ao\x5c\
*[\xc1\x08\xe0\xfeT\x89\xa5\xd9\x8e\xa5\x94\xe3\x1eK\
\x86\x87\x84\xbb\x94\xc0\xa7\x06\xe2\xa3\xeb\x5c-J\xe5E\
\x1fC\xf0\xad\x16\xa0\x1fP\xc5L[\xab\xa8Z\xb6\xaf\
\xf8S\x9e\xf5u\x85]\xd4\x938\x9e(\xb4\x93\xae\xa4\
\x091\x12\x94\xeeX\xe7\xdb\x1d\xebej\x87\x024\x92\
h:b\xa4\x80\xa4\xa4\x05\x7f\xb5fU\xf8\x1aP\x86\
C6\x08\x1d\x89\xa8\xf3\xd9\x1b \x11\x09\xf18\xdaG\
\xe9G\x9c\xc9\xd9\x10\x82.\xe6\xfb\x03\x8ae[\x224\
\x97B\xdb\x8aV\xe2@\x1d\x8dC\x96IK\xdc\x90f\
\xd4\x87'DZ\x92v\xb6\xeaTO\xb7\x22\x8a\x7f\xc4\
D\xc9\xfaZ=\xfbo\xea\x85\x86\xfb\xf0\xb8,\xd6\xb9\
%w\x14\xb5\xe6F1\x8f/5\xed+T\xdfm\x83\
\xc6l\xdby\x93\x8a\xf4\xcfM\x18zJ\x1bx\xcb\xaa\
\x9aI\x1e\x9d\xeb\xc6R[j/\xd4\xf5\x13\x9eS\x7f\
\x83\xda\xb3\x10\x1a\xe8\xbd\xbe>\xdc\xb8\x8cW\xae\xd7_\
\xfax\xff\x00C\xca\xe9\xff\x00\xc7e&\x1d\xb7zy\
O\xaf\xe9^E\xfd\xcc\xf4\x9e\xc3\xc6\xed\xe0(\xf9E\
LJWbD\x00\x84v\xc1\xc5D;,\x99Y\xeb\
\x14,h\xe7|\xa3\xe95\x87V\x92\xf2$v|7\
\xfe\xf6?\xa9\xc4\xe0[@\x86\x82y\xe2\xbc\x5ce\x94\
\x8f\xab\xd5F\x97\x05~(\xf2\xd5\x98E0n&\xec\
\xf0\x02\xb5L`G\xa8\xa2\xd3\x8a\xe9\x09}?\xf4\xd2\
;\xea\xad\x09\x16\xb8\xf8l\x0c\xa4W\xd0\x5ce(\xad\
\xaf\xd8\xf8\xa54\x9c\xe6\xdf\xcb\x00mE\x09 yO\
\xda\xaaQ\xa8\x9fd\xa8#\x22\xdb\xdf%\xc2\x14\xa0R\
\x92G\xf4\xad0\xabR+(\xa2\xa5\x189$\xfa9\
U\xeb\xae\x97\xcd)\xac\x1c\x8ca\xa1\xd6\x93\xc7\x98\xd7\
*^$\xb9\xa3Q\xc5\xc4\xf6\xf6\xde\x08\xb2\xba\xb4S\
\x8c\xc9\x98\x7f\x12q\x5ct\x8b\x8cT4\x92\x9e@N\
ku\xaf\x8ci\xf5Y\x1cJ\xbf\xe1\xcc\xe9,\xd0\x99\
+k\xbc\xe9\xbdx\xc90\x19G\x8d\xddD'\x15\xdf\
\xb6\xd4t\xfb\xa8f\x07\x9e\xbb\xd1/\xac\x9e+7\x80\
2\xfas\x11\xf5\x1d\x98N\xee\xdcv\xa2t(I\xe2\
%9\xab\x15\x96DN\xe8\xe2\x1eC\xa9*\xdc\x95\x0e\
)!\xa6\xa7\xf6\x91N\xfeQ~\xa3\x87k\x8f\x84\x9b\
\xf2/\xb2%E\x8d\xe2\xb0\xea\xb8\x06\xb8\xb7\xba\x0d\xd3\
\x9b\x9d>\x8f\x7fc\xe2\xbbUF4\xaaK\xd4\x8a4\
\xae\x85\xdc\xe0\xde\xdbb\xe1\x0dm!J\xc1!9\xae\
b\xb4\xbc\x83\xc4\x91\xde\xa9\x7fgR\x97\x9b\x19\x8b\xd5\
\x1f\x09M))~!Z\xd4\xa1\x92\x92\x9cV\xb8\xdb\
(\xad\xcd\xf2y\xb7\xaf\xa7'\x1ctR\xb5\x1f\xc3\xed\
\xd6\xc2\xd1t\xa1M\xb3\xfcG4\xd0\xac\xa1\xf72\xd8\
J\xce\xeb\x87\x14\x99Up]\xec\x8e\xe1\x87V[G\
\x7f5_\x1b\x98\xc8Z\x9a\x12|\x8f`\xf5:t\x13\
\xb5\xe6J\xc2{\xe6\xae\x84\xe1\x1eNum\x1e\xbd4\
\xda|\x16\xbd=\xd7T\xc4RB\xa58\xc0#\x94'\
\xb5j\xa7U\xaeT\x8eE[V\xdf\xaa\x1c\x97;\x0f\
Z\xe2J\xe5\x0aF\xf3\xfcd\xf2*\xcf=\xfcd\xcf\
V\x17\x94\xde\xea\x15\x1cK\x9e\x9d\xea\xb9F\xcf\x95\xbb\
\xba\xe3\x80\xff\x00\xa6x\x02\xb4*\xb4\xdf\x11;T<\
A}A'5\xbc\xb7\xc6\xeb5\xe6/\x9aT&\x1f\
\x8b\xb3\xce\xe6\xf0H\x1e\xf8\xad1\xa5\xb9p\xce\xd5\x97\
\x8bh5\x8a\xcbk=\x09\xf0\xe5\xaa4\xfe\xb0\xd1\xcd\
\xae\xd3)_=\x93\xe2\xb3\x8c\x01\x5c\xfa\xf4\xe7\x9c3\
\xcc\xea\xf7n\xbdg5<\xa2\xff\x00 :\xc9\xf0\xdd\
op\x1e\xb5\x8b<\xe1\x98\xd66\xf0\x09!\xb5\x82\x07\
\x1f\x90\xab\xb6\xf1\x92\xb8\xfd\xc7\x11\xf8\x93\xb5)\x80\x1f\
#\x84\xf68\xad\xb6s\xe0\x8b\x98\xee\x8a\x1f~\xcf}\
|4_[\xad\xf1\xd6\xb2\x96\xeeo\x04\x9e~\xf5\xd2\
\xb5\x9e\xca\x999wQ\xcc\x0f\xa67\x85\xa5W\x07\x14\
\x81\x84\xb8r\x93\xf9\xd7\xa4\x8b\xf4d\xe5E\xe7\x81\xb9\
y\x0d\x8f\xbf\xbd@\xc2\x0b\xf8\xee\xb2\xaf\xb5\x00*<\
\x85)\xf26%*#\xdf\x14\x01Q\xb7\xdebYu\
S\xa9[\x85o,\x92\x12\x06A4\x01 \xf4\xab\x8d\
\xe6j\x9cP1c\x1f()<\xd5\x85c\x88\xf6\x96\
-\xc8\xf1TD\x97O\xf1\xab\xb8\xaa\xcb\xb7\x0e$O\
%\xb0R7\x83\xfc\xde\x95aSy\x1bJ\x9c\x86\x1b\
.(\xfe\xf0\x8e\x05\x04\x11\xdf\x8eI\xff\x00\x86\x7f\xad\
\x00>Lt\x8e\xdc\xd0L\xa2\xd1\xb0\xd8\x1cf\xa3(\
0\xc20\xda\x0a\x14\x14@\xc8\xee*E\xca\x19\xd9!\
6\x8b\x93\xc4d\xe0qK\x22I\x02\xc7\x88\x92U\xce\
=*\xb9{\x81\xce>:[C?\x08\xfa\xac\x00\xaf\
<%~]\xab\x81\xe2\xfa\x98\xb1:\x9e\x1c\xa7\x9dF\
\x9f\xceO\x87\x1f\x0f\x10\xca\xfe/z~\x9c`*o\
\xa7\xfdU\xe7|\x01R_YO\x07\xdd\xf5\xfa)i\
\xd52\xbaG\xe8|6\x86\xf4m\x99'*(h\x0f\
\xcb\x8a\xfae\xccR\xbb\xa9\x93\xf3\x94f\xd5Y\x0d\xda\
i$\x1d\xc3\xcb\xdb\x8e\xf5\x9aR\x8b\xe8\xb1\xcb#\x86\
\x12\xa6T\x0bKR@=\xc1\xc1\xaa\xd4\x9e\x032\x7f\
x\x9dk\xa5\xed}F\xe9\xa5\xe2\x05\xf6;s#\x98\
\xee(-\xc4\xeeZ\x0e\xd3\x8c\x13\xdb\x9a\xcd\xaa\xa8\xce\
\xd1\xcaK-\x0b\x0a\x94\xe1R1\x8f\xc9\xf9\xd1\xeav\
\x90b\xd1\xd5\x9dT\xcctb;7'R\xd8\xc7d\
\xee8\x15\xf2\xab{\x95\xbe_\x83\xf4E\xbd\x18\xbbX\
5\xf0\x8a\xcc\xab\x0a\x5c\x07jr\xb0j\xef9o\xe4\
\xa9\xd1n<\x82]\xa5Ds\xe9\xf6\xa8\xf3\xbd\x84T\
\xa7\xf20\xbd[\x8b,{f\xad\x85f$\xe8I\xf2\
\xd9\x0e\x88\xa1\x0d\xf3\xcf\xd8V\x9f7\xd8\xa1P\x92Y\
l\xc7\x91\xe0\xa4\x80\xda\xb2i\x5c\xa5\xf0*\xa5\x9ft\
m\xac\xec\xfa0O\xda\x876\xbbCyo\xfeB\x5c\
\x8eK\x88\xc29\xfc\xa8\x95f\x82\x14\xa5.7pm\
\xc6\xc2\x14r\xd9*\xfc\xa9|\xe4V\xe8\xcdOnx\
4\x0e\xe3\x95#\x1f\xec)\xddN\x0b\xa7NIa\xcb\
\x22W\x11JNq\xc9\xedVo\xe0I\xc1\xb8\xf0\xc0\
:\x950\xdf)\x1c\x9ep*\x95<<\xb4,)I\
G\x19%\xf5\x1c}\xb0\xe3\xe0\x11\x96\xc1\xab\xeaTH\
\xc3F\x11\xf3=D#IJ3\xb8\x9cR*\x86\xfa\
\x9b}\x91\x8c\xa3/\x82\x9e\x07jo1\x98\xee\xa5'\
\x1e\x01>\xdb\xadI\xc27\xab\x8a|#\x96\xa9\xc9>\
A\xbe\xfb\xc8I\x04\x7fj\x8d\xc8\xd1I(\xf66f\
8Z<B;z\x1a7\xa3\xa1JP\x8a\xe8q`\
h=pQ\x00p3O\xb9\xfb\x98/&\xb6\xbe\x0e\
\xcf\xd2\x1b\x7f\x8c\xe0R\x86\xe2+\xcck\x13i<\x9e\
\xdb\xc21R\x81\x13\xd4m<\xe4\xbdj\x1f\x0a)C\
Nd\xa7=\xfe\xd5\xa7K\x93t\x96\x0e?\x8a\xaam\
\xaa\xa2\x186\x99.n\xda@G\xa7\xbdt\xaa\xb4\xf8\
<\x8e[\x97\xe89b0s\x04\x0cg\xbd,b\xb0\
D\xa0\x87\x09\x88\x12\xae\xdcRb\x22\xed\x0a\xdc0R\
\x08\x14b!\xb43\x10\x8a\x92@\x02\xa5A`\x94\xb0\
?\x89j\xc2\x92q\xcd,\xbf\x04nD\xdd\xbe\xce\x97\
\x12\x09\x03\x14\x8arM\x03gf\xf8oR\x1d\x91*\
(J\x96\x0b*\xfc\xab\xd8[n\x9d\xb1\xe5\xef\x92\x8d\
\xd2.\xb6\x9d>,zz\x22pw\xaaYP\xfe\xb5\
\xe7&\xb1Uc\xe4\xec\xaeT\xb3\xf0z\xc6<P\xf7\
Ha\x05\x00U\xc7$w\xafU\xad\x7f\xb7\x89\xe6\xec\
2\xab\xc9\x95H\xf6\xfd\xa3\x00`g<W\x90o\xdc\
\xf4~\xc1\x95\x1f\xc2'\x1c\xd3D\xa6?p/\x04\x01\
\x9cc#\x1c\xd2\xae\x18\xd2y|\x10=b\x84\x974\
C\xca\xc0\x00 \xf3\x5c\xddc\x8bi~N\xf7\x86\x93\
\xfa\xb8\xfe\xa7\x13\xb7[\x99\x5cT\x94\xbc\xd9W\xb6{\
W\x8d\x84&\xa2\xa4\xe3\xc1\xf57Z\x9b\x9b\x8eyA\
Um\xdc\xb1\x84\x95\x0f\xb5O\x9d\x8f\xb8\x87\x07\x86\xd2\
\x13c\xb5\xed\xd5\xb1\x81I\x04\x9fZ\xb6\xd5\xa5Y6\
f\xbb\x8f\xfaY6\x8fA\x18\x81v\xf8\xb8H\xff\x00\
LzW\xd1\x16T\x17\xe8|^\x09o\x9f\xea5v\
\x16W\xf4\xd5I>\xd8\xd1Iv\x12\x0d\xbb\xc4.q\
\xfc'\xfd\xaa\xc4\x9e\x19UXe\xa3\xcf\x1dL\xb5\xa5\
Z\xfd\xd4\xa4\xe4\xe3\xbdxMBi\x5c8\xb3\xeb\xbe\
\x1f\x83V\x09\xb6EJ\xb3\xb6ZQ[iQ\xdb\xdf\
\x1c\xd6Z\x91\x8c\xa3\x95\x13b\xb8K\x09\x97\x8e\x81Y\
\x9bAyIH\x03i\xf4\xe4W\xa2\xf0\xfd<G\xbe\
O\x1d\xe3W'\x04\xd3\xf8/O\xdb\x1d.\x1f`}\
+\xd0\xb7$\xf8g\x89T\xf3\x1eD\xa6\xde\xfa\xdbq\
m\xe4\x96\xc6y\xf5\xab!u]p\x99W\xd2Q\xcf\
'1\x99\xd7\x9b\xdd\x87U\xcb\x8a\xf2\x1aS\x0c\x1c$\
\x04\xf2k\x9bS\xc5Wt*\xb8\xbeR=\xa5\xbf\x83\
,n\xadaZ\x1cI\x92\x96\x8e\xb6Z\xf5M\xc5\xb8\
\xd2\xed\xc9.\xa9X\x07et\xed\xbccF\xb6!V\
'\x0e\xff\x00\xc0\x97T\xe0\xea\xd0\xa9\xe9^\xd9,\xd2\
4\xb5\xb6\xe2\x80\xb2\xd8BO\xa61]\x8an\xce\xaa\
\xde\x96\x0f,\xe9\xd6\xa3'\x17\xce\x08-M\xd1Kv\
\xa1\xb5=\x1fzR\x1c\x07\xccOjZ\xbae\xb5e\
\x98\xbc\x17\xdb\xeaN\x84\xd3\xc3\xc9\xc5\xf5\xd7\xc0\xbd\xc9\
\x96\x96\xed\xb1\xf8\xee\xa1Gq\x01[\x8e3\xda\xb9U\
t)\xaf\xe0\xcc\xf66\xde7\xa3\xb7\xcb\xab\x0c\x10\xee\
\xfc(\xa96`\xd4\xc8\xd8\x92\x91\x82R\x9cg\xefK\
\x0d&\xee1\xcc\xcc\xb7^ \xcc\xf7R\x96Q\xcfz\
\x83\xf0\xc2t\xd5\xb9o\xb6\xda\xd4\x01\xf6\xe4Vy\xd3\
\x95\x1ee\x93]\xa6\xa7J\xe1\xed\xc2\xc9\xcb%i\x19\
Q\xa5\x042\xb5\xa1`\xe0$\x93\xcd\x11\xd5c\x07\xb4\
\xea\xcfL\xa5(\xee\x92\x1eDsP\xe9\x9c\xefe\xec\
$d\x10\x0dj\xa3^.;\xb0r^\x8bM\xc1\xba\
sG\x7f\xf8a\x81\xfe2\xd3\xe8\x91{\x5c\x8d\xa5[\
T\x9c\x91\xc7\xb5q\xee\xb5\x99\xd2\xa9\xb695\xdb\xf8\
[\xea)\xb5<d\xf4\xa7\xc3\xfd\x82\xdbc\xd7o\xa2\
\xd2T\xd4V\xc0R\x81=\xbd\xeb\xd1h\xf7\x95.\xf7\
){\x1eWZ\xd1ji\xed&\xf2z64\xcbm\
\xe1~\x0bs#\x15\xa7\x00\xf2)+:~n\xd4\xcc\
J\x9de\x0c\xb8\xb4\xbfA\xbd\xd3N\xbd\x19Ym>\
\x22;\xe5#5t\xd7\xa7\x81c%\xbb\x0c\xe6_\x10\
Z]\xc9\xfaYymY\x09<\xe3\x9a\x8b9\xe2K\
w\xb9\xa1\xf3\x1cE\x9e{\xe9N\xb6N\x85\xea\xb5\xa1\
\xe7U\xe0\x18Od\x15\x9cg\x9a\xeaT\x96&\x9a\xe8\
\xe7\xd5[\xa0\xd2\xec\xfa\xf5\xa4\xae\xa3Ut\xda\xcbt\
h\xee\xf9\xb6B\xb7\x0ek\xd3\xd2\x9e\xe8&\x99\xc0\x82\
jRC\xb0\xd0\xf0\xf2\xe2\x92\xd8\xf7UXY\x86G\
\xcd\xbf\xc7\xb7\xab\xc3BV\xf2\x8f\xaa9\x14\x106\x0d\
\x5c\xaf\x19\x1b\x90\xd4uz\x1e\x15R\x93\x02\x0e\xcfb\
\x8fd\xd7HC`\xba\xe2\x90I.y\xaac\x16\x96\
H\xcf\x19,\xae\xa5eJJ\x8e\x01>\x9d\x857\xb6\
E\xc78\x1b\xb4\xb0\x95\x14rR=\xea\xb7\xc0rb\
\x89\xd8\xa7\x15\xfe\x98\xf4\xa7\x8f(\x824\x13>QV\
\x0f\x84\x8f\xa6\x87%\xd18c\x9f\x15\x1f\xcbR.P\
\xb7\x1fS\x0b\xf2\xa8\x1f\xb7\xb5\x14\xa4\x8b<\xb7\xef!\
(\x98\x1aYR\x92\x5cI\xe3 \xd2T\x92\xce0W\
$\xd3\xe0?\xcd#j\x8ax\x18\xedM\xbd(\x84V\
{\x1b\xda%\x05>\xe6\x08\xf3\x0ej\x1c\xb2]\xe5\xb1\
\xea^\xc0>l\xd5NI\xfb\x06\xc4s_\x8f\x87\xc1\
\xf8G\xd4\x84\xabh0\xd5\xc7\xbf\x06\xbc\xdf\x8c\x9aV\
\x18:\x9e\x1b\x8e5JM|\x9f\x14\xbe\x19\x9a\x0b\xf8\
\xc1\xe9\xe9)\xc8\x138>\xfc\xd7\x0b\xfc3\xa8\xa7y\
\x14\xfd\x99\xf7O\x11\xd5\x9f\xec\xea\xdf\xa1\xfa\x0b\x94\xa0\
t\xed\xac \xed\xda\xd8\xef\xf9\x0a\xfae\xfe>\xaa\xae\
>O\xcd\xea;\x9blj\x87\xc9Y\xc0\xedXb\xdf\
\xc1bQ\xf6\x0cdl\x03o\x98\xfa\xd4\xb92\xd5M\
Ic!/\x92|\x1e\x9c\xdd\xd4\x149\x8e\xe0<\xff\
\x00\xcaj\xab\xe6\xe7e!iP\x8b\xb8\x8f\xf4>\x05\
u\x1a\xc9\xe3\xf5\x13U\xbcFw\x5c\x9d\xc0\xff\x00\xfe\
\x8d|F\x95d\xa5?\xd4\xfd%F\x92V\xf4\xf1\xf0\
\x8a\x83\xfat\xc2B\x94\xb1\xb5D\xe6\xb5\xc6\xa6\xe7\x91\
gO\xd5\xc1\x1a\xf5\xac\x84\xee\xc1\xc15de\x97\xc9\
T\xa3\xea!\xb5,\x0f\x120\x18\xeckLf\x99M\
\xdcx\x22\xacv\x94\xae\xe4\xa4\xa9\x01@\x0c\xd6\xbbl\
J\xa2\xc9\xc7\xd5\xe5R\x9d\xabt\xcb\xde\x97\xe9\x94K\
\xd3+~J\x92\xcbM\x0c\x95}\xab\xd0V\xa5\x1e0\
|\xea\x9d\xf5\xc2\x8fd\xd4^\x9eiI\xec\xa41t\
\x8c\xb7s\x82\x90Fh\x95\xac[,\x96\xa9q\xb5f\
an}\x15\x82\x0ct\xb3\xb4\xf8\xa7\x85\x8aY\xdb\xd1\
O\x0d\x08\xb5k\xbf\xe5ci\x1d\x22\xb0[\x9d-M\
\xbbF\x8c\xf18\x09Wz\x8f\xa7\xa0:\xd5\xaf_s\
\x12\xae\x91\xe9\x8c\x11\xf8\xd4E\x83\xdf\x9a\x97mE\xac\
\x22V\xafu\x9f\xb8\x12\xfaG\xa7\x1a\x1e\x22\xaf1H\
Ga\x9e\xf9\xaa\xaaY/b\xd8\xebW\x0b\xb2'X\
t\x92\x1d\xa6\xc0\xec\xb6\x8a\x5chaAC\x90sT\
\xdeP\xdb\x14m\xb4\xd4k\xd4\xb8K%#U\xc7)\
\x8a\xd0\xe7\x00\x04\xfe\x95\x8a\xe1(\xe1\xa3\xd3\xd8E\xca\
oy[\x11\x80\xf4\xe2\xaa\x8c\xb97\xb4\xc5-\x8d\xaa\
\xe0\xd5\xcaH\xcdq\x1f\xdd\xb0N>\xeb\x0ed\x10U\
S%\x93\x98\xdb\x06\xea\x96T7\x9c\x05\x0cQ\x84=\
5\x90.G(\xc8\xcf\x94w\xe2\x92F\xf8\xc3\x84\x1b\
J\xc7\xf1n+\x18\xf4\xf4\xad\x0d\xf2a\xd4c\xfb\xb3\
\xb7\xf4b.\xc7\xc0\xfc\xab\xcax\x8aX\xe8\xf6\xbe\x0d\
_\xbb\x11\xd48\x1f\xfd\xe4Y\x04\x8f0\xad\x9a\x1b\xcd\
,\x9es\xc5\xaf\xfdJ\xfdFLB)\xd9\xf7\xae\x82\
\xfb\x99\xe6Wlt\xc4\x1c\xaf\xd6\x91>\xc8\x1d\xa6\x06\
\xdeFMO\x008\x8dl\xc8\xe3<\xd1\xc0\x0e\xe3Y\
\xf9\xe39\xa5o\xe0\x09\xa8VA\x94\x92\x09\xa6\xcf\x19\
*\xf7\xc1(\xabo\x84\xce0G#\x14\x8f\xb1\xd7+\
\x07\xac>\x0f\xfael{\xa6\xf2\xee\x8e\xc6\x1f7\xe1\
(\x05\x7f_\xfd\xab\xdc\xe9\xcb\x16-\x9e?Ry\xbc\
DT\xe8\xe5vX\xa4\xa7\x0a\xf9\xd2\x07\xff\x005y\
',\xd5K\xf2w\xff\x00\x95\xfe\x87\xa7-\xcd)]\
&\x84\x95\x1f0\xc6k\xd5j\xdf\xed\xa2y\xeb\x0ej\
\xb4W\xe2F\xda\x8e\xfd\xeb\xc7?\xb8\xf4\x11\xfbD\xbd\
\x13b\xc7'\x15|\x97\xa4\xad.@\x16\x82\x94w\x0d\
\xc0\x7f\x0dU,\xa7\x92\xf8J\x0b\x86@u\xf1\xaf\x95\
\xe9\x15\xd2n\x08Lv\x89\xc7\xbf\x15\x97Y\x8c]\x0c\
\x1d\x1d\x02u\x15\xe4v\xafs\xe7f\x8e\xf8\x9esP\
\xeay\xb6\xf6\x0a\x98\xf9W6n>\xbd\xeb\xb9i\xa5\
P\x95\xa57Qpqu=j\xfa\x96\xa1UBM\
r_l\xfdf\xbb\xde^,\xdb\x1f2\x1fh\xe1I\
H\xcf5E\xcf\x85\xecj\xa4\xe2h\xa5\xe3\x1dJ\x10\
\xd8\xe4\xce\xab\xd2y\x17k\xb5\xfa+\xb74\xa9\x0b\x1c\
r1\x5c\x8dcB\xa7j\x94\xa0zM+\xc577\
\xb4\xa5Bk\xdb\xff\x00C\xd4j\x8d\xe1\xc3\x8d\xc6\x01\
@\xc5t\xa0\xdb\xa5\x14\xfe\x0f'\x99*\x93O\xd8\x17\
\x82\x16\xe7#\xd2\x95\xf4;K\x02\xa0\xb0\x12\xe3\x9d\xbe\
\x93V\xa7\xc1^r\xd1\xe7\xbe\xa8\xae\x0c\x1e\xa2;\xe3\
HC_c\xeb_?\xd5\xad\xe7V\xed\xbaq\xe0\xfa\
\xd6\x81Z\x85\x1b\x04\xab\xc8d\xfcH\xd2\x22\xe5\x95\xa5\
\xc3\xef\x9fJ\xa2\xb5Z\xb4\xa3\x8c?\xect\x9b\xb7\xac\
\xd6\xc2\xef\xd0kYi\xe7\xcf\x0aO\x87\xe8k\xbd\xe1\
\xd77')\xac3\xc7\xf8\xd6.4\xa2\xd2\xf8.\xff\
\x00,\x14\xea\x81\xe3&\xbd\x04\xfe\xee\x0f\x12\x9f\xa44\
H;\x10\xee}\xb1ZS\xc2)\x93\xc9\xe7\xbdml\
\xd9\xae.\x0a#\xba\xbd\xab\xc2\xdf9y\xf3_'\xd7\
tH)XC\xe4\x16\x98\xb7\x875TR\x12\x02\x82\
\xfd\xa9l\xe9)\xd5\x8a+\xbc\x9c\xa8\xdaT\x92Gm\
U\xa3t4yJ\x96F{W\xb7\xa4\xf1\x1f-\xae\
\x0f\x93\xaa\xbb\xa6\xe5$Cj\xdbK\x91\xf4|\xc7\x1a\
Yi\xd4\x0e3\xe9KY\xce\x14\x9e\xd9\x1a\xac\xe9\xc2\
\xad\xdc#%\x94q\xb8\xba\xdfRX\x14\xa3\x1eb\xd6\
\xd8Wb3^f\x96\xb1qJO\x0c\xfa5\xc6\x81\
\xa6\xd5Qr\xa7\x86u='r~\xf7cC\xf3Q\
\xe2;\x81\xe9^\xe6\xcfY\xabV\x92s\xe4\xf9~\xab\
\xa5\xd2\xb5\xb9p\xa1\xd7\xbf\xff\x00\x81\xae\xaaE\xb2=\
\xadN\x5c!\x05\xb0Tw\x13Z\xa5\x7fn\xe0\xfc\xd2\
\x8b[*\x92\xba_LP\x5c\xe9oO5\x84\xc4\xbb\
\x13\xc0\x8d$\x1c\x80U\xdc\xd6J\x1f\xb2*\xbfWl\
\xec\x5c\xd6\xd6h\xaf_C\xd7z\x07\x1a\xe0\xf3\x80\xb6\
\xda\xdb\x0d\x90\x90\x13\xde\xb4~\xcd\xa7\x09f2\xec\xe0\
R\xd5&\x96\xe8G\x1c\x97n\x94tr\xcf\xa4tS\
\x8a\x9a\xd2\x1b\xc2\x8e\x07bM`ZTj\xcb-\x1d\
:~&\xba\xa5[\x81\x9bN\xdc,\xf2\x96\xe5\x8e\xd1\
!,\xcb>\x1a\xa4\x01\x94\xe3\xd6\xae\xabNZ]\x16\
\xe8Cs\x97\xfe\x86\xbaU\xe5\xab\x5c\x7f\xa8\x9e\x14y\
$\x9f\xe9\xb5\xf3HZ\xc5\xdcOq!cr\xb3\x9e\
+\xc9\xd4\xb2\xbc\xcb\xb9\xc6\x0feOU\xb5\xbb\x97\xd3\
(/\x81\xd6\x96\xf8\x83\xd4\x96\xb4e.\xaelv\xbe\
\xa4\xe3\x9cUV\xda\xfdh\xbf.K,\x8b\xbf\x0dX\
\xb4\xff\x00\x95\x93\xf7\xff\x00\x89\x0b}\xfbN\xc8\x13\xe0\
\x16\x14\x84g\xcc}k\xafKW\x8c\x9a\xf3V$\x8e\
\x15_\x09U\xa6\xe2\xe8\xd4\xcagh\xd1\xdf\x06}2\
\xf8\xab\xf8tM\xda+,\xda/\xb0\x99\xdf\xf3e_\
R\xbb\xe7\x15\xf4K\x1a\xf6\xd7V\xeb\xd1\x93\xc2\xdf\xd1\
\xafcx\xe0\xfd\xce\xa9\xf0\xb7~\x9f\x03@;\xa5\xb2\
e\xfe\x00\x90\xcbr\x00\xf2\xaf\x07\xd2\xb7Z\xa5\x14\xe0\
\x91\xcc\xb8\xa1\x89\xf9\x89\xf6t\x16\xecRe\x94\xfc\xe3\
\xa5h=\xd28\xad[p&\xfc\x0ec\xdb\xa3\xda\x97\
\x86P\x94\xa4\xf7\xcf5)d_0\x22\xbc\xce\x12\xb1\
\x84\xd3N\x12P\xe1\x89\x17\xc9]\xb8\xc6L~\xa2\xb0\
w\x8e['4\x8eM\xc7\x19#w\xa5\x93\x92\x98N\
p\x06P{\xd3\xc2.Q\xc12~\xa45~\x1av\
\xf9S\x81\x9eMMM\xb8\xc2\x0d\xcck)\x8f\xc4\xcf\
\x82\xc3\x81\x09G*\xcflS\xd3\xdb\x80R\x11-\xe6\
-\x10\xc6\xfc%\x00\xe3=\xb3P\xe1\x16\xf2?-d\
\x8b\xff\x00\x17\xdb\x7f\xe2\x22\xa7tJ='\x94\xfe\x1c\
:\xc9\xae\xba]y*\xd4\x1e\x0d\xe2\x0a\xd3\xcb\x8f=\
\xbc\xe6\xb8T\xb5\x88\xfc\x1d\xe7\xa2\xaf\x93\xa9\xcf\xf8\xce\
D)\xfe\x1a\xed\xcc\xfc\xb89YO8\x152\xd6\x22\
\xdfE2\xd2*g\x86IC\xf8\xcb\xd1\xf2\x94\xb4\x97\
\x1fI#\xb8l\xf7\xf5\xad\x10\xd5\xa8\xb8\xfa\x8ag\xa6\
W\x8a\xc4Gv\x8f\x8a\x9d\x0e\xd3n-\xd92\xd01\
\xff\x00\x08\xd4\xadJ\xd3=\xb2\xbf\xa0\xba\xf8\x1f@\xf8\
\xa7\xd0\x13\x98+\x17\x19@\x7f\xfbf\x99\xea6\xde\xcc\
o\xa0\xbb\xff\x00\x8b)?\x1c\x9dt\xd1\xba\xc3\xe1n\
\xf7\x12\xd9rq\xf9.\xc5RBT\x9czW\x9d\xf1\
u\xc5\x1a\xb6x\x83:^\x1a\xb5\xad\x1dN\x9e\xe5\xee\
|\x8f\xf8jR\x18\xf8\xb9\xe9\xea\x9e!\xa6\x19\x97\x95\
\xa8\xfas\x5c?\xf0\xd2T\xa9\xden\x93\xf7>\xe7\xe2\
D\xff\x00gVX\xf6>\xf5J\xd5vyv\xa8\x08\
j\xe2\xd6B\x07\x05`c\xb7\xde\xbe\x91ysNW\
U6\xb3\xf3\x8a\xa36\xdbhP\x9d\x18\xa7,M\x88\
\xb2{\x80\xe8'\xfd\xea\xa56\xfa\x92\x17f\xdf\xe5c\
\x88\xc8[\xcd\x856\xfc0O|\xbc\x91B\xc3Y\xc9\
+\x0b\xd8\xd6\xaeo\xe5:[vY\x91\x0c\x02\xcb\x9c\
\x07A'\x8e=k.\xa5?.\xd2I\xb1\xad\xd4\xe7\
q\x1d\x88\xf8\x81\xa9\xed\xbe.\xb7\xd4\x9e2v\x95O\
qI#\x90A&\xbe\x0fM\xbd\xd3\xfdO\xd1\xf4T\
\xbe\x9e\x9a\x7f\x08\xaa^-\xbb\x81R\xb2H\x18\x03\xfe\
\xf5\xb2\x9dG\x16i\xdc\xb2D\xc9\xb7\xa7f\xd1W\xc6\
fyG\x9c\x95\xcdUj-0\x0e8\xcdi\x8c\xb1\
\xd0\x970\xe1\x10\xf6\x88\x85\x97\xdeV2Bx\xe2\xba\
zrS\xab\xc9\xc3\xd7\xe0\x95\xa3gA\x85ky\xee\
\x90]_\xce\xd7\x04u\xe0\xe7\xb7\x15\xea\xab\xd2\xc3\x5c\
\x9f(\xf4\xe3\x08\xf3gGul\x8b>\xaad\xbe\xb5\
:\x1dt\x8c\x1f\xce\xb5R\x8c[I\x8bR>\x83\xdb\
vx?=\x1e\xc4\xf0F\xc4H<\xfbV:\xea;\
\xd8\xf4\x9a\x8a\xe0\xf2/\xc6\xc2\xe5\xc0\xeb\x02\xd9j[\
\xcc\xb6\x1c?A\xa8\x8c 3\xa8\x8ef\xb9\x97\x14\xaf\
\xcbv\x95\x8f\xfa\xa9\xd4c\x1e\x8bcQ{\x91\xf7;\
\xc5\xd639\x17iY\x0b\x1f\xc5\xc1\xe6\x9d\xbc\xbc\x93\
*NQ\xe1\x9e\xcc\xb1[\x1e\x7f\xe1\xd63\xae,\xad\
Je\x07r\x8f\xda\xb0\xea\x8f\xd2Y\xa59\xfddQ\
\xce5|3\xf2\x8c\xe0p\x11\xcf\xde\xb8W2|\x1f\
F\xb2M\xcb\x92\xaecyO\x15Tdt\x1c{\x10\
\xd3\x01\xc7@<b\xac\xdee\xb8\x82\xf2\x9b\x01q\x8c\
\x19\x9eA<m\xa7\xa7P\xe2>\xc1\x22([%J\
'\x83\xc7\xde\xaes\xc2.\xa0\xb9\x06\xbf\xa3i\x185\
\x9f~f\x8e\xaa\x82\x1eh\xb8\xbbnJ>\xe2\xb4\xb7\
\xc9\xcd\xd5\x16)\x9d\xcb\xa4q6\xbe\x0e?\xbdx\xff\
\x00\x11K\x93\xd8x=\xfa?\xb0\x8dz\xd0V\xa1Q\
\xf5\xdc+\xa7\xa0sD\xf3~,\xe6\xe5\x0dZ\x82N\
\xdcc\x8f\xbdt\xd7\xdc\xcf2\xbbc\xd8\xb0\x084\x8b\
\xdc\x86\xf0H5n\xdc\x8e\x00\xa5#p\xf2\x15\xa8\x83\
\xc7\xa7\xda\x80\xdcI\xdb\xad\x19p\x02*?\x01\xb8\x9c\
\x85k*\xe3\x1c'\xb7\xde\x9b%O\xb1\xd4\x8bh,\
'#\x1c\xd2>\xc6O\x8c\x9e\xba\xf8NB\x22t~\
Z\x15\x9d\xde\x1a\xf0\x7fC^\xee\xcf\xfd\x8b<\x8d\xf3\
\xcd\xe2e%\xe8\xabr\xd4\xc9'\x814\x91\xfdk\xc6\
S\x9ej\xac\xfc\x9e\x8eq\xf4\x7fC\xd2\xd6c\x9e\x98\
\xc4\xdd\xf5W\xb0\xd5\x97\xfaX\x9ekO\x7f\xbfh\x81\
llBMx\xfcz\x8fF\x97\xa4\xdb\xea\x0b\x1f\x95\
h\x7fh\x8b\xb1\xbb\xa51\xc7\xd2\x0a\x95\xdb\xd6\xaa\x9c\
\x92K#7\x8ep@u\xe1\xb1#\xa0\xf7\xd2\xf7\x19\
`\xff\x00\xb5su}\xca\x87\x07g\xc3u\xf3z\xb1\
\xf2|\x9b\xe8\xed\x87=Y\xbc\x92\xc8!O\x92\x9a\xf6\
\x1al\xa4\xec\xa9\xa9|\x1e7\xc4U\xea~\xd2\xaa\x97\
\xc9\xe9\xcf\x83=\x0f\x1en\xac\xbb8\xa6\xc1q\x0f\x1c\
\x02;V\xd8\xed\x8c\x1e\xd4s\xe9,\xc99\x1d\xd1\x10\
\x7f\x0d\xd5\xa9\x0b\x1bp\xe7\x94\x0f\xce\xb8^#\xa8\xdd\
\x1c\x9e\xb3\xc2x\x8d\xcb\xc7\xe4\xefhc\x16\xc8d\xe0\
\xeel\x11\xf6\xe2\xb2\xd3\xfe\x14_\xe0\xae\xbb\xfd\xf4\xdf\
\xe4\x0ac\x82\xe7oJU\xde\x05\x92\xe0TFwH\
P\xc7qL\xdbQeQ\x5c\xa3\xc4\x9f\x1b\xda\xb9Z\
K\xab\xaf\x00\xd0(i\xbd\xd8\xc7\xda\xa3@T\xaa\xce\
N\xaa7x\x82\x13Tb\xa9Ui\x15~\x97K\xbd\
\xf5j\xd4\x99\x90d:\xc3@\x94+i\xe3\x02\xbbU\
\xac-ja\xb5\xeep!\xab^\xdbK\x10\xa8\xcfR\
\xfc3Y\xd7l\x8a\xf3\x0f:\xa7^\x0d\x9d\xc5U\xc7\
\xb9\x85:W2\x854z*\xb7\xb7\x17v1\x95w\
\x93\xa0\x88{]\xce8>\xb5D\x16Y\x93o\xa4[\
1\x14\xe2\xd4\x00\xcej\xea\xaf\xd2T\xa1\x9e\x0f2u\
W\xa8\xb6\xdd5\xd4\x89\xd1%\xac$\xee\xc6@\xc9\xaf\
)[B\xbb\xba\xad)\xd1g\xd1,\xbcG\xa7\xd9\xdb\
\xc2\x9dIa\xb1\xd7O5M\xb7P\xebK{p\xd6\
\xa7<\xe3vS\x8a(\xe8\xd7\x96\xd5\xa2\xe5\xd1\xae\xe7\
\xc4z}\xcd\xb4\xe9\xc2]\x9e\x87\x95\x09a\x19\x00 \
\x81\xc6?*\xf5t\x5c\xb1\xeb>f\xe0\xa56\xa0\xf8\
 \xf5\xb4-\xba6aW!C\xcd\x9a\xa2\xbc!\xe5\
H\xd9\xa3\xb7\x1b\xe8\xc5|\x9c*}\xac\xb4\x9d\xed\x10\
AW#5\xe0\xaa\xce*O\x9f\xfa>\xb4\xe9NR\
M\xafc\xb1h\x9bH^\x93B\x96\x01% \xd7\xb6\
\xd2j\xa7G\x11>S\xae8}S\xfdH\xce\xb0Z\
S'C\xb8\x80\x92rx\xa6\xd4hG\xca\xcb\x0d\x0a\
\xab\xfa\xc4\xa0q--\xa6\x1bb\xfa\xd6\xd6\xc0V\xf0\
\x7f\xbdyKJp\xf3\x97>\xe7\xd2\xae\x9c\xa5A\xf9\
\xab\xd9\x9d\xb2\xee\xd7\xe0p\xd1%K!!\xb00\x9f\
z\xf71\xb9\x94c\x1c\x9f#\x9e\xc8\xb7\xc7\xbb\x1bh\
\x9d;?^\x94K\x91%\xd4\xdb\x92\xbe\x13\xbb\xcap\
k\xb9\x1a\xae\x14\xd4\xa2s\xea:uk<\xa2\xcd/\
\xae\x8e\xe8=B\x9b\x1c[LG\xe0\x02\x12\x95\xa8s\
\x9a\xf3\xb7>)\xadoWd\x96\xe3\xd8i\xfe\x13\x85\
{O=K\x0drt\x1b\xbe\xab\xb5\xbb\xa4C\xb7V\
R\xdcw\x13\x82\x9d\xb9\x08\x18\xf6\xae\xf5=^\xde\xa5\
\xbek\xc7\x83\xca\xd0\xb2\xbe\x85\xdf\xfal\xe7$7O\
`\xe8\xddB\xcb\xdf\x84\xa8,(eHRp\x05U\
cCI\xaa\xddJ\x1cH\xe8k\x13\xd6i\xb8\xca\xe4\
\xad\xea?\x87H\xf7\xcb\xdb\xcbD\x96\xd5\x15\xd3\xe6k\
?H\xfc\xab\x15O\x0dR\xadU\xd5RO>\xd9:\
\xb4<]R\x8d\xb4cV<\xa5\xde\x0e\xe5\xf0\xef6\
oG4\xa4\x9b{1\xda\x95nq;@R\xb1\x84\
\xd7\xa6\xd2l\x9d\x9cv\xa3\xc3\xeaz\x97\xd5\xd7U$\
\xde\xe2\xf1\xd2~\xbdi\x1e\x9a\xdc&\xb5uy\xd8\x8e\
\xdc\xd7\xb9)i\xbc\x81\xff\x00\xb5vaRi\xf5\x8c\
\x98\xd5\x19T\x92\x97\xb2:\xf5\x83Q\xda\xb5{\x01\xeb\
T\xf6d\xef\x1c%\xd7\x02H\xfd*\xdd\xe5Uc\x86\
\x1d\xd8\xee\xa5\xed\xabBx\xc7\x99\x1c\x80=y\xa9S\
+\x82\xcb\xc1\x0d\xaa\xfa\x81c\xd1V\xc5\xcb\xb9OB\
\x99g\xebKJ\x0bW\xdf\x81\xcd2\xad\x04\xf9-\xd9\
\xc9\xcc\xe4|[\xf4\xe7QjQq\x8dtw\xc1\x88\
\x8d\x8e#a\xdd\x9fR\x07z\xafu)\xbc\xc7\x81|\
\xbfC\xfdI\xde\x95\xfc^t\xcf\xaez\xa5V-9\
|\x0e]\x91\x9f\xdd=\x86\xc7\x19\x1e\xb5Lu\x0a.\
J\x9a\xe0\x99C\xd4_$\xc2\x93\x22Z\xe24\xa6\xb7\
6\x0a\x95\x87\x061\x8e\xf5\xb6*\x9c\x96r/\x96\xca\
\xa3=[\xd2\xd6\xfb\xd3\xf6\x97\xae,\xb7&2|G\
0\xa00=j\x89\xd6\xa7\x17\xd8l\x91\x15\xacz\x8b\
\xa6\xb5\xae\x90\x98\xfc\x1b\xabA\xb8\x08S\x84\xef\x03v\
\x054j\xc1\xc5\xbc\x96SX\xe3\xe4\xf2\xec\x9f\x8b\x8d\
8\xd4\x97\x13\xf3\xc3\xca\xa2>\xbf\xbdc\xfa\xaa\x7f%\
\xff\x00@\x8f:E\xd0]G\xb3\xc3\xc3\x17F\x96\x9c\
\xe3\x0bY?\xady\xf8\xc5\xa4zuZ\x0d\x11w.\
\xb2\xf5\x13\xa3WB\xab\xe31\xee\xb6\xd9\x03`\x0c7\
\xb9B\x8a1\x94\xdb\xe0\xa9\xb8\xb6;\x8d\xd5\xee\xa5\xde\
c\x07\xf4\xf4(\x11\xed'\xcc\x94\xc9c\xf7\x95\x13R\
\xce\xd6\x8d\x09R\x8a\x5c\x86\x99\xd7.\xac\xb1\x1d\x0d\xae\
\xdfkq\x19\xc1)b\x93\xcbK\x9c\x0e\xa7I\xf4\xd8\
\xca\xf3\xf1\x17\xaft\xcc@\xe4\xbb[\x0a\x8c9V\xc6\
{\xd48~\x05J\x0c\x98\xea'_,\x1a\xff\x00\xa3\
(j\x149\x8d\xdd\xe44S'rp\x84\x1a\xe1\xf8\
\x96\x9e-{:z\x1a\xff\x00_\x17\xf9<\x99b\xb8\
\x1d-\xd5\xdb\x1c\xed\x8buq^\xdc\x03c*Q\xcf\
\xa5p\xfc\x1d)F\xbai\x9fN\xf1\x04\xf7\xd8\xd4_\
\x83\xd6W\xcf\x8b$1oe\xc7\xed\xda\x8c\xa9#\x07\
\xc3\x0a\xe2\xbd\xc4\xa37ZO'\xc6\xa8Qt\xe0\xf8\
E\xb3\xa7\xbdw\xd2\x924\xa3\xf7\x96nw\x94\xcdc\
\x95CrB\xbcE\x1e\xf8\x09\xefB\xa6\xd7Rc\xba\
i\xff\x00*\x04\xbf\x8c\x0b-\xc4\xa9A\x1a\xa1\x97\x07\
\x18\xde\xa0?:\x8d\xf5\x12\xc6IVp}\xa46\xb8\
|O\x22]\xa1\xe8\xed\xc8\xbd\xa5/p\x12\xe3\x8a\xc1\
\xfc\xea\x9b\xeb\x9a\xaa\xd2Y&\x8d\xa55]a\x1cB\
\xe8\xc0\x94\xfb\xee\x80B^sq'\xbd|\xc2\xdb\xef\
y>\xcbO\x98B?\x82\xb7>!K\x99#w\xda\
\xb5\xacn\xc1.\x9aL\x89\x97oK\x8e\x9f)\xedL\
\xe5\x81\x5c\x16\xe2\x03XB\xdf\x1c\x0fL\xd5\x94\xaaH\
\xa2\xe1\x10\xb6XE3\x1cA\x03\x91\x81]\xed'\x9a\
\x87\x0b\xc4p_FtK\xac\x11\x13\xa1\xb7\x97\x00 \
&*\xcf\xf6\xafS^\x09\x9f$\xa6\xf9\xc1\xe2m\x1d\
t\xf1u-\xab#\x05RH8\xf5\xe6\xac\xb7Oz\
CMq#\xe9\x06\x8c\xb7\x974\xde\x98\xe3\xeb\xc68\
\xfbU\xf5\xa9\xfa\xa4f\xa75\xf0x\x93\xe3\xb1\x067\
\x5cd%D\xe1.\x9fZ\xcdNYl\xd4\x92\xf79\
\xa9Z\x1dlc\xbaj\xd8<\xb0j+\xb2\x1e\xfew\
E\x03\x92J\xd3\xdb\xf3\xa3\x19x\x19}\x8d\xa3\xde\xb6\
KR\x8f\xc3\x0d\xbb\x9c\x05Go\x9f\xd0V{\xc4\xa5\
\x1cH}-\xe6\xf2*'1\xea5\xb1\xb8\x0c\xc5\x0c\
\xba\x87\x82\x9b\x1b\x8aNpk\xcd\x5c\xcdn\xe0\xfa}\
\x8d*\x91\xcb\x99L1\x89l\xe7\x03\x8a\xce\x99\xd2k\
\x80\x01\x85\xb6\xbe\x08\xa6\xca*\x9d4\xe3\xb4o&\x12\
\x9fYY'=\xaaW\x06?\xa1\xa5\xf2k\xe4\xd5\xe1\
\x04\xf1\xb6\x9aU$\xcb!i\x08\xf4\x09\xf8\xe4g8\
\xcf\xda\x96=\xe4\xb5\xc3j$\xf4\x1cO\x1e\xe4\xe6S\
\xbbh\xf4\xadT\xe5\xbeG/S\x8f\xee\x93;oJ\
\xa2xn\x03\x8e\xd5\xe2\xfcGS\x12H\xf5\xde\x12\x87\
\xeeb\xcc\xd66\xe5;\xa8U\x9eA=\xff\x00J\xed\
xz_\xe9\xdb<\xb7\x8b?\xdd\x1aj\xdd\xb5i\x1e\
\x9f\x95t\xa3.\xd9\xe7$\xb0\xc98\xb6p\xbfB\x7f\
*\x1f\xdaW.\xc9\x08\xf6\xc0\xd8\x03niE\x1f\xc2\
\xb6\x02~\x9f\xefR\xa2\x04\x9c[`\xdc8\xc7\xde\x95\
\xae@\x97\x8bo\xd8\xdf\x03\xfbS%\xc0\x8f\xb1\xc4\x9b\
j\x96\xc2;w\xa5\xc7C.\x8fX\xfc6G\x11z\
'#)\x19\xd8\xa1\x9c}\xab\xdd[\xf1c\xc7\xc1\xe3\
\xae^\xeb\xb2\x8960gO\xc7V~\xa9\x87\xfd\xeb\
\xc6RY\xab\xfdOT\xfe\xd6\x9f\xc1\xe8+$\x94\x9e\
\x9bEH\x0a<W\xb5\xd5V-Q\xe4\xec\x9e\xdb\x96\
E\xc6o\xc6\x00\x1e9\xaf\x17\x0f\xb8\xf4\xb2\x96\x22\x85\
La-\x9c'\x9e*\xe6\xfd\x88\x87\xc8\xd9\x80\x9d\xaa\
K\x80\xe7\xd0\xfbUu\xa9\xae\x02r\xf4\xa2\xb9\xd7`\
Q\xd0\xbb\xe2I\xe4\xb2H\xfe\x95\x8bX\x9e(#\xb1\
\xe1\xa8%x\xb1\xf2|\xd4\xe8\x95\x80#\xa877\x15\
\xb5EN\x9fN\xd5\xeb\xb4\xf9\xe6\xd2\x9a\xfc\x1e/\x5c\
\x92z\x9do\xd4\xf4\xcf\xc1\x5c\x0d\xba\x86\xf7\x81\xc0x\
\xf3\xe9]\x0axQ\x91\x8e\x9b\xcbH\xea\xd7x\x9e\x1e\
\xa7\x0b\x18++\xe3>\x95\xc1\xf1&\x15\xb2\xc7\xe0\xf4\
\xbe\x12O\xea\x1a\xfdN\xd6\xd4r-0\xf3\xcf\xee\x93\
\xfe\xd5\x8a\x1f\xc1\x87\xe8\x15\xa5\x9a\xf3O\xe4B\x1b!\
\xd0q\xc6*\xaf\xe6 \x5c\x11\xfeh\xe4zU\xbe\xcc\
\x85\xda<S\xf1\xf7ifwRd-)\x05\xcf\x07\
\xbf\xe9Vh2R\xa9(\xb4h\xf1/\x16Q\xaa\xbe\
I/\x83\x0d<\x84t\x99k\xf0\xc2T\x14\xbe@\xe0\
\xd7\xa9P^Z\xfdO%\xbd\xbfY\xdb:\x12\x90\x8b\
\xbc\xb4\x1e\xe1\x06\xbc\xa6\xaa\xff\x00\xd6\xf0z\xdb\x1c=\
:9\xfc\x97\xf0\xd0+#\xd0v\xaa\xa5\x1d\xab(\xa9\
I\xec\x0b\x05\xb0\x89\x09\xe3\x8fZ\x89\xfd\x81N^\xb8\
\x9e\x1d\xf8\x81\xd1n]\xbe)\x10\x8e|\x192\x02T\
=\xab\xa3\xa0\xf7,\x99\xfcH\x96 u\xfd\x13\xa1\x22\
h\xcd\x5c\xcaZl\x03\xb8c#\x9a\xdb\xab\xc7u<\
\x98\xf4\x98\xfe\xf3i\xdd\x10\xc9u\xa4(\x82\x01\x15\xe7\
\xad\xdbi\xe4\xeaT\xa7\xb2M\x22\x0f\xaaj\x16\xee\x94\
\xdd\xde\xc0\xde\x94\xf9s\xde\xac\xac\xd6\xcc`}5:\
w*~\xe7\x8f\xfal\xe6\xab\xd5\x92\xa7<\x14\x81\x11\
\xa7\xb0\x9c\xfbf\xb7P\xf0\xdd\x9c\xe9y\xb3\xf8\x1e\xa7\
\x8b/\xe1]\xc3\xd93\xd7=;\x8e\xa6\xf4\x93>&\
\xd5, \x02?J\xe6\xd2\x84)\xd4t\x90\x97\xb3u\
\xea\xaa\x93\xe3(\x88\xeb\xb3\x9f\x81\xf4\xd5\xf9\x8b\x03\x09\
V\x02qM\x7fBUim_%\x9a]\xd4-n\
\xf7\x9c\x0b\xa4\x9a\x8e^\xb5\xd4\xc9&3\x8d%\x0ew\
Rp\x08\xaet\xfc7:J5\xa0w\xeax\xca\x95\
L\xd2h\xf4\x06\xb4\xb5x\x960x8o\x075\xda\
ot\x17\x1d\x1eRQnM\xfc\x8ez9\x0b\xc0\xd1\
$\xa0\x10B\xd4q\xe9]\x05-\xd40\xcc\x0d%U\
\x1c\xcf]jXL\xf5I1\xcb\xa92\x02\xc7\x19\xed\
^\x16\xf6\xd6\xa4\xab\xa9\xc4\xfa\xa6\x93yo\x0b7J\
r\xc3gb\xd5\xa1\x0f\xf4\xd1;\xf6\x01\xe1\xe7q\xed\
\xda\xbd\x1dzIZ\xf9\x7f\x83\xc6iq\x9c\xb5W\x18\
u\x92\xa7\xd0\x00\xc3i\x92\x96\x96\x14H<\xa0\xd7\x17\
B\xa38\xd4\x94\xa7\xd1\xe8<cJ\xad8F{\xb3\
\xf8\x18\xc5v\x5c~\xaf\xb8\x91*ImN\x80RT\
v\x8f\xd2\xa5\xd5\x92\xbe\xcc[\xc6K+\xd0\xa7=!\
O\x0b-\x1do@j\xf7\xe5\xeaIq\xe6)k\x8d\
\x1dCjQ\xfcU\xf4M\x1a\xe6U\xf7n\xf6>o\
{o8\xc2\x18K\x92\xf7f\xd2\x1f\xe2y\xb2$;\
\x0b\xc3\x86\x83\x94\xa9\xd6\xfd>\xc6\xbd\x0559v\xce\
k\x8dH4\xa2S\xef=1\x9b+P9*\xc9q\
\x9b\x0b\xc1Q\x03.\x10\x8a\x99F+\xdc\x95O\x7fc\
\xebW\xc4\x17Wzwk\x93h\xf1\xed\xf7\x06\xdeJ\
\x83kH\xde\xb4\xa7\xdf>\xf5L\xa4\xd7E\x8a\xd9G\
\x94x\xe7^\xf5k\xab\x9d\x16\xd6W+\x8a\xd6\xa9\xb1\
g-n8\xd3\xc0\xad<\xfa\x01\x5c\xbb\x97q\xbf1\
\xe8\x1d4r\x1d7\xf19|\xd1\x9dF{P]\xad\
r\x82^J\xc2\x90\x96\xc8o\x9f\xb7j\xc9R\xe2\xaa\
~\xa5\x82\xb7M\xe3\x05FGX]OW\xce\xab\xd3\
\x13\x1e\xb5\x5c\xbb\xec\xdf\xe1\xa7\xf2\xc0\xaeuj\xed\xcb\
8\x11\xa3\xac\xc3\xfd\xa9\xbdZ\xb5\x05\x0f\x9eiO\x96\
\xbc5/?\xc3\xed\xf9\xd5\xf1\xd4\xebE`~\x0es\
z\xf8\xa5\xd5\x1a\x9a\xe4\xed\xceE\xd1mOx\x9f\x13\
\x0e\x100{\xd5\x15/*\xcf\x90\xca\x1a/\xe2'Y\
\x1b[\xec\xb3vq\xb8\x8e \xa5xp\x82s\xde\x88\
\xdc\xd5\xc6\x05\xc2(\xeb\xd7\x92\x96\xb2\xa3-\xc2I\xc9\
\xf3\x9a\xb7mO\x92\xef2G\xd2.\xaau\x0e\xd9\xd0\
\x8d\x1c\x9dG{i&\x02\xdc\xf0\xb0\xa5c\x06\xaf\x9d\
lH\xf46\x94'W\x84sH\x9f\x1f]\x1e\xbf\xb6\
\x17)\xc8m\xb6O\xd2\xb5\x03\xb6\xaf\xa55\x1eM\x95\
tk\xa7\xccQ3\x1b\xe3\x87\xa3\x8bB\x1af\xf7o\
e\xbc\xf0\x9c\x8cP\xde\xe9d\xa5h\xf7\xcb\xb8\x931\
~,\xbaKrZ\x10\x9dMmBN3\x95\x0e*\
\x1cS\xec\x1e\x99y\x1f\xfcl\xcb\xb7^zEua\
\xd8\xeej\xabS\x88ZpNG\x15\x18\x15\xda^\x7f\
\xfel\xa2\xf5N\xe9\xd3O\xf0\x1c\xc6\xf4\xcd\xf6\x0c\xc9\
\xaf\xb7\x82\x86\xc8\xc8&\xbc\xd7\x8b\x16-2u<=\
gr\xaf\x22\xaa,,\x9ea\xe9l7\x17\xf1\x17\xa5\
\xa38\x8f\x11&F\x0eF}k\x8b\xe0\x85\xba\xa2g\
\xd3<G\xe9\xb2\x9a\xa7\xf0}!\xb8h\x18r\x90\xda\
U\x11\x91\x91\xdb`\xe7\xb5{\xfa\x91Q\xa9$|R\
\x8dJ\x8drS\xed\xdf\x0aZf\xdd\xa8\x97v\xf0B\
\xa4\xad[\xce\x0e\x00\xfd)v\xa2\xdf2\xa1f=\x1f\
\xb3:\x14\xe1\x88\xd3\x9e\xe0\x00)e\x04\xc5\x94\xea\x11\
Z\xe3\xa2\xb6V\xf4L\xc9,\xc6@}\xbc\xe3\x15\x87\
SX\xb4\x91}\x8c\xe5\xe7\xc5H\xf2\x93\xb1\xfeb\x5c\
\xa6\xb9\x09md\x01_0\xa7/[>\xd9N8\x84\
\x1f\xe0\x88\xb9C\xf3\x9c$\x94\xfb\xd4\xa9\xfa\xc39\x91\
\x1d\x22\x18S\xa7\x83Z7\x09%\xea+Z\xd2&\x1a\
H\xe7\x04\xd3A\xe1\xf0W^\x1d\x11Vx\x00\xdcV\
\x09\xc0\x03\xb9\xafG\xa2sW\x07\x03\xc4\xebm\x82:\
\x06\xb5\x8eX\xf8u\xba\x94\x8e\x15\x15c?\xa5{:\
\xab\x09\x1f\x1c\xa7'\xbc\xf0.\x84on\xad\xb1\x82>\
\xb9G\xf5\xe6\xa6\x82\xfd\xea4\xcb\xdc\xfa\xa5\xa2\xad\xc1\
z\x7fJ\xa5)'\x18\xc8\x1e\x9cV\x9a\xff\x00|\x8c\
t\xd9\xe0?\xda\x06\xde\xcf\x88y\x89\xce6\xbcr=\
k\x0c8\x93\xc1\xae',;\x92\x82\xad\x87>\xc2\xac\
\xa4\xb8cIn\xe0\x8e\xbe\xb4\xb6Yik\x18J\xd6\
\x91\x8fnjis.Ki\xd3J\x0d\x1fE\xec\xd6\
\xa5#\xe1^\xd8vx\x8d\xb9\x11\x07\xdb\x1cV]]\
8\xd3rBhR\xc6\xa5\x18\x9c\x02U\xac\xf8Ol\
\x0aW=\x89\xed^\x0e\x9dg'#\xee5(\xad\xb1\
\xc1\x16\x98\x0a( \x8c}\xea\xf8\xd4\xc1\x96P\xc3\xc0\
\xd1p\xb8'i\xa7\xf3\x1f\xc0(3J\x80[H'\
\x83R\xa6\x88qcw#\x11L\x98\x9bF\xca\x86\xa2\
\xa2NM2#nQ/\xd3V\x8f\xe2\xef\xa7\x0a\xed\
\xff\x00z\xbe\x8c\xb1#\x95\xaa\xacPGk\xe9\x9ba\
\x0e\xab \x8czW\x8a\xf13\xf5\x9e\xaf\xc2\x1f\xc1\x88\
\xe7Q\xb0\x17v*\xe7\x83\xfd+\xb9\xe1\xef\xf6\xcc\xf2\
\x9e-k\xea\xf0\x164\x0f\x1bi\xdb]H>\x19\xe6\
\xea>Q/\x0a O\x93m;|\x15{\xb2A\x8b\
zO\xa1\xa5\x15\xc8}\x12\x00\x04\x10\x93\xfd)\xd0e\
\x12\x0c@*^pqK%\xc99\xe0\x93\x8d\x0c\xed\
\xce)\xa3\xd1C|\x8f\x1f\xb7\xfe\xe19\x19\xe6\x91\xf6\
\x8bs\xc1\xe9\xce\x87\xb6\x98}\x13t\x93\xdd*\xff\x00\
c^\xe6\x8a\x7fB\xcf\x1ds\xfe\xf3\x83\x9e\xea\x15\x16\
t\xbcM\xb9\xc1\x97\x9f\xef^.\x8c\xb1W\xfa\x9e\xaf\
\xd9\xfe\x87\xa1l\x0c!\xce\x98\xc5\xdb\x90\xa0\x07>\xf5\
\xedui\x7f\xa7\x8a<\x8d\x9f\xfb\x86D\xb0HV>\
\xf5\xe3\xa1\xf7\x9e\x9a\xa7\xd8\x8cx\xe5\xee{b\x9b\xf9\
\x82\x9fF\x90\x94\x94\xa8\xf6#\xb5Moaj?J\
*\xdf\x11\x08\x0d\xf4\x02\xfc\xe9\xc8)`\xe3\xef\xc5s\
5\x7f\xe0\x1d\xdf\x0d\xb5\xf5k\xf5>v|=Z\xd4\
\xee\xa8\xb8:\xe1%Jp\x90=\xeb\xd7\xe9\x8f\xfd%\
?\xd0\xf0\xba\xd2\xff\x00\xe2u\xff\x00S\xd2\xdf\x05\xf0\
\xc8\xbd_\x8e9\x0f\x9c\xd7B?cfJ_r:\
n\xa0\x8e[\xbf\xa0\x91\xc7\x889\xaf?\xe2o\xf6\xeb\
\xfa\x1e\x9b\xc2<\xdd<\xfeN\xca\x06,\xf0~\xed\x0e\
\x7fJ\xc9\x07\xfb\x98~\x81_\x1e}F\xbeA\xa8\xe0\
\x8f\xca\x93\xdc\x0dGNe\x8f\xbdX\xbad>\xd1\xe3\
\x9f\x8d\xe8\x19\xea\xa4\x83\x85\x11\xf2\xf9\xfe\xd4\xde\x1e\x92\
\xf3\xa4_\xe2O\xfe_\x1f\xd4\x9f\xf8;k\xff\x00\xc2\
\x97RS\x8c)X\xfb\xd7\xaf\xa6\xb3M~\xa7\x91\x8f\
\xd8un\x8d\xc7\x11\xf5\x04\xc0x$\x11^GU\xff\
\x00v\xcf]c\xff\x00\xcb\xa3\xfdN\x80\x86RT\xaa\
Z\x99\xdaT\xbe\xc1Q\xa3\xe5\xd0};Us\xfb\x08\
\xa6\xbdH\xf2gQ\xa0\x17>(c\xadC\x8f\x9a\x04\
WOAY\xceJ<K\xff\x00\x8c\xea\xb7\x88a\x1a\
\xe22\xbd\x94+v\xa7\xfc&c\xd2\xa5\x8a\xa8\xeaA\
9\x82\xd0H\xc6S\xd8\xd7\x9d\xb7\xe8\xea\xd7\xfe#+\
\x9d^ogH\xee\xc1c<\x0e;\x9a\x9a\xbd\x17X\
\x7f\x15\x1ck\xa4\x96$G\xe9\xcd\xc9\xc6\xd3\xb0\xa9\xd0\
{W\xaf\xb3\x7f\xe9\xd7\xe8y{\x8f\xf7R\xfdN\xc5\
\xd3\xb6\xb3\xa6x\xe5C\x19\xaf \xa1\x9a\xd2o\xe4\xf4\
w\x12j\x11DG^\xa0\x89\x9d5[k$\xeep\
\x0cU\x95&\xf8K\xe4K%\x17Q\xb9|2\x9df\
\xd3\xcc\xd8\xa1D,\xb4\x1a\xce\xd2U\x8eMz;\xaa\
\x95\x15\xb2\xe3\xd8\xe2Y\xd7\xa6\xefd\xb0^\xb5s%\
zp\x9d\xc0e\x1f\xd2\xb84%\x95\x89\x1d\xd9\xd4R\
\xe1{\x0e:P\xd2\x9b\xd1*;\xf7$\xac\xfav\xad\
u\xd3T\x91\xcc\xa0\x94\xeb\xb4\xcea{\xe9T\x19\x9d\
Xv\xe6\xe2\x0a\xd5\x91\x81\x9a\xd7i\xa7\xc2\xa5-\xec\
\x8b\xda\x95\xd5\xc2\xa5\x07\x85\x93\xa7\xf5\x16\xdf\xf8\xb7L\
\x17\x15\x85xAM\x94\xa4\x9a\xe48\xee\xab\xe5\xfb\x1d\
(\xba\x94&\xeaG\xbcd\xa9|3\xe95hh\x8f\
\xa6C\xa5\xf7^\x07\xeeEt.\xec\xe3mG|}\
\xcc\xf1\xbf\xb9\xbb\xaa\x95ip\x88\xcbu\xae\xeaz\xdd\
)\xf7\x16\xaf\x93\x0e\xe4\x0czW:\x8e\x99\x07\x05]\
\xf6t\xaf5yB\x9a\xb7\x87C\xff\x00\x88]_w\
\xd0:\x02\xfbw\xd3{\xc4\xf6\x9b\xdc\x94\xa0n\xe7\x15\
\xda\xd23\x0d\xfbO?\xa8W\x9aQ\xc9\xe4\xa5|\x7f\
|@j{\x02c\x22d\xa8M\x04\xed\xdaZ\xef]\
'Z\xbex8S\xbao?\x825\xbf\x8a~\xbe\xae\
)d\xde$\xa1\xb5\xf7;;\xd0\xe7Y\x94\xfe\xd0\x92\
\xfe`\x10\xfa\xf1\xd7\x98hS\xf1\xef\xcf\xee\xcf\x1b\x91\
\x9f\xfbSb\xafX\x15\xea\x12\x7f\xcc\x8a\x7fQ\xba\xed\
\xd6{\x927\xdc\xaeoK\x19\xc9O\x86;\xd5\xb0u\
R\xc3CB\xf6K\x99<\xfe\x859_\x10\x9a\xcd\x0e\
\x01\xa8X\x5c\x88\xa9\x18\xdb\xb3\xbdd\xaa\xa4\xfbF\xfa\
w\x90\x97\xb91\x03^Y52\x83\x8a\xb4**\xf1\
\xfe\xae\xec\x01Y\xdd:Y\xf5\x12\xe5\x97\xc1\x19|\xd7\
\x0cZ\x9dPe\xbf\x18V\x17\x05\x91\xd5\x11\xb5\x9eR\
/\xcbS\xce\xb0Y\x1e\x994\xbeY\x1eH\xf6D\xe5\
\x8byG)m9\xe2\xa7n\x19;0A\xfe&\xcf\
\xf2\x1f\xeb[7\x8c}\x0a\xfd\xaaS\x11\x13\xe1U\x96\
\xddB\xe45\xf3`m\x03*<\xd6j\xcdy\xdb\x0f\
e\xa0C|\xf8x>n\xda\xec\xb6\x99\xf0\xc2\x8c4\
\xb6\xa03\xb5\xc4\xed?\xd0\xd6\xf9\xa5\x1a*g\xd0\xb6\
\xb8\xc14!\xeb=\xa9\x0em\x10\x16\xa3\x9e\x14\x86\xc9\
H\x18\xf7\xa8\x8cR\x8eG\xd9Y\xf3\x1c!\xc3v\xb8\
P\x88!,\xee\x1c\xe0\x1e\x7f*W%\xb9$&j\
\xe7k6\x97\x22\xc8\x92Q\xf2\xf2\x1a*'\x0b()\
I\xfd{\x1a\x99\xe6(\xb64\x9c\x9e\x11u\xe85\xa1\
15c\x9f\xe67\xa5D\x107q\x5c\x1f\x17\xa4\xec\
y\xf8-\xb0\xa7\x15p\x9c\x8e\xa7\xa0f\xa2\xcb\xf1'\
b\xb9H\xca`\xc3\x7f{\xcb\x1e\x82\xb8^\x08j-\
N]#w\x8a\xa9\xe2\xcaS\xa6\xfd\x8fm;\xfbC\
\xfa3v\xd4\x1f\x831\x7f\x90n\xad+\xc3-\xec\xfe\
.8\xaf\xa0mu\xea\xc9\xd3>\x15\x0a\xb2I\xe4\xe9\
\xa9\x9a^\x81\x16tt\x17\xa2\xccN\xf6\xd5\x82I\x07\
\xb5Q:r\x84\xb6\xc8\xb6\x13\x9c\x82\xa6ZZq;\
\x02\x82U\x9d\xdb\xb85Z\x92\xe4\xb96\xd3\xc0\xc3\xa8\
\xae9\x0f\xa7\x13V\x90Fy\x19\x1cV-e\xec\xb2\
\x94\xdfC\xd8\xbf6\xf21\x89\xe2\xf99nL\xb5\xe3\
\x95:k\xe5t^d\xe4}\xc7rT\xe2\xbf\x03)\
\xac\x10{m\xcf5n\xecO,\xa2\x09\xee#U\x1d\
%\xdc\xe7\x8c\xd5\xae_\x04\xb5\xeb*\xfdBA@l\
$\x1e\x14)\xe0M~q\x82\x16\xc1\x15so\x0e\xfb\
m\xafM\xe1\xe4\xddc\xcex\xaf\x8d=d\xe8\xbdG\
\x83\xf2?\x0dw%\x12O\xf9e\x8c{\xf1^\xde\xbf\
\xb2>/G.G\xcf\xbd\x06\x14\xbde\xa6O`\xe4\
\xdc\x0f\xbf\x9a\xac\xb7\xa4\xddTk\x94\x93\xce\x0f\xac\xda\
Q\x06\xdf\xa64\xd2\x92\xd8'\x03>\xfd\xaa\xeb\x98\xed\
\xa9,\x98\xa1\xc7g\x83~9\xbaw\xf8\xd7[\xe7\xcb\
.\x94\xb8\xb7\x89H\xcda\xa5NRo\x05\xea\xb4W\
l\xe5\xf6\xae\x98\xc9Z\xfcU:Ho\xf8J\xbb\xd3\
\xd2OsX\x1d]E<\x91\xda\xb3\xa5\xf7u\x84:\
\xca\x10\xe3>\x22x'\xefS\x18=\xc2\xc6\xe5\xeem\
\xf4}\x11f\x03\x96\xff\x00\x85\x8bBV\x00Ra\xa0\
\x14\xfav\xac\xba\xc4\x97\x90\xd9\xafFq\x96\xa5\x09#\
\xcf\x8eG.\xb2\xfa\xb6\xed\xe6\xbesF\xa4r\xf0}\
\xe6\xa4?v\x9f\xe0\x84\xf9r\x94\xaf<\x9c\x9a\xbda\
\x9c\xe7\x17'\xc0\xcd\xe4\x84\xb7\x8d\xbe\xb4\xf94F\x1b\
W \x9dg\x7f|\x8a\x08qX\x1b\xae.I\xe75\
ddR\xe0\x05\xd6@\x1c\x7fz\xba2\xc8B\x18L\
\x9a\xe9d-\xf7\x97\xcf\xb2j\xeamn8Z\xceU\
\x04v\x1d\x12\xc8e\xf5\x91\x9d\xde\x95\xe3<L\xbfx\
z\x8f\x07\xc9y1\x1e]b\x17gn\xc7\x19\xae\xd7\
\x87f\xd5\xbb\xc9\xe5|]\x1f\xf5\xa3\xd8pv\xb6\x9d\
\xbd\xcdu\xa2\xfbX<\xd5N\xc9h\x90\x86\xd0\xa2\x08\
\xc5>2\xb1\x92\xb1\xfch\xa1g\xb1\x03\xdc\xd0\xf0\x85\
\x91\x22\xccP\x80\x07~=\xa9\xd3B\x92\x11bm@\
\x04\x7f\xf5\xa8}\x86p\x89\x08\xec\x90q\x8ei\xe3\x82\
\xb1\xeb\xacx\x91\x81\x1e\x87\x1f\x9d.3$:\xe8\xf4\
\x8fJb\xa5\xae\x84\xac\x93\xdb?\xeck\xdcRx\xb2\
\xc1\xe4nb\xd5\xda9\xb6\xa3h\xa3I@\x03\x9d\xd3\
}\x7f:\xf0\xd0\xe2\xaf?'\xabK\xd2\xdf\xe0\xf4M\
\x89\xa0:q\x14\x0cd \x13\xfd+\xda\xeaO\xfd2\
g\x91\xb2_\xea\x19\x04\x94\x86\xd4\x09\xcf\x7fJ\xf1\xf4\
\xe5\xeb=4\x96\xe8$\x84\x94\x95\xbeI#\x02\xac\x93\
\xf5\x11\x07\x85\x83`\x15\xbe\x94\x8e\xc7\xbdEOWE\
s\xe7\x05c\xe2=^\x1f@\xb5\x11P\x1b\x1b`\xfa\
\xfd\xab\x9f\xac\x7f\x05/\x93\xb9\xe1\xaen\x93_'\x80\
>\x1b\x82\xa7_'\xadH\xd8\x84\xa8\xe0\xd7\xaf\xd3`\
\xd5\xad?\xd0\xf0\xba\xdc\x9b\xd4\xab\xb5\xf2zG\xe0\xc9\
\x82\xbb\xbd\xff\x00\x8c\x7f\x9885\xd2\x84}2E\x14\
~\xe5\x93\xa4\xea\xd2\x11xk \xf9T+\x81\xe2X\
\xa7nz\x7f\x09BN\xe9\xff\x00S\xac-%Vh\
Y\xc7\xfaI\xc0\x1e\x9cW:\x9b~L\x7fBkA\
\xaa\xf3\xfdD\x16\x8a\xf1\x8e?:\x8fqM\xc6H\x0e\
\x03\x83\x8a\xb3\xf9Y\x12\xed\x1eH\xf8\xcam2z\x9b\
'n\x0a\xd2\xc7\xaf\xb6*<<\xff\x00}#G\x8a\
8\xb0\x8a\x7f$\xf7\xc1\xe4O\xff\x00\x0a\x8f\x1c\x95\xab\
\xfd\xeb\xd9S_\xbb_\xa9\xe4\x956\xa1\x93\xa5\xf4\xb9\
\x1b5|\xc4\x8ep+\xc8jm;\xbc\x1e\xb2\xc5?\
\xd9\xd1\xfe\xa5\xe4\xa9M\x13\xf4\x8c\xd2\xd4\x97\xf2\x95\xe7\
\x10\xc0FVw\xe5#\x81\xf7\xa5\x96\x140\xfd\x88\xa7\
\x16\xa7\x1c\x9eY\xd7M*G\xc4\xbc\x5c\xf628\xae\
\xa7\x87\xdeT\x99G\x89W\x14\xce\xb7\xa8\xe0\xa5\x1a\xbd\
\x8e\xfd\xfb\xd6\xcdN\x7f\xb9l\xc3\xa5\x7f\x19\x1d\x01\x94\
\x94\xc0o\x00\x1c\x0e\xe6\xbc\xe5\xb4\x96\xd3\xa9Z_\xbd\
e{\xaa\xee\x17:[u\x1bs\xf9\xd3U|\x1a,\
V*#\x9c\xf4\x96\xd8]\xe9\xe4\xe0\xa1\xb7\xce\x0e\x05\
{\x1bl\xc6\xddg\xe0\xf2\xd7\x12\xff\x00U<|\x9d\
\x17\xa7\xc8K:yc\x8f)\xf4\xeek\xc8\xc3\x1b\xe5\
\x93\xd0\xd7yP\xc1\x1f\xd5\xf5\xa5z+j\x92\x9c\x97\
SH\xa4\xdbM/s]\xaf\xbb\xc7\xb3!\x5c\x81\xb6\
\xd5\x15J\x03\x8d\xb8\xafWyR_L\xb8\xf6<\xe6\
\x9e\xa1+\xb9J%\x8bR\xa9\x1f\xe1\xe2\x90\x9d\xc9R\
=Gc\x8a\xf2\xdb\xbdK\x07R\x9c\x12\x9b\x07\xd36\
\x8b\x1a5\xcd\xc7jw+\x81\xde\xbb\x15\xb1\xe4&a\
\x8d7\x1b\x96\xf3\xc1\x1b&\x10vW\x8a\x12rOz\
\xbe\xca\xab\xfav5\xe3R\xb8R\xc9=pG\xcci\
\xa6\xdb {W:\x84[\x9a\x97\xe4\xdc\xaa\xe6rr\
\xf8\x18h\x88\x89\x8f%\xd6\xc8\x00$w\xf5<\xd6\xcd\
]\xb9(\xc7\xe0\xe7Y\xd0\x94f\xe7'\xc0\x15[\x90\
\xd6\xa9.\x0e\xeb>\xbc\xe6\xac\xc4\x15\xab\xc1d\xa2\xa5\
Y\x11\xfa\xba\xde\xd5\xdcM\x82\xb2?~6\x91\xfc4\
\xda3QRl\xc7\xad\xc2\xa4\xd2\x85<e\x1c\x92j\
\xb4\x8d\x8ej\xe1\xc8u(\x91\x1dXR@\x185\xde\
\x85zR\xc3G\x07\xfc\xaf\xac\xca*p\x86S\x06\xed\
\xfbE\xee\xc1\x90\xaf/\xa0H\xe6\x9dV\x86x*~\
\x13\xd6\x9f\xfe4b\xaf\x1a-\xc8+G\xcd\xa9\xb0\xaf\
T\xa0qO\xe7@z~\x12\xd5\xd3\xe6\x92*q\x8e\
\x8dCO\xb5*R\x9fC\x8b;V\xe2\x01?jx\
\xd7\x87\xba\x1e^\x0f\xd6%\xf6\xc3\x04gV\xfa!a\
\x9d\xa6\xc4\xe2\x96\x91\x10\xe0$\x81\xc9>\xf5L\xebQ\
\xa9\xc2\xec[o\x0djr\xad\xe5m\xe4\xf3\x8e\xb3\xe9\
E\xd0^\x03v\xf6\x12 \xed\x18#\x8c\xd7\x16\xe6\xce\
R\x97\xa4\xf4\xb6\xfe\x1c\xbf_r+\xb2:K\xa9\x9c\
\x92H\x84\xd7\x87\x8e\x0f\xadV\xad\xaa?c_\xf9s\
R\xff\x00\x8a4\x8e\x9f\xea\xb52\x1b\xf9T\xb7\xb3\x93\
\x8fjekQ\xfb\x0b\xfe\x5c\xd4\x7f\xe2\x8d\xb1\xd3\x9d\
Qy\x98\xdc&\x99\xfd\xf3\xea\xda\xd8\xce7\x12{Q\
\xf4u9lg\xe1\xddA,\xca(\xb7#\xe0+\xab\
\x0bH?\x85\xc4\xe4g\xfdJ\x9cG\xe0\xc3\xf4\x15\xbf\
\x07\xd3}\x0ct\xdf\xc4\xe6\x9aj5\xda\xde\xeb\xb1\x1a\
p/j\xd3\xc15\xd8Zt]%\x5c\xd5\xaa\xaa\xb6\
O0\x91\xc9\xfe+>\x10:>\x8d_o\x90\x9b|\
\xf8\xef\xcay1\x94\x86|\xa8\x00\x91\x93\x81E\xb5\xbc\
j\xd6v\xfe\xc9\x1d\xbd\x0f]\xba\x95\xb4\xb9O\x09\x9d\
7M\xfc\x15\xf4\xabI\xe9g,\x9f\x86\x97\x22>\xc7\
u\xa4\x17\x13\x94\x8f^\xf4\xf5\xad\xa3\x14\xe2\xbd\x8f4\
\xbcQ}*\x8ejG\x06\xd2\xbf\xb3\xe7\xa2Z\xa7\xac\
7;2\x19\xbb\x85\xdb\x87\x8b\xfe\xa7\x04\xfbT[Y\
\xc6\xa2\xdd\xf0z\x8b\xddoT\xa7e\x1b\x8fN\x1b\xf8\
;\xdd\xd3\xe0\xdf\xa47^\x9d\xb5\xa7\xe6\xda_\xf0b\
#\x0c\xad\xa4\x80\xe0?s\xde\xa2\xe2\xda;ry\xeb\
o\x11\xea\x14\xea9FK-\x9e`\xd5\x1f\x0c=2\
\xe9\xb0\xbe\xabL\xb3rM\xc2\xd67\x92\xea\xc9\x00\xd7\
\x89\xf1\xbc\x5c, \xfeO\xa4\xe8w\xda\x85J\xb4\xfc\
\xf7\xf73\x97t\x1d1\xf5W\xc4V\x9d\x81vB\x9c\
\x81r\x7fk\xc9o\xea\xc6k\x8d\xfe\x1fS\xf3e*\
l\xf5\xde3\xc5\x0d:sR\xe9\x1d\xe7\xaa\xff\x00\x00\
\xdd\x15\xe9w\xc4\xe5\x96\xed\x125\xdcI\x9e\xf7\x8a\xb4\
)\x7fQ\xfc\xab\xe9\x96\xd0\xdb^P\x8fi\x9f\x17\xd2\
\xec%yg;\xa6\xf1\x83\xd7\xb05Cv\x9bDh\
\xd6{{\xc8\x8b\x1d!-\x97\x93\xe8=\xb3KN\xdb\
5\x1b\x9f\xb9\xcaw\x8d/.A5\x16\xb5\xb4D\xd3\
\xd2.\x17\x08\x12\x03\x8c \xa9^\x1ap3\x8a\xaa\xee\
\x84!\x1c\xc4m:\xb3\xabYQ\x8b\xed\x9ccB\xfc\
M\xb3\xf1\x11\xd3-H#\xc6[\x0dZ\xe4\x98\xc0\x11\
\xc9\xc6y\xaf9\xe2\x0et\xa9g\xf0{O\xd9.\xc7\
R\xa7\xcerp\x19)\xc3\xf3\x12GgO\xfb\xd7\xca\
\xa8<@\xfak^\x98\x8c\xddF@R\x87\xa6*\xd9\
\xbc\x8f\x0f\xb8d\xb8`\x12Gj\x13\xf8\x15\xfd\xe5c\
^\xc4\x0aZ\x7f:\xd3\x06\x15\x1fC\x1d\x19n\x0b\xb8\
\xb8Bs\x84\xfaW\xa7\xf0\xcf5\xd9\xe6|d\xf1\xa7\
\xa6t\x8e\xa7\xdbT\xaf\x87\xd9-\xb1\x1d\xd9\x8e\xba\xca\
\xc0i\xb1\xb9G\x8fj\xf7U\xe9\xb6\xf2\x8f\x8c\xd1\x9f\
\xa9\x9e\x01\xd1\x1d\x22\xd6W\x1e\xad\xd8\x17\xfe\x17\xbcG\
\x88\xc4\xdd\xc4\xa9\x82\x12\x91\xbb\xbdj\xa3\xe9\x9a-o\
\x8c\x9fV-\xb0\xcbV\x1b\x02U\xb5\xa50\x9f:O\
zK\x84\xe5U\xb2\x84\xbe\x0f\x0b|qi;\xf6\xa4\
\xeb3\xce\xda\xad\x93%6\x87p|\x14\x12?\xb5=\
\x95jt\xf3\xb8\x97\x1f\x83\x97\xa7\xa7Z\xc9/ \xa6\
\xc1vJ@\xe4\x16\x8f5\xb2\x17t[m!*C\
\x81\x13\xf4\x96\xb9\x1e\x10\xfc\x06\xeaZ\x0e'\x8f\x05^\
\xb4\xb0\xb8\xa2\xe7\xc2,k\xf7|\x1e\xfd\xbc\xc0u\xbf\
\x85\xebZ^Im\xf1\x11\x1b\x90F\x0a\x0e;\x1a\xe1\
k\xb5!\xf4\xb3\xc27\xf8}\x7f\xf1\x08\x1eq}\x93\
\xf2\x8eg\x03\x9a\xf9e9&\xf8>\xff\x00[\xf8Q\
D\x0b\xad\xe38\x1e\xbc\xd6\xeam\x18c\x1fP\xc1\xd6\
\xf7\x0e\xdf\xda\xac\xca/\x9a4\xb8\xc4\xa3\xb8\xcf\xe5F\
Q\x1bP\xd5\xd6\x88'\x8a\x9c\x8b\xb4k%\xaf\x0d=\
\x89\xddN\xeac\x04l\xe1\x96>\x99\xc46k\x9b\x8f\
\xbd\x87\x1bt}\x09\xe4\x8a\xddN\xcaol\x91\xe4u\
\xcdN\x0a>Z]\x1dOJ\xba\xd4\xc9;\xd9J\x80\
\xf4\x06\xbcG\x8a)J\x9dF\xdb=\xdf\x82g\x1a\x96\
\xeb\x8eI\x9c6f\xe1\xc7\x10\x0ey\x04\xd7\xa2\xf0\xe5\
F\xed\xa3-\xa7\x88\xf1\x83\xdb}\x87\xf2J\xc4\xb4\x17\
\x1c\x0al\xefO\xda\xbanY\x93\xe0\xf3R\x9e[$\
\xe3\xdb\xcb\x11\xd6\xe3\x88!\xb6\xfb\x9cR\xc3l\xa5\x84\
/\xb0\xcd\x9e\xa4\xda\x9eyL-\x0ai,\x9d\xaaQ\
\xabgk/\x81rN\xdb\xb5\x1d\x9e{aL\xdcb\
\x808!K\x19\xa26\xed{\x11\xbc\x9b\x82\xdci\x08\
\x1e\x0c\xc8\xee\xe7\xd9TN;}\x98\x8d\xfc\x92Q \
8\x85\xf0\x82\xe6Op*\x1cd\xc8\x1c\xce\xb7\xad\x98\
\xa8\xcbjH+\xf6\xa7\xa7J[\x97!\xbb\x0b\x93\xd0\
\xfa\x1d\x93\x17\xa0\xc1}\xfb\xff\x00\xb5{y-\xb6G\
\x8f\xa9%+\xb3\x9aj\x85\xa5\xfd7\x03<\x03,c\
\x1d\xb3\x9a\xf0\xcb\x99\xaf\xd4\xf6x\xf45\xf8=\x13j\
iM\xf4\xee2I\x00\x94\x8c\x1f\xd2\xbd\xb6\xab\xfe\xd1\
\x1eF\xc95p\xf2\x88\x0d\xa5\xa4\x80rrx\xaf\x19\
Mz\xcfK\x1e\x84\x94\xe5g<\x01\xefO/\xb8\xab\
\xdc.V\xca\x01QI\xcf\xd3\x8e\xf4\xe9a2\xcd\xac\
\xa9\xfcK6\x15\xd0;\xeaV\x0e\x5c`\xf0+\x97\xab\
\xcf0\x81\xdb\xf0\xccq_\xf4<+\xf0\xf1e\x91\x0a\
\xe1+\xc5N\xd6\x96N8\xc7\x1e\xf5\xed\xec8\xb6\xa6\
\xff\x00\x07\xcf\xb5\x8c~\xd1\xad\x8f\x93\xd1\xff\x00\x05\x90\
\xf3s\xd4\x05xRP\xff\x00\x1b}y\xad\xb1\x93\xdb\
#,b\xd3GK\xd6\xb17]\x10\xa2\x90\x94\xee\x15\
\xc6\xf12\xff\x00K\x94z_\x09NQ\xb9\x7f\xd4\xe8\
A;\xed\xb0\xf6s\x86\x86\x7f\xa5r)\xaf\xdc\xc7\xf4\
/\xa9&\xebM\xbf\x93~\x0a\x86*=\xc8\x80H\xac\
\xab>\xf5g\xf2\xb0\x97\xdc\x8f!\xfcXC2:\xb1\
,\x1c\x95\x08\xe7\x8a\xb3\xc3QR\xad\x22|Z\x9f\xd0\
\xc1\xfeK\x9f\xc1\xb4\x02\xff\x00JT\xa0\x9e\x03\x8a\xf4\
\xfb\xd7\xb0XP_\xa9\xe5\x9b~J:\x0fO#x\
\x1a\xbeP \x03\xb3\x9cW\x90\xd5R\xfa\xcc\x9e\xaa\xc2\
Y\xd3\xa3\xfdKc\xa9\x08\x91\xb4\xfa\x1a\xcc\xff\x00\x88\
\x12|!Im)\xdd\xb7\xd2\xa6\xba\xf42Z\xfd\xec\
O3_\xa3\x93\xf1)\x19'\x0bK\x92\x06\x07\xa8\xe6\
\xba\xbe\x1bQ\xd9,\xb37\x89\xa5\xf6\x1d\xa3YZ\x92\
\xc6\xa5`\xe1@\x02\x09\x06\xba\x1a\xa6\xdf\xa6f\x0d+\
\xf8\xa9\x96`\xe6 3\x9c\xed\x02\xbc\xdd,lL\xeb\
\xd6\x8a\xf3\x19\x05\xd5E\x05t\xc2\xe4\xdf$\xab\x19#\
\xd2\xa9\xac\x9a\xda_f\xff\x00z\x8a\x7fE\xe0\xa8t\
\xd6v\xc0J\xb7\x01\xcd{\xc8\xc7\xfd<\x7fC\xc7\xdc\
\x7f\xb9\x9f\xea[\xb4jU\x12\xd6\xe2\x80\xc9\x04\xe4{\
W\x8d\xf2\xff\x00x\xcfUU\xfe\xee2\xfc\x11=`\
\x00\xe8\xcd\xea! \xbc\x91\x8fjEN+\x1f\xa9\x16\
U\xb7\xa9G\x1e\xcc\x5c\xb8\x1e\x16\x9c\x86\xe9\xc2\x81J\
x\x1f\xa5z\xeb\xc8\xd3\xfae\xc9\xe7\xacqF\xb3x\
\xf7c\xddPs\xa6B\xb29Oa^^\x92NO\
\xf0v\xea\xd4U9\x88-\x02\x84\xb5\xa2\xd6\xe6\xec(\
-]\xcdm\xbbx\xa2\x929\xf4\xf7J\xb3HL8\
\xca\x99\x19n$\x81\xb4\x93\xcf\xadu\xacm\xd7\xd1\xb6\
\xc8\xb9X\xad\xb7\xdcq'\x0b\xb7EBA+\xdf\x83\
\x8e\xc6\xbc\xfd\xbaJig\xdc\xe9N\x93\xf57\xc7\x01\
\x9a\x88\xa8\xd2\x5c\x07\x03\x03\xd0b\xba\xba\xb4V\xce\xcc\
6\x11\x9a\x93S\x12\xe5\xbdKp8\x01\x03\xd1F\x96\
2\xc5\x9eb\xb3\x91k)}F\x1fEST\x12\xa3\
!)%'\x1fWcT\xe9\xd5\x1f\x973]Jt\
\x95U\x9fs\xc7}C\x9eQ\xaffn\xde\xad\xae\x9e\
}Mu\xed\x92\xf2\xd6\x0f\xa9\xda\xb5\x1bh\xc9\x11\xcb\
\xbd\x15vi\xc1\xf7\xc5\x5c_\xf5\x0f\xe0\xd2%\xa9`\
\xf2\xaf\xc8\x8a\xb7\x82<\xf7\xf0\x02\xea\xfa\x04d\x95\x85\
\x15\x05\x8e\xd4pL+\xa6\xfa:6\xbe\x96W\xd1\xf6\
\xbc\xcb\xc7\x97\x19=\xab\x0d\x1f\xe3d\xe2\xd9\xdcG\xeb\
\x9e#\xf2Q\xa3\xca(a\xb3\x90@Ol\xd7J2\
\xc4\x8e\xc3\xaf\x16\xdf\x06\xdd\xba\xba\x90@Jv\xfb\xd1\
\xeeU\xe6\xbf\xf8\x88M\xc9\xcd\x87\xca\x8f\xd4T\xa6/\
\x9a\xfe\x0c\xb0K#W\xdb\x14\xb0\x94\xab\xc7N?\xad\
EG\xe9aV\xa2tf\xdf\xc1\xec(s_TF\
\x8f\x88\xaeP=~\xd5\xc6>d\xe6r\xfe\x82|k\
;\xd2\x0bj|}6\xed\xca&\xee\xc0\xe2\xbd59\
\xbf\xa7\xd8z]W\xc1\xff\x00]\xfc:\x81:\xdd\xf1\
\x87\x13\xab\xfa\xb2\xd9p\x8d\xa7\xd7mL9\x08qm\
\x13\x9d\xf8\xef\xf9\xd56\xf9\xa7q*\xbf#i\xbe\x16\
\x95\x95\x19FR\xceN\xb6\x7fh\xfe\x8f\x96\xeaP\xfe\
\x97S/%\xa4\xb7\x92\xe7\xa8\x18\xa1\xcf{g\x0a\xb7\
\x81\xee%\xeb\xa5'\xfd\x8ea\xd2/\x89;\x1e\x9c\xeb\
\xf6\xa1\xd4\xd2\xe2!\xbb}\xc1\xaf\xdd\xa1J\xe15\x16\
\x93p\x83:\xb7\x9a%\xd5[\x08[\x7f4N\xcc\xc7\
\xc7\x0fMf\xdb\xe4m~3R\x1cF\x12I\xce\x0d\
WVm\xd2g\x9b\xa5\xe0\xcb\xe8\xca/\xff\x00\xd4y\
\x86\xeb\xd4\x987\x8b\xde\xb0y\xa7R\xe3w&\xcf\x84\
\xa1\xeb^;\xc7u\x97\xec\xdaQ~\xc7\xd3\xb4\xfb6\
\x95(\xfb\xc4\xe6?\x0d/@\xb2\xfcO\xe9\xa9W\xa9\
\x88\xb6[\xd8\x91\xb9O\xaf\xb2\x06k\x8d\xfe\x1dO\x15\
\x5c\xbeOA\xe3\x0biU\xd2d\xa3\x1c\xb6\x8fM\xfc\
Z\xeb\xab6\xa4\xf8\x9d\xd2\x13m\x17\x96g\xdac9\
\xfb\xd9\x08\xfa@\xfb\xd7\xd2m\x1e/g6|\xe7\xc3\
\xba|\xa9\xe9\x15hN>\xa6\xb0zHu\x1fD^\
\xedQ[k^\xdb\xdat'\x0aF9I\xabn\xee\
\x22\xdbq<\x5c\xb4\x9b\xe8I\xaf++\xe4\x86\xea\xae\
\xa2\xd31:Ms\xf9]a\x0e\xe2\xff\x00\x86@e\
#\x95q\x5c\xfb\x98\xc9\xd3\xca4\xe967\x10\xba\x8b\
t\xcf-|\x0fN\xf9n\x8fk\xa7\x14\x8c\x17.K\
)>\xe0\xe6\xb9^\x22\xa6\xbfdK\x07\xd0ug\x8d\
J\x8a\xfc\x11\x0d\x82\xf7\xcd-`\x0c\xb9_\x1c\x83\xf4\
\xb4{\xa7\xd2c9M\x0d\xfb}1V\xe7=\x055\
\x97\x81\xa2XQw\x91\xc0\xa3\x22\xc9\xad\xfc\x15\x9dr\
\xc8\xf1@=\xea\xe8?\x82+d\x16\x82\x8f\x8b\x8a\xf6\
\x9ca>n+\xd4\xf8]\xfe\xfd\xff\x00C\xca\xf8\xde\
_\xfc:?,\xed\xbam&\x16\x9c\x8a\xa6\x00\x0aQ\
\xc0Q\x19\xcd}*p\xcb>)B~\xa6[!\xdc\
\xe6\xe5\x80W\x1d\x5c\xe1Xi \xd2T{fjm\
\xe0-\xca\xd5\xf3\x93\x1b\x0a9$\xf1\xf6\xab)\xc5\xce\
l\xa22\xc1\x1dd\xd2b5\xd2k\xcd\xa9\xa2\xe6{\
\xa9\x00\xf3H\xe8\xc3\x92\xe8\xc9\x12/%\xd6\xd0\x09\xf0\
\x14\xb01\xfe\x98\xa8\xa3m\x07\x94\x9f$O\x944\x9e\
\x16\xa4\x05\x10\xc0\xf6\xfd\xd8\xe6\x92\x95\x0d\xb3\xec\xb3n\
)\xf2Wz\xde\xda\x9b\xe9\x84\x90\x00\x00\x81\xbb\xdb5\
\xc9\xd7\x5c#i<\x9b\xbc=\xff\x00\xcci\x9e\x5c~\
\x100\xdcP \xff\x00\xda\xbe_Ni\xbe\x0f\xd05\
\xf9\xa7\x14W\x9dk\x08s\x8c\xd6\xd83\x04_\xa8b\
\xea\x14\x91\xf4U\x9b\x8b\xa6\x9854R2G\x14n\
\x13r\x1b\xbc\xd6Vs\x8c\x1al\x86\xe1\xac\x8c\x0d\xa9\
\x04$\x8eF}~\xd4\x7f2Lx\xb5\x87\x92\xfd\xd3\
m\x1b\x22\xd5\x1dW\x09\xb1\xcab\xbe<\x8b<\x82k\
\xd2U\xf3#J.'\xcdn\xdd7y8\xd4.\xba\
il\x22[\xa5\x85\x03\xb0s\x8a\xf9\xd7\x89w\xceO\
\x7f\x07\xd4<\x1f\xb24T\xa2=\x93\xa1\xd7\xa8W\xf3\
\x0d\xbf\xe1\xac\xd7\xa6\xf0\xbdx\xc6\xd5E\x9e\x1b\xc6R\
\xdf~\x9f\xe4\x17\xf8\x03R\xc2F`\xde\xc2F>\x9d\
\xb5\xd8\xdfJRg\x9dk\x968\x91\xaau\x06\x8c\xb4\
8\x8b\xacWe\xc7W\xd6\xf1\x18H\xa6\xa3J\x9b\xa9\
\xe9\xec1\xc0\x94\xebM/6\xc67[\x82\xd4\xe0\x05\
j'\x04\x1a\xd5R\x95OfP\xdb\xf7\x15h\xd1\xfa\
b\xea\xc9[\x0c\xa6&\xf1\xf5o\xe3\xfd\xea\x9d\xb5r\
#\x7f\x04\xa5\xaf\xa5\xabR\x8f\xe1w\xc0\xd8\xf6\xcdY\
\xbaK\xee\x15\xbc\x92\xd6\xdd1\xac\xad)!\x9d@_\
H\xe4\x0d\xbd\xea\xbd\xeb\xb6\xb0J|\x88\x99\xd4-a\
`\x96\x96\xe5A~zP}\x07zE\x08n\xc6\xe1\
\x9f+\x9e\x8e\xf3\xa5~*\xaf\xb0\xfa4\x88Oh\x19\
\x9f,U\x83#w\x02\xbdMi7h\xd28>M\
\x0f\xaa\x5c\xf2W\xe7\xf5\xfa\xc1:\xc5\x05\x87\xd2\x98\xca\
j@ua_\xc3\xef^J\x8d.V>N\xe5i\
K\x95\x1f\x83\xd1\xdaO\xe2\x07\xa7w\xed\x0f\x15\xa65\
<UJ\x03\x05\x91\x9f-z\xbb\xe9n\xb7QO'\
\x9b\xb3\xa5V5\x5c\xa6:\x81q\xb6\xdd\xd4\x95\xc3\xb8\
5%\x07\xb6\x08\xaf/\x05\xeb\xe0\xef\xae\x10\xeaM\x9d\
\xf5\xb8U\xe1\x02\xd9\xf5\x06\x92\x5cK\x91}\xc1\xaa9\
mJ\x05\xa2v\x8c\x8faC\x9eSc\xb9-\xc8\xaa\
\xf5\xc2\xd0\xfe\xb3\xd1&\xc2\xca\xbc9\x174\xf8hp\
\xfa\x1a\xc1\xaaGt`\x91\xd6\xf0\xdc\xf1s4@t\
\xd3\xf6>j\xcb\x15\xa25\xc2N\xa5m\xc6\xe6 -\
\x0d\x94\x00P+\xe9:m\xa3\xfa:n_\x07\xcfu\
z\x8b\xf6\x85W\xf9.}+\xf8\x16\xba|/.\xe7\
6\xe3s\x13[\x9e\xe7\x88\x94\xfb\x0a\xb1QXh\xa6\
\x15\x93h\x17U\xf4\xb4\xc8\x91\xdb\x96\x18\xfd\xc2\xf0\xa0\
\xa1\xd8\x0a\xf3\xfe(K\xe98g\xa8\xf0\x8c\xb3t\xff\
\x00\xa9;\x1f\x0a\xb6B)\x18>\x08\xcf\xf4\xae-7\
\xfb\x94\x8b\xeb\xff\x00\x1am|\x9avN\xd5wU/\
\xb8\xb0\x15\x09d\x15/vBA&\xac\x7fkDM\
\xfa\x97\x07,\xbc\xfc\x12\xdf>,z\x81*\xe1h\xba\
&\xda\x9f\x09M\x90Gz\xd7\xe1;y:\xd2'\xc5\
\xb5c\xf4\x11\xfdK\x8fJ~\x10\xef\x7f\x0d\x9aXY\
\xe7J\x177T\xe9\xed\xc7z\xf5\xd5\xa8KjK\xff\
\x00S\xc8;\x88\xf9k\x03A\xa6%\xe9~\xa2HS\
\xcd\x16\x9bZ\x06\x06s\xde\xbc\x86\xafI\xab\xa5\x93\xd6\
i\x95\x13\xd3\xd2|\x12\xb2\xd2\x17 \x91\x93\x93Xe\
$\xaa\x16I\xf4%/\x08\x90\xe48\xa0|\x89\xcf\x22\
\xa6\xb4\xbd\x12\x1d\xaf\xde\xc4\xa9\xe8\xcf\x84Du\x03W\
\x9db\x8dC\x1d\x1f$\xaf\x19q\x89\x19O\xe7\xcdz\
\x1f\x0c[7JO\xe4\xe3\xf8\xa6\xab\xdf\x04[\xba\x87\
\xa4\x8a\xfc9IZ]\x04\x0c\x14\x9e\xf5\xafW\xb7j\
\xdd\x94h\xf3~rCXl\x96\xed\xed\x92<@\x07\
\xd3^J\x9aj\x1c\xa3\xbbQ\xa7RD>\xb2\xb77\
s\xd3\x92 \xbd$C\x89(\xf9\xdf=\x9a\xa2\xba\xe6\
-\x22\xfbU\x8a\xa9\xbe\x09\x9d)\xa1\xb4\xafN\xf4\x8a\
a\xb5\xa9bN2\xdb\x0e\x15\xa4\x8c$\xfbW\xbd\xa7\
\x1f\xf4\xf1\xfd\x0f\x1f_\xfd\xd4\x97\xcb#lqCQ\
\xa5\x06V\x1fo\x7f\x0bO\xf1f\xbcmT\xe3Q\xf0\
z\x89g\x11_\x823_\xb3\x096\xa4\x1b\xb3\x89\x8f\
n\x0bI[\x8a\xec*\x95:ibdR\x9c\xe6\xdc\
h\xc5\xe4\x92\xbd\xebn\x9d\xce\xd3\xf1\xe2[\xf5T5\
LJF\x1a\x1d\xcf\xda\xbdu\xd5{'l\xbdH\xe3\
\xd3\xb6\xbc\x84\x9c\xa5O\xdc\x8b\xbf\xdb\x1e\x1a}[P\
s\x8e\x08=\xc6+\xc9:R\x84\xbfS\xa5\x1a\xb0\xfb\
\x17\xf5\x07\xa1\xed\xaeJ\xd1\x0e\x04gz\x0a\x8a\x86k\
\xb1q\x04\xad\xd3fj5\xa3N\xbbO\xb7\xd0\xd6\xd3\
\xf1\x1d\xa1t\xfb\x06\xc3py\x86n\xeb;\x00Q\xf3\
f\x92\xd3Y\xa3N\x83\x85G\x83E_\x0f\xde\xd5\xaa\
\xeeiG(q\xa95k=:\xb11zu\xa1p\
\x88\xd9\xf1\x03IWq\x8a\xe7\xc6T\x93\x8dd\xf8.\
\xa1k^\xf2\xac\xa8\xf4\xc6Z[\xe2&\xc3\xd7t\xa9\
Qb&\xc8c\x8f>\xe5\x03\xba\x9a\xef[\xb5\xb8~\
\x5c_%\x91\xd0\xafl\x16\xe6\xb2\x99\x01#\xe2\xd6=\
\xafU9\xa6\xdc\xb3-\xd8aA\xb1p\xcf\x959\xf5\
\xaa\xe5\xe2;Z4\xbe\x9d\xf6\x8d\x91\xf0\xad\xddD\xae\
\xe3\xdb\xf67y\xd4\xd6\xdd@\xdb\xe9\xb7\xc8L\x90\xd7\
\xd6\xa0kn\x93{J\xb5)l\xf70_\xe9\xb5\xa1\
Z\x9a\xaa\xb0x\xf3\xa8\x170u\xfc\xf4\x8d\xa7c\xa7\
\x15\xd9\xa1M\xa8\x9fD\xb4\xa7(\xd1\x8a]\x0c\x8d\xe9\
\xc4\x8d\xa1\x19\xfd*\xff\x00cF\xd7\xf2\x0c\xcap\x9d\
\xcaN\x05Z\x86\xc4\x86\xf7k\xa8K-\xa4\xb7\x8f8\
\xff\x00z_vL^\x1eY\xd0\xfa\x8f=\x0b\xe8\xf3\
@'\x00\x94b\xb0\xd1\x7f\xbc\xe8\xe1X7\xf5\xcf\xfa\
\x94f^\x08\x8a\xd1\x0d\x92\x08\xf7\xae\x8a\xfb\x8e\xc2\x97\
\xab\x187\xf3\x1cc\xb6}\xe8o\x91\xfc\xc9|\x08\x0e\
\xa5\xb5\x1d\xce\x0abT\xa5\x8e\x84YV\xdb\xba\xbe\xd6\
K\x80\xff\x00\x98N0~\xf4\x95>\xd6f\xbbM\xd1\
\x9bK\xd8\xf6\x049m\x88m\x0d\xc7\x84\x0f\xf6\xae>\
\xe3\xe6\xb9G\x9b\xf4=\xf63\xd6\xe2\x89\x09!\x04\xf6\
\xc5z:O1>\xa1\x1a\xadt\x1a\xf2\x98bkK\
FR\x95,zb\x92\x9b\xcc\xb9\x16U%!\xfd\xde\
\xc9h\x9b)\x0e`n\x00rGzYp\xde\x06\x8d\
\xcdH\xf4\xc66hp_\xd4\xb2\xdaq\x08-)\x1c\
$\xf6\xab),\xc0h\xdc\xcb9\x0e\x8e\x96\xdb\xfcE\
\xba\x88\xf1\xd4\x07 `qUm\xccZ\x22w\x8f\xd9\
\x91M[\x13\x0b\xf1\x04\xa5\x94\x04\xb4\x9e\x00\xed^+\
\xc7Q_IL\xe8ipN\xa6\xff\x00\x93\x9d\xc7\x80\
\x9b\xc6\xbc\x86\xc1\x1b\xfcU\xe3\x07\xd0\xd7\x07\xc0\x99\xf3\
\xfd'oP\xaf\xb6\x9c\xa2\xdf\x07^\xb9X\xc6\x9c\xbc\
[c\x96\xc6\xc5\x8c\x11\x8c\xd7\xd6 \x96\xf93\xcbJ\
\xbc\x5cq\x15\x81\x95\xf7@.=\xd1NFu\xd4x\
\xa7<f\xb3\xca\x8er]\xe6\xd3PI\xae\x03i\x0d\
#2=\xc5kzT\x87\x1a\x09V\xe4\x15\x12\x0f\x15\
\x12\xa2\xd5.Y\x11\x9d<p\x8b\x17\xc2^\xad\x8b\x13\
H\xea]6\x1c\x1f\x8aK\x98\xa5\xb2\xde\x7f\x875\xe7\
|ARr\xb0\x958s\x93\x81\xacU\xa7KR\xa5\
V\xa7\xb1b\x91\xd3=A\x18\xba\x1c\x8c\x90\x16\xac\x8c\
\x1c\xd7\xcc!\xa5\xdc\xec\xcb\x89\xea\xe3\xaeYJ+\xd4\
CJ\xd1\xd7x\xee\x9f\x12:\xf8\xf6\x19\xaa\xa5iZ\
\x12\xe6&\x88^Z\xd4{\xa3Q\x0d\xbf\x04\x9c\xda\xf0\
c\xb8A8\xfaM'\x911\xd5\xdd<\xf6\x8a\xb6\xba\
\x88\xe3\x0f\xa4\xb8\xc3\xb9\xce~\x83M\x08\xc9\x16\xc2\xb4\
%\xee\x8dt\xfd\x85\x9b\xa3\x8a\xf0\x96\x84\x94\xe3*N\
\x01\xafe\xe1d\xddw\x95\x83\xc5\xf8\xee\xa2\xfa8m\
\xe4\xed\x16\x08\x8a\x1an\x16@\xc1W\x15\xf4X6\xe6\
\xcf\x90EGw\xa4\xb2\xc5`\x09-v\xcejR\xcb\
y.}\x12r\x19\xcc\xb6\x88\x1c\x83U\xc5\xbc\xbc\x19\
\xf1\xf0\x0e\xd8\xc0D\xd9G\x189\xcd<G\x8e\x0c\x91\
\x0b\xc4VqB\x8e:\x1b\x19C9\xb1\x92\x94y\xb9\
\xda}G\x02\xa7\x85\xcb.\x86%\x16\xfd\x8a\xef_\x18\
\xf9~\x98<\x00+\xdc\x01\xc2Gz\xf3\xbe!\xff\x00\
i#g\x87\x22\xff\x00jB^\xc7\x95\xe7/m\xb1\
a,\xbe\x92;\xf9\x0f5\xf3\x1aY\x82\xe5\x1f\xa0\xaa\
\xed\x92M4U\x9c[\xaaZ\x8f\x82\xf6\xdc\xff\x00!\
\xad0\xa8\xfe\x19\x9aN\x11\xf7CYA\xe5\x10\x03\x0e\
\xf3\xff\x00)\xab\xe3'\x8e\x81\xd6\x8e1\x94\x0c\xb1'\
?\xe89\x8f\xbaM>\x7f\x047M.\xd0\x091\xe4\
\xee\xe1\x871\xff\x00MX\xa6\xfd\xd0\x92\xa9\x05\xee\x80\
\xc9\x83%M\x02#\xadJWo/cS\x86\xd8\xb1\
\xb9\xa7\x1e\x1b.=+\x97-\xe6\xde\x89x\x96\xea#\
!?\xbaB\xbb\x03];k\x89BK{\xce\x0f)\
\xe2=>\x17\x09\xd5\xb6\x5c\xe3\xb4Zt\x92\x10\xcd\xc2\
@mEM\x01\xc2\x87\xadx\xcf\x14T\xf3*pz\
\xcf\x05Q\xa9\x1bd\xa5\xdf\xe4\x98a\xdb\xc45\x17`\
\x16\x1ch\x9eB\xdc\xc6+\xd4x~4~\x95d\xf1\
~/\xa97}\xe9\x8ep\xfd\x91$z\xa5r\xd3\xcc\
\xa5R\xa1\xb0R\x9f\xa8\xa0\xe4\xd7S\xca\xa7\xce\x0f3\
\x1b\xb6\xdb\xf4\xbf\xec.\xe3\xd5\xfbv\xb3TH\x9c\x96\
^N\x1eK\x83\x02\xa2\xda\xdeyx\xc0\x5c\xb9(\xa7\
\xd6Cjn\x97\xe9\xb9\x16\x05Hfw\x84\xebc\xca\
\xda;SA\xd6\x8c\xb9\xe4E^2\x87\xc1]\xd3\xdd\
 \x91u\xb7\xbd\x224\xe7R[W\x95\x05\x5c\x1az\
\xd7\x0e=\xa2\xca0QXo#\xb6zi\xa9\xed\xcb\
\xf1`\xbaT\x13\xdf+\xefS\xf5T\xb3\xea|\x8bJ\
\xdejR\xc9&\x8dS\xacm\xed\xff\x00\xe8\xd0K]\
\xc8Q9\xf7\xab\x9dX\xca\x93k\x92\x95A\xee\xe5\x92\
6\x9f\x88\xa7Y}-\x5c`\x14\xb8\xd8\xf3e\x1c\xf1\
\xde\x8a>S\xa7\x97\x1eD\xb8\x84\xa3W\x0aY;w\
O\xbe3m\x12\xf4'\xe0\xb3`\x84\xc2*\xe5\xc57\
\xc95\xdaw1\xabE\xd1\x8a\xc7\xe4\xe5J\xd2\x9c\xae\
<\xc8\xbeF\xf7mM\xd3\xadG\x12$vcF\xf1\
<`\xb5)H\x03#\xd6\xbc\xf44\xd7\x19\xc5\xa9\xbe\
\xce\xedZ\xce-\xe5s\xf8;U\xab\xa2\xfd+\xd5\x9a\
9\x8f\x96\xf9(\x13V\x9eV\xd8Jy\xafK\xa9\xc6\
*\x94U\x1e\xcf=kN\xa4j\xb7Y\xf02\x83\xf0\
D\xc3\xad)\xebf\xb1\x98\xd2A\xcaR\xdb\xe3\x8f\xef\
^~\x94\xe4\xb9\x92;\xdb\xe9\xb8n\xc9\x07n\xe8\xd6\
\xb3\xb1_\xe5\xc7\x81y\xb8\x5cP\xcf\xd3\xe2\xa8\xe0\xd2\
y\xf0S[\xd1\x9da>\x19&\xab\xb7Tt\x87\x02\
\xcb\x1aS^\xaap\x93N\xd5\xbc\xe7\x9e\x8b]8\xff\
\x003\xe4\x86\xebORn\xb7}\x0c\xa1pa6{\
\x9bH\xfd\xd2\xd88\xdak5\xf5\x9d\x094\xe3>\x8d\
\xba\x15J\x90\xad%\x18\xe4\xa2\xe9\xef\x8b\xbe\xb3\x1b<\
K]\xb2P\x92\xdcD\xeci\xc7d`\xa8V\xfa:\
\x85\xfd:j\x140\xd2\xfc\x8f\xfb*\xc6\xbdj\x93\xb8\
Mg\xf0f\xa6\xeb?\xc4&\xa3h&[V\xe5\xa3\
\xd0\x19T\xb5u\x8dQ,\xe1c\xf0k\x86\x87\xa1g\
\x0e\xa4\xbf\xb3\x15\xd3\xfe\xa4\xf5~\xf3\xad!A\xd4\x16\
\xf8\xcb\xb6vXK\x9b\x92\x05re\xad\xdd\xd6{+\
\xc3\x8f\xd0\xeb\xbd\x07K\xb7\xa0\xeaZT\xe7\xf5\xc1\xe9\
\xc7\x92\xcc(Q\xd4\xa0\xa4\x9d\x98)\x1f\xc3\xf9V\xa7\
^\x9e9\xe0\xf1T\xe9Ot\xf1\xc8\xd12\xa1-%\
jy#\x1f\xccqI\xe7\xd2\xcfc\xca\x8d_h\xbf\
\xec\x12%\xd6\xd8\x10\xe1\xf9\xc66\x94\x10r\xb1P\xeb\
\xdba\xb71\x1d\x0b\xbc\xf1\x07\xfd\x99\xe6\x0e\xa2\xf5K\
\xa8]4\xeb\x04\x87\xf4\x85\xc5\xe1l[d\x04!\xdc\
\x0d\xc7\xd6\xb8\xd4\xfcCV\xd6\xa4\xbc\x84\xbf\xb9\xf4\x1b\
/\x0d[\xdf\xe9\xc9\xdd\xf0\xd7\xe0\x85\x9d\xf1\x01\xd5\xdb\
\xc3\x8bz\x5c\xb7\x94\xa5p\x0f\x8cN*W\x8d/%\
\x9c\xc4)x2\xc1Gk\xeb\xf4/\xff\x00\x0d]O\
\xbb\xae\xe1-\xddk%k*m[\x14\xa5n \xd4\
\xd8x\x91\x5c\xd4\x7fT\xb1\x8fs\x06\xb9\xe1\xdf*\x0a\
\x1a\x7f\xfe\x87K\x91\xd5\xcd-\x10er\x97\x90{\x01\
[^\xafd\x9ew\x1c\x08xwS\x97p\x00\xbe\xbc\
\xe9\x86\xd8y\x1e6\xf0\xb4\xed\xe4R\xd4\xd6\xad6\xf6\
k\x8f\x84\xf5\x17\xeaq<\xcb\xabt\xfd\xf6_P\xae\
\x97;F\xae\xba\xc1\xb7MVDv\x9e!\x09\x1e\xd8\
\xf4\xaf?W_\xb9\xa7,[\xb6\x91\xed\xe1\xa1\xd0\x95\
\xa4!qM9\x0e4\x84;\xc6\x9e\xd5\x90gM\xd5\
Wiq#+r\xd8Z\xca\x90\xa1I\x0f\x11\xddK\
\x8a\xad\xb4_u\xe1\xdbgo\xfb\x8ai3\xb9=\xf1\
AmK\x09Cl\x93\xb4c;{\xd7f\x97\x89)\
\xc6\x9f1\xcb<D|\x1bs)\xbc\xc8\xafu\x1f\xaf\
\x11\xf5\xbe\x90\x93in9l\xc9O\xd6\x94r\x9a\xaa\
\xbe\xbc\xaa\xc3\xd3\x13\xabi\xe0yQ\xa9\x1a\x8e\x5c/\
\xc9\xc4\xa1hW\xdb\xde\xd7\xe3w`\x0a\xb2\x91\xce\x05\
q%\xab\xde\xcax\xde\xd2=_\xd1X\xc7\xd2\xe9\xc7\
?'Z\xd1\xddk\x9d\xa2\xach\xb6\xc6\x86\xe4\xdd\xa0\
e\xe7\x01$\xe2\xba\x96\xda\xdd\xc5\xb4v\xa8\xb9\x7f\xd9\
\xe6\xaf\xbc!B\xe2n\xa5Ic\xf0\x9aC}u\xd5\
k\xd7P\xec+\xb6\xc8\xb4\x8f\x97Y\xc9\xf2R\xdc\xea\
5\xaa\xae!\x81,t+KIn\x8c\xff\x00\xec\xa1\
\xd9z?2\xdbsL\xd8\xb6\xf5)\xd4\x10FPr\
\x0d`\x8a\xba\x9b\xf5d\xedT\xbb\xb2\x846\xc9\xa6]\
\xb5^\xa4\xd7\x92-\x0d\x0f\x91\xd8\xd2HI#=\x85\
v\xa9\xdc_\xbd\xa9\xaf\xfb<\xf4-\xb4H\xa9E\xcb\
\xd4\xd7\xc7\x04\xe4hz\x96\xe9\xa1\xd8M\xb4:\xdb\xcb\
P\xf1NJA\xf7\x15\xe8\xb5h\xdd\xce\xda1\xa6\xb1\
\xfdO/\xa4U\xd2\xe1w)\x5c<\xa5\xd7\x1d\x10\xb2\
>\x12\x9f\xbd\xdc\xc5\xc6{P\x130\xe1^*\x9c\x1b\
\x92G\xadyw\xa4\xdc\xd4x\xaa\xf0z\xcf\xf3M\xb5\
\x15\xfe\x9b\x98\xff\x00bR_C\x8a\x1b\x0d\x5c\xb5\x10\
\x5cd\xff\x00\xf0\xbcp@\x1f\x95m\xa5\xa2Wq\xdb\
\x97\x83\x9d?\x14\xd3\x84\xddZt\xd2\x93\xf7#\xd7\xd3\
\xfd\x0b\xa3P\xa5\xae\xf8\xa8\xdb\xbe\xaf\x09c*\xab!\
\xe1\xc9'\x98\xf6e\xaf\xe2\xe9I\xf3\x1f\xfb\x22d\xf5\
#\xa5:x/\xc5\xb8\xc8\x92\xac\x1c\x9d\x99\xcdt)\
xQ\xcf\xd7Qd\xc5[\xc5\xb5\xb1\x18\xd3x#\xba\
O\xd4\xfd'\xd4\xdb\x85\xea&\x9d|4\xa68!\xc0\
\x11\xba\xbbVzR\xb6X\x8f\x07.\xfbR\xafsZ\
\x0eo8<\xd5\xaf\x19{\xff\x00\x13\xae\x8d+fZ\
x\x8c\x83\x9c\xd7iN*8G\xd14\xea\xeb\xc8\x8e\
\xe0b\x03\xd9>a\x83\xeb\x9ah?\xc35I\xc1\xf4\
)\xbbD\xb3\xc2W\x91V8d\x95\x05\xee\xc4]\xad\
\x8b\xf9T\x1e\xe4,~\x9c\xd4\xbamC\x80\x93\xdb\xee\
]z\x9e\xb5E\xe9\xb4T\x0c\x92R\x93\xda\xb9\xf6\xf1\
j\xa6[86*J\xf1\xb2\x90\xd4\x87\x84D\x02\x9c\
\xe19\xae\x9c\xe5\xeew*/\xdep\xc0\xfc\xdc\x87\x97\
\x956F;\x01\xda\x91\xb4\xfa\x05q\x1f\x93i}n\
\xa8\x82\xddN\xd6\x98\xca\xb2\xc7fi\xe0\x95k+h\
 \xa4\x87\xd3\xc7\xebIQ\xb7\x17\x82\xbb\x99\xa9[\xcf\
\x0f\xd8\xf5\xfcB\x9f\x95k\x95}\x03\xfd\xab\x91\xfdO\
\x91\xb9\xb3\xc8\xbd7\xeb]\xb5\xa4\x04\x5c[\xf0\xdc\xf4\
'\x8a\xddJ\xed8\x9e\xedk\x14\xfd\x89[\xafV\xed\
\x17+\xe3IK\xed\xa5\x00\x83\x92x\x154n\x96Y\
l5Ze\xa5\xdb\xe5\x9a\xe0\xb6\xddE\xca18\x1c\
\x05\x8ej\xcf\xa9M\x9a\xe9j\x14\xe5\xd8\xcfK\xb6\xcd\
\xdbXM%\xc4\xa9\x01\x1eB\x83\xc5j\xb7\xaf\x1d\x85\
\xff\x00UH\xb1\xfe\x12P\xcb\x8b\x1e6\xd0=\xc8\xa8\
\x8c\xf3\x17\x82cR\x9c\xba*\xecHq&\xe0\x9eJ\
T8\x06\xbcW\x8e\xa7\xfe\x92\x9e?'_G\xab\x17\
Y@\xa3i\x07\x9c\x8f\xd4\xb8\x8a\x0aA)pc5\
\xc5\xf0,\xbf|u\xb5x\xe2\x12l\xeaz\xa6\xf7\x22\
_P\xediT\x86\x02\x81\xed\xe9_UO5\x1aG\
\x02\x1b<\xbe;,3uD\x86$\xa8\x12\xcb\x85\xbe\
<\xbc\xe6\xabI\xac\xb3;ri\xac\x08\x87\xabVZ\
yXm\xb4\x94\xa8\x92Gn*\x9a\xf1n\x93\xc14\
g%=\xb8(\x1f\x09\xab\xb3\xab\xab\xf3\xef2&\xb7\
\xe2\xb1!C\xc3\x0e`\x9ek\x89yZ\x95\x1bg*\
\xa7\x9e\xf1B\x9d{\x98\xd3\x82\xe4\xf6+\x9dc\xb2\xc8\
\xda0\x94m\x18\xca\xbdk\xcb\xcf\x5c\xa0\xd7\xa4\xc1?\
\x0a_T\xa4\x9a5\x13\x5c\xd9d/pz&U\xe8\
\xacqZ\xa1\xa9[\xcd\xe2X3=\x0a\xfe\x84q\xc8\
\xe1\x17{\x5c\x87F\xd7 \x1e}\x854\xeb\xdb\xbe\xb0\
'\x93v\xbeJ\xc6\xbf6u\xce;\xdc\x83\x9cg\xd2\
\xaa\xdfo\x8e0F.\xe3\xf2R5\xe2\xa1~\x10\xcf\
\xca\xaa0\xc9\xc1\xf0\xc0\x04\xd7_IP\xf3}'3\
R\x9d\xc3\xa7\xfb\xdc\xe3\xf2N\xe9\xe67ih>`\
IWj\xf5\x14\xd7\xac\xe1.%\x92\xc5\x1612\x1a\
\xc0=\xea\xc4\xb9e\xb2\x97\x04\xac\x96v\xca\x19\xf4\xaa\
\x17\x05\x09\xfc\x02\xb57\x992\xd4G\x19\xa6\x88\xe9\xe4\
C\xc8QP\xc7\x03\xfd\xa9\xda\xe3%\xb4\x9f\xab\x90R\
\x99B\x88B\xb9*\xef\x8a\x89,\xb2\xb8\xd4\x94$\xd7\
\xb0\xc3Y\xc4h\xdaR\x97\xdch\xb0\x122\x15\xda\xb9\
\xda\xb58;9n/\xb4\xa8\xe3s\x17\x0e\xff\x00\x05\
\x1e\xedg\xb3~\x14\xb7?\xc9\x81\x8fP+\xc5\xc6\x9d\
\x15\x1c\xb3\xd5\xca\xe2\xf6\x5c5\x22\x91\x22-\x93r\xf0\
\xf4\x11\xcfn(\x9f\x96\x97\x18\x1a3\xbb\x97i\x8c\xe4\
H\xb2\xc2N\x03\xb0y\xfc\xab:\xab\x1e\x8b\xe1\x0b\x86\
\xb3\x89\x11\xd3\xee\xb6\x86N|hX\xfbb\xa3\xcc\x81\
1\xb7\xb9o\xdc\x8f\x7fP\xd9Z\xee\xb8\x87>\xc4T\
\xf9\x94\xcb#er\xfb\xc9\x1f3\x5c\xd9#\xb4H1\
I\x1e\xc0T\xe6=\xa2\xc8\xe9\xf7-\xfb\x94\xfdn\xc9\
\xd7(m\xcbO\x1e\x1a\xb2\xaf\x0e\xb3\xd5\xdd)zO\
I\xa7T\xfa\x08K\xea_\xb1`\xe9\xd4s\x0e\x01m\
\xe0R\xf3i\xca\xc2\xbdk\xc9\xebq{\x8fa\xe1\xdb\
\xb5R\x1b\x97DM\xf6\x1c\xf97w\x1c\x8e\x89\xabB\
\x8e|\x84\xed\xad\xbag\x98\xa8\xe2)\xe0[\xcb\xcb5\
SmD\xb3\xf9\x15\x18\xdc\xc1\xc3\x91\xdfq\x1e\xca\x04\
\xd6\xd8J\xaeZ3\xbavrO\x0e#{\xa4G\xa6\
\xbc\xda\x1eaq\xf7\x0e0\x9d\xa4\xd6\xba\x11\x9cb\xe5\
\x96q\xaf\xe1m*\x94\xe3\x98\xb4-_1n\x8b\x94\
-\xfd\xad\x0cad\x90jhj\x95\xa3<\x22\xeb\xbd\
\x1e\xc6T\xf7,\x0ft\xff\x00Q/\x10F\xf4:\x94\
\xb4\x06v\x8fZ\xd7WY\x8a\x7f\xbeG\x0a\x1e\x15\x85\
d\xfc\x89\x13\x91z\xe33\x1bTW\xb7\xd7\x19\xa6\xfa\
\xeb\x1a\xdc\xa5\x837\xf9Z\xfa\x93r\x93M\x16\x08=\
^\x9a\xb6\xd2\xb8\xef\xc5F@\x048\x07z\xb5B2\
\xa4\xfc\x8a\x89\x14\xbd>4\xa7\xfb\xeaRk\xf4\x22\xf5\
\x16\xa0\xb9\xc8\xd6Qe?2\xd4\xa6\xd5\x80\xa0\x800\
RkU\xa5:\xdeZ\xf5d\xc9~\xed#q\xb1A\
\xa7\x83\xd4\xd3\xf4\x8fO\xe4\xfc9\xb59\xa2\xcc\x8b\xe1\
\x19SL(o\xed\xed^\xaa\xfaT\xe1g\xba\x92\xf5\
\x1e3M\xb4\xdf\xa8\xf9r|g\xb3\xcew\xcbL{\
\x8c\x08\x01\x98\x17\x08\xae\xc9\x96\x19\xe4\x10R3\x81_\
:\xb7\xf1\x0d\xcb\xae\xa8J\x0f\xb3\xea\xb7^\x0c\xb2\xa7\
I\xd6\x8dD\xdaY\xec\xf4E\xe7\xe0\xdfRh\xae\x98\
F\xbdE\xbd\x04\xc5q\x01a\x1e/\x98q^\xff\x00\
V\xa9OM\xb5U\xaa\xfc\x1f3\xd2\xe0\xf5\x1b\xe7m\
\x0e99\xdd\xa3Xk=#\x1dO@\xba\xb8T\xd8\
\xc1\x0aY#\x8e\xf5\xe2\xe8x\x9e\xda\xa60{Z\x9e\
\x05\xbb\xb7y\x93\xccI\xad\x1b\xf1\xb9\xd4\xabL\xd7P\
\x99V\xd7\xbc?\xa8\x84\xe4\x8a\xee\x5c\xea\x10\x94b\xd4\
\xa2r)i\x10\x94\xa5\x1d\x92x/\xb0?h\x1d\xcb\
\xe5\x82/\xcd!\xfc\x8c\x154\x9e\xd5TeBk=\
\xfe\x85r\xd2f\x9eq\x80\xb3> tWVm\xea\
j\xe3o\x9a\xb4\xa1<l\xef\x5c\xdb\x9d&\x8d\xc7M\
\xa3\xb7\xa3\xea\x95t\xf9\xb6\xd2y#\xad\xbd7\xd3Z\
\x94\xec\xb4\x5c\x0d\xbby\xf2\xf8\xce\xed\x22\xb8\xd3\xf0\xc5\
\xe3o\xc8\xad\x8f\xeaw\xa1\xe2\xfbYJ^}.\xff\
\x00\x00\xb5\x1f\xc3,\xb8\xd2\xd9q\xbda\x11|d$\
I\xff\x00\xb6i\x96\x95\xac[.'\xb8\xaf\xf6\xce\x85\
q=\x95\x22\xd3\x14\xc6\x9d\xd7\xbaU\xc4\x9bZ?\x10\
\xf0\xf8J\xd0\x92\xb0i\x16\xb9\xa9\xd1\xf4\xf9\x7f\xf4j\
\x9e\x81\xa1W\x86U\x5c~2?F\xaa\xeb\x10q*\
\x97e}L\xfb\x06\x0eqZ\xe1\xac]O\xf8\xf4\xbf\
\xe8\xe6\xd5\xd0,m\x9f\xfaz\xab\xfb\x85\x95\xac\xe4\xba\
\x90\xcd\xe2\xcdw2;\x90\xd2\x08\xa367\x1e\x9a\xf0\
\x92b\xa9\xdd\xdb\xfa\xa9T\x83_\x90LZ,w\x82\
V\xabF\xa3`\x1e\x09%@\x0a\xb1x^\xd6\xb7\xf0\
\xa4\xd7\xf5)\x97\x8c+\xdb\xff\x00\x1a)\xfe\x88\x14\xbe\
\x9dZ\xd5'l9\x7f&\xe2\xc6\x07\xcd9\xc8\xaa*\
x=\xc2omD\xce\x85\xaf\x8e\xedkR\xdb84\
>\xb6\xfc4\x5co\x8da\x9dWdh\xe7!*t\
\x02k\x9f\x0f\x09^\xcaOl\x91u_\x1dX\xc6;\
v0\xcf\xfc$jX\x8d\x82\x1eD\xf6\x89\xc2\xdd\x8d\
\xca@\xf7\xad\x90\xf0\xad\xcf\x97\xb6\xac\x91\x9b\xfc\xf7m\
\xcb\xa5\x06\x127\xc2\xd4\xa4#\x01\xcd\xe8#\xbfr+\
*\xf0\xd3\x8c\xb9es\xf1\xeb}Du\x1b\xe19\x92\
\x00p9\x8f\xb9\xef[c\xe1\xf8\xfb\x99jx\xe6\xb3\
|D\x91\x8b\xf0\xc1h\x88\x14\x16\xe2\xc1#'\xcf\xda\
\xa5h\x94\x13\xc4\x8c\xd2\xf1\xb5\xdc\x9eZA\xcfBt\
\xb4D%\xb7d6\x9d\xdf\xcc\xb0+M=\x12\xd7\xe0\
\xc9S\xc5\xd7\xf9\xc2i\x03k\xa5\xfa\x16\x02\x96\xdb\x97\
\x18i#\xdd\xc1Za\xa2\xdb.c\x16U/\x12_\
\xe3\xeeF\xbeG\xa7\xb6\x86\xd4\x05\xc6\x02\x88\xef\x95\x8c\
\xd6\xbav\x14\x97\xf2\x98\xff\x00k_N/\xf7\xab\xfb\
\x90\xb7\xbe\xact\xda\xc1\x94\x87#\xba\xb4\x9f\xe1P9\
\xab\x16\x95JR\xe2\x06\x07\xa8V\x8c\x1bs\xe7\xf5!\
\xff\x00\xf3]\xd3\xdbi\xd8\x98\xcd\xac\x0es\x80I\xad\
p\xd2\xa5\xff\x00\x8e83OP\xa9S\x0eRy!\
n\xff\x00\x1d\xfa2\xce\xa57\x0e\xcc\xf3\x8a\xf4;\x01\
\xad4\xb4\x99\xb7\xd2)\x9d\xcbK.O\xfb\x90\x93?\
h|g\x98R!Z\x8a\x0f\xdd\xba\xd8\xf4lq\x84\
Q\x1b\xec\xfb\xb2\x91\xd5\x1f\xda\x07~{H\xbe\x88p\
ZA\x00\x80Kt-\x15m\xe4x\x5c\xe2m'\xc1\
\x13\xd3_\x8f-a\xa8\xfa$\xd5\xb9\x96\xd9jrd\
\x12V[\xe7\x93\xc75\xb2\xad\x94*E&f\xab%\
I\xef\x89\x17r\xea\xf6\xbd\xd4\x04\xa6\x5c\xc5'p\xc1\
\xd8H\xc5G\x93o\x0fb \xe5V\x1f\x041\x83}\
\xb8H\x05\xfb\x9c\xa5\x85\xf7\x01\xd3V\xc2\xa5%\xec\x1e\
L\xd8\xf1]-rn\xc7\x1e\x9e\xf3\x81^\x85\xc2q\
K;\xf8\xc7\xa4C\xb5\x93X$!tz\xd4\xd2I\
u\xe4\xa1k\xed\xe2\x1aWy'\xca\xe1\x0d\x1bv\x9a\
\x7f\x02\xad\xbd-\xd2\xda>r\xe7\xa2\xea\xdcy\x00\xe5\
A\xa7v\xe7\xf3\xaa'w\x1fr\xda\x93\x9cp\xd7\xb0\
\xce\xf3\xa8\xbaw\x0aJ\xdd}OIyy.)\x0b\
\xc9&\xa9z\x85\x18,\x9d\x17\xe2\x0b\x9apI5\xc1\
T\xbc\xf57J\x07\xb6\xc0\x871(\xf4*9\xc5Q\
S\xc4\xd4\xe3\xd4YR\xf1E\xdf\xe0\xa3j\x8b\xdd\xce\
\xe749jy\x0c\xb4{\x05\x1a\xc7?\x16\xfcD\xbe\
>*\xba\xf7h`\xfc\x9dT\x10\x82\xdc\xe8j\xc1\xdc\
\xa0E[K\xc4\xf4f\xbdi\x96\xaf\x17V_r\x1c\
\xea]s\xae5\x146\xe2*\x5c \xda\x12\x07#\x8a\
jz\xe5\xae\xec\x94\xda\xf8\xa6j\xae\xe7\x16E~1\
\xab\xe1\xb6\x0f\x8d\x19\xc2\x06\x0e\x05o\xfd\xbdh\xd1\xd3\
\x97\x8c\xa7\x9e\x8c\xff\x00\x18\xea\xf6\xd2\x14P\xd2\xb1\xec\
\x8au\xac\xdb.\xd8\xb1\xf1|{\xc0\x13\xaf\xf5\x1ar\
\xe2\xd9\x19\xcf`\x9a\xb1k\xd6\xad\xe0\xbe\x1e2\x8fx\
\x1fi=yw\x91}\x8f&lr\xcbL,,\xac\
\xa7\x00\x01Y\xee\xb5zJ\x19\x87#V\xf1\x84'M\
\xc2+\xb3\xbb\xb5\xf1u\x19\xb6\x92\x9f\x9b\x8b\xe5\x00}\
B\xbc\xf7\xf9\x8e\x8f\xff\x00\xe5/\xecy\x9f\xad_\xf1\
8\xec\xce\x9eG\xb8\xb0\x5cq\xaf\x0c'\xb15c\xbd\
p\xf4\xa2\xc5S\x9e\x08\xc5t\xa2\xdf!*\x01\xe2\x0a\
A\xf5\xa8\xa3\xa8\xc9>K\xe3w\x05&\x98\xcf\xff\x00\
\x0b\x9d\x8a\xca\x1c\x8f1@\x03\xe8j\xf8\xeaq~\xe0\
\xef\xf1\x85\x11\xc4{V\xa3\xb4\xbe\x97`\xde\x16\xda\x91\
\xc9N;\x8a\xbe\x86\xae\x97\x0c\xb9\x5c\xc9\xf0\x9f$\xb1\
\xea\x1e\xba\x8c\x80T\xeb\xce\xb2\xae\x15\xc7j\xd2\xb5(\
\xa8\xb3E+\xf9\xac`\x9e\xe9\xc6\xaa\xba\xdc[\x9c.\
1\x1cKkN\x03\xa4q^[\xc5\x97*\xad\xbc\x22\
\xbd\x8fa\xe1;\xe7Z\xe3\xaeP\xd7O:\xd5\xbb\xa9\
p\x9e\x90\x9d\xf1\x92\xb1\xb9_\xadd\xf0|\xd5*\xdc\
\x9e\xb7\xc5U\xbc\x8bgS\xbc\xafc\xb62\xad\x1d\xa8\
u\x032>a\x9f\x15\xa3\xc0\xcfj\xfa#\xbc\xdb'\
4|\x9dx\x82\xb2^\x98>IY2tDK\x81\
\x5c\xab\xecx\xc8\xcf)>\xb5\x96W\xd2y\xc0\xf0\xd7\
\xee\xe3\x9c\xa2\xcfd\xb5t\xee\xfc\x84\xa1\x1a\x8a*\x9b\
w\x821\xdcU\x9fY'\x07\x12\xaf\xdb\x97q\x96R\
\x07\x7f\xf8i\xe9\xae\x81\xb3=w\xb1\xcdaw\x17\x16\
W\xb5'\x95\x13\x5c\x0du\xca\xb5\xb3\xa5\x15\xc9~\x9f\
wR\xbd\xecjW+R<\x17`\x12\xb23\x9f/\
5\xf3hZ\xd5\xa6\xf6\xedl\xfa\xdf\xd5R\x84V\xda\
\x88\x02 0\x1c\xdc\x872H\xe4n5\x15(\xce\x9c\
\xb2\xe2\xcb#R3^\x97\x91`9\x1dym\xe5w\
\xc7\xd5P\xea\xc9s\xb8UG/\x98\x15\x1e\xa4\xc8\x94\
nY\xf1\xd68\xf7\xab\xa8\xd5~\xec\xb9[R}\xc4\
\xde\x8f.Na\x0dH\x91\xe5ObO\x19\xafw\xe1\
F\xa7s.O\x9f\xf8\xfe\x11\x8d\x9c\x1cc\x83\xbeh\
\xcd6\xfc\xcd3\x0c\xb1\xfb\xcd\xa7\xf9\x85{\xf8\xf1,\
\x9f \x5c\xbc\x978zFj]eE\x00\x11\xcfz\
h\xcd'\x92\xcc\xb6\x87\x12l\xef\xaeiJR\x14\xb1\
\xc7\xd4*\xa4\xb2&\x1ax2\xd9\xa5&0\xa9\x1b\xda\
8{\x91\xc8\xa7%1N\xe9)\x8evH\x00\x7f\xcc\
)\xb3\x9e\x06\xdc4\x93\xa5e\xedR\xb6\x0c\xa4\xe3\x19\
\x1c\xd1\xf7\xbf\x8c\x0b\xe8\x979(\x1f\x150\xa4\xda\xfa\
d\xe9eE\x97\xb6\x8eA\xe4W\x9d\xd7\xdbV\xd2I\
\x9e\x8b\xc24\x95MV\x9c\x1a\xca<\xa7r\xbd\xddY\
\xb1\x10\xa9\xea^F\x08\xcd|\xc2\x13\xa8\xd62}\xf2\
\xe6\xde\x8ai(tS\x9f\x9c\xf9i\xc5\xad\xf5\xadd\
\xe3\x83Zi\xa97\xc9\x93\xca\xa6\x97\xda5S\xee\x05\
\xe5kQ8\xcf\xd5Z!\x1f\x92\x12\xa7\xec\x80>\xcb\
\x8b\x05ek)\xcf\xbdB\x93\xce0;\xa5\x14\xf3\xc0\
\xd9\xf6\x1au\x04\xf8\xca\xc8\xee\x01\xab\x12\x7f\x02\xbf*\
>\xe8\x8f\x94\x86\x83J\xdb\xb8\xa8w\x195l!7\
\xd2)\x9dzi\xf2\xce\x97\xf0\xfbv\x8b\x16\x1c\xa0\xa7\
\x03)\x0d\x92\x0a\xbf\x88\xd6\xcbhJ3Y]\x9e?\
\xc5u\xa15\xe8y,p\xd7\xbeT\xb7RJ\xb7\x0e\
\x14;\x1a\xf2>%MU\xe0\xf6\x9e\x07\x84>\x8e\x1b\
\x8e\x8b\xd3vR\xed\x8b\xfd4-JO\xae3^\x93\
E\x9c\x9d\xaa\xe3\xb3\xc3\xf8\xc6\xa7\xfa\xe7\xb4\xb01f\
h\x94\x95EB}\xcf\x1c\xd6\xc5O\xb3\x83\xe6J/\
\x89v@u.\xcf\x08k;\x03F0J\x1c\x1eo\
\xf9\xabE\xb6\xc7\x07\xb9\x159\xd5r|\x93\x9a\xefG\
Yc\xe8\x99/\x22\x0aw#\xd6\x95Q\xa4\x9epY\
+\xbb\x8ccq\x0f\xa2\xfayb\x99\xa7\x0b\x8a\x82\x92\
\xa5\x01\x83KR\xd2\x8c\xdf\xa9\x16\xd1\xd5n\xa9c\x12\
$\xe1t\x92\xc0\xa4\x9c\xc7l\x029\x02\xa9\x9d\x95\x17\
-\xa9pj\x87\x89/a\xeaR\xe4*\xba#\xa7$\
\xa8\x05F\x0dn=\xf3\xdf\xefUV\xd2\xe8\xa5\xd1\xa5\
x\xaa\xfeo\xd5#\x98u{Li\x9e\x91u\x1e\x03\
\xd7\x99H\x83f\xdc\x82\xb7\x15\xc8\xc7\xadt\xf4\xbb9\
(\xed\xa6\xf0r\xb5\x1d]\xd5\xab\xe6\xd4\x8f\xb1\xea\xce\
\xa1Z:Ey\xf8a\xb6j\xce\x9a\xea8\xaf\xdc^\
y1\x9cm\xa2I\x1cs\xc5z\x1dN^E\x15%\
\xd1\xe7\xf4\xe7\xba\xe1\xee\xe8\xe7\xf7n\x9d\xdd\xec\x96\x8b\
m\xc2E\xd53\xc3\xae\xa4\x00\x13\xb7\x15\xe5\xe9\xddE\
T[\x97?'\xa2\xabp\xe6\x9ca.\x11\xda\xe7\xab\
\x5cI\xd0\xccGf\x04\x9b\xad\xbdh\x09\xc0<$b\
\xbd\x8e\xa5oN\xe2\xd3m\xcf\xda\xd1\xe5\xb4\xeb\xcf\xa6\
\xbc\xf3(,2\x9f\xad\xedMi\xbe\x93]U2\xc0\
\xb8R\x12\xc2\xd4\x1cW\xa1\xf5\xaf\x07O\xc3\x96\x0f\x94\
\xfa>\x85}\xe3K\xba\xb4\xbc\x9cp\xca\xa7\xc0.\x92\
\xd07\xcb%\xc2v\xa2\xd4\x11\xdc\x95!$\x16\x14\x9e\
Q\xcdtn4\x1bj\xd4\xf1\x19tp\xad|Cu\
m6\xe0\xfe\xe3\xd0V~\x86\xf4\xdfPnE\xb2<\
{\x9a\x95\xfc\xaa\xc5-\x0d9\xd1\x87\xee\x87\xb8\xd6\xeb\
\xd5\xe2lu3\xe1&\x04T\x83\x0a\xdc\x88\x08'\x9e\
A\xab\xa9\xf9\xd4\xff\x00\x88s\xddM\xc5f\xff\x00\xf0\
\x9b\x05\xb9!\xf3t)q<\x84r*#qJ-\
\xe5\x12\xea\xcf\xd9\x94n\xb1\xb3n\xe9f\xad\xb1\xd9\xcd\
\xa5Se\x5c\x11\xb9/\xf8\x98\xc1\xf7\xae\x8d-N)\
b&\x0a\x96p\x93u'\xd9i\xd1\x9dB\x9bd\xb0\
It\xeaFl\xad\xb2\xacy\xd2\x15\xb3\xf3\xad*\xb5\
)\xf3$WV\xdd,b]\xfeG\x9a{\xe2y\xe9\
\x93C\x0a\xea\xac9\xce\x0f*X\xf0G#\xda\x99\xe3\
\xa8\xa1e\x06\xfa\x91?q\xf8\xd4\xd2\xda\x22\xe8\xc6\x9a\
\xd5\x10cD\xb9NN\xf6.nc\xcf\x9e\xc3\x1fs\
I+x\xb5\x95\x1eFNK\x8d\xdc\x0f5\x0fZd\
\xe9\x98ar\xac\xc1\xf8\x8e\x8f\x15\xb7F0\xb4\x1fZ\
\xe6\xd5\xb1m\xf0i\x85e\x1e\xce\x1b\xd5_\x8d.\x9d\
\xdaoA\xd9\xda\x7f\xc5{;\x0aA=\xff\x00J\xb1\
i\xaa3\xe0I]\x95\xeb\xc7\xc6\xce\x82\x9a\xe2\x97o\
\xd2\x8bm\xd4\xa3pQt\x8c}\xebTl.i\xf3\
\x09\xe0\xcdZ\xea\x0f\x8c\x16\xce\x86|v\xea\x1d/h\
\xbcNDW\x1e\xb3\xbf\x19he\x83\xce\xd3\xf9\x9fZ\
\xd5\x0b:\x91\x8ejI2!u\x98\xfac\x82\x85\x1f\
\xe3{U\xdf#-\xd8\xac9\x15\xb5\xa9G\x1d\xf1B\
\xd2c'\x93<\xaf\xa6\x9e\xd1\x85\xdb\xe2\xbb]][\
\xd8\xd5\xc9\xd6G\xdb\xd2\xae\xfd\x99I.P\xff\x00]\
Q\xae\xca\xec\xae\xbbk\xe2\xb7\x17\xfe!yd\xf7\x00\
U\xf4\xec\xa8(\xfd\xa53\xbb\xab\x9e\xc8\xcb\x8fR5\
U\xf282/ox\x87\x91K\x1bZ+\xd8\xad\xd7\
\xa8BN^\xa0\x9a\x9f\xfd[\xef\xad~\xb95t<\
\xa8\xf0\xcawT|\xb6dM\x01w\x92w\xb8_V\
y>s\xc9\xa2^O\xb0\xdb$\xba4\xf7Ld!\
\xdc\xbc\xc3\xa1>\xa7q\xa3\xea!\x15\xc0\xfeW\xa7\x96\
3OM#\xaeH.;\xe1m>\xa4\xd4J\xf9%\
\x84C\xb7\x97i\x93+\xd2P\xdd\x8e\x96\xd8\x90\x92\xbc\
c8\xaa#v\xd3\xe0\xbd\xd1\xca\xc3`bi\x91f\
Y.2\x1d\x1e\xf9\x14\x95.*\xcb\x945:1F\
\xae\x8f\xdb\xddg\xc1\x93\x1d\x09g\x9c\x83\xebU}~\
\x173%\xd3\x8a\xe4e\x15\xfb\x0e\x9f\x8f\xbe<\xc6\xa3\
6\x93\x90\xdf\xde\xaa\x96\xa1\x07\xcc\xa4D\xe4\x9fd}\
\xc7\xae\xf0\xe3\xa8\xa1\x90\x1fP\xe0\xed\x1d\xeb%]N\
\x11yO \xebEE\x11\xb7>\xb9\xa9\xf8\xc11\xe2\
\x94\xacz\xe6\xb2\xbdi\xfc\x15}B\xc7\x04Zz\xc9\
r-n\x0bS*\xf4&\xb2U\xd5\xaa1\x1d\xc9\x15\
r\xea-\xe6\xf8w\x19\xeb s\x9e\xd8\xac\x93\xba\xb9\
}>\x0a\xa5sQ\xfb\x91\x13\xa4=7\x97\x1f[\xae\
\x1f\xab\xccp\xaa_:\xa4\xbb\x90\x8e\xb4\x97la\x1a\
#~:\x92\x1aV\xfc\xf9\xb2i\x92\xcfl\xcf*\x8d\
\xcb\x91\xdb\xc8u\x94m\x0f\x05\x13\xe8\x05*\x8a\xa8\xf1\
\x11\x93X\xe8\xd0T\x86\x1b\xf3\x05\x00y\x1c\xd48\xd3\
\x84\xb1$\x0d\xa7\xec9\xb5\xd9e\xdf\x9c(h\xa9\x04\
\x0c\x83\x9e\xf4\xd5*[{\x90\xa5\x8e\x83\xc5\xb5\x5c\xd5\
8\xc6\x5ce\xefOl\xfa\x8fzO2\xd9\xf1\x16/\
\xab9\xc8\xa9\xf3\xc6\x9f\x93\xe1\xa8\x12\xb3\xc9\x07\x9aX\
P\x8c\x9f\xa4\x9ed\xfb\x06:\x82\xe5\x9dIqqJ\
\xdb'\x18\xad\xb54H\xc9f5\x0d\x90\xb4Mr\xc7\
\xad\xf56\xda\xeb\xeaS\xb0\xd2\xde\x13\x9e\xdd\xeb,t\
\x19\xa7\x94\xd9w\xd0\xc7od=\xd7W\x0dm\x15\xd8\
\xcc\xbc\x88\x8d,\x14\xe3\x1c\xf3Z\xa3j\xed\x9e_&\
j\x90\xf2^{)\xc7\xa2-\x92O\xe2\x87\x9f\xb9\xae\
\x8f\xed\x0f\xfe\x81\xbe\xbd|\x1e\x8c\x8fn\x88\xf8P+\
Y\x18\xc6\x07l\xd2\xc2\x8d(\xc9\xc6\xab\xe4\xf4\x92R\
\xc2P\x83o\xf03wO\xc2\x80\xe2\x90\xea\xb1\xbf\xfa\
\xd2MPO\xcaMg\xf5-\x86\x9f]S\xf3\xf6w\
\xf2\x06d\x06!\x93\xb4\xa3h\xec\x15L\xe8\xdb.\x99\
\x09E\xe1\xed\xc1\x17%\xf2\xf2\xfcT\xed\x18\xe0\xed<\
\xd5\xf0T\xda\xf65;IF;\xa2\x93o\xe0m)\
\xf6\xc2J\xcc\x87R\x94\xf2\xa4\xe7\x15\x8a\xb5\xd5*\x0f\
+\x92\xdbM\x1e\xbd\xe3P\x8cv\xfe\xa1\xb4/V\x22\
\xeb\x09\x13,\xf1c\xbc\x0cA\x85\xb8\xa4\x10\x0f\xe4k\
\xcek\xb5k\xd5\xa7\x1a\x8e8\x89\xec<5kkk\
]\xd0\xdd\xebDQL\xbb\x8e\xb2E\xba\xda\xc9zZ\
\x97\xb7j\xc7\x96\xb4xf\x84\xe5<\xd3;>0\xaa\
\x95\xa6\xd9\xbe1\xecu+\x17Eu$t\x01>\x1c\
x\xfb\xb9+l\xf9\xab\xdc:1SnO\x93\xe3\x92\
\xabOo\xa4\x96\x83\xf0\xd3nq\xc5=*C\xd2\x1c\
Q\xe5+\x19\x02\x8f){\x15\xba\xf3e\x82\xcb\xd2\x1b\
^\x98\x1b\xe2\xa08\xa0;\x1fJ\xb1S\x8e0W\xf5\
U\x09_\x93\x1b0\xa4\xa5iN0\x93\xf4\xa6\xac\xc4\
6\xbc\xf2\xc8\xf3d\xf9\xc8\x07b|\xc2\xb2\x13\x84\x81\
\xc0\xacj\x8cs\xf6\x96\xd3\xb9\xac\xde\x1dV0\x99\x01\
m\xbc\x0a7'\xd3\x81\xcdQ^\xca\x94\xf8\x926S\
\xd4\xabP\xff\x00\xc8\xcd.\x1b\xed%%D\xfd_\xd2\
\xb2\xcf\xc3V\xaf\x84n\xa3\xe2\xab\xf8\xf0\x91\x17\xa9\xf4\
\x92u\x02\xf3\xbd\xcc\xe3\xbdV\xbc9m\x16h\xff\x00\
8j\x0dd\x89{\xa6kb\x22\x12\x99o\xa5@\xe4\
`\xd7N\xc6\xc6\x9d\xa4\xf7S9Z\x96\xafs\x7f\x0d\
\x95\xfa\x1e[\xd9\xd4\x16fP\xd4[\xac\xd0\x84zo\
5\xd3\xfa\x86\x8e2\xa2\x96G+\xd6\xba\xb6;\xbe[\
\x9c\xd5c\xd7y\xaa\xdd\xc68\xc91\xa4\xb3\x94\x05\xdd\
m\xab\xe1>\x1f\x13\xe5nW?Y\xa8WO\xe4<\
\xa4\xf9\x0e:\x91\xad\xa4\xab\x22t\xb4\xa4\xff\x00\xceh\
\xfa\xa6G\xd3\xc4*5\xe6\xb2*\x01W\x19 \x7f\xd6\
hW\x98\xe4h\xd0\x8f\xb8\xb7\xf5\xa6\xacB\x0a\x8d\xc6\
V>\xcb4\xbfY%\xc1R\xb6\xa7\x9c\x10\x1a\x9dz\
\x83V\xc6(\x99>K\x8d\xff\x00*\x96H\xaani\
\xf9\xf0q~\xe7[L\x93\xb4\xbaU\xa9\xfb\x15\x19\xba\
*`l\xb40R\x7f\xbdp\x7faQO\x07\xa2\x8f\
\x8b\xee\xeaI\xf02o\xa4\xab\xc1R\xf7\x92Np*\
\xe8\xe8\xf4b,\xfcUz\xd09]*\x92\xea\xb2\x86\
\xcf\x1cr*\xff\x00\xd9TL\xef\xc57\x9e\xc2\x97\xd2\
G\x9c\xc7\x8aJ\x06>\x9c\xf1S\xf4\xd4\xd7\xf2\x99\xa5\
\xe2\x0b\xc9u K\xe8\xe0Wl\x8f|\x0e\xf4\xca\x8c\
>\x0c\xf2\xd4n\xa7\xfc\xe2[\xe8\xb8t(\x94\xa8\x81\
\xdc\xe3\x9ai(\xc5zQC\xafr\xb9\x9c\xdf\xf7\x16\
zC\xe0DR\xe3\xb8\xf3%\x19\xca@\xc6j\xd8O\
sYD\xce\xbe`\xe5RY'\xb4tuD\xb6-\
\x97\xd2AB{\x91\xde\xbes\xe2\xf8\xcf\xcd{Q\xf6\
O\xf0\xfeT\xea[\xa0J\x17F\xa5,\xc3\x90\xea\x13\
\xdc$\x1c\x01^\x9b\xc3\x94\x1f\xd2E\xe0\xf0^3\xa9\
\xb7Qq\xfc\x92\x11u&\xa1\x8c\x90\x82\xa7\x17\xb7\xb1\
'\x8a\xeb+u\xcb<\xf4\xea\xfa\x93\x11\xa8\xb5\x9d\xe9\
\xddGju\xe6\x90\xe2\xe3}\x00\x9c\xe6\x96\x9d\x04\xe2\
\xf0/\x9d\xeay,7\xae\xae^nVWm\xee\xc0\
kk\xdc\x9c&\xab\x95\xbf\xc0\xff\x00R\xbd\xc7\x9aS\
\xaa\xff\x00\x80\xda\x83\x12c\xe0\x8e0\x13\xc5T\xe87\
\xd1dk\xc7\xdc\xb3\xd8\xba\xadd\xb8d>\xb52\xe1\
\xf4\xc6\x01\xaa\x1c\x5c_%\xbb\x93\x5c\x16k]\xde\xdb\
rq.5%\xb2s\xf4\xa9C\x9a\x9a\x952\x89\xa5\
\x14s\xbe\xabh\xebWSz\xcc\xd5\xa2\xe6\xdbs\x22\
*0YB\x86\xe4\x8a\xd7ip\xe9\xac\x94\x5c\xc7+\
hn\x9e\xf4\x11\x8d\x1f|E\xbe\xce\xa7Sl\xf17\
\x88\xc3!\xb0\xac\xf7\xc5%\xf6\xa4\xeb\xc1G\xd8\xa6\xde\
\xd5\xd2\x9e\x1f\xb9\xd1:\xdd\xd5[WJbXl\xb7\
7\x9dn\x5c\x89m\xb6\x80\x06FI\xff\x00\xebKB\
\xd2\x15\xa5\x1c\x0c\xb3E=\xde\xe7\xa6\xf56\xb9\x7f\xa2\
\xbd\x10\x8bwR%HiL\xef\xda\xcaw\x801\xeb\
^\xba\xfa\x8b\xabC\xcb^\xc7\x02\xda\xaa\xf3\xb7\x1eh\
\xeaw\xed\x16\x87\xd4.\x98\xdc\xa03je\xc3%\xa5\
4V\xe3~q\xef\x5c\x1aZKQm3\xafR\xf9\
nG&\xf8O\xf8\x86o\xa6\xd6{\x83\x0di\xdbl\
\xf4\xc8A\x1b\xdeFT9\xadV\xda>\xf8<\xc8\xa6\
\xbd\xee&\x89\xadK\xd7\x1b\xd5\xfaY]\xb5\xc5Y\x95\
\x9c\x8f\x96;1Z\xe9i\xea\x0b\x0d\x99\xa5s\x99d\
\xd5\xab\xe2\x17\xa8\xbam\xd6\xd4\xc5\xe6T\xed\xbf\xc3!\
\xe2A\xab\x95\x8c\x0a\xe5p\xd7GA\xb6\xfe\xd0\x1dq\
\x16\xd4\xa8\xb7+\x0d\xb5I\xc6\xd2\xf8\xe5_\x9dT\xec\
i\xee\xcbD\xc2\xe9\xca]\x95-{\xd6\xbe\x9fu9\
m\xc9\xd5\x1a\x82\xf7l\xbe\xb0\x83\xf2\xa9\x8e\x92R\x93\
\xed\x9fj\xcfV\xda\x94_\x114\xb9\xc5\xc1\xfa\x8a\xa7\
D4N\x9d\xea\xb3\x17\x96\x9e\xd5\xf7r\xe7\x8e|\x04\
<\xe1JV\x9f\xf9\xb3V\xd0\xf2\x97q+\xabI7\
\x16\xa4]\x1c\xf8\x1a\xd5\x8c\xbe\x97\xec\x0eX\xa4'9\
K\x8a\x96\x9f\x13\xf3\xef]4\xa8\xe3\xd2\x8c\xae\x13\x8b\
\xe1\x9c\x13\xe2\xff\x00B_\xfay\xd4\x0bcZ\x96s\
\x93.)\x08\x0d%\xa5\xf8\x81\x039\x04VY8\xa7\
\xc0\x9b\xaa\x1dr\xc1\xd6]Q\xa64\xfc\x14\xf8\x92.\
\xed\x06\x93\xb5\xa99PNGo\xca\xad\xa7\x18\xbeF\
Nm\xe5\x8e\xe3|]\x5c\xadZ\x91\x16\xfb\xafL\xf4\
\xcc\xb0y\x0e:\xc0+\xfc\xeb5IGvK\x8b|\
\xbdu\xa05\xa4\x825%\x85\x9b\x01q;O\xc8\xc7\
\xec1OV\xbaQ\xe8\x97\x1c\xaeJV\xb9v%\xc5\
H\xb0hg\x1cr\xc4\xc2\xb7\x97\x9f\x1b\x16\xac\xfb\xd2\
+\xa6\xe1\x84\x89T\xf6\xf41\x8d\xa1\xde\x8a\xc8m+\
\xda\x142px\xa7\x8d\xd3\xc6\x11L\xe9fY$-\
\xbd8\x8a\xa4~\xfaS\x8d\x91\xdf\x06\xa9\x9dy\xc9\x8f\
\x18,\x0f\x06\x99\xb5\xdaQ\xb5\xb7K\xaa\xf7_\xad\x22\
\xaf.\x86\xf2\xd0\x99\x8b\x87\x1d\x96\xd2\x98\xcc\x15c\x00\
\x90*\x1de\xee2\x82\x14\xcd\xc1\x88\xa9\xc2\xd3\x19 \
\x8c\xe4\x91P\xebS\xf7d\xec^\xe4M\xdf\x5c\xc0\x8c\
\x95\xf8\x92\xd0\xd8I\xfe\x15\x0a\xaew4Q\x0e(\xa7\
_\xba\xe3g\x88\x85%\xa9R\x9fpzc\x22\xb1\xcf\
P\xb7\x8feNI\x15y\xff\x00\x11\x0f9 \x08\xd0\
\x1au\x19\xee\xb1X\xeak4\xa3\xd2\x15T\xc0\xcaw\
Uo\x174e\x98l\xb4O>^+$\xf5v\xf9\
\x88\xb3\xaaA\xbd\xaa\xafs\x1f>,\x97\xdaO\xd9U\
\x8az\x85|\xf0\xca\x1dv\x0aTY\xf7\x05x\x8b\x96\
\xf6\x00\xf7\xaa\xdd\xccZ\xc3d:\xcd\xf06M\xa9\xd9\
'\x87\x14\xe0\x1c\x9c\xaa\xa9\x95d\xfb\x11\xd4l\xd3V\
\xaf\x0c\xab\xf7M\x85\x0e\xf8\xf5\xa8\x85H\xa7\xc8\x95g\
&\xb0\x8c\xfc)D\xf3\x90=\x05i\xf3\xa2\xfd\x81M\
\xbe\x0d\x88\xdbU\xb4\xa7\xff\x00\x9a\x8f6,\x1f\x01\x1d\
\xb3\x84\xb3\xb8\x8d\xa8P\xc6SB\x93\x9a\xc4;\x09s\
\xd0\x98Q\x9avCl\x8d\xc5G\x80@\xe2\xb3\xd4\xa8\
\xd2rh\xad\xc5\xb6L\xdc\xfap\xe4H\x01\xf6\x15\xb9\
j\xe5@\x9a\xc1\x1dn\x82\x9e\x0b\x151\xbd\x93G.\
Te9,\xa9\xa2\x9e\x078\xaa\xea\xeb4\xe9\xcf\xf7\
\x5c\x84\xe3\x8e\x88{\xc3+\x81(\xf8Xq\x09\xec\x09\
\xcdv\xe9\xd6\xf3b\xa4\xfd\xca\xc8K\xefT\xafV\xf9\
m|\x9c\x16\x90\x96\xc8\xc9H\xef]\x97\xa1\xd9\xd7\xa6\
\x9c\xa5\x86\xcd\xb6\xf4\xe3\x8fQ5w\xeb\xe4\x8b\xdd\xa1\
\x86\xbeO\xe5\xa5\xe0\x02\xe2\x13\x83\x8fZ\xe3\xd6\xf0\xc5\
5,\xc2l\xbf\xc9\x80\xea\xc3\xaf4\xec'G\xcc\xa5\
\xf9R\x96\x9d\xca.# WJ\xdbH\xa9\x05\xcbD\
:4\xd2\xe0\x14\xbb\xa4+\xcc\x82\xe3-\x8f\x0c\xf6\x04\
c\x14;g\x07\x953#\xa9\xb5\x8a0\x22\xbb\x1b\x1e\
\x0bK_\xadW\xf5S\x8f\x0d\x8c\xaed\xc6\xcd\xdb\xd8\
i\xd2\xdaYB0xP\x15.\xe9\xbe\xc2R\xdd\xd8\
\xe3\xe5Y\xfeQ\xfdi>\xa0L\x227_\xfcB\x0d\
\x07iC\xd6\xc9L\x5c\x16\xa5\xed!\xb3\xb8\xd7&6\
\xf7\x1a\x95GF\xe31\xfc\xf4}\xca\x8b\xa5\xa2\xdb\xab\
\xf859u\x8e\xf89\xb5\xe7\xe2\xb2\xeao\x89\x94\xb4\
\xa800v\x11\xc85\xd5\xb2\xf0}8S{\xa4\xf3\
\xf3\x93\xcfk_\xe2\x05[\xca\x91\x8c \xa2\x93\xeb\x02\
\xa5|M\xbf\xa9g\xba\xf9\xf1<5\xa3bBx\x00\
\xd3\xd1\xf0\xedJQY\x97(\xcb}\xe2\x1bj\xcb\xf7\
p\xff\x00\xfaB\x1f\x88+\xd5\x91\xb7\x14\xcb\xa0\x14\x8c\
\x84\xac\xe75\xd4\xfd\x8f\x07\x04\xaaH\xf2t\xb5\x8b\xba\
u\xbfv\xf1\x8fs\xac\xfc5kq\xd5Y\x08z\xf0\
w\xc7G.6\x9e\x09\x15\xb2\xc7\xc3\xf6\xd4\xe4\xdc\xf9\
O\xe4\xec\xdf\xf8\x82\xf5\xd2\xcc^\x1b\xef\x07\xa6\xed\xf7\
\xee\x9dZ\xa1\xf8\x16\xb8\xe8i\xc5\x0f\xde\x1e7~\xb5\
\xd5\xbd\xd2\xad\xaa\xa5\x1fdy\xaa7wT\x1f\x9f\x16\
\xf2\xfb\x17\x0f\xfc'\x12kw\x0bpJ\xa5\xb6rH\
P\xc85\x9e\x96\x99\x1a\x0f\x16\xe8\xd5-f\xea\xe5l\
\xae\xde\x09\xd6:\x91%\xdc\xad1\x9e|g\xd0d\x01\
VF\xcem9MrQ\x19E=\xa88\xea\x9a \
\xab\xfc\xdd\xb6JR{\xa8'\x81T\xca\x13\x8b\xe5\x16\
o]dlz\xbddC\x85Ia\xf0\x14y\xcf\xa5\
+\xe1e\x908\x7f\xaaZ\x7f\xc3\x05*;U\xdcn\
\xedT\xcfd\x9f/\x03\xa5,e \x9f\xe3\xdb2X\
\x0e\xc7q;\xbd\x89\xa3\xce\x82%S\x9625\x91\xae\
\xd9[\xb8\x0e\xb07q\xce8\xfb\xd4\xa5\x09\xf3\x91h\
\xc25\x1e&\x05\xfda\x0e\xdb %\xe9,\xba\x95s\
\xc1\x15\x09\xbe\x81\xd2k\x88\xb2I]J\xd3\x88e;\
\xf0N;\x03M\xb15\xd8\x9bg\xee\xc8\xb9\x1dU\xd3\
\x89\x7f\x84\x95\x04\xf6\xe6\xa1\xc6+\xb6L{\xec[]\
M\xd3\xef \x1d\xaa\xef\xe8jp\x9a\x1d\xcb\x9eB\xa7\
Z\xd8\x1e\x00\xb6\xa4\xa4\x9fsI%\x15\xee#o\xb1\
\x9d\xcfS\xdbV\x09i\xd6\xca\x93\xdb'\x8a\xab1\x19\
d\x8foW\xa9\xf5\xa5\x02TD\xa4\x9cw\x1d\xa9\x9a\
H|q\x90\xecjKly\x18\x935\x8d\xe7\xb0\xdd\
Bi,\x90\x9f9F\xe6\xdf\xe24\xb4\xa9\x12Y\xf0\
\xd43\x92y\xa8\x9c\x93xDJ\x9a|\xa1\xd4$\xc6\
\xbd\xa7\xc8\xea\x14\x81\xc9P<\x0ahR{\xb8's\
\x8f\x02\xd9\xb2[d%^\x1c\xe8\xee)\xb3\x82\x02\xfb\
U\xce\x94\xf7f\x1c\x94\xca\xa6\xd1\xa4\xb9\x10\xe2Gq\
m\xbc\xcb\x89h\x10pG\xa5#\x85e\xda.Ui\
\xfc\x958\xfd_\xb6>\x1dAu\x9c4pMQ\xba\
\xa6pY\xfb\xbe\xf2\x03\xff\x00\x1dt\xbc\xd5)\xb7^\
JV\xdf\xfc\xd5w\x91,dF\xe3\xecD\xbf\xd7\x9b\
,i+i\x9c8\x91\xeb\x9c\xd2\xf9Mv2\xcf\xb1\
\x073\xe2\x5c\xc7\x99!\xb8\xa8\x1b\x12\x8f/\x19\xc9\xab\
i\xc7/\xd8\xaapr\xe1\xb2#G|N\x5c\xf5=\
\xc9\xf8\xefAr*\x10\x0e\xd5\xad\x18\x06\x92\xa2y\xf4\
\xb4ht\xe0\xe0\xf7/b\xfbm\x9dr\xd5V\xd6\xd4\
\x22\x92}\x14\x84\xe0\x1a\xf0\xfe!\xd1\xae\xab\xd4\xcd>\
O\xa1x;\xc4\x96\x96\x11\xd9>\x17\xea7\x1a\x89\xeb\
\x13\xce\xb3.#\xc9\x00w\xc7\x02\xbd\x0e\x89BV\xf6\
\xea\x9dN\xd1\xe6\xbc[yJ\xea\xf9\xd5\xa2\xf2\x98\xcd\
}adKDe\xb2K`\xed\xce;\xd7A5\xc9\
\xc3\x978h\x0e\xa0\xd5\x82\xe9s\x8d:\xdd\x11\xf2\xd4\
\x1f\xf5\x0e2\x05\x14d\xb0\xd0(\xc9\xbeI(\xfdi\
T\x85\x02a)K\x1c\xfd4&3\xa7\x82kD\xeb\
\x0f\xf1T\xc5\x196\xe5\xb4\x94\xab\x82\xa4c5\x19B\
a\xa2\xfa\x8e\x97\xc0\xbd\x84+a\x05c8O\xa5$\
\xa8\xc6k,\x9f2QX\x1f5\xf0\xf4\xdb\xb2[,\
\xc9u\xa7;\xa7+\xc5U\xf4\x91\x1e\x95w\xee\xca{\
=?\xd4\x1a\x7f\xe2\x19\xa8\x8au+w\xe5\xf7'<\
\x92*\xd7h\x85\xadp\xf3\x93\xab\xda_\xbaX.h\
[\xcc\xefJ\x0eI\x03\xb9\xac\xb3\xd3\xe2\xa2\xd2\x1eW\
\x92\x94\xb2r\x0f\x8f\xfd3\xa8\xfa\xa1g\xb4\x5c\xecP\
\x9e\x916\xd7)/\x90\x84d\xf9q[4\xabx\xd1\
\x96d\xc6\xb9\xab\xe6S\xc1\xe9\xee\x9c~\xd3;ON\
\xbe\x07\x0d\xb7S\xe9\xa9w=Ir\x8c\xa8I`\xb5\
\xb9m\x1d\xbbB\xb0{s^\x82W\x10\xaa\xdcS\xc1\
\xc2\xdb(\xb5\x85\xd1\xe2\x95[\xa6\xdc4s\xf7'#\
&2\xe5-j-\x14m)\x04\x9fJ\xa2Q[\x1e\
$\x1b\xa7\xe6'\x80\xbd&\x8c\xe8\x84T\x96\x16\xa0;\
\x9085E\x8a\x8aM3M\xc3\xcbM\x22\xe5\x1e\xd5\
%\xf5\xa9e\x95\x00~\x9e+[\x9c\x14\xbb2J\x9c\
\x9b\xe0\x91\x89\xa4e\x5c\xd0B\xf2\x92;\x1fj\x8f\xa8\
^\xc3*O\xdc\x95\x87\xd3\xe9\xeb\x80\xb4x\x89)\xf4\
\xc8\xcd\x22\xb9\x9fl\xb1\xd1R)\xbdY\xe9\xd9\xd3\x9a\
\x82\xd6\xb5\xb6\xc3\x8e\xb8\x82rQ\x9a\xa6\xb5|\xf6\x10\
\xb5\xf4\xb4\xc1t\xab\xa6\x0a\xd5\x16\x8b\xbb\xa5\xd52\x1b\
{\x1b\x9aV\xd2+\x22\xb8\xf84:QX\xfc\x22\xc9\
b\xe9\xca\xb4C\xde<[\xd5\xd8\xbb\x9c\xe1RTR\
?\xbdX\xee'>\xf8\x17h\xeam\x9a\xdb~\xd5,\
\xde\xaf\x8d\xbdp\x9f\x19\x1e\x1bd\xa8\xad8\xfd\x7fJ\
h\xbc\xf2\xc6\xc1`\x1a\x92:\xdfi\xc6\xe2\x84\xa5$\
$\x02\x9e\x05\x0e\xab\x8b\xe06\x94\x9d\x7f\xaa\x0c\x8e\xac\
\xc7S\xc1\x94\xb6\x94$\x1e1U\xcf\x97\x9fbv\xfe\
\x0b\xa5\xef\xaaV\x06B\x1b}pA)\x03*\xc7'\
\x153\x94\x1c{ \xaa\xdd\xba\xb9\xa6\xa2,nq\x09\
'\x00\xf8Gni\xe3(F8l%\x97\xc2\x22.\
\x7f\x11\xd6\x0b{\x051\xda}\xe0\x93\x90\x01\xc9?j\
\xcfV\xe9G\xa2\xdf/\xd3\xc9\x19p\xf8\x9f\xb5;l\
B\xd8\x831\xb7\xd5\xc1J\x87j\xc5-^+\x84W\
\x14\xb3\x82\x8f}\xeb\xb5\xea\xf0\xe2\xfeQ%\x84\x0f\xa7\
p\xac\xf3\xd71\xc6\x08\xa98\xa9\x10\xf2z\x97\xab\x1f\
\x09\x0a\x90\x8c}\x87j\xc3[Rr\xe8\xcb:\xdf\x00\
\xbf\xc4\xd7\xdb\xb0\xdb*J\x80\xed\x91\x91\x5c\xf9\xddO\
\xbc\x95\xbb\x89 2\xac\xcbe\xc4\xb8\xb7\xdfx\xab\xb8\
\x0b\xc8\xaa]\xd3\x97\x0c\xad\xd7l;\x07\xe4\x13\xb9,\
\xef\xf7\xc8\xcd\x1bc>\xd8\xae\xa6C\xc2\xb8x\xa8X\
u\x80\xdey\x1eZD\xa3O\x85\xc9\x0aL{\x0eP\
\x8e75\xb7\xb60y\xa7\xcb\xc7\x04e\xb3M\xbc\xbb\
\x93\xe4:\x12\x9f\xd3\x8a\x9d\xc9vJ\x81\xa9\x0c-)\
,\x07\x90\x12{s\xde\xadP\x83\xf5\x1a\xbc\x94\x09\xab\
+\x96\xf6\xca\x83\x9b\xb7}\xea|\xba~\xe5R\x84}\
\x842\xc3\xa8XQ\xc1\x07\x8eE$\xe9\xd3\xc7\xa4\xad\
F>\xe1]\x0f\xb6I\xcaO\xe9Da\x90\xdb\x15\xd0\
\xcaK\xc9y\xe0\x97PO\xe5VyK\xe4\xa6\x5c\xf4\
;\xb3^#\x09*\x8d)IDs\xf5g\xd2\xb2\x5c\
\xd8Vo\xcc\xa6\xf1\xf1\xf9&\x97xe\x95\x13\xb4\xbc\
=;6<)q\xff\x00\x10Z\x7fs\xb9C \xd7\
>\xa4/\xdf2\x83\xc1\xd2T\xe0\xd1P\xd4z\xb2\xe9\
\xa04\xf0\x91q}\xb9\xee\x94\xe5\x96\x98\xe5_\xd0V\
\xdb\x1d:\xca\xee\xba\x84\xa3\xb6^\xef\xe4\xad\xc3\xd5\xc0\
&\xf5\xf4\xad]\xa7\xd0\xbf\x01\xc8\x8aZrR\xa4\xe0\
\xd7J\xb7\x86\xe9\xd9\xd5\xdd\xda)\xad\x07\xec1\x8a\xc2\
\x8eB\xb7\xa9^\xa4\xd6\xa8\xd4\xa7/N\xdc\x19a\x16\
;K\x09\x94BT\xd8\xc8\x1d\xf1U\xa8\xe2YR,\
\x92\x97HL\xa8\x8d)\xa2\x0a\x1a.\xfaq\xda\x9a3\
\x92]\x8b\xb6K\xdci\x22\x22#\x02\x14\xd3eY\xc8\
\xc2y?j2\xdf\xb9\x0fw\xc8H^\x1b\x8cxe\
!.\xe78\xc7z\xb14\xb9l\x22\x9c\x9f!#\xc6\
j\xda\xe1Y\x0b\x0a>\x84\xd2N\xa5>\xb0]\xb1#\
&8\x97\x11\xb8(!>\x87\xd6\xa9\xca]\x22\x99O\
h\xc3z?\xe2#\xfa\xd3n\x17\xcd+=$\xe9M\
\xbbMJ\xf0\x1d\x87\xf8\xa3\x00\xe4;\x9e+\x9d\xae\xeb\
5\xae_\x9a\xa5\xe5\xbct}\x8fB\xd3 \xae\xd5\x08\
\xc7\xcd\x87y\xc9G\xeb\xb7M.\xd7\x1e\xa0\xbc\xe5\xaa\
\xd6\xb6\xe0\x16\xc1!=\x80\xae\xf7\x86\xb5z0\xb3\xdb\
r\xf3\x22\xbf\x16x~U\xef\xfc\xeb\x0ax\x8a_%\
WM\xe8\xf0\x97LeL,)\xb3\x921\x9c\x1a\xef\
\xc2q\xaa\x94\xd7\xb9\xf3\xda\xf4\xebR\xa9\xb2\xa7\x18\xf6\
\xf6\xfe\xe4\xe5\xcb\xa0\x17\xeb\x9d\xbb\xe7\xd8i\xc9\x10\x94\
\x09/\x01\xc0\x03\xd6\xab\xfa\xcbo5P\xa9?_\xc1\
\xd0\xfd\x93uV\x9a\xb9\xa5\x06\xe9\xfc\x9d\x0b\xe1\xc7H\
\xce\xd2\x91\xa5\x86\x9a[\x9e2v\x973\x8d\x95\xd7\xdb\
R\x9e7ts+Orj/8.2\xe2\xc7\x8a\
\xe3\x9f-+|\xd3\xfe\xb6\x0f&\xb5oMz:f\
\x7f\x5cZS\xe8s\x0bP\x1b\x5c\x88\xc9bb\xbea\
G\x0a@\xf5\xaa\xe9S\xabN\x7f\x81\xa5E\xcd\xe1>\
\x0b\x93\xba\xdfPA1\xd3\x0a\xe0\xa6\x12\xaf\xad\x1cS\
JRyr|.\x8a\xa4\xe8O\x8a?r\xec\x92\x95\
\xf1\x05:=\x95l]\x1b*\xdb\xe5J\xc8\xe5C\xde\
\xa2S\x84\xd6$\xf9-Tx\xe4\x91\x8d\xd6\x1b\x11\xb5\
4\xca\xed\xcd\xac<7)\xcc\xf0\x0d\x15v5\x86\x85\
{\x93\xe0v\xee\xa0\xd3\xf7\x17Z\x8d\x0a\x0aK\xef\x00\
I\xdd\xc8\xa4\xfa\x1a\x12\x88\xdeeH\xf1\x12R\xe5\xa3\
\xac\xfe#M\xc7\x9e\x91!i\x0aSc\xd0\xd6J\xb6\
\x10_ar\xba\x97\xb8\x89\xfd.vTt\xaa<\x8d\
\xea\xed\xc1\xefX\xe5iQ>\x07WP\xc7$T\x8e\
\x9b\x5c#,\xf8\xb1\xd6p29\xefL\xe14\x86U\
\xd7\xb1\x16\xfe\x8fv2\xff\x00x\xc2\xf9>bs\xc5\
P\xd4\xcb\x1c\xd3BQc\x89\xe3,%\x05H\xdb\x9c\
\xe0\xd4E6\xf3\x22\xb5$\x9ec\xd9Z\xbc\xc6\xbe\xb3\
%J\x81iq\xe6\x12x \xf0j\xd5S\xde(\xb1\
\xc6\x12\x8f\xad\xfa\x82?\x06\xecli\x94\xe4'\x19\x90\
\x06|\x22Mi\xa5\x18Mn}\x18\xe7S\xda'\x1e\
\xd5\x9dO\xd4\xae\xdf\x5c\x8c\xcb/\xc6(=\x86Nj\
\xb9\xf9K\xec4B\x9ea\x9c\xf2=\xd0\x1a\x8bSH\
\xd4M.\xe4\x87\x84f\xd5\xeax5e\x05A\xfd\xe4\
\xd5ST\xb6\xb3\xa0\xdc,,j\x9b\x8aT\xfd\xdc\xda\
\xc2\xb9\x04\xe6\xb3\xd5\xaf\x08\xcb\x10:\xba~\x91\x1a\xd4\
\xb2\xeac\x04u\xefC]o,\xaa=\xbbR\x97\x8b\
GjT\x93\xde\xb3J\xe2)\xe7\x06\xb9\xe8\xed.$\
4\xd0V\xae\xa0i\x87\xdcg\xe7\xdd\x93\x18\x92\x0ak\
\x5cu8%\xb5\xa3\x9dSH\xab\x9fI7j\xd2\xf7\
\xfb\x5c\xd7\x1d\xfcA\xd6\xfcrT\xb1\x9c\xed\xcd5=\
F\x0f1\x8b2U\xd2\xee\xd3\xcc\xa0H\xbf\xa4\xae\xb1\
!\xad\xb6/\x0aZ\x9f'(\xc6y4\xd3\xb8s\xe3\
%q\xb7P\x7f\xbcEvGF\xe5\xe8\x88\xaeM\xb9\
ISqV\xad\xeaR\x8f\x075\x9aQ\xaa\xdf\x08\xb5\
yY\xe0a\xfe%\xd0E\xa5\x0d\xad*@\xee\xbc\x9e\
j\x12\xac\xf8\x170\x7fa\x07q\xd6\x1a~\x03\x8a\x11\
\x10\x97Q\xfcX5>MF\xf2\xc6\xdc\xa3\xdb#\x9a\
\xea\xfd\xa6\xdf3(\xb6\x19\x18<\x10j]\x19Ag\
$;\xb8\xe3\xd0\x89\xf1\xd76n\xb1C\x0cX\xf2\xb3\
\x9d\xaa\x1cm50\xa7\x97\x96,\xa4\xe4\xb0\xc9\x16:\
\x85\xd4[5\xad\xb7\xad\x90\xe4\x08\xa3\x90\xde}+T\
i\xa5\xcbfz\x8a%\x93N\xfcEI\xb9@K\x1a\
\x82\xd4\xa6_\xec\xb5(rk=Ji<\xaeI\x8f\
E\x8bM'Nj\xe7J\xfea\xb6T;%C\x06\
\xaat\x8b\x14\xda,\x8ct\xfedx\xce&\xda\xeaW\
\x0d\xef\xad#\xb1\xa5\xf2\x92\xe8\xb1\x5c\xcb\xdc\x84\x97\xa5\
.\xb6\x87N\xc8J\x01=\xd6\x06p*%\x00\xf3\xf3\
\xd8\xe6\xd3\xa8e\xc7\x18T\x92\x85\x0e\xe0\x8e\xc6\x91\xc4\
7g\xa2U\xads{\x82\xad\xecIRP\x07\x06\x82\
x\x04\x8e\xabj\x84J\x0b\x12\xdcu@\x82\x0f\xb0\xa9\
Rd5\x91\xdd\x93\xafw6:\xc4\xcd\xe6kFL\
\xb6\x98\xf0\xb6\xfd\xb1Z\xe9\xcf+\x916\x1d=\xcf\x8a\
\xf6\xa6\xa5Jz\xd8\x1b_\xa8&\xb3\xca\xa6IP \
n\x1f\x13\xf3\xda{\x11!x-,\xe0\xfa\xe6\xab|\
\x93\xb4\x87\xbful]\xdc\x0e\x1bV\xe9$\x7f\xa9\x9e\
\x07\xe9H\xa2\xfeF\x8cWec\xa8W\x9b\x8b\xbae\
\xd7\x82\x0a\xc3\xc8#\xb66U\xeb(\x09>\x8eM\xff\
\x00\x09hh\x92\x0b\x7f:\xa7\xc7\x99\xbfjf\x9a\xe8\
I,\x17fu\xe3/\xb6\x8d\xd0Dt\xfa\xfa\xe2\x97\
\xccd%\x92A\xbdi\x086\x03a*Y\xa7R\xf9\
\x0c\x02\x99\xd4\x18q\x10\x0c\x89I\x8e\x91\xdcS:\xab\
\x1c\x88\xd6\x1eQA\xeb\x1fQ-7\x99\xb1$1p\
L\x81\x19$(\x8e1T\xef\x84\x96['\xcdlc\
\xd2N\xb6\xdb4\xad\x8e\xe3\x19\xd7\x92\x15)\xcd\xe0\x93\
\xda\x93\xcf\xa7\x0eIX\x90{\xaf\xc4\xad\xbe#\x0b\xd9\
\x17\xe6\x17\x9c\x02\x0fz\xcfST\x82|\x11)\xa8<\
\x15K\xd7\xc4\x0c\xd9\xe9R!CT}\xde\xa0\xe7\x15\
EMY.\x11\x99\xd6\xe4\xae?\xd4\xadF\xeb\xbc\xcf\
u\xb4\x1ex\x15\xcf\xab\xac>\x87U\xc6\x97)\xf7}\
A<>\xe4\xd5\xadDcv9\xab#\x7fQ\xdb\x0a\
\xeb1\x12t\xeb\xb7\x0c\x09O\xaaJ\xc1\xce{b\xb8\
\xf2\xbf\xaa\x91K\xae\xd1\xa4h\xe5=#ac\xc4J\
FB\xf3W\xce\xfe\xac\x96\x22\xc6\x85\xc4\x93\xe0\xd0\xb7\
G\x84\xee\xc4\xb5\xb1\xd4\xf3\xfa\xd6}\xd5\xe6\xfb\x16u\
\xea\xb0\xaeBuM\x97V7\x03\xc04J\x15\x97l\
\xcd9\xd54m\xb2\x16\xcev\x9cz\x123C\x5cr\
.\xda\x8f\xb3Q\x1aPJ\xd2\x5c\xc9\x1d\xfc\xbd\xaa\x15\
8\x91\xb6\xa0v\x9b\xf1\x82[R\x0e\x08\xef\xefP\xe8\
\xae\x83\x13}\x89p&\x0a\x8a\x14\xe6\xf0x\x09\xc74\
*|\xf0B\x80\xb6\xddT\xae1\xb0\x0e\xc3\xde\x99@\
}\xac\x22\x1dZ\x13\xbeCAH\x1e\x94l\x8eC\xa4\
\x22m\xca31w!\x01\xbc\xff\x00j\x97R9\xc1\
\x1ef\x16MD\x98\xd3\x9eu?\xe5>\x98\xa8j2\
\x15\x5c1o\xad\x84\xa3!\x1b\xd5\xe8j\xb9TI\x11\
+\x8e\x013%\xe5\x02\x0a\xb0\x9f@}*\xad\xfb\x9f\
$Jy1\xb9\xcd\xa9\xc5\xf8\xcfxi\xc7\xf4\xa7\x95\
)/\xb4\xaf\x19\x1a\xbft\x0aw1\xe4o\xc7\xa6*\
\xc8)\x861\xd0\xe9\xbb\xbbnE9i> \xee\xa2\
y\xa9\x96\xff\x00`\xdf\x8e\x88\x8b\xa5\xa5\x9b\xda2\xe3\
\x9e\x09\x1d\xc8\xe2\xac\xa1R\xaa\xf7\xe8\x8f1\x90s\xba\
[\x06T\xa6dD\x9c~e\xb3\x90A5\xb9\xeb5\
\x1b\xf2$\xb8\x1a5\xe4\x98\xf1V\x09y)yJy\
\xe6\xc7\x91G\x92+$\xa7\x0aSU!\xd9r\xbch\
A\xb4\xdd\x5c\x98\xd1~J\x82\x121\xb7\x18\x15\xd5\x96\
\xb0\xe7OoDN\xf1\xb2n\xdd\x1aZ\x97\xb1\x09\xc8\
\x1e\xbe\xf5\xcf\x8dT\xfb+\x8dv\xdf&\xa4\xc8}\x95\
\x92\x94\x15l8#\x15\x09\xf2[\x1a\xcf<\x82L\xa3\
!AKd2}\xf3WnX\xc1c\xa9\x94+$\
\xa8\x14\xa3\xc7 b\xa8\x9b\xf93Me\x80z\x22\xe5\
\x14\xba\x9c\xb0\xe0\xfe\x95>g\x02\xa9\xb49\x94\xd2\xe4\
\xc6I[\x9e\x22\xd3\xf6\xa1V\xfc\x13\xe60\x0b\xb6\xa5\
\xd6\x81t\x92}SL\xeb ~\xa3_\x83\xc6\xfeA\
S\xe6\xa26D\xe6\xfd\x1c\xf8\x9dkA\xcd\x95\x1a\xe0\
\xd3n\xc6[J\x0d\xa8\x8c\xf9\xfd*\xef\x11\xf8m\xdf\
F3\xa7\xe9g\xd6\xfc\x05\xe2[].\xac\xd5\xf7M\
<\x7f\xecF\xc9\xea\xb5\xebX]\x90\x12\x90\x11%\xec\
\x04\xb6r\xad\xa7\xdcV\xfd7E\xb3\xb4\x83\xa9W\x9c\
/\xe8r\xf5/\x11\xdf^]JV\xdcBO\x8c\x1d\
=\x9e\x99\xb1\xa5\xe07q\x9b\x11\xb2\xa5\x80T\x14\x9e\
H5T\xb5\x8b{\xcc\xdb\xda\xbc4t+xf\xf3\
N\xa1\x1dF\xednO\xe7\x92B\x0f_\xecQ\x22.\
\xdc\x08m\xb6\xc6\xd2\xde<\xa4W\x99\xb9\xd1\xaf\xd5u\
q\x07\x9f\xfdN\xee\x9f\xe3m&\xad\x09Z\xdcf\x09\
{{\x1b\xb6\xf5z\x1abHE\x96;{\xc8\xe4\x14\
\xe3'\xde\xbdM\x9d\x9d\xc4\xa5\x19\xdcTi.\xd6O\
;[U\xa6\xf7B\xce\x8aq\xf9b\x22\xa6\x13Q\x93\
tsj&,\xe5\xe6\xb3\xc5zh\xa9U\xaa\xbc\x97\
\xc4O/qFs\xc6\xf5\x82\xcb\xa2\xfa`\xce\xae\x92\
\x8b\xa4\x05\xa1\xd5\x03\xb9hW\x05?\xf4\x8a\xe1\xea\xfe\
/\xa3\xa5\xd4\x9d+\x85\xcf\xfd\x1d\xcd\x1b\xc1u\xb5\x09\
*v\xf2\xe5\xfeG\xb2\xba]\x16\xe5tvRn\x8e\
2\x22\x1c>\xd9^0~\xc2\xb8:w\x8ceN\xaa\
\x95\xcf*\x7fn9G\xaf\xb8\xf0\x0d\xad\xc5\xbc\xa8\xda\
\xcbmZo\x0f>\xe4N\xa0\xb2\xdf#\xde\xa3\xa6M\
\xbd\xb7\xac\xca\xe0<\x06U\xb7\xde\xbdu\xae\xadgy\
<FX\x97\xc1\xf3\xadCG\xbe\xd3\x96%M\xc9|\
\xf6.\xd3\xa1\xad\xcd:\xea\xa3\xcaq\xfd\xc4\x94\xb6O\
\xd3\x9fJ\xdf\x99\xd3\x96\xc9ts(\xd4R\x8ee\xd9\
\x19\x0e\xd1$\xdc\x9c}\xd7\xd7\x15M\xe5(\xdaq\xf9\
S\xe7+\xb2$\xd6}!\xadb\xeb`uo\x22A\
\x93\xbb\xf8\x8a\xb2Fi\xa3Y\xc5`\x89SL\x9a\xb2\
k\xbb\xc6\x9faR\x16\xfb\xcbA<\x05\xab\xb5\x5c\xae\
\x92]\x09\xf4\xf0$[\xeb\xf4\xb6\x8a\x0b\x8a[\x8b\x0a\
\xe5'\x9e*\xe58\x14*r\xdc[\xed}l\x85y\
t8\xa6\x9a\x01@\x02\x95\xf1\x9aM\xb4\xdfE\xde\xa1\
\xb6\xb2\xeb\x05\xae\x14P[\x8a\xc3{\x8e\x06\xd1\xdc\xd5\
\x17\x1ba\x16\xe2\x8dv\x14iU\x94\xbc\xd9m)\xb3\
\xfe'_\xb2)\x94\xb7\x15\x95\x95\x9ep8\x15\x92\x17\
\x14\x94\xe2\xa9\xa3J\xd3\x22\xd3\xadZX\x8ax@u\
'\xc4C\x17\x08\xc9Pm\xb1!C\xca\xdayI5\
\x93U\xbaT\xdf\xee\x96?\x06\x9f\x0d\xe91\xb8\xb9\x94\
\xa6\xd6=\x96y\xfe\xc4J\xfa\xc2\xfd\xca3be\x86\
\xd6\xca\x91\xcf\x89\xb0nUl\xd3\xdd*\xd4\x97<\x8b\
\xae\xe95mn\x1c\xe0\x9a\x87\xb1\x15\xaa\xfa\xce\xd6\x94\
\xb4\x99\x0dA\x8e\xfb\xab\x19\x0d\x81\x9a[\x8bH\xc1\xe6\
O\x08\xe6\xc2\xe7z\xd9\x1eYA\xd5}l\xbck\xfb\
\x03\x90\xd1iDG_\x18ma\x05$\x0aXB\x84\
a\xe665\x07Zr\xf2ie7\xd1\xcao\xa9\xd5\
\xfd)Z\x1e~d\xb6\xbcq\xbd9Y\xc1\x15u\x15\
B\xacr\x91\xa5\xd5\xbd\xb7{+e\x16\x8d\x1f\xf1\x0b\
\xab]\x86\x97\x12\xea\x9cK|\x1f7\xd5\xf7\xacu\xed\
).\x8e\xa5\xad\xd5|e\x16\xfb'\xc4\xf5\xc2:\x81\
\x90\xd1q\xc1\xdc\x91\xda\xb0}\x04d\xf8\xe0\xe8\xc7U\
\xaa\xd7\xab\x92\xc5\xa7~)bKx\xa6ZT\xca\xc6\
\x08\xc0\xa5v\x93\x87\x11d\xab\xda5\x17\xef [\xae\
]w\xb2u\x0e\xc1\xf8\x5c\xe9%-\xab\x1ejV\xee\
\xe1\xd3\x15\xd9\xd8\xd5\xef\x82\x0e7\xc3\xd6\x89\xbe\xc52\
a\xdd\x5c\xdc\xa2I\x05]\xea\xa8\xea\xb7\x89\xfa\xa2Y\
-\x0a\xca\x7fd\xf0\x1e\xdb\xf0\x92\xd4\xc4\x13\x02R\x16\
\xd9?\xc4\xa1\xcdj\xa7\xaaO\xf9\x8emo\x0e<\xfa\
\x18\xed_\x0eR\xb4\x96\xef\xf2\x91$%\x039\x1ej\
\xd3\x1b\xcaux\xc9\x86\xa6\x95uG\xa5\x92\x06~\xb6\
\xb7\xe9gDW\xec\xd2\x10\xebg\xebC\x07\x1f\xd6\xa3\
<\xe22\x11\xd3\xa9\x15\x99\xc4+\xdf\x15Q\xb4\xecd\
2\xd3k\x05\x1cltm\xab\xa3l\xea\x7f1EI\
A{\x10\xb2\xfe0\xd8\x93,\x17\xadV\xd5\xa0\x0e8\
\x04\xaa\xb4F\xdePX\xf6\x11\xd4\x8b\xed\x15\x1du\xf1\
\x09\xfe)\xbb\xc6\xf9vSn`\x1f:\xa3\x8d\xa7\xfb\
Ur\xa3/\x91[E\xb7\xa7\xfdr\xba[\x16\x81m\
\xba:\xfb`\xf2\x97\xd7\x8c\xd4\xa84\xc5\x92X\xe0\xef\
\xdd9\xf8\xaa\xb93n-\xdc\xe0[\xa42\xae\x14\xa4\
\x9d\xca\xc5K\x8ae;Yj\x8b\xact6\xb9\x0a.\
-pd\xb8}\x13\xb4f\xab\x94\x0b2<\x93\xd1\xc8\
\x8e5\xf36\xdb\x93N\xa4\xa7!*p`\xd2\xaa!\
\xbb\x05y\xed7:\xc8\xfa\x94\xf3hZ}\x90s\xc5\
$\xe0\xd0\xca\xa0\xea\xdf\x22\xc8m\xc4\xad\x87\xdb\x9aN\
7\xa9\xbc\x7fz\x12\xc2\xc1;\xc31b\x8dr*%\
h\x1c{\xf3U\xca\x01\xbc\xdd\xbfL%\x04\xa5@\xa9\
>\x9cT\xa4\x83x\xf0\xe9\xb7Y\x19m\xa4\xe0w\xcd\
\x12%H\x8c\xd7v\xf7F\x9fw9KA$\xe0~\
U#&:\xd0PK\xda\x1a\x09Rv!\x04\xe3\x1f\
\xc5D\x99/\x97\x92Y\xa9\x09[\x81\x1e\x1e@\xfe\xf4\
\x80d\x8bkA\xc0\xb1\xe4'\xb8\xedS\xc8\x9bX\x99\
ZN\x0d\xed\xb0\x99\x04\xed_z'\x05$G\x04&\
\xa6\xf8h\xb7\x1d;&\x5cy\x0bR\x02rRx\xc5\
*\xb7\x83X@\xe2\xb1\xc1B\xd2\xbf\x0eR5E\x92\
l\xa8kI0\xd7\xb0d\xf7\xac763i\xe0\xce\
\xd3O\x81\x9c\xce\x88\xea;:\xfc\xf1\x1bZ\x07 \x8e\
q\x5c\x89iurV\xe0\xdf2+\xd7\x9b}\xf7O\
\x93\xe2\xdb\x95\xb4\x1ce(&\xa2:l\xf1\xc8\xce\x82\
\x03\x1fR\xee\x89\xb9\xf8\xee\xa5i9\xc1N?J\xae\
\xa5\x92^\xc5r\xa5\x82A\x9b\xda%\xdb\x84\xed\xa8i\
(V6\xf6\xcdh\x82\x7fK\xd1kK\x06\x0dV.\
\xeef'\x82\x80\x94\xf9\xb2q\x9a\xe7N\x9b\xc7Fi\
\xa4\x9eC\xc0\xbf\x12\x01m\xc0\xa7;\x11\x9c\x8aW\x07\
\x9e8\x11K\x0f\x80\xb7+\xa3\x92[!l6\x14x\
\x0aH\xc9\xa6\x8b\x92\x19\xd4~\xc0\xa0j(\xd0\x1b\xf0\
\x1dJ\x94\xb3\xee\x9e\x01\xaa\xa5N\xb4\xbac*\xb8\xed\
\x07\x89wC\x8bQY\x05\xb4\x8c\xe3\xda\x95\xd2\x9a\xec\
\xa6U\xdeF\x92/\x0eL\x90\xa1\x0d\x84(#\xb9\x1e\
\xb5\x0d\xcb\xd8\x8f=\x9b~|\x86\xd0\x80\xe2\x10\x85c\
\x91\x9cb\x8f9\xae\xc8u\x988\xf0\xa4Jsz\x1b\
\x04\xe7\x82i|\xfcvF\xf4%\xdbd\xf7\xa4~\xf5\
!\x09H\xc6S\xedR\xaeP\xcaC\x88\xabu\x8d\xde\
)\x0am=\xf2j\xba\x95\xdc\x99EZ\x98`\xed\xb7\
X\x8fJ)\xd8\x16\x09\xc6\x14+4\xb7vgr\xca\
\x1f\x5c\x19j+\xe9s\xc2ka\xfe\x14\x8c\xe2\x91W\
\x94^\x0a\xf6\x91\xb7\xac\xc0Pu\x90V\x9e\xf8\xc5_\
\x17\xbb\xb1W\x1d\x91\xec\xcd~\xf6\x80\x1aIJ\x87p\
kDa\xb5\xe5\x8e\xe4\xfd\x8c\x93nr*\x07\x88B\
\x95\xea+T+g\x84:\x96\x0d\xb4\xa6\xe4\xb4[(\
\xf0\xc9\xf5M\x12\xaa\xd0\xdb\x80\xc7\xb1\xf8/\x9f\x0d\xd7\
\x15\xbb\xd0\xd4*\xed\xb1v\xfc\x0f\xd5j\x5cfT^\
\x1eET\xaa\xd2\x8byCf8\xc1\x8d\xe9\xec2\x1e\
lm@\x19\xc8\xab\x9f\x94\xf9\xf7\x0c!\xd4w\xc3n\
6\x14\x15\xb4\xf75N)\xd4xl\x8f-\x0eV\xcb\
\x8f)Ke\xa48\x91\xfc\xd5Jq\x8c\xf6\xa2\xc8R\
Cg\x90\xfb/\x03\xfe\x99>\x82\xb4N*$\xc9(\
\xb1,l\x7fqR\x80\xc1\xe4\x8f\x7fz7a\x14\xb7\
\x9eM\xb0\xc4g\x14\x06J\xbd1\x8a\xa9\xd7HE&\
\x8c\x8c\xe2bHV\x101\xe9\xc5\x0a\xa2}\x96\xc6\xa6\
LYT\xb6\x8e\xe4\xb6\x83\xff\x00-#\x9b\x0d\xa8\x0f\
\xca\xbe\xcb\x83jRE:\x90m\x04\xb4>\x97\xca\xd4\
\xdes\xe8\x05>\xf4J\x8f\xc1\xbd\xeb\xff\x00\x82\xaf\xe9\
K\xb9\x91\xb6G\x98\x8fD\xee\x8be\xbf\x0dAEk\
\xc18\xc8\xc6k\xe8\xf2\xb9\xddVS\xc1\xe9\xdd\x96i\
d\xeb\x96\x9b\x0d\x87\xa0\xba-\x8b\x9a\xdb\x5c\x9b\xf2\x95\
\xceN\xe4\x8e}\xab\xe7\xb7\x15\xf5\x0dB\xeaV\xc9\xed\
\xa7\x83\xea\x96OF\xd34\x88^\xc5f\xbe\x7f\xa7\xf6\
+\x9a\xb3\xe2V\xf5\xac\x9a+Z\x90\xdcu\x02\x95 \
\x8c\x02>\xd5\xd6\xd3<)mc\xfb\xc6\xf2\xfb<\x86\
\xaf\xe3{\xedJ>\x5c\xf8K\xdb\xd9\x15\x09L\xb3~\
q\xb7\x82\xcb)p\xf9\x8ek\xd0\xc1\xb5\xcc\x0f\x17\x0b\
x9\xe2E\xa7Jj\x04\xc2\x9b\x12$L\xac6|\
\xea\xf7\x1fz\xa6\xee\xd2s\xa4\xe7\x9eN\x96\x9fq:\
\x15V\xdf\xb7\xfe\xce\xc5)\xbd?.\x0cv\x1dx\xaa\
t\xd1\xb5\xb0\x95\xf9R~\xf5\xe1\x1e\xa5\xa9\xd1\x94\xe3\
\x07\x88\xae\xd9\xf4\x9a\xf3\xd1+\xd2\x8e\xff\x00\xe2\xb1\x9c\
\xeb\xb5\xcf\xe1\xb2\xfb\x02\xe3*{R#\xc9;\x9ba\
\x0a\xc9\xc7\xb1\x15\x8e\xba\xb7\xf1\x1d\x09[\xc5bQ\xed\
\xb1U\x9d\xe7\x86k\xd3\xd4g,\xc2]%\xd8\xf7\xa8\
j^\xa4\xb5.\xed\x0dN\xb5r\xbe\x0f\x19\xa6\x92\xac\
w\xfbV\x0d-\xbbj\x8a\xdaX\xd9O\x87\x93\xbf\xad\
\xd3w\xf6\xff\x00Qc\x98\xce\xb7?\x92C\xa1\xbd@\
\xd5z\x86\xcf\x22\x0d\xfe\xedk\x84\xc4\x0f\xdd\x06\x9e\x00\
8R8\xf5\xae\xae\xa5F\xc2\xd6\xe2\x17ta)9\
|\x14xz\xa6\xa5Z\x8b\xd3\xee\xaa\xc2\x0a=\xef\xec\
\x8f\xd4W(\xfa\x064\xc9\xf6\xd9)\x990\xaf>E\
nO\xe9_F\xa5\xa8\xaa\xd4\xa1(\xacG\xf3\xd9\xf3\
\x0dN\xcb\xe9\xee\xaa\xd3\x93Ry\xc2k\xac|\x85k\
\xabV]e\x15\x84\x5cXu\x89*O\x99@\xed\x19\
\xad\xd2\x9d)/A\xc8\xf2j\xe70D\x8e\x99\x91\x1d\
\x89*L\x05\x15\xac\xf2\x02\x8eE+\x05\x1c}\xc1Z\
j^\xa9yQ]HJ\x92Nx\xc56\xf6,\xa1\
\x1cp*]\xbe5\xa2\x7f\x82\xb6K\xaf\x04\xe4\xac\x0f\
-\x11i/PB\x9dIGr\x05\x07M\xc1\xb8O\
ve\xc6N\x19\x8c\x8d\xc8m\xb5\xed*#\xb0\xac\xf5\
n\xe9\xd2x\x93/\xa1gsw\x88[\xc1\xb9g\xfe\
\xbeNy\xd4.\xaaA\xbbLr;,\xba\xc2\xd2J\
S\xbf\xb0>\xf5O\xd4\xcaq\xcf\xb1n\xa9\xa6\xc2\xd9\
\xc6\x93\x9ar\xf7EN\xe1vz\x14h\xad\x22c\x0f\
9!{T\xa0s\xb4\x1a\xe7\xd2\xa8\xe5,%\x84t\
\xae\xa8*t\xe9Fu\x13S\xc6W\xc2$\xe7G\x8b\
\xa7 \xb6\xfb2\x90\xfc\xd6\xfc\xcaN\xec\xe7\xf2\x15D\
+\xd5\xa9U\xd1\x94}#\xeaZ6\x99\xa7\xa8^Z\
V\xcdT\xf2\xd2|g\xe7\xff\x00\xc0\x0b^\xbe\x1a\xb9\
\x97\xc4\xb6\x1eyM\x8e\x12\xd0\xc1\x14\xf7?\xe8\xe5\x17\
G\xd2\xfe_G\xa0\xd15\x0b\xbf\x10\xd3t\xef\xd2t\
\xe3\xed\x1e\xce\x99\xa6\xb4%\x9e\x0e\x9c\x89r\x90\xcb\x89\
q\xc4\xef\x09{\x90\x0f\xb5q\xa7\xe2\x0a\x97\x95\xe5i\
/\xb9{\xfb\x1d;\xaf\x08\xd8\xe8\xf4\x96\xa3Iz?\
\xe2\xfb$\xe0\xdc,w\x8b\x1c\xe7T\x88\xeb\x97\x0f\x86\
\xb6\x00\x00\xaa\xef*]Zb\x9dG\x98\xb2\xcf\x0b\xde\
i\xba\xb4\xa7V\xc2\x1b*\xc7\xac\x9c\xcf\xaf\xef\xc5\xd6\
]4\x92\xea\xdd`\xcd\x86\x90\x96\x9bN7WgL\
\xd4)\xba\x90\x84`\xd2g\x03\x5c\xd3k\xd5\x94\xea\xde\
V\x86\xe5\xfc\xa8\xe2=*\x5c\x89\x0d\x96\xd0~\x93\xca\
\x0fs^\x9e\xb2\x8c\xb3\x83\xcb[]J\x0f\xca\xc6K\
\xf9\x95\x06\x13Y\x94\xcf\x81\xfc\xc5c\x15\x86v\xf5?\
\x94\xe9S\xaf\x0cz\xd6\x009n\xb3\xcdd\xba\xd4\xb6\
V\x7f\x95*\xe6\xabj\xa4VZ%\xca\x13\xe9\x82s\
D\xb5$x\xac\xb8\xb4\x0fBMG\x9d\x8e\xe2\xc1Y\
\xa9,\xee1\x9bU\xda\xdd#0\xe58\x9d\x9d\x93\xbc\
\xe0\xd4\xaa\xd0\x97\xf2\x82\xa1$\xf0\x99\x22:\xb7\xab4\
\xf3a\xa2\xfb\xaa\x09\xe4l\xcd#\xa3N^\xc5\xaa\xad\
j_\xcd\x92\xc1\xa5~,/Zp\x05HfC\x83\
\xbf\x9c\x12*\xa7e\x04\xb2\x8dT\xb5z\xad\xfa\x96N\
\x85g\xf8\xd2\x83tH\xfcJ\xdf\x0co\x18V\xe6\xc6\
Mgvo\xb4\xcdKP\xa35\xfb\xc4e\xc6oI\
z\x91-/O\x84\xf2]p\xf9\xfc3\xb4S\xc2W\
4\xfe\xc7\x93<\xed-+\xf4G\x5c\xbe\x10\xfas\xab\
T\x1c\xb0\xdc\x93nR\xbe\x91!\xee\xd5\xa9j\x15\xd7\
\x132\xcbG\xa3/\xb0\x89\xd4\x1f\xb3\xb2\xf8\xabi~\
\xd3\xa9m\x12\x1b\xc6BP\xa0\xa2kU\x0dN/\xee\
FJ\xba\x05U\xcag0\xd4\xfd\x06\xd4\x1a\x09\xf1\x1e\
KO\xbc\xe08\xfd\xc6|\xd5\xb7\xea\xe8\xc9\x1c\xba\xda\
uj| 6+\xbd\xfbJ\xb8\x04w\xcaT8R\
\x1d$\x90j\xf8yRY3%(\xf1\x22\xc8\xdfW\
\xa7\xb8\x90\x9b\x86\xe5\xa8r|\x11\xb4Vj\x94\xb9\xe0\
0\xbb,V/\x88\xb5\xc4JYG\xcf%#\x81\x95\
\x9c\x0a\x89R\x9a\xe0\xad\xa4\xcb\x9e\x9d\xf8\x9d\xb8Z\xca\
\x5czc\x0e\xb4\x0f\xd2y8\xf6\xaa\x9d92pu\
\x1d5\xf1w\xa6\xb5+(b\xee\xcbY#iSi\
\x09\xe3\xde\x91R\x92$\xb8\xdbu\x7fN\xef\xcd\x01\x12\
zY}_\xcc\xedK\x9c~\x00v\xe4)O\xb4\x1c\
\xb5\xcd\x8e\xfb\x08\xe7\x00\xee&\xaa\x93\x87\xb0\x0e,\xc8\
\xbc\xdf\x9eRM\xbaAl\x0eV\x12pip\xa4\xf8\
\x1a&\xe7%\xa7V!\xdc\x18Z\x18\xec\xa0F\x08\xa1\
\xc1\xf6\xd8\xd9\x14\x99\x10\x222\x98p\x96\x04F\xfe\x81\
Fc\xf0NE\xc7d\xadK\x08\x03p\xfaN;\xd5\
n/\xd8\x95/\x91N\xdb]\x91\xb7\xcaR}i\xf6\
HYO\x02\xc5\x99\xf4\xa3\x01@\x93\xd9^\x82\x9b\xca\
eI\xe5\xe0o\xa8\xd1%\x9d\x157\x0emB~\xaf\
\xbd\x1bv\xbe\x07K\xe4\x8a\xe8T\x95\xb5\xa5\xee'\xc4\
\xf2\x979\xa9\xcc\x86e\xdd\xbb\xf4X\xf16\x16\x96\xb5\
+\xd4\x8c\xd4e\xa7\x86\x186\xe4\x96n\x8c\xe1Q\x98\
\x09\x03\x1edf\x87\xeaD\xee\x7f\x04%\xef\xa7\x1a~\
\xf2\x85\x17\xe1e\xd5q\xfb\xb4\x80*\xa9[S\x96r\
C\xe4\x88G\xc3=\x86\xfdl\x5cd\xeea$\xee\x1b\
\x8e9\xa5\xf2!\x18lB8\x22\xad#\xe0En\xcd\
R\xe2\xdc\xd9m\xa3\xc0\x1b\xfb\xd5\x12\xb3\x83\xc2)t\
\x22\xc8\xd9_\x07\x17\xdbD\xad\x91g\xc7S`\xf3\xcf\
5\x96\xa6\x9f\xe6>\x02\x16\xe9tF_\xba\x1d\xab\xad\
\x0e\xa9\x11[\xf1\xc2\x07\x04#9\xac\xcfH\x92xD\
\xce\x97\x1c\x14[\xce\x8e\xd6\xb6\xb9\xcf*m\xa6C\xcc\
\x8e\x7fv\xc9\xcdJ\xd3\xeb@\xc9(T]\x1a\x87\xf3\
j\x8c\xa0\xe5\xa6s[G\x9fr\x0ds\xebS\xac\xa5\
\x8c\x19\x9a\x9fm\x06\x8d\xa9a\xd8\x1bZ\x99\xcb.\x1f\
\xa89\xe9Y\xe5\x09\xa2\x1bk\xb4\x0am\xf2\x0d\xf9\xc4\
\xbc$\xa1.\x0e\xfen+5H\xafq]o\xc0\xe7\
\xfcT\xb8)JR\xe3n \x7f)\xa2\x9ch\xcb\xb4\
'\x99\x11o\xdf'\xc9\xd8\xb4Hd0{\xa0\xf75\
d\xa8\xd1\xc7\x04\xaa\xd1\xf8\x10$\x85\xbe0\x873\x82\
N{\x1a\xca\xe8\xac\xfaJ\xa6\xf7>\x88\xf9\x8c\x84\x92\
\xa0\xe2\x1a9\xf585|(/v/\x0b\x81.N\
\x98\xc3!L\xba\x0a\x81\x1c\x9eE,\xed\xa1\xde\x09\xdd\
\x1f\x82v\xcf\x22d\xe8\xc0<\x10\xe1#\x92\x07\x02\x87\
*q\xe9\x11)E\x81\xb9(\xc0F\xe6v\xa8\xfa\x84\
pE,joxei\x11N\xa2M\xe4x\x8d\xb8\
\x1a\xc7p\xe7\xadh\x8b\x85\x1eF\xda\xc3&\xd7rR\
\x90\xa6\x9ekf{b\x93\xeaa.\xd1\x19a\x84\xb9\
\xf6\xf7\x8a^@(\x1d\x88\x1d\xaa\xd8N\x1d\x97S\x9a\
Lt.\x85\xe6p\xe3kZG\xa0\xa5\xa8\x9c\x96\x17\
BN\x0b\xd8[7\x17\xd5\x19M\xa1\x95x~\x98\xac\
\x92\x8c}\xc4O\x060\xfc\xa7\xb06\x04\xa4{\x8e\xf5\
dgJ/(\xb1!q\xafF\x13\xdb\x0a\x15\x95w\
\xf6\xa3\x10\x93\xdc\x87\x84\xc31-o\xba\xa5\xba\xa4\x84\
g\x81VJ\xb6V\x02\x7f\x93r\xad\xd1e6K\x0e\
%\xb5\x13\xe6\x04\xf7\xaa7O\xa6$xCW\x96\x86\
b\xed\x8eG\x88\x0f*\xa4\x94_`\xe9\x91\xb7\x19\xe4\
$#i\xc9\xee\xa1WP\x82}\x8a\xe3\x866S\xeb\
h$\xa5ed\xfaf\xb4J\x11\x1fp\xeb\xf1\xc7\x22\
\xa0\x05%X\xce*\xad\xb8\xe8u.2?\x8bt\x90\
\x86\xfcd /=\xc6)\x92~\xe5\x94\x9eB\xff\x00\
\x8b\x1c\xff\x00\xf4\xc7\xfaSle\xb8\x7f\x04m\xc6\xdb\
\x1a[@AJ[l\x1e\x00\xf4\xafh\xea\xb5Q\xa3\
\xd9R\x86\xda{bTn\x9d*\x99{\xd4k\x96\xf3\
\xca\x99\x13n\x03'\xb0\xac\xf3\x8bT\xf6RXo\xdc\
\xa6\x85\xbaS\xdfq7\x8f\x82\xb7|\xf8ov\xfbw\
S\xa9\x95\xf8lPr\x1b\x03 V\xab)\xca\x14\xb6\
Vyb]QUk9\xd0XCF\xfe\x1f\x9e.\
.0\x9e\xa7#\xb43\xe2c\xbd]*\x91\x8a\xe0\xae\
\x16\xbb}S%4\xf7FY\xb0\xbe\x92nE\x1b\xfe\
\xb5b\x96WStp\x8b-\xed\x97\x9b\xe6>\x87z\
\xfe4M%\x01\xb5\xc6W\x8f+\x1f\xbb\x7f<\xb6}\
\xf1\x5c\x1au\x9c\xb3J\xac},Mr\xa5\x058T\
\xb4Y\x9f\xbb\xf7G%\xd4z\x8e\xf9\xa9n-\xfe)\
9\xc9\xbe\x09\xcbJ_\xf0\x1a\xef\xd8Y\xd8Q\x83\xfa\
jj-\x95\xdf\xeb7\xd7\xb4\xa3B\xea\xa3j=~\
\x0e\x89\xa6>'\x0e\x9c\xd3\x8b\xb7L\x82%\xdc\x99F\
\xc8r\xfdcq\xe9^kQ\xf0g\xd5\x5c\xaa\xd4\xa7\
\xb6/\x99G\xe7\xfa\x9e\xafA\xf1\xcdK\x1bi[\xdc\
\xad\xf2\x5cB]m+\x16\xcb\xbd\xdb\x5cN\x90\xf6U\
!\xe5/*XV3\xcf5\xd4\xabkom\x18\xd3\
\x9cq\x15\xd1\xe5*\x5c^j5'R\x0ft\xdb:\
_N\xd8\x8c\x22\xa92\x86\x0b|,\x12{\xd6\xcb\x9f\
+j\xf2\x97\x0c\x8b\x08\xd5\x84[\xb9\x5c\xc7\x86I\xce\
\xb7[\x9e\x0aXd+\xdb\xfe\xd5Lj\xedXH\xe9\
\xf9\x90\x8a\xdb\x16A\xa6\xd3w\xb7\x15H\x8f5P\x92\
\x0f\x94\x01\x9c\x8a\xb6\x15\xd9UKU.P{6\xbb\
\xbd\xc0\xbb\x87\xc3\xcby-\xfdj<n\xf7\xad*\xb1\
\x96TTx'\x93\xf1U\x02\xe1\xa8S\x09V\x94\xb4\
\x84$\x05\xbb\x9c\xee>\xb5\xae\x15\xb3\xf7\xc4\xcb;j\
\x99\xdbJD\xf5\xd7\xa8zkV[\x02#\xb6\xdc\x15\
67\x15\x8ew}\xab\x99wkN\xe5\xfa\x1e\x0e\xbe\
\x97}u\xa7n\xabn\xf9k\x188\x1fR\xae\xe8\x97\
\xa8|F\x02KM\xab+s\xb1P\x15]\x95\xac\xa8\
\xad\xb3yG6\xfa\xf6\x17iB4\xff\x00{\x9eY\
\x0c\xfd\xf2%\xe9\xe5)\x84|\xbbm\x10wg\xbdk\
\x83q\x8ev\x98\xe9[N\xa5G\x09\xf2\xd8\x88Q\xa4\
\xdc\xe6\x05EyO\x07\xb8+\xfeATJ\xb2\x84\x94\
\xe4\xb0\x91\xb3H\xb3\xa6\xab\xbb(S\xdd'\xd3\xf8g\
Zb\xfd\xa7\xbao\xa1\x02#\xa1\xb9wg\x91\x87\xdd\
\xc0\xc85\xe5\xebZ\xde\xdf^n\x9f\x14\xf3\xc7\xe8{\
\xda\xba\x95\xb7\x86\xad'B\xd5f\xb4\x97\xab\x1e\xc5\x19\
\xee\xa7\xdeu3Gt\xc5\xfc\x9c~6g\x80+\xbf\
\x1d\x16\xd2\xd2Y\x82\xf5H\xf0\x97\xbe$\xd4n\xe8\xaf\
\xa9\x97\xa5{\x09\xb2\xbb)\x17\x04\xb6\xcd\xc5p\x99\x9d\
\xf5\xa9<\xd4\xdf\xba\x1e^\x1cwc\xd8\xd5\xa0i\xd7\
0\xad\x1a\xf4j\xf9P\x97\xba\x18\xdc-J7\xa7\xa1\
\xc7\x94n+qGr\xfbq\xe9Z,\xeb-\x8b|\
v\xe0\xabX\xb2\xa7\x1b\xec\xdb\xd6u[\xceYEa\
s\xb4\xae\xa0~Dt\x94\x86\x1c\xc2\xd2+\xb5\x88O\
\x1f\x94SFr\xb7\xad\xba<\xb3\xab\xe9>\xb0X\xb5\
$f\xdb\xbbX\xdb\x95\xb58^\xe5c5\xc5j\xbd\
)?-\xf0v\xe8\xdc\xdb\xdcz\xaa\xafQf\xb4Y\
:{6xu\x0d3m\xdc\x9c\xed\x04\x9c\x1a\xaeW\
W\x11\xfb\xb9\x1f\xe9\xed\xa4\xfd<\x12P:[k\xbf\
HQ\xb7\xdf\xd0\xe2?\x85\xb21\x8aW}?x\x1a\
a\xa7So;\xc0]z\x13z\xb5-N1 \xc8\
\xcf\xd28\xa5wQ\xf8\x19\xda>\xe2\xf2AL\xd0\xfa\
\x8e\x1aJ\x9d\x80\xa5$\x0e\xfd\xf3N\xae \xf9)v\
\xb5s\xcf\x043\xed:\xb2S\x22*\x90=|\xbd\xa9\
\xe35'\x84\xc8\x9d\x19G\xa2\x1a\xe1\x0e\xdc\xe3\xe5\x0a\
\x1bTN\x07\x15b\xe0\xcf5\x1f\xe6FE\xd3je\
jS\x0f)\x08\xf4\xa7shX\xc6?\xca\xc71Q\
2\x15\xc1\xb5=!\xcf\x01'\xcd\x82{RGl\xde\
\xc6Y:\xf5 \xb3\x169\xbb|L\xdc4<\xe6\xda\
\xb4Nu\xc4#\x85\x00N\x05lZ])G(\xe7\
\xbd^\xe9vF7\xf1E\xa8\xef\x17\xd1.C\xcax\
\xa0\x92\x12\xafj\xaeVq\x81m\xbd\xff\x00\x99<L\
\x97z[Z\x91\xb5\xdc\x9a$\xbc\xe9\xde\xe2G\xa6j\
\xca^\x97\x83\x1d\xfcw<\xc4h\xfa\xd9a) a\
J\x1e`\x06k\xa3\x0e\x16LO\x98\x92\xd6-\x0dt\
\xd4#s\x11I\x8cFK\x8a8\x15.\xb2eQ\x8e\
\x11\x1a\xfd\x81\xb83\x96\xca\xf06+\x0a\xc1\xcej7\
DaO[YZ\x89\x8f\xe5H\xeeE,\xb0\xd8\x1b\
\x8flz\x1a|F\x1eZ^\xf5\xe4\xd2\xf94\xc0\xb1\
\xe9\xfe\xaej\xcd Q\xf2\xb3\x9eR\x12\xac\x94g\x82\
=\xa9%mL\x0e\xe1\xd3o\xdai{\xd16\xe6\xa0\
\xcb\xb2\x19HG\x0aYWz\xaa\xbd\xa6\xe5\xe8&/\
\x07H\xb3~\xd1\x0d\x07\xac\xd2Z\xbeYc\xc2u\xc1\
\x85,\x9c\x9a\xc4\xec\xea%\xd8\xd9\x8f\xc1d\xb5uo\
\xa4\xba\x82 \xf0/\xb1\xa389\xda\x13\xc8\xaa\xa5B\
\xb7\xb8e\x0c\x7f\xc6\xd6Y\xd7t5n\xb8\xb4\xebI\
>Eq\xcd2\x9c\xe3\xc3\x19,\x92Qu%\xc1\xeb\
\x99a\xb8i}\x92x^\xe1\xc5O\x9a\xc3\xcb%\x1d\
\x12Z\x00\xf8@dr\x90i\xddV\xc8\xf2\xb0\xb25\
}M\xccapd\x85\x86^\xfa\xb28\x14\x8a@I\
Z\xb4\xa5\xb3I[\x8bp\xdc\x12\x13#\x92\x9cp\x0d\
Y\x1a\xbc\x80\xb4Y\xcbh\xdeP\x02Oo\xb5Nw\
rFGj\x82\xda\xe3yU\xb1_\x95\x22dn\x10\
\xc5\xadde\x0eo9\xfc\xa9\xb0\x1b\x83\x18n6\x81\
\xc0Q\x18\xecjTy\xe4\x5c\x9bB_B@\xdaR\
\x13\xea\x0dX\xe9\xa6\x03\xa8\xcf8\xe3|\xac\xa5Tc\
oD\xf9\x9bG\xb1\xa5>\xcb_\xbb{\xccx\xe4Q\
\xbaX\xc9>fLr\xe2\xf0o\xc3}(q'\xdc\
\x0aW&FP\xd8\xda-\x12\x90\xb4\xbbmi\xd0\xb1\
\xe6\xc8\xa9\x95:r\xed\x13\xe6\xa7\xfc\xa4\x05\xd3\xa1\xba\
*\xfa\x85x\xd66A_r{\xd6yY\xd2b\xb4\
\x9f\xb1\x05'\xe0\xff\x00E\xcdiIa\x86\xe2\xa9\xcf\
P;U/J\xa2\xdf%n\x8cZ\xe8d\xaf\x82\xfb\
\x188jzJ\x07zO\xd9\x14WH\xaf\xe9\xa02\
\xbe|\x10E\xb8\x14*\x05\xdb\xc3\x09\x1d\x92+5M\
&-pO\xd2\xd3+\x17?\x83\x9b\xf4)#\xc0\x98\
\xb7\xf6\xf6\x18\xefX\xa7\xa0J]1%i\x17\xd1\x03\
w\xf8x\xbe\xc0$?l[\xf8\xecI\xaa\xa7\xa3\xd4\
\x82)\x95\x99W\xbet\xfe\xfdfIO\xe0\xce\xec\x1e\
\xd9\xac\x15m\xab\xc7\xd8\xa3\xe8\x99\x06Uz\x8a\xdf\x82\
\x88\xcfE>\xa0$\xf2)~\x8e^\xe8\xa6Vm\x04\
a\x99\x9bJT\x14\x16{\x93D(F/-\x15J\
\x93Ce\x896\xc9\x80/\xf7\x8d\xb8p9\xe4U\xeb\
\xca|\x13\x0c\xc9\xe1\xa1\xd4\xa82\xa1\x058$)\x0d\
\x81\x90*\xb9P\x82\x19\xd0o\xa0\x0dM\x9e\xe2K\x8f\
:T\xcf\xa0\xc5S+X\x95\xca\x8bK\x22\xd3|q\
\xd4le[R\x9e\xff\x00z\x9f\x22J<\x0d\xed\xc8\
H7\x93-e\xa17\xc1P8 \xf65G\x91\xf2\
W\x83.\xda\xa0\xc3AJd\x1d\xa8\xfa\x88\x15lm\
#?If\x1e8\x1a\xb1\xad\xd9\x9c\x80\x13\xfb\xe7\x07\
\xafjuo\xe5p*\x88\xf2\x1e\xa0\x12\x14\x10\xb6\xf6\
$\xd5U-\xd2\xf5\x0b&\xf1\xc8\xfa\x22\x22\xad\xdf;\
\xa1$\xfd\xaa\xa8\xb56YJC\xc5\xc3a\x90B\x16\
\x00_\xae*\xea\x94\xb8\x1e]\x1ai1\xa3\xa3j\x9b\
\x0e\x03\xf5*\xa9\xa5\x06\x99^\xec\x8cn7\x08\xd0R\
LxiW\xdf5\xa3\x19\x16K\x04l\xbb\xea\x9e\x03\
\xfc\xae*\xc8S\xcb\x0f\xc0X7y\x0a\xc1i%G\
\xf9qZ\x9d(\xe3&\x9aP\xdaI~&\xff\x00\xff\
\x00\xa4\x1f\xd6\x93\xc8\x87\xc9ne\xf2=D\x88\x08\x1b\
\x12\x14\x96\xd5\xdf\x09\xed^\x8e\x9a\xf4\xf3\xd9\xe9\xf7)\
<\xa3\x17ee\x0d\x95\xdb\xe4:\xb5\xab\xf8I\xa8\xa9\
Z\xa3[\x17C\xd3\x87\x1c\xb0\x0d\xd8&\xccR\x8c\xcf\
#J\x18N*b\xa2\xa9$\xfb5)\xb5\x96\x90\xc4\
\xc5sN\x95%\x0d\x97ZP\xc1\xc8\xe6\xa7r\xdb\x82\
\xad\xb2qi\xb2\xbd\xa8m\xe6\xe0\x85|\xa0^\xe3\xf5\
%\x5cb\x9e\x8f\x10\xc3\x08\xa9(\xec\xc9M\xbfh\xab\
\xa3\xf1\x0e\x12\xa7;\xedI\xe4\xd2B\x8a\xcef\x8c\x8a\
\xd21yE/\xff\x00\x0e\xb5C\xd3\x9c)\x84\x82\xac\
\xf9\x01\x07\x15\xd0\xa3\x1a0\x8f-\x99jZ\xcd\xcb(\
\x22z\x01{2\xdbq\xe4\x0f\x1eO%9\xe14\xca\
\xef\xcbc\xab\x0c\xb4Z\xf4/Bo\xbaB\xe2$8\
\xea\x1baJ\xf3\x0d\xf8\xcdd\xbbT.\x12\xc9\xbfO\
\xad[O\xac\xaaQY:\x09\xb2\xc0\xb4\xb8\x87\x82\x94\
\xb7H\xf3!<\xa5F\xaa\x8d9m\xdb\x1fce[\
\x98\xd4\xdd){\xf2\x09\xbb\xc9)Qj2p>\x9c\
\x8a\xb1\xa5\x84g\x8f\x96\xd7\x02\x17q\x9frA\x0eF\
\x01\x00`\x1cT\xc5E\x0b)?b\x12\xe7g\xb9O\
\x8eb\xb2\x80\xd3JV\x14\xa1\xc1\xc54\x9a\xed\x15<\
\xbeY\xa4\xe8HVvv\x0d\x8e:FJ\x8f$\x9a\
\xaa\x9dJ\xd9\xc4\xdf\x05\xb4\xe9m\x8e_dD\x8bS\
6\xb7\x94VT\x13\x8f0H\xa9\x94jw\x12\xbcI\
=\xcd\x94\x8db\xfd\xa2\xf3x\xd8\xdb\xee\xb5\x1d\x04\x15\
z\x13\x8a\xd1N\x9dE\x89>\xce}}\xdb\x9c\xa9p\
\xc8\xfb\x85\xe6\xd4\xd4\xa6c\xc5A-\xa9X\xc9\x18\xcd\
]\xb6NY\x99\x9e\x15k\xe5\xb9v.\xed~6\x8b\
\x93M0<&B\x81V\xce8\xf6\xaak\xd2S\xca\
\xc1u\x85IP\xb8\x85x\xc9\xa7\x9eI\x9b\xf5\xa9W\
\x8b*e4\xa0\x81\xdd\x198*\xfc\xeb<g(\xb4\
\xa4\xba\xfe\xc6\xadN\xacnngS\xd9\xfb\xfb\x91\x8e\
\xc1f\xc5gIK\xdb\xa4>\x9e[\x0a\xe0S\xce^\
e\x5c\xbe\x91\x82\xbd\x154\x92c\x1bd\xf3km\xc7\
e)jt\x7f\xa4\x8f\xe1M_8A\xcb\x14\xd0\x9b\
\xab\xc6\x0a\x10\x9b\xdb\xf1\xf0=E\xc6d\xd8\x8aq\x09\
Lw\x97\xf4)\x1cg\xf3\xa8[i\xc9>\xff\x00Q\
a\x0d\x92\xcd7\xc8\xce\xd5\xa6\xaep\xbcI\xaaKr\
c\xe7\xf7\xc1G*?\xfb\xd7C}9\xcf\xcc^\xc6\
\xc5*\x9d\xb2>\xe9o\xb6\xb9$\xad\x89\x0f0\xea\xfc\
\xc5=\x80\xa7\x9aO\xa2\x1dG\x9eM\xc6\xbb\xba\xc4\x02\
#\x8f\x18\x85`\x95sT:y\xed\x16\xc2\xaa\x89?\
k\xb8]\x18\x84\x1ea\xd5\xb0\xa3\xfc\x87\x18\xaa\x9d\xa6\
Y\xae\x1a\x84Q9g\xea]\xee\xc9%*3e<\
\x91\xe8\xb5\x12\x0dd\x95\xa1\xd0\xa5\xa8\xc6?a|\xb0\
\xfcW\x5ca4\x96$C\x8c\xf3_\xc5\xbcf\xb0\xd5\
\xb1_\xa1\xd1\xa3\xa99.KE\xb3\xae\xbaJ\xf5\xb5\
7(M6\xb2y\xd8\xd8\xc5f\xfai\xc1\xfe\xe5\x9a\
\xdd\xd4\x17\xde\xb2>\xb8im\x01\xd47\xd2\xa8\xcf\xa6\
2\xd5\xcf`1P\xe5q\x1f\xbb\x91\x93\xb6\xa9\xda\x1a\
\xdd\xfe\x16\x99\x94\xce\xfb]\xc1\xb7R=<AP\xae\
\xf1\xda\x15\xe9p|\xc5\x94\xfb\xefC\xaf\xb6\xa2Zm\
\x94>\x9e\xc4\xf7\xad\x94\xae)\xc9n\xcf&J\x96U\
\xa1,v\x8aF\xaf\xe9;\xd0-R\x16\xfc\x02\xdb\x89\
\x19\xcaS\x81\xfdk]+\xc9gi\x82\xe2\xd6J9\
\xc1\xc9\xe1\xacE\xb9\x96T0\x12\xac\x1cw\xae\xbaI\
\xd1\xcf\xb9\xc1kmm\xa7E\xd1\xb2Z\xb2\x83\x1d\xe5\
\x80\xcc\xc3\x92\xbc\xf2+$%\xbaGfT\xe0\xa1\xcb\
.(\xd4\xbakH\x94\x8bJ\x5c\xb8\xcfpn\xda\xfa\
w \x1a\xecSKa\xe6*\xb9y\x9bb\xca\xf7P\
\xb5\x8e\xa2\xb8\xc6\xda\xb5\xfe\x1b\xbb\xe8n)\xda\x08\xfc\
\xaa\x85\xb5\xbc\x1a|\xbd\xab\x96E\xe9)\xb2\x9310\
f\x15:\xf3\x83\x7f\x88y5\x12Q\xc6E,\xfe\x0a\
wm\x00${\xd2)'\xd1\x19\x16\x96\xc8Xp\xfa\
\xf01\xda\x9e0\xc8I\xe02B\xc2p\x12\x06{P\
\xd4S\xc6II\xb8\xee4\x80P\x8c\x14\x03\x93\xeb\xcd\
Y\xb7\x1c\xa1r\xfb\x04\xfd\xbe3\xeb\xdec\xb6W\xdf\
$R\xe5\x86\x18\x97,\xac\x12\x95 \xf8N\x13\xe6\xdb\
\xc5K\xa9\xf8\x0c1\xc3qe2S\xe1\x5c\xe62\xa4\
r\x9d\xab\xc5$\xa9S\x97!\x96\x898\x1dB\xd4\xf6\
G\x92#\xdd\xa5\xafa\xf5p\xd5n\xda\x04\xe5\x96\xdd\
/\xf1y\xae4\x8b\xbf\xe835\x03\xd5\xd3\x93I+\
X\xb4\xd1;\x9f\xb9\xd0#~\xd1I\xaf\xc3Cw\x0b\
$\x14,\x0c)ho\x93T\xbb/\x80\xdeNX\xff\
\x00h\x16\x9eTu\x22|U6\xb3\xd8\xa1\xbcR;\
9\x93\xbd\x06\x95\xfbB\xf4\xf49h\x11\xd9u\xc6q\
\xe6\x0bE[N\xdaK\xb2\x1bY\x1a\xff\x00\xf6\x8a\xdb\
\x0d\xc0x\x90S\xf2\xa7\xb9\x0d\xd4J\xdel\x8c\xa2\xe7\
\xa5\xbe54\x0e\xa7\xda\x1dzLu\xaf\xf8v\xe0R\
\xfd-O\x90\xca.\xf6N\xadi=@\xb1\xf2\x97D\
\x8c\xf2<E\x81F\x18\xb9\xc1e\x89=\xa9\x8d\x0f\x95\
\x9b\x01\xd4{x\xa0\x9aQ\xb2:DB\x12s\xe1\xab\
\xfe\x8ej\xb8\xb6\xc7\xe1\xf6k\x0e\xc6\x07kJ8\xfb\
S\xe4V\x93\x10\x99_4\x93\xe2!AI\xf5\xc5C\
\x97\xe0\x9c#7 \x14\x84rOqS\xb3+,<\
\xc4\x83!i\x03$\x01\xefR\xa0+\xae\xfd\x8cu\xb0\
\xd8\x0ad%G\xd6\xa7b+u\xe6\xd9\xb1\x1c\x08\xea\
9 \xab\x93\x8a\x9d\xb1\xf6\x0d\xbf\x90\xac:\x96\xfc\xa1\
J\x18\x1c\x94\xd4d\x9d\xbf\x91mH)^R\xf2\xb0\
=}i\x9c\x99+\x22\xc4\xc7T\xee\x16\x84\xad\x07\xdf\
\x9a\x94\xd7\xb99\xc1\x92\x19\x8a\xfa\x86b\xb2\xe9\xf6R\
x4\x92\x8c\x1b\xe5\x13\x94F\x5cl\x16\x99\xa7s\xb6\
\xb8\x81g\xd4 f\xa1\xc2\x0f\xd8\xaeM\x15\x8dM\xf0\
\xed\xa75seJS\xb1\x16\xb1\xdd\xa1\x8cV:\x9a\
m\x1a\x9fp\x92\xa3\x19\x147~\x05\xa1\xa6j\xdc\x8d\
q\x90\xeaO\x08J\xd5\xda\xb1T\xd0h\xf7M\x95\xbb\
T\xba5\x1f\xe0\xe6t\x16_J\x9e\x0fpC`\xab\
<\xfb\xd5\x12\xd1\xa6\xbe\xd6Y\x0aIvV.\xbf\x0c\
\x1a\x9e\x1b\x05\xb1\x1e9Jx\x185D\xf4\xbb\xa5\xf6\
%\xfd\xc6t\xe3\xd1\xcf/=5\xbdh\xdb\xa2\x96\xfc\
\x07\x96\x94}A\x08$\x1a\xcb=>\xf1>\x91\x86\xb5\
\x09g\x82\x1e\xf5\x05\x87\xd5\xf3n@\x9f\x1dC\x90\x12\
\xc9\x15\x9eV\xb5c\xf7#\x1f\x94\xf20\xb5H}\xd9\
DI\x88\x90\xc2\xf9F\xf4\xe0\x91\xf7\xa4q\xf2\xd6R\
\x1e1d\xa3\x96\xe52\xe2]\x8a\xcc0\x81\xdc\x1c\x0a\
Wt\xbd\xc7\xf2\xd0\xe9\x0c\xb5.\x1a\xcb\x85\x94\xba;\
m#\x9a\xaaS\xdeWQg\x84\x0a#\xa7\x05\x09l\
(\x8e\xc4\x8a\xaf\xc8\xda\xf2\x8av\xb4\x19\xa8\xf2de\
2\x07\x86\x8c`\x10{V\x875\x8eA\xa6`\xb6I\
Tu%\xb5\xef\x19\xc7\x7fJ\x88\xed\x15p3\x9c\xcb\
\xcc\x00\xc9\xe5G\xd7\xb53hg<\xf4.\x1c\xd7m\
+B_m\x0aJ\xce\x01Ui\xa7\x04h\xa1Ow\
%\x9d\x8d5\x12B\x03\xe8^\xc71\xd9'\x8a\xd8\xad\
\xf7#\xab\x0aQh'\xca\xc8\xff\x00\x86\xd7\xf5\xa3\xe8\
!\xf2?\xd3C\xe0ig\x80\xab\xad\xcc\xb1\x1c\xa5-\
\xfa\x93]\x5c\x9d\x9f+\x05\x9an\x8ef\xc1\x0d\x0e\xc7\
Xu\xd5q\xc1\xce*\xb6\xc1\x11\xd2.2\x06R\xf2\
@P\xf4\xc7j\x86K\x94\x9fCV\xbct\xb8\x16\x86\
\x92\xe9_\x04c#\x15)`=D=\xdfK\xcf\x95\
x\x12\x1aSl\xa0\x9c\xa9\x0a\x14\xf1\x93\x0fPp\xcf\
\xe1\xab*\x09J\xdeWs\x8c\xe0Sy\xb8\x1d'\x80\
\x86\xe6 \xb5\xe2\xa9-\x15z\xf9j<\xcc\x93\xb4l\
\xff\x00\x8dyiKi\xb0\x1c\x1d\x95\x8e\xd4\xbb\xb8\xe4\
\x8c4\xf21v\xc5q\xb8GSs\x5c\xcb~\xc98\
\xc5X\xa5\x1cpC\x7f&\xa0iD\xb6\xa0\x1a\x90\x85\
}\xcf8\xa5\x95G\xecF\xcc\x92I\x81\x0e)\x01K\
mK\xec~\xf4B\xa6{\x05\x1cpjE\xbeL\x8f\
\xf4\x94\xdaZ\xf5\xe2\x99\xc8\x90\x12-o\xcd!\x86\x94\
\x84{\x92;\x8aG0\x19N\xe9\x9e\xc2\x1d[\xe9\xdf\
\xfc\x84\xd2:\xcciK\x81\x9d\xfb\xa7\x01\xdd<\xa7Z\
ZR\xea\x81\x03&\x9e\x17\x1c\x99\xe5\x96s\x1b\x9fB\
p\x1b\x91-\xc4\xa8\xb8\xaca\x1cV\xb8WlE\x0c\
\xcb\x03\x8b\x9fC\xe3xI\x08y\x86\xfc<\x11\xbb\x83\
V\xaa\xb9\xecYPO\xa29=6\x8dnqn<\
\xebn\x91\xc9\xe75.\xa9_\x91\x92\xb7\xacn\x81e\
\xb6\x18QJ[<`\xf1\x8a\x8f/>\xa6+\xa4\xc8\
u] \xb2\xb6\xd4\xb0\xe2\x9eo\xeaVr3VF\
\x8a+ph\x8f\xbajp\xfb\x8a(G)\xecqV\
\xf9ir#D\x97O\xa1\xdd\xf5%\xc82\xa6\x96\xcc\
5r\xa7\x140\x90)\x9d\xba\x93\xc9\x5c\x97<\x12\xd7\
=B\xbbe\xc9Q\xadn\x07\x0b$\xa5y\xe4\x12*\
\xf8\xd2P\x89\xa1?I\x08\x8b\x13\xf7\x0b\x89\x91pA\
\xf3\x12r\x06\x05Dd\x85\x8cs\xc8\xe2\xebg]\xa6\
8\x16\xb2\x16\x93\xe6RA\xdciw\xa0\xda\xcb\x8fN\
-\xf6\xcdI\xa7\x0a\x5c\x9a\xd4I\xc8<\xa5\xc5c\xfb\
U\x91\x92\xc6H\xda9\x99\xa3\xa51\x957&<\xa4\
\x83\xc6\xcej\x1b\x8b\x17\x12\x89\x15&\x03\x8d\x8f\xdf\xc1\
{9\xfa\x82p*cF\x0cx\xdcN#d\xc4i\
X\xda\xb4\xb4\xbf@\xa3\xcdW;\x18\xcb\xed5\xc7Q\
\xa9\x1e\xb9\x16\x88R\xe2,)/\xadA_\xf0\xd4E\
f\x9e\x9f\x8e\xcbc\xabn\xfb\xb8$\xad=@\xbe\xe9\
7B\xa2\xc8\x90\x01\xf4Z\x89\x15\x8eVp\x5c\xb4t\
m\xef\x9b\xfb$X\x22\xfcJj\xa8/\xa5\xc5>\xd2\
\xda\x04o\x059\xac\xee\xc6\x9b\xfbN\x84/\xe6\xbe\xd7\
\x92\xf7\x17\xe2\xa6\xc9\xaa\xb4\xdb\xb6\xdb\xa5\xadky\xe4\
\x94\xf8\x89H\x15R\xb7Q\x97\x0cj\x97\xb3\x94~\xd3\
\xcbZ\xce\x0a`\xea\xc9\xcf\xb6\x85\x08\x8e\xbb\x96\x93\xf6\
\xcdz;4\xb6\xed\x91\xe3\xaf\x92\x95NN\x9f\xd1\xad\
1`\xd4V7E\xf1\xed\xcbW,\x80\xac\x14\xd72\
\xfa\xe1B^\x84v\xb4\x9b/6\x1f\xbce\xbbS\xf4\
o\xfc7\xa0\xa4\xde\xed%\x12Y\x8cp\x94\xa4nV\
>\xf4\xd6Z\x8c\x9f\x12&\xf7A\x8aNp|\x91:\
{\xa5\xd7m[hM\xf5N\xb6\xea\x18N\x0a?\x94\
\xff\x00)\xad\xd3\xbe\xa5'\xb7\x1c\x9c\x8a\xda]\xc58\
:\xc9\x90\x96\xf8\xee\xcb\xbf-\xe40\xa7\x10\xc6[R\
\x923\x8a\xd1RQ\xdaf{\xeaAI!\xf3\xcdl\
p\xf8\x87\xc2$\xe7\x07\xd6\x9e\x9b\x84c\x80\x9c\x9c!\
\x993[]RG\x82\x92[\x03\xb7\xfd\xe8\x94\x1c\x96\
e\xc1\x14\xdc\x9c~CF\x92\xb7\xd3\xe1\x93\xe1\xa9<\
\x92}E,\xe9Ar\x93\x16\x9dd\xf3\x0c\x84nC\
\x85#\x18R=\xeae\x19'\xb4\x8a{\x17\xa6\x0cC\
\xa4%@\xe0\xfeU\x05\xa6\x17\xcb\x98%'\xfaP\x02\
\xd2\xe8B\x81\xef@\x04m\xd3\xe2\xe4\x0a\x00p\xd2\x8c\
\x85\xe0\x8c\x0a\x08}\x05r3(\xe3\xc3\x0a>\xbcT\
\xa9\x08\x04\xc4J\xd5\x9f\x05<{\xa4S\x809Q\x12\
\x94\xf9\x99F?\xe9\x14\x01\x89\x86\xd2H\xc3)P\xfc\
\xb8\xa0\x0d\x1b\x1bo/;v\x1f\xf9F1@\x18\xad\
\x22\xe1ws2\xe4\xb6q\xfc.\x11\x8a<\xb8\x80\xe6\
$\xddG\xa7\x5c\xdf\x06\xec\xfaT=\x14\xe14\xae\x8c\
@\xb5X~(\xfa\x8d\xa7\x92\x1bM\xc1\xa7\x12\x9fB\
3U\xce\xdd{\x13\x92\xe7`\xfd\xa1\x1a\xc2\xd6\xe0n\
\xe4\xd2^B{\x94\xa0sU\xbbR2\x5c\xed?\xb4\
r\x14\x95m\x9dg\x94\xac\x8c\x12\x94b\xa3\xe9Xd\
\xbb\xe9\x9f\x8d\xdd\x11rAql\xbb\x15\x7f\xc4\x1dV\
1J\xe8\xb4\xc9h\xb9\xe9^\xba\xe9\x0e\xa0)B-\
\xf2\x0cLw\xf1\x1c\x1f\xfb\xd5R\xa5$F\xd4Y`\
\xb7\x0a\xe0\xe10.\xb1%\x84\xf0T\xda\x81\x14\x8a/\
\xdc\x9c!\xcc\x88\xd3\x00!\x11\xdcy#\xf8\xd2;\xd3\
\xed \x08Z\xe3$\xf8\xa8-\x93\xdc\x1e\x0dCL\x01\
\x84\x84\x0c\x87\x123\xeehQ\xc9)\x86D\x85\xa0\xe4\
\xab\x81\xda\xa7i\x01^\x9b\xf38\xc2\x82M(\x01\x90\
\xe7\x86\x01q@\x81@\x8dr).)\xd62\x82\x90\
\x9ad\x87M\x0a\x85(\xb5\x80\x17\x95\x1e\xfc\xf6\xa9o\
\x01\x9c\x84]\xc5L\xbd\x84\xadG?z\x8d\xc0\x02e\
\xc5\xd4/r\x88W\xda\xa7 -\xfb\xfa\x16\xc2\x12\xb8\
\x91\xb6\xfa\xeel\x1c\xd3\xaa\xb8[q\x92\xb7\xf9\x19\xcb\
n\xdbxF\xc7m\xf1Cd`\x90\xd8\xa5\x92\xa7.\
\xe2+\xa2W\xee}\x1b\xd1\xfa\x81j2\xa0\xb9\xb8r\
\x0bxH\x15\x5c\xad\xed\xe6\xbfx\x85\x95\x0c<\x90W\
\x8f\x85m\x1f9\x95\x08\xec\xc9AP\xfe~\xd5\x96\xae\
\x93e.bK\xa0S\xee\xdf\x02\x08{/\xdb.\x08\
\x8f\xcf\x1e\x22\xf3Y\x9f\x87\xe87\xe9en\x87$-\
\xef\xe0\xafX4B\xe1^m\xe1\x08\x19\x09\xc7&\xab\
\x9f\x87\x94W\xa1\x8b\xf4\xe5[P\xfc5\xeb\xe8\xac\x86\
\xd2\xfbo\x81\xdc\xa15\x8a\xa6\x811~\x90\x8ao\xa3\
:\xe6\xc0\xc1\xff\x00.\xeb\xcb'\x90\x10j\xaf\xd8\xb2\
DJ\xdd\x11W+&\xa5\xb68S2\xcb0\x93\xdc\
\x86\xceES-9\xa1\x15\x19\xaep0~\xe6\xb0R\
\xc4\xebl\xb6\x94\x0f\x1b\x86(\x8d\xb4\xe2=8\xd4\xf7\
D\xed\x96\xe2\xdcD}X\xdc0\x015\xa6\x0aP\x8e\
Y\xb2\x12\xa9\x9eG\xbf\x88>\x7f\xfc\xbb\xbf\xd2\xaa\xf3\
\xaa\x1b<\xc8\x8f\xbeT\xc2\xfd\xecS\xe1\x8c\xf6\x1d\xcd\
t\xce\xb5F\x14\xa6l\xf7\x0aR\xea\xe3\x14\xa7<\x1c\
\x8aF\xf2P\x93\x97C[\x8b\xb7\x18)@\xf0\xcc\x92\
\xa5m.P\xbb5a@pZ\x97%-\xa5*0\
\xf1\x82T9\xa7\xc9\x1ed\x0d\xad\xb7\x1d\x90X\xf1\x14\
\xe2\x92>\xbfzU \xf3\x10\xb96o\xdd\x00HC\
\x9e\xa3\xbeiI\xc6F\xd2!\xc5\x88\xc0\x0f\xb6\x92\xb0\
8\x1e\xf4\xe9`m\xa1\x98\xbe\xc3\xb4BR\xdfo\xe5\
\x9b\x03\x85\x01\x9c\xd3J\x1c`W\x101\xe4\xa7P\xbd\
\xe2\xc5%\xd61\xb8\x92;\x8a\x88Qk\xb1<\xb4n\
\xd7\x1e\x1af/,\x06\xf6\x9c)9\xe1TI\xa4K\
x\x1c]m6\xf0\xa0Zi>!;\x87>\x94\xbb\
\xf3\xd1\x0b\x91\xa5\xca\xcc\xb9\x90r\xcb\x8aB\xc7d\xd2\
\xe4l\x0d--+\x0aC\xea-;\xe8\xba]\xc1\x81\
k\xb4) \xa9\xd9E\xe7\x0f\xd2\x08\xa9q\x13\x0c\x13\
\x8d?\x09\xb2\x95\xb5\xf3\x08\xe7\x00\x9a\x88\xc7\x90\xf2\x81\
\xa6\x13s\x86\xe7\xa3\x04\xa5\x1c\x84\x9a\xbd\xbd\xab\x81\xd5\
/r\xadx\x5cI\x97E\xb6\xe3!\xb0xJ\xb3O\
NM\x88\xd2)\xba\x92\xc0\xfc{\x8a\xd4\x80\x5cg\xd7\
\xdb\x15\xa6\x0b\x9eJ\x9a+\x17\xeb#O\xac\xb6\xd4T\
\x95\xbf\xc6\xe1\xce\xda\xb5T\xc2\xc1L\xa5\x82>GM\
\x98\x87\x1f+;\xdd\xf4\x18\xcei\x95\x7f\x926\xe7\xb2\
-\xee\x9aM\x9ar\xc4#\xc9\xf4\xf5\xa6\x8dL\xf0\xc8\
tp\x5c:\x8e\x5c\xd0\x9d<\x8b\x09\x87\xd4\xd4\xd9,\
\xf2\x84\x0eG\xeb[\xa9\xcd(\xe4\xc5$\xf2Pl\x96\
\xa1\x0d\x80\xee\xe2\x99Nr\xa5w\xe4\xd6J\x97\x0d\xbc\
\x1b!K(\x9c1\x1e\x91\x0f\xcc\xf9X\xfeR)\x5c\
\xf1\xc6H\x857\x1c\x9a\xb54\xdd\x9aJ\x96]\xfa\x81\
\x015C\xac\xc7\xd8\x86M\xe9\xe8R\xa7-\xe5:Y\
W$\x0c\x12\x0dY\x1a\xbc`G\x1eG\xd1n\xf3!\
\xe5,\xbc\xa6\x82;}\xff\x00\xad3mt\xcb\xa5\x18\
\xe0\x94\x83\xadg\x02\x10\xf92S\xdb\x06\x8f9\xae\x8a\
\xfc\x84\xc9\x0f\xc4\xed\xb30\x99\x10\x10\xc9\xef\xbf4\xf0\
\xb9\x93|\x11*\x0b\x06=n\xb5\xdc\x0e#\xdd\x8b*\
O\xf0\x81W*\xed\xf6f\x94\x1a\xe9\x02sL\xdc\xd4\
\x14\x19H\x98\x84\xf6$\xe0U\x8a\xac=\xca\xd4\x1b\xf7\
\xc0\xcaD\x13\x05\x1f\xe7\x98,\xee\xf4\xc6i\xe1\x0aS\
xE\xee\xac\xa9\xae\xc4\xfe\x0a\xd4\xd0\x83\x1d\xf0\xd0\xf6\
\x03\x14\xb5\xb4\xfak\x94\xcb)j\x95q\x86\x8a\xee\xba\
\xd32cJ\x8e\x959\xe3\x87\xb8\x07=\xa9(\xd0\xa7\
\x1fr\xba\xd5\x9dIfH\x81\xb7]\xde\xd1\xb3V\xd4\
\x84(\x05\x9f*\xbd\xc5WV\x84$\xf2\xd1u\x1b\xcd\
\x8d(\xb3\xb1\xf4'\xaflX\x19z\x05\xd1\xe1\xf8l\
\xb3\xe7\x0a\xe7\x15\x9a\xad\x18EzN\xd5+\xc5?S\
d\xfa\x98j\xddvs\xf0\xfdT\xa8\xb6\xc9\x8a\xf1\x95\
\x14\x0f*\x87\xb1\xacq\x9b\xa6\xb3\x15\x96h\x9d\x08U\
X\xdd\xe9\x18\xdcu\xb5\xae\xec\xea\xe1i\xe6\x92\x89\xed\
\xe4\xa9\xb4\x0f\xf5H\xfe,\xd5u\xdc\xe9\xc5V\xaa\xf8\
\x1e\x8d[z\xc9\xdbP\x8f?\xfd\x82t\x94/\xa8W\
\xf7\xed\xd7;hbKi;T\xae\x01\x22\xaa\xd5/\
]*1\xadE\xf0\xbb2\xda\xd1\xb5u%kqM\
n$,\xba\x1a\xed\xa7\xf5\x0c\x91*\x0f\x88\x84\x83\xb5\
\x04\x826\x8a\xba\xfbU\xb4\xb9\xb6\x8a\xa3S\x0cK=\
2\xad\xa5\xc3\xf3a\x9f}\xb9\xf625\x997\xd7\xa4\
\x87a\x08\xc9hd\x1c\xf7\xfbUto\xaaSq\xdf\
Q\xbc\x96^^X^K\xcb\xb5\xa5\x8cw\xf2W\xd8\
\x92\x98\xeb[j\xca\x00$\x00}+\xd3\xbd\xcd\xee\xf6\
<\xbb\x8d4\xf6\xc7\xb3Jr;\xc9\xe5E'\xefB\
i\xf5\xc8'\xf2\x15\x88\xe8u\x04\x15qB$r\xdd\
\xa9\xb5c\x07#\xde\x80\x16\xdcD!\xce\xdd\xbe\xd45\
\x80\xfc\x86N\xd6\xdd\xdb\x8f\xd7\x14\x11%\xeca\x94\x86\
\x95\xcaTI\xfbQ\xf9\x17(D\x86\xdd\x92w$\x94\
\x8a|\x90b\x98S\xed\x8d\xc4y{\xd4\x80\x17Y\x08\
\x1bB\xf6\x15v\xfbP\x00|5Gt~\xf8\xaf4\
\x00\xb7';\x1c\x0f\x0c\x93\x9a0\xd8\x8d\xb6,\xb8\xa7\
[\x19\xce\xe3N\xa2\xdb\xc3\x0c\xb1\x0c\xb7\x97\x80Z\xca\
\x09\xed\x8fZf\xb0\x19b\xdd\x89\xe3\xa4\x82\xe6\xf2G\
|RnB\xee\x11\x1e*\xd8\x05\xbd\xa9PW\xdb\xb5\
NF\xdc\xb3\x92:N\x9fm\xc7\x97\xe23\x90}\x01\
\xc6h\xdc\xbe\x09S\x00\xcd\x91\xb8j\xff\x00,W\x1b\
>\xc4\xf3S$\x99;\x91c\xb0\xeb\x0dW\xa7\x99\xc5\
\xa2\xf7\x222}BMW\xe5\xc4\x13\xc9g\xd3\xff\x00\
\x18\x1dF\xd1*\x1b\xeer&\xa0\x1ePOqI*\
K\xd8\x93\xa9\xe9o\xdaR\xb6\xed\xe1\x17\xad>\x85\xbd\
\xea\xb5\x1ej\xb9R\x02\xe7\xa7><t\xa5\xf1C\xe7\
\x19j\x1e\xeeq\xdf\x14\x8a\x93#%\xd3O\xfcH\xe8\
M@\xe0J/\x8d\xb3\x9f\xe1\xc5V\xe3\x80\xc9a\x8b\
\xab\xac7u\x8f\x90\xb85#=\xb9\xc5T\xd7!\x92\
i\xb8\x1f:\xce[Sk\xdd\xec\xa1L\x96\x09\x03\xf2\
\x0f\xc7\x18\xc0\xe3\xd8\xf1RT\xfa\x04\x97\x1di\xde[\
Rq\xcd3\x88)?aR\x96\x5c\xdaP\x9c{\xa8\
\xd2m\x1b\x93\x07\x82\xf3C\x0e\x82\xbfj0\x83,\x0a\
\xdfm\x82\xaf\x1b\xce\x0fo\xb5N\xec\x16F8\xec2\
\x04W\x99\xcaV\x07\xfc\xb4\xb8o\xa22\x0b\xe4\xe48\
\xa4\xa5\x94mo\xd4\x8agNy\xcb'z\x16\xa6\xb6\
\xb6Q\xe2\x12\xb1O\x1at\xd2\x13p\xe63Ij7\
\xef\x1c\xe5=\x81\xa6ohn\x1a\xb5=M,\xe7;\
\x12p\x0d,*\xc9vJ\x92\x10\xab\xc4\x82\xe9KN\
\x10\x93\xe9Z#=\xc8\x87 n\xdc\x9f\x8c\xe8R\x9f\
\x0b'\xd3\x15ED\xc4\xec\xc7\xa4\x22\xea\xe0L\x96\xd2\
\xeb\x9d\xc6S\xe9TT\xa5\x02\xd7Y\xfc\x12\xb6\xbe\x90\
i\x8d\x5c\xee\xeb\xa5\xb1\x96\xd2\x94\xe4\x921Y%J\
=\x0d\x09\xbf\x82\x9d\xd5\xde\x90h\x1d<\x90\xfcv\xd8\
J\xdb \x84\x81\xcejU\xbc=\xcd)\xb7\xecs\xcf\
\xc7\xb4\xf0\xff\x00\xf2\xad\x7fJ\xb3e\x1f\x81>\x9c\xe6\
N\x5c\x1a\x9c\x13\xb7x\xc9\xe4\x01\x8a\xe4\xe5\x9d\x0c\xfc\
\x86]\xd9\xbb<\x9c\x1f\x11\xc4\xb8\x90\x9c\xf7\xc5Cy\
\x04=\x8e\xe2\xddZB\x06[\xceF\xeah\x97\xc1\xee\
\xecz\x88H\x92\xe9\x0e\x9f0\x1c\x91\xda\xa2]\x8f\xb5\
|\x08U\xb5\x882\x02\xc9Q\x07\x90S\xebS\x12v\
\xc7\xe0C\xee2\xda\x8b\x98uX9\xed\x9a_|\x08\
\xbe\xe6\x82x\x11\xef\x0c\x05\xa9\x18H\x1ec\x8e\xd5a\
~P\x85Z\xe3Mm,\xb8\xd8[^\x81C\xbd#\
o93\xcb;\xb8\x0fl\x89\xf2\xa1l\xb6\xcbL\xb2\
\x9f\xa7o\x19\x14\xaeO\xe4y/r>\xe0\x88\xf0\x83\
\x87\x0a\xca\x8f|T.{+\xde\xbd\xc63\xad\xa1\xd6\
\x92\xbf\x11E\xd3\xca@\xf6\xabb\x92\x19N#\x8bs\
\xea\x9c\x81\xe2!M\x86\x86\x09\xf7\xa8\x93C\xf08\x7f\
\xc2\x9b'\x1e\x1e\xd0\x13\xdc\x0aL \xda\x86\xca\x8c\x86\
\x9c\xf2\x05-]\xb2G\x02\xa4y\xb5\xd0\xe9V\x84\x18\
\x89s~H9!^\xd4\x15e\x91\xd7{'\xcc\xb6\
\xa5\xc7Y\x1b\xd3\xb7\xec\x0d\x0d\xe7\xb1\x9eHF:e\
\x16+!\xc9\x0f)R\xf3\x9c\x13\xc0\xa5\xcbO\x82\xb6\
\xb9\xc9\x15\xa8\xec\xe1\xf8\x86\x1b\x88\x08mcj\xd6;\
\x81\xefW\xd3\x93\xf7'\x03kv\x8c\x87\xa6l\xae!\
\xb6\xfeikN\x1bqC'4y\x8fq>VW\
D\x06\x93\xd0\xd3-\x93\xe6H\xb8!\xa5\xa2A\xcbi\
Q\xce\xca\xd2\xd8\x8a(\xb5D\x80\x942\x06\xd8\xe88\
\xc7q\xde\xb0\xb7,\xf0\xcb\xbd8\x1b\xdcl\xf6\x97\xdd\
O\xe2Hi\xe7{\xa3 \x1c\x0a\xb5\xca\xa2\xf7)t\
\xe2\xfa@[\xd3zj\xe5\x90\x96\x02\x1dO\xa6\xda7\
>\xf22\xa7\x95\xc0\xda\xf3\xd3\x9bG\xe1\x8e%\x83\x87\
\x142\x07\xad?\x98\xdfbJ\x9e\x0eYv\xd1.\xdb\
d(\xa9*RB\xb8\xe2\xadRL\xad\xc3=\x02\x92\
\xdcv\xa1\xe11\xc9Z{\x92\x8a\xb5I\x15J\x93\xc8\
\xdf\xc2L\xa5om\x0a\x04\x7f\x09\x15;\x87Q\xc8\xa1\
\x0b\xe5\x92\x92\xae\x14O\xa5\x0e-\x92\xf8\x111~\x11\
\xc1\xe7\xde\x88&\x8a\x16\xe1\xa2\x08\x8e\xe8P\x03\x04\xfa\
w\xa6\xf5dl!\xf3R\x1dC\xde$i\xaf\xa4\xfa\
$\xab\x8a\x8c\x90\xe2\xbd\x91?\x13[Ka\x84\x22d\
H\xb2\x10;)C&\xac\x84\xe5\x1e\x88pMr\x87\
N5g\xbc\xa5\x0f<\xa7\x18p\x0f\xa5\xb1\x81Wy\
\x8d\xf6\xcc\xf2\xa4\xd7Ew\xa9\x1a<\x0f\x97v\xd9!\
\xc7\x5cX\xce\x14r\x13R\xaa\xa8\xac\x8b\x1aR\x93 \
\xe7\xdc\x9b\x91iL{\xc40\xdb\xed\x8d\xa9XO\x04\
{\xe6\xb6S\x8c%\x1d\xc9\x99\xda\x94e\x8c\x10\x91m\
\xcc3sG\xc8~\xfdj\x19\xd8\xbf\xa6\xa8T\xd3y\
\x91mG)=\xb4\xc7\xf6\xcbd\x9b\xdd\xdcG\x98\xa7\
\xd0{\xa4\xb5\x9d\xa9\xfbf\xaeQ\x8e6\xacs\xec[\
^\xb5\xccim\x84^>N\xa9\xa2\xf4d\xdb\x06\x9e\
\x13\x03Q\x12\xcf\x8a\x11\xe3\x95\x0f\x13\xbfl\xd7\x9c\xbd\
\xfaZ5\xdd;\x896\xda\xe1\x1d\xebMN\xbd;5\
V\xde\x0b\xcbRY~\xf9-=K\xb8\xdc,s\xe0\
\xb2\xd2`\xc7[\xc9I2\x19P\x0a\x09=\xf2Ey\
\x9d)\xd1\xc4\xe0\xf2\xe2\xfa\xcf\xe0\xea\xf8\xa2\x1a\x86\xb3\
yB\xa4#\x0a|Ee\x7f\xea\xc7Z\xbe\xfd\x1bJ\
Gi\x9b\x5c\xe7\xa7\xcfu\xa0\xa7K\xaa\xce\xd0G5\
^\x95BWR\xf3+Gdr\xf1\x8f\xc1_\x89\xed\
W\x87j\xaa4\xa6\xebU\x92\xe7/)&\xbd\x8a\xbe\
\x9e\xd5O\xc6\x94\x04\xa4:\x18Z\xbc\xab\x03\xcaT}\
3\xed^\x86\xe66\xf2\xab\xe8|\xae1\xff\x00\xb9\xe3\
l\xf1oS\xea\x9c\x1e\x1f9\xc7\x04\xf5\xc3G\xda\xf5\
$\xb5\xce\xf1\xd0\xdc\x96S\xe2%\xb6\xcf\x95dzU\
4\xb5\xda\xd6\xf4\xe5j\xd6W\xcf\xc1\xea\xa9\xca\xd7T\
\xb9\xf3\xa7\x8ar^\xde\xcc\x8as\xf0]E\xe2\xa6\xe2\
\x97!\xcal\x10\x80\xd2p\x14k\xa1eq^\x8c\x14\
-\xbdI\xf6\xdf\xb7\xe8m\xb9\xb4\xb0\xba\xde\xefd\xa1\
$\xb8Q\xf7k\xe4\x80y\x85\xc5\x90\x10\x95\x02Tq\
\x8c\xd7\xa9Ta\x14\x9c\x1eO\x05\x08bM\xb7\xc2\x1d\
\x94J\x83\x18)L\xbcA\xfa|\xa7\x9a\x8as\xa36\
\xe9\xa9,\x96\xd6\xa3^\x14\xfc\xc9S{\x1fO\x03q\
{~1*\x0c:\x7f\xeaE-\xbd\xbc\xf77\xc3_\
\xa9\x8a\xb5\xf7\x93\x0cJ\x0f\xfb\x16_\xf0\xa5\xf2f\x9e\
\x174\xa2\x1ac\x00\x15\xe6W\x9f\xfaW.z\xfd\x82\
\xbaV\xb3~\xbc\xff\x00s\xd4\xd3\xf0v\xafua\xf5\
\xf4\xe2\x95.\x1eI9\xd3\xac\x11t\x98\x90\x858n\
(O\x9d$ywW!j\xb7\xbf\x5c\xe1\x08\xe6\x1f\
\xf6z\xdb\x7f\x0a\xe8\xd4\xf4y]\x5c\xd6j\xa4}\x97\
\xc9\x01\x1fV\xc7\x92\xd0QN\xdc\x0eBEz\xd9R\
\xad\xb7~8>`\xe5J\x19\xda\xf2\xbd\x8d\x87S,\
\x95\xa0\xe0\x1fJXKr\xc8FR|\xb44\x995\
/+\x05\xb2\x088\xedLH\xa6]em\x80I\xfb\
\x9cv\xa9]\x80E-\xb5\x10\xa4\x02O\xb7\xfd\xe9\xe3\
\x15\x09p\xf2D\xe9&\xb0\x98\xe1\x1e\x0c\x85nJT\
\x15\xfc\xbbx\xa4r\x9b\x9bX+\x8cY\xb4\xc7K\xeb\
#i*\xf7\xc7j\xb3b\x87\x12/\xa6\xe2\xa3\x98\x98\
\xa8+B\xd5\xb8c=\xb1U\xf9\x91}\x14%,\xe4\
Jb!*JB\x97\x93\xebO\x16\xf1\x86,`\xd4\
\x8cS\x00?\xb7\x01@\xfa\xd1\x95\x9c\x978\xe5\xe5\x0b\
v;m\x91\x94&\x826\x98\xdb\x8c\x8f(\x05\x1f\xf7\
\xa0\x9d\xbf\x03W\x992\x1e(\xdb\xe5\xf7\xa0\x5c\xb12\
,\xed\x94\x11\xb09\x9fz\x03,\x8d~\xce\x1bQ\x08\
a\x1e\xf9\xf6\xa3\x04\x18\xd4U!^@\xa6T=R\
(i{\xa0\x1c\xc6\xd47[c\x80\xc7\xb9Kh\x0f\
e\x91K\xe5\xaf\x80&\xa1\xf5\xabUY\xd0<\x1b\xac\
\xa5\xa4\x7f\xfe\xd3H\xe8\x22\xc2\xdb\xa5>4\xb5\xb6\x9b\
;\x1bK2\xc0\xef\xe2\xab5\x11\xb6^\xe2\xc9\xa2\xf3\
l\xfd\xa3W\x98\xe5\x08\x9fl\x8aT\xaf\xac\xa5\x19\xc0\
\xa8\xa9A\xa5\x81Ki\xfd\xa0z^T6\x9b\x92\xd3\
\xed\xadG\xccP\xdfj\xa1\xd2c)/r\xe1\xa6~\
&te\xf2*\x04Ie.9\xdf\xc5\xe3\x06\xabp\
c\xf0[\xad\xfa\xa6\xc5qAw\xf1\x18\xcaQ\x1eT\
\x87\x01\xa4i\xf6@\xf1\xb4\x99\xcd\x17\x18r2\x90=\
R\xb1\xb8\xfe\x94\xc9\xe0\x02F\xbb\xbd\x1f\xc8\xd8%C\
\xbej]F\xf8b.\xc6\xc6\xe2\x9b|\x85\x15\xff\x00\
\xa8\xb3\x91\x9a\x9c\x0d\x81O%\xf5)++F\xc5\x8c\
\xf7\xa6lCmNCy\x0b\xc9H\xef\xc5B\xc3\xec\
\x8d\xad\x9b\xfcj.\xf2\x86RJ\x8f\xf3\x0cU\xa9|\
\x12\xd6\x00\xb2\xd2\xa2\x02\xea\xc2\x16I\xc0Oz\xa6p\
l\x94\xd1j\xd06\x16\x5c\x96%\xceH@\xee3\xdb\
\x15\x96\xe1ItZ\x925\xd5\xbe\xa9\xc0\xb7@[1\
\x03iy\x09\xe7o\xad\x14a\xee\xcb\x22y\x96\xfbr\
\xb9\xebmN\xb4\xabzb \xee\x19?UWV\xa2\
|#J\x91%\xfe\x1bg\xfe\x12*\x8d\xc4\xef)\xb2\
\xc4I\x97/\xdc$0\xce9\x07\x19\x15\x8b\x0c\xd3\x86\
j\xe6\xccv\xa0\x84F\x8e\xb5\xbeO\xd7\x8c\xa4R\xe1\
\x13\xb5\x89\xb6X\xa4\x5c\x19Sr&\xb4\xca\xdb\x19\x00\
\xf0i\xa2[M4\xf9\x1f1\x14D\x88\x90\xe3\x81d\
\x1c(\xa4\xf2\x05\x0f\xb2\xd29\x9b\x8c\x98\xd7u%8\
v \xfaS\x8c\x9a\x98\x80\xea-\xe2L\xeb\x83\xac\xec\
\x11\xa3+\x80\x1cOo\xd6\xa1\xfd\xc2\xb5\xee\x86V(\
W\x08\x97)\xca~s\x12a\xa4\xfe\xec69H\xfb\
\xd3\x91\xbb\xd8\x5c\xdb\xebme>*<O\xe1\x00\xd5\
c$n\xdf1\xf7\x1f\x09q^U\x0e\xe3\xb7\xf5\xa9\
\x94BC;\xcd\xbe\xe7r\x93\xe1\xb7!\xa4\xb2}\xc7\
\xfd\xea\x0a\x5c3\xd0x\x9aVm\xb4\xa1j\x9a\xc9 \
p\x09\xa9|\x0b\x18\x0fm\xd3\x16\x82\xb6\x1fHPQ\
\xc9RG\x07\xf5\xa5l\xb3\xed\x1d\xa3g\x8c\x00l\x86\
\xcf\xa9\xa5\xc9>g\xc0\x1b\x9c\x94\xc7R~]\x95H\
I8\xc2{\xa7\xf3\xa7\x1aRB\xe7\xc1;B\x9dm\
hR\xc7\x19\xe0\x0a\x0a\xe2\xf9\x1bB\x86\x16\xd2\x99\x0b\
\x01MeC'\xbdC\xe8\xb8l\xe5\xa5\x12\x17\xb9{\
\xcb\x8a\xef\x83\xc0\xfb\xfeU)ed\x08\xfb\x84F\xee\
\x8f\x98ji[c\xf2T?\x8b\xf5\xa8\xdd\x80\x07\x1d\
\x84<\xa3\x15\xa6T\xd3h\xecU\xce\x7fZ\x85\x9e\xcb\
\x166\x81\x9b\xa6L\xa6\x16\x95%`\xb5\xd8\xfa\x1a\xb9\
T\xc1K\x89\x04\xff\x00N\x9d\x97%\xa7\x89u\xb0\x8f\
RN\x0dDd\x93\xcb'c\xc0s\xd32\xfa\xfcy\
\x0e\xf8\x81\x07\xc8\x02\xbb\x8awQ\x15\xc6-vm\xbd\
!\xf2\xd3\x12R\xda\x88\xc6N;\xd5M\xe4\xb5<\x0d\
\xaev\x17\x5c\x97\xbc$\xedO\x1cv\xa9\x8b`\xd6\xe2\
.]\xb1Ki[\x90\x923\x8eG5j\x9e;\x17\
j#\x1f\xd2\xc8uG\xcc\xda2;\x11N\xa6,\x9a\
Dl\xdd\x12\x96\x22\x97\x15\xb5\xa6\x89\xc0Q\xec\x7fZ\
\x98\xc9\x95\xa8\xf2BK\xd2nEIRp\xb6\xfd\x15\
\xefW*\x84\xce\x04k\xfai\xe9< \x80Op{\
\xd3:\xa9\xf0\x8aT0\xf0\x86n\xe9\xd7`\x95\x1d\x8a\
Q\x1f\xd2\x851\xdcF\xceGS8%$\x13N\x98\
\x9bC\xb0\xd3\x89A\x0e\x12B\xfb}\xaa%\x22\x126\
\xfd\xc4\xc1\x86\xb0T\x12\x84\x8e\xe4rib\xdbc\xb4\
\x82\xc4\x8e\xed\xba\xc6\xe4\xf7]\xda\xd1N\xe4!G\x95\
~^\xf5\xb2\x14\xb2\xb93N\xba\xa6\xb2\x81\x0b\x83\xbd\
Bi\xa6\x1e\x08e\xb4\x8d\xa9\xc8\x01J\x15D\xeb\xaa\
L\xaa\x9c\xdc\xe5\xca57\xa5\xceZ\xa3\x15\xdb\xd6\x13\
/8A'\x83O+\xa8\xa5\xe6T\xe8\xbb\xe8\xdf\x98\
\xa3O\x96\xcb\xbe\x8b\x82\xd6\x84\xd1\xcfZ\xae\xcc\x87\xae\
\xf3\xcf\x8a\xdb\xbbq\xb4{W\x9c\xb9\xbb\xa9{}\x0a\
\xd6\xcf\x10\x8f\x0d|\x9e\xc9\xaa:%\x8c\xa8\xddA\xce\
\xa4\xf9X\xe9/\x86@=2t\xdbC\xb6\xd4>T\
\xd2\x9c\xde\x02O9\xad\xf7\x94\xad\xebV\x8dV\xf9G\
\xce\xe1\x7ft\xa3*m\xad\x8d\xe7\x00\x8b\x8e[ \x84\
\x5c\x9a\x93!I \xa4\x85\x12R\x07j\xa5\xdbA\xc9\
*xB\xfdU\xc5G\x95,\x7f_\x81\x11\xaf\xe1\x12\
\xcc\xc8\xcd\xbb##\xc3)\xfa\x8aG\xde\xa2\xbd\x93\x84\
\x14)\xbc>\xf3\xeck\xb3\xbf\xf2\xabo\xbeNk\x18\
\xf9c\xb9\x9dJ\x91\x1e\xc2m\x8b\xf0[\x8d\xc9HR\
p\xb0O\xde\xa9Zt7\xf9\xcb.^\xf8\xe9\x1d\x88\
\xf8\x97m'f\xa2\xbc\xbfd\xd7+?$E\x92\xe8\
\xbbc\x88Zd)EJ\xecTy\xad\xfeZ\x92Q\
\x9cO<\xe1\x15<\xa6\xd2e\xc6\x1c\xa1\xa9\x09i(\
(\x92\x07.\xe3\xca\x93\xeekd!\x1bE\xe6Tx\
\x87\xc7\xbf\xff\x00\xd1\xad\xf4\xea\xd7\xd5\xfc\x8b&\xdc\xbf\
\xfd\xec\xb6\xe9\xbe\x9a\xc4\x97fXVg\xdcJN\x16\
\xd6v\xa4\xd7\x9d\xbd\xf1=Ju\xe2\xa9/Fy\xf9\
>\xbb\xa6\xff\x00\x86\xd4cgRW\x99\x9dM\xbcc\
\xdb\xf5A.\xce^l\xb6\xd8\xd1\xa4L\x84\xf2\x98\xcf\
\x85\x1d(\x1e\x22\x7f:\xc7c;{\x9b\xe9\xca\x94\x5c\
wv\xdb\xe1\x1a5\x1a\xb7\xbav\x95\x1aw\x0e2\x8c\
W\x11K\x9f\xeb\xf9&\x9b\xbaZ\xf4\xad\x9e<\xfd@\
\xc2\x1d[\xc9\xdd\xe0\xa4\x00\xa1\xf6\xc5s\xeeo/\x9d\
\xcc\xec\xf4\xf95\x87\x8c\xf6z\x8d/I\xd1\xd6\x99\x0d\
[[\x8a\xda\xd6v\xf4\xca\x8c{\xdc}}y\x91\x22\
\xdd'\xe4\xe0\xb2O\xee\x16\xaeH\xfc\xab\xd1X\xd1\xb7\
\xb3Q\x95\xe2\xcdW\xef\xd7\xfd\x1e\x07X\xd5\xf5\x0dJ\
3\xfd\x8f%\x1bXq\xb4\x8c\x83&<\x9dS\xe09\
\x0d\xe7`n\xfd\xea\x928\xae\x9e\xa4\xaa*^m)\
(\xc9\xf5\x93\xe6\xbaM\x1au\xaf\xb1y\x97\x1c\xf2\x93\
x%\xb5\x04\xbd;\x09\x85D\x8foy\x12\x1e\xe5\x0e\
\x83\x94\xa4}\xea\xad\x1ez\xad\xcc\xe3:\xd2^Z\xe1\
\xfc\xbf\xd0\xf6\xba\xfdO\x0f\xd0\xb3v\xd4\xa9?1\xfd\
\xad<\xaf\xeaV\xa3<\xa6_\xe1i\xd8;}\xeb\xd6\
\xd4\x8cW\xdaxW\x8d\xa8z\xdc\xaf6\x0e\x0e\xee\xdc\
Ud\x1bf(mGx\x09\x07\xde\x80\x1c5l\x98\
\xa6\xca\xa3B}\xe6\xc7\xff\x00\x11)\xf2\xd1\x0at\xd4\
\xf7T\x9e%\xf0EH\xdd\xff\x00\xe3\xa6\xda\xf9\xc7\x06\
\x98\x95)\x80Rv\xb7\x8e\xe1i\xc1\xab|\xb99e\
I\x09\x16\xa0\xb14\xf2\x1d\xb9\xc5\x96\x8a\x94R(s\
\xa9\xfc6\x89n\x92\x8e\xd6\xc1\xb3rZ\x9d\xf3)'\
\xedR\xe9\xe1r%)\xd2\x8b\xf5>\x07I\xbc3'\
--\xb2\x9fc\x8f\xfb\xd2\xb9\xd2\x8fl\x1a\xcc\xf3\x1e\
\x81\xb9\x11\xb5\xb8\x9d\x9d\xfd\xf3P\x9a|\xa2\xed\xcb\xa1\
\x0f\xc3}\xb7\x06\x06\xec\xfd\xaaH\xca\x06\xe4g\x94r\
Q\xdb\xed@6\x85\xb5\x11\xcd\x84\xb9\x94\x8fr1@\
\x83w\x1ay\xa5\x12\xd7\x98g\xd3\x9a\x00\x17\xcf9\xf2\
\xeaR\xd3\xb5I<\x829\xa0\x00\xc9\xbb\x12\xa0\x80\x82\
\x0a\x878\x1d\xa8\x00\x12\x9cm\x0b\xc2\xc6\x01\x14\x00\xd9\
-%\xe7?t\xbd\x83\xd8\xd1\xb8m\xc1\x85\x91\xe9@\
\xa9\xb5\x8d\xc0z\x1e\xf59b\x8b\x8b\x1elf\xcaT\
\xd8Vx*\xdb\x9c\xd0\xf9!\xcdt\x10(2\xce\xd5\
F\x0a\xf78\x1cT8\x9266DNu%\xb7\x1d\
eY\xe4%Db\x97j\x19K\xe4\x9a\xb3\xdbnv\
\xc7B\xa2\xcc|l\xeeK\x84\x8a\x1d(\xfb\x86\xe2\xd5\
\xa7z\x91\xab\xf4\xdc\xb0\xeb\x170S\x9c\xedQ&\xab\
\x95\x08\x8a]\xac\xff\x00\x13\x1a\xae\xd4\xa2\xe4\x95\xa5\xf4\
\x1eHJ;\xd2\xce\xdd%\x98\x91\x9epOE\xf8\xc8\
nRsp\xb5KS\x89\xfeQ\x81Ulce\x96\
\xab?\xc5\x8e\x9b\xbb\xf8h|*\x1a\x80\xc7\xefU\x80\
*62v\x96kO\x5c4\xdc\xd0\x03W\x98Ag\
\xd1K\x1cUR\x8b\xce\x10\xcb\x82\xc1n\xb9Zg\x8f\
\x19\x17xn\x15vJU\xc9\xa8R\x92X\x06\xb2O\
X-\xa9\x9b 8\xa7\xd0ZO9>\xb4\xb2\xa8\xfa\
+\xc3\xc8\xd7\xaa}Jb\xd9f\x5ch\x0e$:\x81\
\x8c\x83\xc1\xaa\x5c\xda\xfb\xcd\x09\x1c\x1d\xab\x06\xa9\xea<\
\x82\xea'\xb7\x1d\x86\xd4T7\x8c\x13\xcdb\xa9Zy\
\xc4K\x0bu\xb2\xc5!\x88Hj\xe5*:K_\xc6\
\x06\xdc\xe3\xd6\xae\xa7M\xb46\xe1\xe6-\x7f\xff\x00\x90\
\x8d\xff\x00\xcfV\xfd9;\x8e2\xbbb\xa65\xbf\xc4\
Ry\xef\xda\xb0pu\xe4;\xb5\xcbn#G\xc5\x92\
F?SG\x04?\x96)\xa9p]w\xc4S\xde#\
\xb8\xe3#\x19\xa8X\x05$!\xf9\x85\x0b\x09)\xfa\xfc\
\xa7\x9c\x81P\xe1\xceI\xdc\x22\x1d\xfe+\xf3\x17\x15\xa5\
\x06\xdcg\x90\xae\xd4\xb1X\x13\xce\xfc\x08\xb8\x5c\xd2\x02\
\x90\xa5\x97J\xb8*\xc6*\xae\x5c\xb8,\x8b\xdc\xb9\x02\
\xd5\x8aD\x88\xc5Q\x1dSM\xab\xfd@8\xcdhK\
\xe4\x8d\x88~\xde\x9c\x86\xc3\x0d-\xe4\x858\x07\xafr\
}\xea\xa5\xdf\x04\xee\xc7D\xa3Q\x10\xc2\x12| [\
#!Y\xfai\xa4\xb2\x19\xe0\x13\x8af\x03Kq'\
\xc6s<$\xfaT(\x92\xa4\x90\x1b\x85\xd6$\xd6\xc2\
\x07\x0f\xf1\xc6;~\xb5-d%,{\x09\x9buf\
\x12\x10\x85\x0d\xa7nw\x01\x93K(\x94\xbc\xb1\x8d\xd3\
\xa9\x11\xac\xb6b\xd2\x90\x17\xbc\xe3\xc4#\x94\xd2m\x11\
\xc5\x8d\xf4\xee\xa9\x8f\x07\x12\x18\x92\xa7\x83\x9d\xc1\x1c'\
5-\xe0\xab\xcc\x93&\x1d\xb8\xae\xe5$\x83%N\xa0\
\xa7#\x8cm\xa4S.\x83\xc9\xa8m\xc6.\x00\x97\xfc\
\xe8<\x9cw\xab6\xe4\xd0<\x92Y\x8a\xf9p\x10\xa2\
\xe7\x00c\x8a\x9cm\xe4\x00\xccaHgp`$\xab\
\xd5=\xe9$\xf2\x00\x82\x84x\xc8\xccp\xb5w*>\
\x94\xe9\xf1\xc8\xdbV\x06\xe9\x9c\xa9*R\x02\x09@\xfa\
\x87`\x9f\xca\x93h($`h\xbe\x14\x16\xea\xbc4\
\xf6N;T?\x81\xd3I`L\x88e\xf4\x05G9\
\x0d\xf7\x15\x092\xb6\xf21\xbd_\xd1\x1e0\x8e\xcaJ\
d\xa8c v\xabTr+Y\x1a@\x81!\xf6\x0b\
kQ+_?j\x89<\x0c\x9e\x10\xde]\x98\xb2\xda\
\x83\x88\xf5\xef\xde\xa7pI\xe4\x86\x99\xa7$\x1b\x80\x22\
2LR?\xd4\xecG\xe9NU\xe5\xe5\xe4it\xd0\
\xd2\xae\x8b\x09q\xd3\xf2\xa9 \xf8G\xb6}\xe9\xb7\x16\
yh1\xb0F\x80C%\x01\xe4\xa4}\x04p\x0d\x0e\
A\xb5>\xc8\xbb\xa6\x9b\x19\x0f\xb2\xc2R\xb3\xc2\x92;\
T\xa92\xb5L\x8c\x97\xa4\xdc\x9a\x01\xc0l\xab\x8c\x0a\
u,\x88\xd6\x08k\x8fO\xe4\x17p\xa1\xe1\xa5\x1f\xc5\
\x9c\x9ao1\x82\x8eF7M\x22\xe4H\x99\x07yP\
\xe0\xfa\x9f\xce\xa7\xcc\xcf\x02\xaay}\x91\x16}\x16\xfd\
\xd2\xee\xcaf\x85&&\xec\x13\x8c\xe0V\x8aQ]\x94\
Wm,!\x1a\xfd\x22\xf7yj,e\x14D\xb6\x9d\
\x98\x1d\x9c\xfd+[\xb8\xc40\x8ct\xe2\xdc\xb3.\x86\
+\x0bKj\xf0\xb2\xc9k\xb1\x1e\x9fj\xc2\xe4\x9b\xe5\
\x1b\x22\xb3\xc7Aa\xea\xb9\x12\x160\xfa\xd4\xe3#\x00\
\x91\xfd\xff\x00:x\xd1\x84\xbe\xee\xbe\x0a\x93\x9d9\xef\
O\x9fo\xc0h:\xe1\xe9\xe8u\xe9o*T\xa6\x95\
\xb5\x0aW\xff\x00\x0c{\x0aJ\xf6\xb4i\xad\x94#\xb6\
,\xaa\xea\xea\xf2\xe2\xa2u\xa6\xe4\x90\xb8\xba\xa9\x11\x94\
\xa9\x88AJ\xb2F\xd1\xd8\x93\x5c\xe9\xd0\x86\xdd\x89g\
\x93%I7.W#+\xbd\xce]\xcc)\xc7e)\
\xb7\x16<\xa8>\xd5\xd0\xf2i\xcb\x0e=\x94\xb9F/\
\x09\x91\x16\xab\xb4\xbb=\xc9\xbb{g\xc3Z\xd4\x14T\
\x0f\xd4*\xfd\x9b\xbe\xfeQ\xa1m\x9a\xc3y\xfc\x96)\
\xce\xc6E\xd9q\xa60\x8f\x15M\xe4\x12s\x8e;\xfe\
u\x9bd\xa2\xde\xc1\x9d8\xc7\xeeE\xb3FtM\xeb\
\xc5\x953\x19O\x8c\x94\xe5g'\xb0\xfdk-\xe5\xcc\
\xe8A5\xcb;>\x1d\xd3\xa5\xa8\xdf:Q\x8f\x0b\x1d\
\x96[E\x82\xd3\xa2\x9a3\xa7\x5cv\x9c\x7f\xe9\xf1\xc3\
\x98\xfe\x1f\xd6\xb95\xf5\xca\x97\xf4\x1d\xb4\xa9/\xc3\xf7\
O\xe4\xfb\x0d\xa7\x81\xad\xb4Z\x8fR\x95\xc6\xd7\xef\x15\
\x8c2\xb5\x0b\xe2&F\x95\xd5\xf2d[\xa0\x06b=\
\xc2P;UT|8\xaaP\xc5Y\xf2\x8f\x1fu\xfe\
'U\xb6\xd4':\x11\xddO\xfb\x10\xd7\xbe\xad\xb8\xe6\
\xb5f\xe0\xf3^\x1b\xb2\x97\x9cs\x84\xd7J\xd3Fp\
\xa4\xe9\xee\xf6\xe0\xe5\xcf\xc7_]w\xbev\xf9\xcfK\
<'\xf2Z:\x912\xc9\xaflLH^\xa0[7\
\x06\x06D|p\xa3\xed\x9a\xe0i\xbfUgy4\xa9\
\xe57\xd9\xf4O\x13Z\xe9\x17\xfaE7sw\xe5\xd4\
\x8a\xe2\x18\xce\x7fVV\xba\x0b\xa4\xd9\xd5Z\xa6D'\
\xee_\x22\xb0\xbc\x0f\xf9\xff\x00Z\xefk\xfa\x87\x91I\
W\xf2\xf7\xe3\xbf\xc7\xe8x\x0f\xf0\xefE\xa7\x7f\x7f+\
\x09\xdd\xf9I\xbc,t\xcb\x87T\xa5\xa3\xa3\xb7$\xdb\
\xdbZf\x09\x07\x95\xf7\x06\xb9zm\xd4\xf5\x88n\xa8\
\xb6`\xaf\xc6\x1e\x1d\xab\xe1=Z0O\xce\x8c\xdby\
\xf6\xff\x00\xecoT\x9b\x5c\xfb$IQ\xa5\x95>[\
\x1b\xd9\xc1\x03w\xfe\xd5\xe94J\xd7tf\xed\xeaA\
(.\x9f\xff\x00\xbe\xe6}~\x86\x97wF\x17v\x95\
1<s\x1ct\xfe2@8\x94\xcc\x09\x0d\xe1*\xc0\
\xcf\xb8\xfdk\xd2\xc2\x09\xb6\xa3\xd7\xe4\xf1\xeb{Y\x92\
\xc0\x09\xb3\x95mJJ\xca\xf28\x09\x1c\x93K\x057\
\xf7.\x0akV\x8d5\x99e\x93,\xe9\xcdE:\xca\
\x9b\xa7\xe1\x8b\xfc0+ix\x9c\x1f\xe8k4\xf5K\
(V\xf2'Qo\xf8GV\x8e\x87\xaaU\xb6w\x94\
\xa9~\xed{\xbf\xfe\xc5\xb6\xd9\xd5\xd9\x1a\x1bN7\x1d\
\xbbjeGA\xca\x94{\xab\xed^j\xfb@\xa9\xa9\
]\xbb\x88\x5c8\xbcp\x8fa\xa1\x7f\x886\xfaU\x8a\
\xb1\xadh\xaa\xb4\xd6\xe9?\xc1!\xa9z\x89\xa5:\xc9\
\xa7\x99\x8e\x98\xadi\xd9\x8c\xabr\xd6\x80r\xa1\xea+\
\x85eOV\xd1\xef\x1a\xaf'R8\xe3,\xf5\xfa\xbc\
|3\xe2\x9bZ_@\xd5\xbdD\xd7DU\xb2\xdd\xa5\
,\x81oK\xbc|\xda\x00\xda\xdb{s\xe6\x1d\xab\xa9\
W\xc4\xfa\xa5\xd6\xdav\xf46\xbf\xd4\xe6\xddx\x0b\xc3\
\xfaL>\xa6\xf2\xf3r\xf8K?\xafD>\xa5\xbcC\
\x92\xc7\x8f\x06\x18CH\xee\xacc\x8f|Wv\xc6\xf6\
\xeb\xccT\xae;\x7f\xd4\xf1\xda\xb5\x8e\x95^\x84\xab\xd9\
s\x15\xfa\xa0\x16\xf6$\xdf\xa0\x99\x91\xe3\x850\x91\x95\
\x12@ Wb\xad\xd5\x9d:\xbeUN\xcf;g\xa5\
\xdf\xdc\xd1u-\xa9f+\x96\xf3\xec.\x1c\xf6\xe6\xfd\
\x01))\xee=\xabC\x8c\xb7\xa5\x15\xc1\xc9Q\x96\xe5\
\x05\xd0\xec\xc8q\xb3\x9d\xf9MKRRq\x924*\
]\x8e\x98\x92\x89\x08\x09$'w\xad4c\xb9\xe1\x0b\
\x18=\xc3I+i\x0e\xa9\x05\xd2\xa4\xf6\xe4T4\xa3\
\xf7\x04\xfd/\x08\x8b\x98\xa2\xca\x8f\x84\xf1\xfb\x001K\
\x19B\x5c\xa7\xc1f\xd9(\xfa\x90\xd9\xcf\x98u>\x22\
\xd1\xe4\xf5\xe7$\xd0\x9b\x93\xc4W\x02\xfbn\x14\xd4o\
\x18\x02\x92\x09\xcf\xaf\xa52^\xac2\xbc\xcd\xac\xe02\
-\x0d\xcd}(P\x07\xdc\xfd\xeaj\xc6pY\xc0\xb1\
\xab\xce$\x87m\xe9X\xb1$\x85\xadA\x5cc\xb5,\
\x7f#\xb9\x12\x0a\xb0\xa1\x94oac\x04c\x02\xac\xc4\
E\xdc\xc0&\xd5-+\xe4\x95\xa4\xf1\x83\xda\xa1\xe0\x9c\
0\x17\x0bc\x90T\x92\xa4\xf1\x9c\xf0j\x1f@\x9e\x04\
\x1d;\xf8\x80\x0aa{U\xec8\xa4\x1bq!mj\
M\x89E/\xe5I<\x13\x9c\xe6\x95\xc5\xe4d\xbeI\
\x98\x12m\x92\x0e\x1fp0\x15\xdc\xe2\xa3\x94N\xdf\xc8\
\xf8Z\xa3\xa3\x0a\x89;\xe6Q\xfc\xa7\x8cR9\xb1p\
\xb2\x22\xe3mq\x86C\x8e%)\x1f\x98\xe6\x99<\xf6\
\x86\xdaB&\xdb\x06s\xe5\xf7\xa1%\xdd\x87\xd4\xfdT\
\x0c5\x93\xa5 \xdc\xe4\x04\xc3g\xe5]9\xc0Np\
*\xb7R(6\xa7\xcb\x1f\xdbt\xa5\xee\xcb\xca\xae\x8f\
\xc7\x04\xe5\x1by?jE8\xcb)\xa1\xa2\xbd\x8e\xbf\
\xd0\xab\xf5\xf6\xcfs\xc5\xf2\xeb#\xe4R\x8d\xde|\xe1\
_j\xcc\xe0\xd7,\x898\xe7\x11\x11\xd6\xcb\x85\xdb\xa8\
\xf3?\xfb\xb2\xd2\x9aCg\x92\x83\xf5\xfb\xd6[\xc9y\
\xbc.\x0b\xc9\xbe\x8e\xdb\xb5\x04\x0b@b\xe8\x82\xc1I\
\xce\xe5\x1eME\xac\x14yk\x22\xb7\x81\xee\xb7qA\
\xd5$\xb8\x5cA\x1cd\xd6\xb8S\xcb\xccW\x22:\x85\
?\xf0\xf4\x7f\xc1\x15\xabl\xbe\x08\xf3\x08i2\xde\x97\
\xe4h 3\x8f\xd6\xbc\xc9\xde\x185iu\x17-\xed\
\xeeR3\xe6\x0b\xec(\x16C\x8b\x8d\x8a<\x89\x05\xff\
\x00\x1d\x0c)\x038\xdd\x81L\xb8\x11\xb3v\xfb\xe2n\
\x8c8\xdc\x04\x97\x9fm8\xdc\xa1\xe5\xfd)\x89\x8c\x9f\
\xb9\x17\x11\x8b\x84\xdb\xbaQ5\x86\x99B\x0f\x99HO\
\x98\xd5e\xeb\xa2^\xf5\xe3N\x93\x1d\x98\xed\xa11\xd9\
>e+\xb9\xa4m&#\x92\xce\x094\xa7\xe5\xa3\x05\
\x17\xdbm\x08\xef\x95c4\xcb2!1\x8c\x89,\x5c\
d\x07\x16\xf6\x1bo\xb1J\xaa|\xa6\xb9\x07\xd0\xfd\xdb\
\xa3r\xa3\x86\x1as\x8cyI4\x120\x82\xdc\xc5\xad\
HQFA\xe0\xa8\xf7\x14\x00\xe51\xda\x98\xe8C\x89\
\x01\xd4\xff\x00\x12h,1\xab9\x9b(%\xc5\x0c\x0f\
z\x87\xd1\x18Adt\xf6\x1d\xc9\x8c)Aj\x07p\
O\xa5!\x0d#\x11\xa5\xe1G\x01\x9f\xdd!i\xe4\xa4\
\x0e\xf4\x15\xf9H$K[Wk\xa2c\xb2C`\x00\
\x16O\x1cTmHm\xb8\xe8<\xdd%\x0e\xcbwy\
\xb8\xf2|O/\x0a\xdd\xc14\xd1x\x19I\x80J\xfe\
J0S\xa5\x0bRO \x9c\x90=\xc7\xde\x89s\xc0\
\xc1\x18\xba\xf8\xcc\x15#v\xd03\x85w\x14m#p\
\xb7\x09}-\xa79C\x87\x00\x8a\x1a\xc1b\xe8T\xa5\
\xc7\x82\xd8BG\x9f=\xfd\xea\x09\x1bL\x9a\xb8hH\
\x08B\xfcQ\x93\xeb\x8a_r\x1fF\xee\x0eF\xb0C\
L\xa5)JR\x86\xe2\x96\xf9\xc1\xfc\xa9\x84\x07\x1e|\
\x1b\x82\xc3\xc1\xa4d\x8c\xe4\x8eEF\xe0\x08]\x8d\x17\
)Z\xdbK\x8e}\x18<\x8a\x8c\xe4\x08\xb9\xd6\xbb\xa3\
SR\x86\x83\x0aacw\x9c\xf3R\xba\x01\x8c\xd4%\
\xab\x8f\x8e\xf2\x9dJP\x9c\x14\x0e\x13\xfaS\xa6\x00\xe3\
-\xadF\xfe\xd6\x0b\xc3ny#\x15\x19d\xb6j\xe3\
lf\x13\x81\xbd\xd9x\xfbQ\xb9\x904\x99\x0c\x18\xe1\
\x19\xc2\xc7<\x8e)\x94\xbeI\xc3\x22\xc4G\x9fQ\x0d\
\x84\xf1\xda\x8d\xc5r\x5c\xe4i.\xda\xf3\xae\x06\xdf\xdc\
\x12O$\x0at\xfeI\x8a\xe4o3De\x0aC\x0b\
Y\xde;\xa8\xf6\xaa\xe5/W\x045\x86I\xe9\xa81\
\xf4\xbd\x96Lg\xdbK\xf2\x1f\x18A#;\x7f*\xd4\
\xaa\xf0$\xa9\xa9\x14\xbb\x87J\xfeJ\xf2\x99$/t\
\xa5n\xdb\x8a\x97<\xf0,\xa8m\x5c\x1b\xb9hW!\
\xe48\xdb{W\xf6\xe4Tn\xc0\x98d5\xebC\xfc\
\x94R\xa41\x92\xbfT\x0c\xaa\xac\x85Q%\x14\xc8\x08\
\x1d<C\x10\x9c%[C\x8b\xcf\x98\xe0\x8a\x9a\xd7q\
\x82\xcc\x96J\x959n\xf4\xaeGS\xf4\xc2-Q\x12\
\x85\x14)$d\x1fAY\xa1t\x9a\xcaC]YN\
\x13Q\xe1\xb7\xecCj\xde\x9fM\x8bc\x17e\xbe\xd7\
\x82\x0e\xd0\xd8^USF\xf59a#E}\x1d\xab\
o=8\xe7\xe0\xa8]\xd0\xe2\xe46\xf7\x88\xa0\xf0\xfb\
\xf3]85\xb0\xe5\xd0\xa1\x05\xc6B\x8b\xc4\x99\xd7V\
\x9b|\xaf\x08 \x07\x0fr}\xbf*\xbe\xde\x9cd\x9e\
J\xdc\x1c\xe7\xb5\xf4w}1\x7fz\x0e\x86Z\x9d\x92\
c\xb1\xe1\x9c\x06\xd5\xcfj\xf3\x15s;\x97N]\x1e\
\x81\xd4\xa9\xa7\xd2W\x16\x8f\xd6\xfb9\xe4-H\xdd\xf2\
[\x89\x92\xe3\x8e\xc6`\xeeAW\xa9\xae\x82\xd3\xa9\xf7\
Ma\x9e\x7fR\xbf\xbe\xae\xf7\xd5\xaa\xdf\xe3$\xab.\
A\xbfFs\xc3JRYNR\x00\xe75\x13\xa9\xe5\
\xb5\x09r5+O\xdc\xba\x93eJLiZ\x8e\xea\
\xb8\xa8aN\x16{\xa9)\xce\xda\xd9V\xe2\x14\xd2\x9c\
\x9e\x0c\xb0\x8di\xc3\xfd$[\x92\xf8\xec\xb0\xc0oH\
[4\x8c\xe8\xf7'\xa4\xa2\xf2\x84a\xae1\x85~u\
\xc8\xbc\x95\xf5j\xd0\x9d\xbcc\xb5\xf6};\xc3\xd6\x1e\
\x1f\xab\xa5\xd5\x96\xaf9\xfdDW\x09\xfc\x95\x1bu\xe5\
\xe8\xad\xee\x8c\xf2\x9au\xa3\x94\xad'\x0a\xae\xd3\xa4\xa4\
\xb6Mg>\xde\xc7\xcd+W\x9cj\xc9\xd0\x93\x86\xd7\
\xc6\x0e\x85\xa65\xa4+\xf6\x9br\x1d\xdf|\x89\xcb \
\xb4\xea\xc6T\x9f\xd6\xbc\xf4\xac\xab\xc2\xef48\x82\xf6\
=\xef\xf9\x96\xc2\xe3F\x95\xbd\xfc\x9c\xeb%\xc3~\xc5\
\x92\xf7q\x85s\xb5En\x02\x10\x95\xc5@B\x8e>\
\xaf\xce\xbb\x9aE\x9d\xe59I\xdca\xa6\xcf+wq\
B\xb5\xbceo\x1c4\xb0;\xd2\x1d7^\xaf\x0aR\
\xa5G\x8a\xd2Rw)K\x09\xc9\xaa\xf5\xaf\x10Q\xd3\
f\xa9I\xb6\xdf\xc1\xda\xf0\xa7\x82o\xbcGM\xca\x8c\
\xd4\x12\xef/\x1f\xfa\x97.\x83\xe8;\x15\xa7Q\xbf3\
W\x7f\xe8\xa2\x95\x06\xcf\xf0\xaf\x1d\x8dy\x9f\x1bx\xa2\
\xe66\x0a\x96\x99\xcdIc??\x93\xd8\xff\x00\x87^\
\x03\x84\xf5w-W\x9at\xf3\x9ft\xd2\x1au'\xe2\
\x917\xc9\xb2l\xf6x\xb1\xda\xb06T\x94\x920A\
\xf7\xae\x1f\x86\xfc#RRW\xf7\xb5\x1b\xa9\xff\x00\xb1\
\xdb\xff\x00\x10\xbf\xc4\xcb[Zr\xd1\xf4JIG\xe4\
a\xd2\xbe\xa0iH\x10\x1cgP\x87\x09p\x9d\xbbS\
\x94\xe6\xba\xfe!\x8e\xa57\xe6\xe9\xfc4x\xbf\xf0\xc7\
\xfc\xbc\xea\xd4\x8f\x88%\xc4\xb3\xfd\xca\xa5\xe6\xedb\xbe\
\xf5H[-\xe7\xc1\xb7=\x8c8\xae\x08\xcf\xde\xb5Z\
\xea\x17t\xec>\xa2\xedfH\xe2j\xda\x1d\x95Mu\
X\xe8\xb51JMa\xbfl\xb2\xe7x\xd0\xd0zK\
|\x86\xf4V\x93x\x859IGo\x10\xa0\x9e\xe7\xed\
\x5c\xb8\xf8\x9eW\xf4d\xa9\xad\x8e+\xf4\xe7\xf0}j\
\xc3\xfc;\x8e\x81{N\xbe\xa6\xfc\xeaR\xe9}\xcb\xf3\
\x92g\x5c\xd8m\x91\xa7\xb7\x1da\xa6\x98\x9f\x84!(\
\xfa\x92O\xbdrt-f\xe2\x15\x1dZ\xad\xc9\xc7\xfb\
`\xf4\x1e*\xf0\xd5\x0b\xd9}.\x9d\x08\xc6\x0f\xa4\xb0\
\x99\x14\xd6\x99\xb6if\xe7[\x9b\x92\xfa\x16\x94\x1f\x0c\
\x15`\x13\xf7\xafA[\x5c\xab\xa8]S\xa9\x18\xe57\
\xc9\xe7-\xbc\x0d\xfb\x1a\xc2\xbd\x19\xd4\xc4\xd4~\xd6\xf8\
\xfe\x87?\x94\x95A}h\x00\xefI\xf3\x91\xf4\xe2\xbe\
\xa1\xb2J\x9ceI\x9f\x9f\xae7\xaa\xd2\x8c\xbd\xbe\x02\
\xb7wzC\x18IN\x13\xdb\x9a\x22\xe5%\x99\xbe\xc8\
\x9c\x9b~\x9e\x18\xe1\x17\xa4\xecB\x06B\xb1\xe6\x04\xd2\
\xd3\x93R\xe0\x9a\x8a\x09&\x9f>\xe6\x95=\xa77!\
G\xcb\xeaMR\xea\xca\xa5L%\xc2*\xabm\x98'\
\x19r\xcd\xc8\x0ap\xa1h\x871hG\x1e\x22\x10J\
?SZ\xe0\xed\xf1\x8d\xe97\xf9\xff\x00\xd8\xbaS\xac\
\xa1\xb7ck\xdd\xa5\xc0\x07\xa3\xc8R\x82P\xbc'\x9c\
\x8c\xf6\xaa\xb7\xecy\xa6\xb8\x16.K\xd35\x80+\x8a\
\xb2\xb0\xa4\x95%I\xe7\x1e\xf4\x95\xa8\xee^b,U\
\x22\xbd)\x03n\xe7-\xc7\x00,\xad\xb0\x0f\xd4S\x8c\
\xd5\xd4\xe9\xcd\xc7\xee\xc9\x9e\x9du9m\x9cv\x8f\xdc\
3\xa4$\x00\x95g\x1c\x11P\xe3\xce\x06I\x04\xb7\xcc\
\x95\x1d\xd0\x87\x02\x92\x05V\xf2\x9e\x184\x97D\xea\xb5\
#,'\xc2Pp(z\xe2\x9d2\x22\xb2\x11\x17\x08\
\xf7D%9Q\xc7\xb8\xa1\xbc\x93\x84%\xe8\xad0\xb0\
\x12\xb5\xa7\x9e\xe3\xd2\xa00\x843%\x0f<[Qq\
`v*\xa7\xdcH\x09\x90W!\xd26\x82\xd8\xecq\
H\x03\x98\x0f\xa6\x03{[Y\x0a\x14\xaf\xe0\x95\xd8\xde\
\xe6\x1f\x91\xca\xa4\xac\xa4\xfa\x15v\xa5\x1cV\xc7m\xaa\
h\x85\x9d\xaaO#9\xaa\xeat\x05\x82\xd9\xaa[\xb5\
>\xda\x14\xc3kZ\xc6\x00H\xca\xb3X\xe5\x9e\xc7K\
\x8ez:\xce\x86\xe94\xd8\x90S\xa9/\xa1\xb6\xe1 \
\xe5\xb6\xdc=\xc7\xa1\xc1\xa7\x84\x5c^\xe9tQRy\
\xf4\xc4\x96\xbc\xce\x93\xd5\x8d\xb1\xd8f$[sd'\
{x\x0a#\xf4\xaa\xae\xae\xa3?M3M\x1aj\x9f\
,\x96\xb3\xd8\xe0t\xf6\xd46\xba\xb2Gz\xaa\x943\
\xd8\xd9EsU\xea\xa5\xdc\x17\xfeY\xe7\x82s\xce\x0d\
m\x8d,,\x95\xb7\x82\x11OH\x9a\x90\x14\xe0\xca}\
T{\xd4\xc6R\xa6\xf8*\x90<M\xfef\xbf\xad7\
\xd4O\xe0R\x11\x16\xff\x00\x97l<\x99m\xe3\xd59\
\xe6\xbc\xfb\x89\xe8w1\x95\xe6\xfb2N\xd6\xe2c\x04\
\xf3\x81Q\x80\xc7\xb9\x17r\xd2\x8f]\xd2\x86\x9eq`\
\x93\xe7\xc1\xf4\xa0\x12,v/\x0fGGLX\xe9\xc0\
\x1c\x05\x11\xcf\xf5\xa0|\x1b\xb8\xcat-kK\x88\xdc\
\xae\xdcUi1w\xc86\x8d\xb7G\xd5I\x93\xf3w\
X\xd0\x9e\x8e8\xde\xac\x15\x9f\xb5]\x0a\x11\x94y*\
m\x90\xd7\xdb*\xee.\xbf\x1dn\xa9\xe6\x9b8J\x90\
p\x08\xaa_\xa7\xa1\xe1\x94\x12\xdb\xa5\x1a\xb5@\xc2\x9f\
\x0bi]\xd2NH\xa3\xceo\x81\xdf\xe0{l\xb37\
\x0d \xa5{\xc3\x83)\x03\xd2\x81\xf6\x92\x0a\x8e\xdc\xa9\
\x08@;\x94\x91\x82\x90ph\x0d\xa2\xda\x98\xc5\xb9\x0a\
sa\xc2N\x14\x15\xde\xa1\xbcc!&\xd7A\x9bm\
\x99\x83\xc6\x0b\x0d\xe4p\x09\xc5FS#\x90\xb6\xfb|\
\x87e\xa8\xb4\xf0A\x09\xe1G\xb5(\xb9d\x1d\xd9&\
\xd3q[\xb2\xc2\xcb\xa38t}5\x11\xe7\xb0\xde\xd7\
c3t\x94\xa7D\xb6^C\xa9t\xec\xda\x8e\xe2\xad\
\x96\x18\xf1\x92d\xab\xd0ZD\x04,-m\xaf\x19\xc1\
<\x93Us\xd1+>\xe2\xed\xbax\xcaO\xcd\xfc\xc2\
\x16\xe7t\xa3>\xb4\xf1Da\xb2R\xc7)\x88R\x1c\
3\xa2-\xc4\xab\x8c#\xd4U\x91+\x92~\xc4t\xa7\
d*\xf2\x0b,-\xb8+VP\x95wMU'\xc9\
\xa2/\x82v\xdbf\x8c\xf6\xe15 -\xdf\xf4\x898\
\xc5+x\x1f\x82-\xd8\xa8\xb1Mq\x0b\x0at+\xe9\
P\xe4\x22\xa3+\x22\xb7\xc1\x15\xa7\xed\xee7zy\xf9\
\x12\xda\x90\xc9W\x95\xb1\xce)\xb9\xf6\x10\xb0L\xb7[\
#0e\xe4! \x02\xa4\xe7\xd6\x91\xc5\xa0 \x1d\xb2\
A\xb9I\xf9\xc4\xa1\xc7V\x9f\xa4\x83\xda\x978!\xbc\
v\x22\xed5Iy\x0d\xf8n\x97\x920\x08\xed\x8a\xb1\
4\xc9$M\xa1\x9b\x95\x9f\xe6$\xad\x02@\xe05\xfc\
X\xa6H\x06\xd0\xac\xae\xc6\x86\xaf\x95HS\x84\x12q\
\xde\x97\x22\xa6\x02.\x9bT\x86<g\xd2C\xf9\xcf4\
du\xd9\x934\xfa\x9fa!YB\xbdN(m\x0e\
h\xe9T@\x8e\xdb\x9bI*V2*J\xa4\x99\x1d\
y\xb7&T\xad\x8d\x8c\x1fBi\xb71\xe0\xbe@\xca\
\x82\xa9\x0c\xfc\xb2\x1bR]H\xc6\xf3\xc04\xa4V\x8a\
\xc7\x03\xf3\xa2\xe2\xc7\xb3%\xe6\xdfm\xc9\x89Nv\xe7\
\xd6\xad\x8bB\xd2|\xf2BF\x86\xfb\x92C\xd7\x0b\x84\
f\x94\xc9\xc3m\xab\xd6\xa6/\x9eBr\xe7\x03\xb74\
zu#\x88RHX<\x95\xa4\xf9E#\x99\x13\x8c\
}\x86Wk\x02\xecJ\x09\x8f!\x99H\x19\xca@\xc9\
\x06\x93se\x0a/%?Ph\x03\xaa\x9d>\x1aT\
\xc3\xbe\xbe\x95tj\xc5qQdx\xc6[\x9e\xc2\xa7\
\xab\xbaS}\xb4\xda\xd4\x84Kmm\xab\xd3\xb9\xfe\xb5\
\xa2.\x92\xe8\xcd*US\xc9KWK\xb5l\xe4$\
e\xe55\xb8ypH\xfe\x95\xa1\xfd:\x8ebQ;\
*\x99\xcb\x97\x03\xb7\xbaCpa\xe4\xbb1\x97\x10\xae\
\xc3)\xe0RF\xb4q\x82\xba6\xce\x0f\x04\xf3\x1d'\
\xf9\x8b+a\xd4\x85>\x93\xc1\x14\x8a\xe5\xc5\xb5\x13\x7f\
\x93\xb9\x06\xbd\xb8\xd6\x9e\xd2\xe9\x86\xf3.\xad\xf5\x8d\xbd\
\xf8\xe6\x96\x14a)y\x8f\xb2\x8b\x8f7\x05\x02<\x84\
Y\x1fY\xdc\x0aO%\xbfZ\xda\xb7Mz^\x0e|\
\xe9\xa9z\x9fF\xacW\xf5\xbdxW\xcb4\xa4x\xa7\
\x18=\xaa\xa8\xda\xc5\xbfQe\xcdUR\x9a\x82\xf6\xec\
\x9d\xd2\x9a\xfen\x85\xbfJ[M\xa1a\x5c\xba\x92\x8c\
\x93Yo\xb4\xf7w\x05O8\xc1\xdd\xf0\x8f\x88\xff\x00\
aWw\x0e\x1b\xd3\xf6k%C\xa9\x13\xd5\xa95\x00\
\x9e\x9f/\xcd+% v\xad\x96T\xa3k\x0f)s\
\x82\x8dwW\x86\xa9uR\xf21\xda\xe5\xed\xd0\xc2/\
\x8b\x05cr\xc6\xc5w\xad\x15g*\x98\xf2\xfbG\x11\
J\x9e\xd5\xbd\x17\xbe\x9d\xcf\x892\xe2\xc8\x920\xd0\xe0\
\xb8\xae\x00\xac\xd7\x8ay\x8c\xa1\xd9l\xa9C\x1b!\xc6\
N\xd8\xe7EX\xbeX\x0c\xeb\x05\xd6<\x8e\xc5\xd46\
\xac\x90}E-\x0b\xf7*mI\x1b\xeb\xe9U\xecp\
\x9c\x93\xdc\xb2G\xb7\xd1\x1b\xac\xb8\x07\xe7\xa6\xfc\xa4f\
\xfc\xc4n)'\x15\xae\x9dkJ\xb2R\xa8\xb7?\xc9\
U;\xbb\xca4\xdd+J\x9bw<\xbcpZ\xf4u\
\xf2\xc9\xd5\x0bc\xb69R[\x82\xd4T\x16\xca\xd6\xac\
n)\xf5\xcd|\xa3\xc4v\xb7VW.\xf61s\x8e\
z_\x07\xdf\xbf\xc3\xef\x16\xd8\xdeXKG\xce\xda\x9e\
\xf2~\xff\x00\xd4\xa4EoCZ\xd5&\xc0\xe9L\x9b\
\x81qE2\xd0\xbf\x22FkW\xd4\xea\x92\xc5\xcd>\
!\xf1\xeeY\x1f\x0c\xf8J4\xa7i{=\xf5\xe5\xd3\
O\xa3\x9a\xebm9s\x8d\xac\xff\x00\x04\xb1\x93|l\
\x80\xe2Da\xb8\x8c\xf7\xe6\xbdu\x8e\xa3\x9b5^\xe9\
\xec\xe7\xdf\x83\xe2\x1e!\xf0\x5c\xad5'gb\xfc\xc5\
\x84\xe3\xb5\xfb\xbf\xd0\x8d\xbfZ\xefv\xdb\x8aa\xcc\xb7\
Jbj<\xc5%8P\x15\xb6\x95{z\xb4\xf7B\
JQg\x9c\xbe\xd1\xef\xack*U\xa9\xca\x13\x5c\xf2\
u\xbe\x81\xf5T\xda\x9d\x16\xd9\x0a\x11\xe4?\xe4+\x94\
\x0a\xb6\x8fq\x9a\xf1\xda\xfe\x88\xa7\x0f>\x9fK\xd9\x1f\
\xa0?\xc3\x8f\x1bQ\xab5\xa5\xde\xa7\xb9c\x99\x7f\xf9\
7\xac\xb4\xfc\xe8\x9dC~A\xbe\xc5\x9c\x127\xb0\x94\
+\x8d\xd5\x8e\xc6\xf2\x9cl\xbc\xb5I\xac\xf0\xf2\x8fM\
\xaaxz\xe2\x9e\xbc\xaf!q\x1c.R\xcf\xfd`\x8c\
\xea\x0e\xaf\x9d#\xe5\x91%\xa5\xb7!J\xc1tzW\
\xa0\xf0\xfd\x1a4\xa0\xfc\x95\xfd\xcf\x96\xff\x00\x8b\x1a\xe5\
z\xd7\x90Ma\xa7\x86\xf3\xda$\xb4\xf5\xb5\xeb\x5ct\
;-\x87'\xc5{\x87\x03|\x90+\xd1\xdd\xd7\xadR\
\x86\xda\x12\xc4\x8f\x17\xe1*\xd6\xaa\xff\x007\xb0r\x8b\
\x22\xe4\xdb\x92.\xce9\x09\xa7\x19\x8a\xe2\xb2\x96\xd4y\
\x02\xb7\xd8\xd4\x9a\xa0\xa1_\x99|\x98|I+e\xa9\
\xd4\xfa5\xe8\xc9\x8c\xd9\x9c\xba\xdd\x9a\x84\x08J\xdd8\
\x0b\xec\x13\xf9\xd6\xb7]\xdb\xd2\x95W\xc9\xcf\xa1j\xaa\
\xd4\x8d8\xf6\xfb,\xddC\xe8\x93\x9d;\xb0\xb0\xfc\x8b\
\xccY\xa6P\x0a\xf0\xdb>d\xfd\xab\x87\xa1\xf8\xbe\x8e\
\xa1s;jT\x5cZ}\xbe\x8fA\xacxI\xe9v\
\xd0\xb9\x95t\xf2\xb2\xd2\xe4\xe8\x1aB]\xe3Ft\x99\
h\x0fC\xb8[\xa4\xa0-L\xa5\xb0\xa7S\xc7\xbfz\
\xf1:\xdb\xb6\xb9\xd5\x95:\x0d\xd3\xa9\xf3\x9e\x0fe\xa1\
\xaa\xb6zT\xaa\xc9\xc6\xa4%\x87\x8cr\xb3\xda(\x1a\
C\xa6\xb7N\xb0\xde\xde\x8bge\xc8\x19Q*q\xc1\
\xe5\x1fj\xf7w\xba\xd5-\x1e\xd5N\xfa[\xd69\xc1\
\xe1\xec\xf4\x9b\x8d^\xeaP\xb1\x8e\xde}\xc6\xda\xab\xa3\
:\xdfH\xdf\x12\xca\xec\xd3.-0\xac\xadl\xa3\x85\
\x01\xde\xab\xd3|e\xa3\xdfP\x94\xa3^1\xcf\x18o\
\xdc\x9b\xef\x0akv5\xe3\x19\xd0rI\xf6\x97\xb1\xd1\
\x5c\xea~\x96{I&-\xcbB\xddcIm\x1bL\
\x95\x0d\xa9\xdd\x8a\xf30\xb2\xd6]\xf2\xa9i{\x17M\
\xff\x00*\xe5\x9e\xb6\xebS\xd0\xe3a\xe4\xdeX\xca\x15\
\x7f\xe4\xf8E\x0e\xc9uL\xa9\xebn\x1b\x7f0\xe1V\
P\xd2G \x1a\xfad\x1f\x97IN\xbb\xc3\xc7,\xf9\
\x95H9\xd4p\xa0\xb3\x9fbF\xf7a\xb8Be/\
\xcc\x80\xe4@\xaf\xa4\xa98\x04\xd6zZ\x85\x95\xc4\xfc\
\xba5\x13\x97\xfe\xa3W\xd3o\xa8EU\xafM\xc6/\
\xe4\x8b\x08K\xea*CeG\x1e\xd5*2O\x92\xb4\
\xd63\x13L\xa8\xc2O,-\x07\xdf\x14\xc4\x8bnA\
\x900y\x18\xc9\xc0\xa4r\xf7%.2\x1d\xaf1\x01\
 d\xf7\xaa\xddL1\xd4\x13$\x18B\x1a\xc0RI\
\xfbQ\xe6\x06\xc1\xb5\xda\xdc\xca\x1c\x0b\xde\x1b\xfb{\xd4\
:\xbf\x04\xec\x1a\xa6\xd6\x90\xd9>&\xe2\xbfoJx\
6\xd0m#\xaf\x91e[[\x0aI[\xcb$\x04\x84\
\x8aYJ-\xe1\x92\xe2\xf1\x93\xac\xf4+\xa6h\xd3\xf1\
\x93\xa9\xb5Le\xa9\xa6\xbc\xed\xb4\xaf)P\xc7\x15L\
\x94b\xf3\x22\xbf3rp]\x17;\xff\x00UG]\
\xa7\xa6\xda\x95~\x1dl\x8e<0\xda\xbc\xbb\x80\xedX\
.\xafT\xff\x00w\x11\x955\x0eI\xad5\xa7-Z\
\x1d\xd4\x96e6\xdb\x01\x1c\xa5J\xc9&\xaa\xb7\xb6\xf2\
\xd6\xff\x00r\xc4\xd3\xfb\x86\xd7\xfb\xd4mG0\xc4m\
\xf4%\x0a?Vkb\x88\x117\x1d<\xbb\x0b\xc5(\
\xc4\x86\x88\x07rj\xf8M\xfb\x88\xca\xfd\xd1ARH\
*\xda\x07\xd3\x8e\xc6\xb5\xa4\xb1\x91$2\xf0\xdd\xff\x00\
\x8b\xfd\xe9\xb0\x85+r\x01\xb5\xad)\x0a.H'\x05\
\x1e\x95\xe62z\x00\xf2\xaeO0\x84\x86\xa3\xa5.\x03\
\xe6\xe6\xab\x19?bB\xdc\xf9P\x0f\xb8\xa3\xb9~\x94\
\x12\xde\x07r\x1emCq9\xc5\x19\x0c\xa1\xb3\x93\xda\
mj[\x88\x054d7\x08\x8ba\x87\xa8%\x85\xb4\
\xd8\xf2\xf2\xa5v\xd9Q)5\xd0\x84\x92\xd2\x8bKN\
!\x04%\xb6\xbb\xab\xde\x91\x8f\x19g\xb1\x9cWZq\
\xb5\xbc\xd8\xf1\x90\xaf\xab\xd0\x8aT\x9eC82\x0a\x93\
6@RVZ\x09\xec\x92(\x909\xe3\xa1b3\x91\
&\x17\x22\xb8\xa7]'\x91B#{\x05\x223\x91\xa2\
9-\xf7\x95\xb4+*I\xf7\xa8\xa9\x16\xf0[\x19e\
d[W\xc5]c'\xc2`\x14#\x8d\xd4\xea\x9e9\
\x06\xf0>\x91\xa8d&\x08b*2\xf61J\xe2F\
\xe1\xb9\x8b.D \xdc\x90\xa7\xdc>m\x84z~t\
\xa4'\x16\xf9c\xcd;hi\x0d\x8c\xc5K%'8\
\xcf\x7f\xbd\x05\xb9\x86=!\xef0\x92R\x87\x0f\x9fj\
\xb9I\xa9O\x91y\xed\x91\xf3\x99\x93xZ\xd5\x04|\
\xa8o\x0a\xc04\xe4\xe4:%\xc8f\xd2\x04\xe7J\x14\
;(\xd4\xe4\x80\xd05Dh\x90<7d)\xe5\x1e\
\x07\x15[\xe7\xb0\x17\x1fU!\xc6\xcaH\xf1\xfc?\xa3\
\xedH\xd0\x06\x95$\xdem\xca+\x1e\x06\xdfjE\x1e\
H}\x10\xf6\x08Q$\xccT_\x18\xb4\x95\x9f;\xdf\
\xc9V\xa7\x82R\x1ej\x1b,XQT\xc2'\x97b\
\x13\x95\xb8\xa1\x8c}\xa9\xd7+\x91\xa2\xd1\x05d\xea\x0c\
\x0b<\xef\x96AHJ\x0e9\xe7p\xf7\xa7Tc.\
\xc5\x92\xc972juL\x949lBU\x81\x85+\
\xb7\x9a\xa2TTz\x02B\x15\xb1j\x8eD\xa4~\xf9\
=\x8ej\x87 I\x88\x86\xdb\xb6\xe9\xa5\xd0\xf1J9\
\xe0v\xa5\x13\x0c\xd4\xfb\x83\xaf>p\x81\xe1\x8e3R\
\x91jF\xd3\x0f\xf1v\xb2\x1f%i\x1c\x03\xc5\x12H\
b1\xc8\x13\x1b\x967<\xa2\x80pPE\x19`i\
\xeb\x83)\x98\x1bSI\xc8<\xab\xda\x9bp\x00\x98\xb3\
\x22QK*\xda\x07o\xf9\xa9r#\x5c\x89b\xd0\xa6\
\x10\xa7\x0f\x90\x9e\xea\x07\xb5LY\x03\x0b\x8fO\x1b\xbe\
:\x87\xdfs-\x8eI\xcd3\x90\x8f\xf2G\xa3\xa9v\
\xbd\x11pL\x01)y'o\x86\x12Nh \x9ba\
\xa4\x5c%\x22B#\x88\xec\xbd\xca\x95\xefM\x1e\xc7H\
\xd3z`&Z\xa5\xa5\xfd\xc9I\xc6)g.x\x1e\
\x22\xe6\xc8\x8a\xdd\xb8\x87\xa3!\xe1\x9e\x14\xafJ\x8d\xc1\
\x22)\x12S;-\xa5!\x87\x0f)\x00zSFX\
\xe8\xaeBZf$\xa5\x98\xf2]\xf9\x87;\xf2*\x04\
\xd8G\xddm\xa6\xce\x95\x04\xb2\x90\xd9\x1c\x11\xce*\xc4\
\xfd\xc6\xe8\xe6:\xfa\xc3\x22\xee\xb2\xfce\xad\xd7\x12w\
\x14c\x8a\xb6/\x05R\xcc\xb0s\xc9\xfaFe\xc6q\
yl\x966\x93\xbb\x1e\xa2\xb5B\xa1\x92t2*L\
gX\x19\x88\x80\xda\xc0\xe1C\xde\xad\xf3\x13)V\xec\
\x8d\x8a\xb9v\xd9.\xaaJ|g\x1d\xe3\x07\xbd?\x0d\
\x08\xe9\xb46\xb8\xc5v\xec\xe0RQ\xe0\xf8|\xe4s\
M\xfa\x8b\xb4\x8d\x9d\x15\xec\xe4\x02\xe0G\xd5M\x15,\
\xfa8c\xc69^\x92gN\x19\x0d\x14\xb8\xb6\xf1\x1f\
#sy\xc8W4\x97Td\xa3\x99{\x89\x185\xea\
=-\xd2\x9e\xa7Yz!\xa4\x8b\x92#y\xe6\xfe\xf0\
%I\xc7\x7f\xbd$aN\x9d=\x8d\xac\xff\x00\xde=\
\xce\x84]y\xe2U3\xb5q\xd7\xcf\xc3\xf8\x05\xd4\x8e\
\xb2\xcc\xd7\x16u(E\x11\x228<\xa5*\xe0\xfbU\
U)\xd2\x970yh\xa6\xac\xa5\x19\xec\xac\xb0\xbd\x9f\
\xe0\xe3\xb7\xa0\xfe\x9f\xb4<\xf7\x8aZR\xd4p\xa0y\
 \xd6j\x10\xf33\x0a\xbd\x1c\xfa5\xaa\xd1\xb8\xdfm\
<?\xc1HZG\x8c\xd3\x8d\xadh[\x8ecw\xe7\
]hS\x84\x22\xe37\xc0\xf77\x15<\xd8\xcdI\xb9\
e\x1e\xa5\xe9]\xb9=#\xd0\x88\xd4\x8cCi\xe9\xeb\
N\xdf\x1c\x9c\xa8\x8cW\xc5\xb5\xda\xd5/\xef\x7ff\xca\
X\x89\xfa\xd3\xc0\x9a-\x0a\x1a/\xed\x95\x14\xea\xc5e\
\xb7\xf8]\x14-S\xd7wu\x96\xa6v{\xf6\xe6\x9d\
|\x8c\x12\x7f:\xf6Z\x7f\x87\x95\x8d\xachR\x9e8\
>M}\xfe%\xda]j\xd3\xb8\xbc\xa0\x9aY_\xd5\
\x14\xad]k^\xa8\xb8\x9b\x8bn\x88\x0fg\x01\xb4\x1e\
s]\xcbJ.\x9c\x14kz\x8f\x0b\xafk\xf6\xd7:\
\x8b\xbd\xd3\xa2\xa0\xbf\x04U\xbbO\xdc\x8c\xd7$I\xb9\
;\x1d\xd6F[9\xc9Q\xad\x15#F\x10\xdb\xe5\xe5\
3\x9e\xbcA\xa8\xd4\xaa\xe5*\xafw\xcf\xe4y+U\
_ 5\x1eM\xc5\xa7%\xc6Q\xe1j\xe0\x1f\xbdW\
B\x16\x90X\xa5\xfd\x8au*\xba\x85\xc4\x15}M6\
\xbd\x9b/\xba\x0b\xac\x0eFu\xa7\x1aa\x0f\xc6F\x0b\
\xac\x13\xe5\xc5S}oR\xad\x17\x0aR\xd8\xcfE\xfe\
\x1f_\xd2\xd3\xef\xb3{G\xcc\xa77\xef\xc9d\xba\xeb\
&5#\x8b\x97\x12\xde\x96O\xd7\xb1\x03\x8cWcB\
\xa3p\xad\xd5:\xdc\xe3\xdc\xc9\xe3\x9b\x8b\x09jr\x9d\
\x8cv\xc5\xbe\x91?\xd3\xfd\x12\xe7T]KV\xc6\x92\
\xd4\xe4\xf0\xa2N\xdd\xa7\xf5\xa4\xd4\xb5[M\x1a\x8c\xaa\
j\x12\xe3\xfb\x98t]\x22\xefX\xad\xe4\xe9\xab\x12_\
\xd0\x06\xb0\xe9\xa4\xfd\x17tTk\xcc\x83%\xcd\xc4\xa5\
$\xee\xc5c\xb5\xd4\xec.\xad\x9d\xe6\x97Ma\xf3\xc0\
\xda\xb6\x8f\xa8i\xf7\x1fK\xa8\xc9\xa7\x97\xdf$k\xda\
\xb3\xf0\xc7\x04D\xcf\x5cf\x940Q\x5cZ\xb5\xe8\x5c\
\xd5\x8dY\xc3\x95\xf89\x93\xa9Z\xce/\xca\xac\xf0\xff\
\x00#\xdd5\xd5\xe9\xdaJ\xca\xfd\xa2\x01\x0c\xc9\x96\xee\
\xf4\xcbI\xf3\x0ex\xaa5\x0d\x16\x9d\xfd\xe4+Vy\
\x82\xfeS\xb9e\xe39\xd8\xda:\x14\xd7\xaa\x7f\xcd\xee\
\xbfS\xa4i\xcbGT\xe4\xdb\xd9rT\xf9\x08\xb7>\
\x01L\x9d\xde\xfd\x93\xfa\xd7\x96\xd5\xa8\xf8N\x15\xda\xa0\
\x92\x9cW+\xf2{\xed\x02\xf3\xc67tT$\x9c\xe1\
.T\xbe?\xfe\x8cu\xe6\xb8\xbetNY\x8d\xa8\xec\
1\xee\x96Y-\x1f\xf3\x0aX>s\xda\xb9\xb6\x0a\xdb\
P\xaa\xa7\xa4\xdc\xb8\xcd<c\x1e\xc7\xaf\xd5\xafk\xe9\
\xfa{\x86\xb9c\x1d\xbdnm\x7fB\x8f\xd2\xfdK\xa6\
\xdd\xd5.\xcbK\xc8\x84\xf9>#a)\xfe\x89\xaf\xa5\
jw\xda\x85kUl\xe2\xdb\xf7>-\xa3\xc2\xc2\x96\
\xa5\xf5s\x9e!\x9c\xa5\xff\x00\xb1|\xd6:\xfa\xe7\xd4\
\x1b'\x80\xbbb\x1ci\x9c\xa9\x0b'\x1c{\xd7\x97\xf0\
\xf7\x87\xa9\xe9\x97\xfeuZ\xed9u\xf9>\xa9\xe2\xef\
\x14GX\xd2U\x0b{E\xc7\xba_\xf6P-\xd76\
a\xaf\xc2q\x90\xdb\xe98#\x1e\x95\xf5\xea\xd5s\x89\
E\xf0\xfd\xcf\x81\xd2\xa1\xe4\xc5S\x972\xf7%%\xcd\
\x84\xf7\x0b\x09\xc1\xa4Ro\xa26\x11/\xc5\x8e\x16\xa5\
6\xacdc\xda\x9b\x19\x04\xf1\xc0x7\x18\xcd\x84\xa1\
` \x83\xca\xb1\xde\x92T\xb9,\x7f\x82CdW\xc0\
,8\x858}{UN$\xc4cs\xd2\xcf\xcdX\
Z\xbb'\xb0&\xab|\x0c\x16\x16\x9b\x5cHKw\xcc\
\xacw\x00R\xca\xe6Q\xe1\x02M\xf2u\x9e\x86tf\
-\xce)\xbc^H1\xe3\xf2\x86\xd68 \x0f\xbd_\
J\x92~\xa9\x95\xd5\xaf\xfc\x913\xa8\xfa\xc9\xde\xa6_\
Qj\xb6\xfe\xee\x04o\xdd\x9d\xbc\x04\x81T]\xb5%\
\xb6#R\xa3\xb1e\x87\xb4ih6\x18\xc9o\xc3O\
\x8d\x8eU\x8a\xe7B\xd9\xa9dv\x8dN,IN\xc7\
\xdb\x04\x13\x80\xbfj\xe8\xa5\x8e\x0a\xdcH\x99\x91X\xb7\
\xa7\x0d\xb9\xe7\xf4\xc75\xa3b\x13s\x06\xdd\xdat\x98\
\xfe\x00Y#\x9fZu\x04\xfb\x0d\xcc\x8f}\x87\x90\xad\
\x8e\xa0,\x83\xc52A\x94\x1b\xc6?\xf0\x93RN\x0a\
LK\xac\xcbta\xf3\x8c\xa1n\xfa\x14\x8c\x9a\xf3g\
m1\xcbL\xbe\xff\x00\xf9\x87\x09\x08X\xc6;\x1a\xac\
a\xf7\x8a\xd3\x0c$\x82\xa3\x9e\xc2\x95\xb05&{\x8d\
\xb0\xac\xa3\xc8\x07\x03\xb9\xa5\x01\xf6\x9a\xb0N\xd5\x11\x7f\
p\xc9\xc1\xfe%\xa7\x02\x80\x1c9\xa7\xee:i\xd5\xb6\
\xa6T\x07\xf1\x14\x83\x82?:\x5c\xe1\xf2*dr\xf5\
0jHih\xf2\x93\xe6\xdc;\xd3\x0c\x12#\xcbi\
\xf5\xbd!-\xa21\xfa\x03~\xa2\x99 1\xbdH\xce\
\x1c\x05\xbc(\x9f\xdd\x90;\xd5r\x01\xd4Y\xf3-\xd0\
\x9c\x90\xb6\xdb\xf7N\x06I\xa2 F\xfe.\xdd\xdd\x87\
D\xb0\xb6\xf7\x1c\xed\x1d\x8dY\x94YO\x8e\x07p.\
A\x8bz\x93\x15\x1c\x85c\x91\xc1\xa9r\x00\x92\xe7H\
j1u\xf6\x92\xda\x92?\x80sUJd>\x86\xf0\
5\xbc\xab\xb5\xb4\xc1\xb6\xc7Y\x90W\xe6q\xd4\xf2?\
ZS\x9dF\x15\x1c\xbdD\x94\x15;d\x82\x86e\xa9\
e\xcd\xdb\xd4G\xa5\x07N\x141\x1c\xe4\xdd\xca{\xd7\
f\x10\x98\x03\xf7\x99\xc2\xc2\xbd)\xa2J\xaa\xe4\xf6\x9a\
\x85\x0d\xc6\x19XS\xbb\x16\xb4\xed\x1el\x0f\xebL0\
\x88v\xb5\xbc\xb5\xb55J \x0f)\xceA\xfdh\x00\
\xed-\x88\x81Q\x8b(*\x1fJ\x941P\xd0\x0b\xb1\
\xd9e3t\x11\xc8d\x89\xaa\xf2\x1fj6 %\xae\
v\xa8\xda]\xef\x06yt)]\xb6\xfa\xd2\xb8\xe1d\
\x94\xb2C\xda`\xc9\x91s[\x8d\xb2\x94BI>e\
\x0eH\xf7\xa5\xc8t5\xbfi\x075\x1b/5!\xd5\
0\xc9V\x07\x86y4\xd9\x15\xb1\x8a\xfa]o\xb4\xb2\
\xdb\xce\xc9h\xa9\xb4\x80\x94n\xf3\x9f\xd2\xa2r\xa8\xfe\
\xd0Lu\x12<KTb\xa0\xb7\xd9\x1d\xc1O\x19\xfb\
R\xfa\x9f,x\xaf\x92J-\xf4J\x88C\x9e&;\
\x03\xeah\xda0Xs\x9ce\x0aeX\xf0\x15\xd9K\
\xfa\xa9Q\x18C\x1b\x9c6`\xc6B\xa1\xb8\xf3\xae\xa9\
^m\xdfMXI\xab\x9d\xd96\xebzV\xb5\x86\xdc\
\x1e\x89=\xfe\xd4c =\xb5\xdc\x97t\xb7\xa6A\x18\
A\xff\x00\xe6\xa8\xd8\xc0D\xe6\xe3LA\xf0\xc7\x9d}\
\xcdC\x88\x03m\xb6\xc2|\x02\x09\xfee'\x92*v\
\xe5\x08\xfb\x0f\x0e4x\xe9R[qn+\xd4,\xd4\
m\x04\x86\x1a\x8a\xd72\xe0\xc1D\x07\x12\x09\xe1I'\
\xb5CA(\xfc\x0c\x93\xd3\x86b\x88\xe7\xe5X~\xe6\
\xa4\xe5%`\x10\x0d\x09\x95\xa49\x93m\xbb\xb1\x01q\
\xee)e\x87\x0f\xfaa\x1cyi\xc7\x1c\xda-\x82\xd9\
o\xf0\x12\xb5-\xd5\xf2J\xfbTK,h\x8d\xa7\x08\
\xb7/\xdc\xbc\xa44R\xac\x9e}E*\x8b\x09\x0f#\
\xc2\x8dwp \xf8M\xad\xb4\xf0\xb1\x80\x14)\x9cY\
\x5c\x88K\x9c\x04\x22b\x90\xd0C\x8bOu'\x9a\x84\
\xc1H\x83\x95m\x9du\x98\xa6\xf7\x0d\x89\xf5>\xd5j\
\xe8\x9cn\x03w\x91\x1fK@X\x08e\xc7v\xe3\xde\
\xad\x82\xcf\x00\xe3\x83\x93=\xaa\x1c\xd5\xda\x91V\xe4\xb1\
\x8c\xab\x04\xa0v\xad\x1bpU'\x82e\xce\x91I\xb6\
\xbb\x84\xe1{F@\xaa\xe5,\x15\xc4\x8b\xb8\xf4\xcd\xc9\
jZ\xb6+\xc7@\xed\x8e)\xe3W\x8e\x05q@X\
\xe9\x94\xa4F_\x8c\x10\xd9X\xecx\xa7\xf3\x0a\xdd4\
7\x83\xd3\xb7\xff\x00x\xdbIe\xc0~\xafR*]\
l\x94\xd4\x8c\x9f\x08}\x13D\xdb\xf4j>m\xf5\xa9\
\xd6\x02\x82\x9dGr\x9f\xc8UJ\xea\xa3\xa7(\xae\xfd\
\x8dTh\xb78\xaa\x9d{\x96\xae\xb3u.\xd7\xd5\xcb\
5\xaa\xcdn\x84\xd4X\xcc\xb2\x90\xb7\x0a6\xa8\x91^\
GC\xd2\xee\xed\xef%qq<\xbc\xf5\xed\xc9\xf4\xff\
\x00\x19\xf8\xabI\xab\xa5Q\xb3\xd3\xe9\xad\xca+/\x1e\
\xe5\x1fU_\xa3\xd9\x5c\x89\x1d\xa7^q\x11\xd0\x12\xa4\
\xf7\x04\x8e\xd5\xeam\xad\x9cd\xdeq\xb8\xf9\x0d\xf6\xa5\
R\xf2\x11\x8dU\x87\x15\x840\xd4:\x13T\xde\xb4\xa2\
\xafr#\xed\xb6\xa5[R\x8c\x10\xa2\x0f\xaf\xe5U\xad\
B\xd7\xcf\xfaXK\xd4w\xa8x?RV/PP\
\xf4\xaf\xc1T\x9b\x1ee\xbe2P\xfc\x19\x08`\x10\xa0\
\xe1l\xe75\xd1N\xd6m\xc3\x7f'\x1a\xb6\x9by\x04\
\xaa:Oo\xce\x09F\xfa\xdb\x7f\x83a6\xb5x\x89\
\x84~\x90\xe0 \xe2\xb9\xd5\xb4\x1bJ\x95\xd5\xd4p\xd9\
\xeb-\xbf\xc4-^\xc7Oz\x5ca\x88\xbf\xfd\xc6Z\
|8\x99\x0a}\xc5\xa8\xa9\xee\xc0\x1e\xc6\xbaw\x1e\x86\
\xb3\xd2G\x87\xa5o+\x89\xed\xa4\xb37\xda\xf8\x1d\xdc\
\xe1\xbdky\xb7\x9euJ%[\xb0\x93\xc5$*\xca\
\xa7\xb7\x05\x97\xb65,%\xb2\xbcq\x92A\x9d.\xee\
\xafq\x12\x99\x93\xe0\xa69\xdcR\xb5`,\x0fAY\
\xae\xb5\x0f&;\x1cxf\x9d+J\xa9{\xe8\xa2\xd6\
W?\xd4\xeaW\xbd}\x16\xff\x00\xd2Siz\xd2\x12\
\xb8\xcd\x10\xc3\xa9o\x95+\x15\xe3m\xb4\x89R\xbfW\
\x91\xa9\x98\xb7\xd6y>\xc1+\xa9\xd6\xd0\xbfg^[\
\xbd\xf4\xd7\x0d.\xd9\xcc\xfaY\xa7^}\x12PR\xe2\
V\x8eV\x9cv\xafwp\xfc\xc9\xee\xf6>-mR\
\xe6\x15\xfc\x88\xacK=\x1dOGjY=4\x8e]\
n\xdc&6\xf79S{\x92+6\xa9iR\xf6\xdf\
\xcb\xb1\xab\x8c}\xdc\xf2\x8fq\xa0\xea\x14\xb4[\xbf\xa9\
\xd7)\xe5>\xb2\xb3\x90\xcc\xebw\x1f\x5c\xb9\x11$\x1b\
l\x89'r\x83J\xd9\xb6\x88\xe9\xf4\x95\xbch_-\
\xff\x00\xaf'\x03X\xf14\xff\x00iJ\xfbI^Z\
o\x8fn\x08\xc8\xda\xb1\xc9\xaf8\xf4\x89\x8fL\x90\xc7\
\x00\xba\xbd\xd9\xab\xedemmM\xc2\xde).\xb89\
\x17\xda\x8d{\x9a\x8a\xa5\xc4\x9c\xa7\xf9\xe4\x8a\xd4\xe8\x91\
\xa8\xa4%\xd6R\x84\xed\x1c\xe3\xbdSVQSUv\
\x99(\xc9\xca-U@\xa5>\xd3\x96\xa0\xe2\x96\xa4.\
9\x1c\x03\x85n\x1d\xb8\xac\xf1x\x93izY\x5c\xe1\
M\xc5\xbc\x16\xb6>1\xf5\x1d\x8bO7g\x97\xbf\xc1\
\xdb\x86\x88\xceq\xef^2\xff\x00\xc0\xf6\xf5\xee<\xea\
~\xe7\xd8<+\xfe/T\xd34\xe9i\xf5\x22\xb9\xe8\
\xabj\xcd}u\xd7\xf6uGzk\xd2\x1bR\xf7m\
qd\xed\x15\xe8,t\x8b\x1b\x04\xa5\x08\xa5/\x94\x8f\
\x17\xadx\xbfR\xd6S\xa5t\xde\xdc\xe7\x19\xe3\x8e\x88\
[,\xc1e\x9e\x92\xad\x85h\xc7\xd3\xcdv>\xaaT\
\xa5\xbe+)\x9eF\x10Ry\x8b:\xfd\x87\xa9Rf\
Y\x90\x86\x12\x92\xb0y\x18\xe4\xd7\x13\x5c\xf0\xea\xbb\x9a\
\xba\xa56\x9e:\xc9\xf5\x7f\x08\xff\x00\x8a?\xb3\xed\xbf\
g\xddRRY\xf8\xcb7yq\xab\x8bI\x94\xe3a\
\x89\x0a\x1en0+\xd2xz\x95j6\xd1\xa5V[\
\xb0y?\x17F\xca\xa5\xc3\xbc\xb5\xccw{21Q\
\xd0\xe3[\xd0\xa0\xe7\xe4s\x8a\xee\xb8a\xf0y\xean\
2\x0c\xc5\xb5\x0fE+R\xcaN8\xa8\xde\x91\x15#\
\xf03p4\xda<\x87\xcf\x9esS)'\xc9\x09<\
dDh\xcb\xf1<@\xe1N;\x00{U\x15'\x8e\
\x86D\xdd\x8d\xd9\xf2\xa5\xa5(;\xd0\x0e\x08<\x9a\xcf\
)\xe7\x81\x9fE\xf6\xdfsc@\xc8fE\xee\x1c\x85\
\xc6P\xc8\x08A9\xfc\xea\xcaT\xd6s\x22e5\xb7\
\x0b\xb1\x9e\xbe\xf8\xa3\xf9\x8br\xac\xf6XrZL\xa5\
\x02\x82\xa6\xc8\xc0\xaa\xae\xef\x16\xcd\xb0\x16\x85\x07\x9d\xd2\
'\xf4\x13\x12\xa3\xd8\x12\xf4\x96\xdbm\xe7\x13\xbb r\
I\xef\x5c\xebH\xc9\xb6\xe4i\x9c\xfd\x89\xa4]\xd4\x96\
JV\x9c\x9c\xfdX\xae\xa3i\x22\xa9H\x8b\x9du\xc2\
\x14\x0a@\x04\xe74A\xee|\x15\xb9\x11n\x83(\xee\
Ns\x9e\xd5\xa3(\xab\x0c#\x8c\x18\xd1\xbc\x5c\x90\xbc\
v\xcd:\x92a\x860jR\xe6$\x91\xbbw\xa9\xcd\
6IH\xde\xcf\xb8\xa0b\xad&Pi\xa2\xe4wP\
\xeb\xa7\xfaW\x9b;{@[\xa6HK!/(\x92\
U\x9c\xfaR\xc9\x12\x87f\xf0\xd3r\x0bn\xc7s\xc8\
3\x9aL\x0c\x91\x90\xf5\x03\x13\x96\xb4 `\x81\xc6M\
\x18D\xe1\x13\x16~\xa5\xde\xed\xbb \xc5)%\xdf\x22\
F\xceE\x18A\x84X\x9c\x91\xa9W\x14\x22L\xd8\xe9\
A\x1f\xbc\x0aOj]\x88\xaf\x0b%:\xf7~\x85i\
\xba%\x89\x91\x5c\x92\xe3\xc7\xca\xb4\x1c\x05~\x94\xd8E\
\x8a+\x00\xe3\xcd,N\x01\xc6\x96\x19_)k\xd4\x0a\
\x91r\x0e\xe7v\xf1\xee(m\x88n% \xf7\xf6\xa5\
\xda9#\x12l\x99\x8f\x22) \x8cr\x00\xedP\xa0\
\x04\xb3\xf0\xe3Gm-\xba\xd8<s\xc79\xa5\x92y\
\xe0d\xc6rf\x22,\xa4\xb6\xc4exdg>\x94\
/\xc8\xa1\x99\x8e\xf4\x85\x17\x9e\x92\xdf\x828\x08\x22\x9d\
B\x0f\xdc\x07\x96[\x9bp\x1bW\x84\xdaV\xbey\x03\
\x9cTJ\x0b\x03E\xee7y\x92\xe5\xca\x09)`\x87\
\x01\xf5\x1d\xea\xa2Zx\xc0\xce\xd5)\xc8i\x1e#*\
C\xae\x1d\xaaV=)\xd2\xc1\x11\x8b\xc9%2\xd6\xd3\
\xad#\xc4i\xc5\xb6>\x92\x9e\xc3\xeejI\x9b\x9e8\
21\xf1\x10\xa6\x14\xa4\x86Q\xf4\xb8{\x0f\xce\x82\x16\
CC\x87\x1d\xf6\x1cnJ\x82\xc8\xff\x00Ii\xf5\xa0\
2\xc6\xb1\xe1L\x0e\x92\x90\xa4;\x1f\x96\x5c=\xa8\x18\
\x5ct\xdd\xaeS\xc3\x97U\x07\xfc#\xe4)\x18\xcdD\
\xb1\x82\x5c\xb2\xb8\x17\x17Q\xbf\x1d\x99\x89\x90\xde\xd6R\
\xac'\x03\x04\x8a\xaf\x81\x1ba,\xb7\x86/\xcd\xb8\x11\
\xfb\xbd\xbd\xb2\x7f\xde\x8c\xa0\xc3 &\xe86\xe7\xdf\xc4\
\xd7$\x10\xe2N\x13\xe78\xa6Rh\x95\xd0{\x8cg\
\x19\x8b\xb5.\xa6HJ\x80\xc2EK\x93k\x0cl\xb0\
\xb1]r\xed5\x11\xd9\x8e\xb6\xd7\xb7\xbe8\xa5\x0c\xb1\
\xad\xfa\xcd5\x17/\x02T\x84gh)H\x189\xa0\
2\xc7p\xc4\x84@\xf9uy\x1eA\x07\x04w\x14\x06\
X\x06\xec)\x9e\xdaU)\xa5,\xa5Y\xc0\xa11\xd3\
\x1c\xaa\x1b\x90\x90\xa7\x18q!\x0b\x18\x0d\xe3\xb53\x99\
\x12c\xa8pO\xe1\xab\x1c%\xe7\x07$\x8e\xd5MI\
\xcb\xd8\x5c\xb1\x84h\xf2l\x8f\xb6\x11\xceO\xef\x0e2\
\x0f\xe5O\x09\xbd\xa4\x12\x9f*\x85\xb8\x14\x98\xce\x159\
\xca\x96;&\x95\xc9\x93\x91Q\xdc\x87!\x0e\xa1\xa6\x96\
\x87\x9b\xee\xb3\xd8\xd5qr\xce\x18)r\x0e\x14\x89(\
*uL\xac\xbc\xd7\xfad\xf65w\x08m\xa8$\xb7\
\x1d\xbc\xba\x99\x13Y[\xa5\x03\x09)\xfe\x1f\xce\xa3r\
\x0c\x22&\xebqKhQZ\x14\xe0O\x03i\xedB\
\x97\xc9\x0f\x8e\x8a5\xca\xe0\xd4\xb9\xa1\x0e\x95'\xcd\x90\
\x90|\xd8\xab\x93Dd\xb6D\xb5\xfe)\x19*I\x5c\
d\x04\xe3*8&\x9f\x87\xd1\x18\x0ba\x84\xdd\x99\xd5\
%M/\x0a\xe0\xb8y\x06\xb3c\x916 \xd3 5\
&Z\xc3N%;\x87?zl\x8f\x92\xb3\xa9zQ\
\xf8\xa2\xfcDICm\x0eVU\xda\xac\x85F\xa5\x92\
%\xca#t\x94M/g\xbf;\x0e\x0f\x84\xb9\xe0y\
\xde\xceEX\xeb\xc9\xf6\x8a\xa3\x04\xd9r\xbbh!\x06\
#r\x111\xa9\x0fJ\xfe\x14s\xb2\x91\xc9\xbe\x18\xde\
Z dY\xde\x87(6\x1b\x1e.1\xbb\x1cR\xee\
h\x89\xa6\xba!\xee\x9a\x12U\xd2I\xf1\xdfA\x1e\x9b\
x\xc56\xe6#\x88\x18\x1d5V\x99R\x9da\xcc\xa9\
\xdeN\xe3\x9cU\x94\xea4\xc8\x849\xc8\xce\xf9\xa1\x1b\
\x92\xfa\x08IC\xeerJ\xbe\x95\xfe\x94\xcf\x19\xc9u\
z[\xa3\x84\xc8y\xdar\xdd\x15\xcf\x0aC\xcd\xb1)\
#\xc8O\x148\xafc\x9a\xe8\xb8,\x1c\xcb[\xdb\xcc\
[\x88Cr\x1b\xf1\x03\x81@\x1f\xe2\xe6\xae\x84\x1c\xb8\
k?\xa1\x93\xe9a\x16\xab9r\x8b\x1e\xb4\xf8\x8b\xbc\
K\xd3\xb0\xadilx,\x04n\xc2\x06\x0e+\x8bO\
\xc2\xd4\xa3]\xdc\xc7;\x8f\xa6O\xfcO\xbd\xa9c\x0d\
>\x11\xf4\xc5\xfe9\x0f\xab>#m\x97\x8d)\x1e\x22\
\xa1 -\x902B@$\xd6\x1b_\x0d\x5c+\xb9T\
\xdf\xc3=\xa5\xc7\xf8\x99\xa6=26\xd3\xa3\xea\xfe\x87\
+\xd7z\xc8k\xcb\xb8\x92\x86Ld\xb6\x80\x901\x80\
q^\xa3O\xb2\xfae\xb5r|\x8b]\xd7)_O\
|#\x83v\x8b\xb2\x93o!\x19\xf1Q\xd8\xe7 \xd6\
\xda\xf1\x84\xfbg\x9f\xb7\xabR\x8do\xa8]\x85\xb7]\
%\x5c\x19I\x92\xe2w\x13\xebTF\xda\x9cW\xa4\xdb\
\xa9\xea\xd3\xbf\x92uW+\xe0\x94T\xb5/\xc0J^\
\xde\x96U\xb8!\x07\x19\xa5\xa9\x16\xe0\xd6\x0czm\xcc\
\xad/#4^\xe0j\xedCw\x8f\x19\x846\x88\xd0\
\x9a#+[~\x95\xe5#\xa6Z\xba\xfb\xff\x00\x9b\xe3\
'\xe8z\xba\xfd\xfa\xd3\x95\xca\x8f\xa6<\xfb\x0b\x99}\
\x7fFG\x9a\xa4\xb8\xd2\xdc\x9a6\xefJx\x15\xe8$\
\x9d\x1a~L9L\xf8\x8d\x0by\xde\xeaN\xfa\x9f\xeb\
\xfa\x17\x8e\x90\xf5\x19\xdb%\x81\x08\xbcxw\x16%'\
\x09B\x13\xcaG\xe7F\x9de\x1a.Ua\xc6\xee\xcd\
\xfe(\xd7\xa3\xa8(\xdb\xd5\x8f0\x0bx\xe9\xf5\xbbP\
:\xf4\xa8\xad-\x80\xea\xb22\xae\x13]zv\xd0y\
r<\x8c\xa0\xe5\x84\xd7Eb\xf3\xd3w\xf4\xd3\xcd\xba\
\xa9m\xf8j\x19\xce;\xd72t\xa7\x19\xb4\xfa)\xb7\
\xab\x995\xf09E\xb9\xfbC(Z\x90\x5c\xf1\x86P\
\xa08Ui\xa7V)a\xac\x9a\xa8\xd2N/g,\
\x86\xd50Zz9wj\xa3\xcc\x07\x80\xae\xca\xac\xf1\
\x8c%&\xd9r\xa1'\x1d\xae<\x95\xe9M\xca\xb9\xdc\
Zmh\xf9\x94\xa58\xdc\x84\xf0\x8ay<p\x8c\xb3\
\xb7\x94=3F\xa7\x83i\x91\xfb\xa3\x87\x146\x9ex\
Mg\xa9\x08\xd5^\xb0\xa7\x06\xbd\x18d{\xff\x00\xb8\
\x92\xa3\x1dY\x7f\x19Q\xcf\xa7\xbdD[\xc2\xa7.p\
+\xab\xb6MI\x16\xce\x90\xf5\x1a=\xbfQ0\x99+\
N\xd5(%@\x9f\xbdS\xac\xe9\xd5\xeb[5C<\
\x22t\x0b\x9b{k\xe8N\xb7Rgp\xd4\xda\x8a\xc3\
\x0a\xec\x97\xa6\xb0\xa9\x16\xe9\x08\x1b\x12\x83\x8d\xa7\xeek\
\xc7\xf8^\x1a\xba\xa7(\xa6\xf2\xb3\xd9\xf6O\x13\xd2\xd0\
\xe38y\xdfl\xb1\xcex+Z\x81\x8bm\xaaY\x91\
my\x22\x1b\xa7\xca\xderE{\xbf\x0fj\xb5\xeb\xa7\
\x0b\xdaxk<\x9e\x07\xc4z=\xad\xa3U,j\xa9\
\xc5\xe3\x8f\xff\x00$Z.\x0dHx\xe1\xc0\x8eq\x82\
{WV\x93\x96\xf6\xbbG\x9b\xab(\xc3\x0cy)\x88\
\xa5\x94\x94\x10\xa7?\x88f\xadY\xc6\x03+\x00\x98\x8c\
[y\x09lx\x8e;\xc2P;\x8aICp\xceP\
\xc1\xdaz?\xd2\xe6\xedv\xff\x00\xc5\xee\xeaK\x0d\xa0\
o\xf3qD#\x04\xfdL\xa2U\x1ex\x01\xd6\xfe\xb1\
19,\xc7\xb6\x86d\xb0\xdav\x95% \x81U\xdd\
VIb$\xd2\xa5\x97\xbeC\x0d5igP\xc2m\
\xd7\xdbd\xb9\x80B\x82\x07\x15\xcd\x8a\x8b\x96Y\xb9\xcd\
c\x08\xb7(\xa5\xb8\xcd\xb6\xa4\x04!\xb4\xe3\x9fZ\xdc\
\xd2]\x14Idm%J-\x12\xde\xd0\x9fs\xcdO\
}\x89(\x90sd!\xc7\x02H\xcf>\x95m5\xb4\
]\x88s\x1e\x1b\x10\x80w\xc5I'\x9d\xa6\xa5\xf7\xc1\
;Hk\xf1[\xaeo\x0e\x0c\x1e\xc2\xa6\x12\xf9\x15\xa7\
\x81\xab2P\xcb|(\x07\x0fqZ\x96\x10\x8d\xb4o\
\xc0A\xfe?\xefFC,\xe5\xb6yK\x92\xf2_u\
J\x8c\x9c\xe3h\xaf8w2[\xe6EftV\x94\
\xdc\x8d\xbb\x14\x0e\xf1\xdc\xd1&Jy\xec\x8b\x99\x1aE\
\xe6\xea\x10\xd3\xbf\xbbo\x1b\x94\x0e7\x0fZ\xac|\x93\
q\x8d\xbe\x16\x1bJR^\xf7\xa02\xc3\xa1\x09\xb3<\
\xa9\xfb\xf6\xbaNR\x9fj\x03,\x89gW\xdd.\x97\
\x87\xd4\xfc\x87CO\x1c\x00M\x02>\xf8\x14\xabiL\
\xe4\xa9\xd5)\xe7\x96\x7fpOtP:o\x04\xe5\xaa\
\xc1-\xe7\xfcGT\x14\xb4p\x90OqA\x03\xdf\x0c\
\xad\xd5 \xb6\x96\x9c\xcfz\x0b\x06\xba\x92zl\x0d!\
\x10\xd1\xe2\xcaP\xef\x9a\x00lu\x14\xf8\xa8G\xcc\xc4\
O\x86\xb1\x959\xedF\xdc\x83c\xebF\xa0`;\xc0\
.\x82=GjG\x80\x5c\x8e\xa3\xab\xf1\x09\x0a@h\
\x04\xe75S\xc8\xfb~\x02\xdb\xd4\x8bl\xc3\x90\x00#\
\x15t\xba\x12\x12\xc35v\xbc\xbf\x1e`\x0c\xa3sx\
\xaaK\xfc\xce9F\x85\xe5\xe9/\xe1L\xa7jy<\
\xd3I\xb1#Q>\x10\xab\xcd\xeac\xd0\x9b\x10[\xde\
7ec\xb7\x15\x19b\xb9\xae\x8ckd\x88H\x0f8\
\xb6I8R1\xde\x8c\xb1\xe9\xac\x89p\xa4\xf8m%\
\xc5\xa7\xfe\x1eGzd;k#\xb9\x12\xe5Ym\x8a\
*R\x9dV2\x13\xde\xa4\xaaO\x1d\x19a\xd6\xae]\
\xa3\xa9\x0f \xa0\xa3\xb9\xc7jY\xf4W\x96\xd9#!\
\xf6\xee\x08\x05-\x87\x1a@\xc2\xf21\xbf\xefT\x96\xae\
H\xeb\x8b1-\x07\xe6\x06#\xb6N\x08H\xcejp\
\xc6I\x1a~\xca]H}\xb9\x0aR\x1cFA\xcd9\
\x0f\x1e\xc4V\x9c\xb7L\xb4\x5c\xd4HS\xed\x13\x93\xb8\
\xd0A/v\x96V\xe8\xf9\x12[p\x8c\x12=(\x02\
:\xf5b7\x00\x87\xdf\x9c\xe0\x90\xd9\xce}M\x03\xb8\
\x9bF\xa7\x028\x0f%^&\xd2\x84\xb9\x8eN(\x10\
\x5cg\xe5\xbbn8\xf5\xce\x14\xae\x09\xa0\x98\x9a\xb3\xe9\
\xd9k\x0e>\xfb\xc4/\x19JB\xb3J\xe4L\xfa\xe0\
4\x05\xba\xda\xdeZ\xdc+q\x03\xe8'\x15\x18lQ\
\xc7\x8d&Sh\xf0\xdb\x0by\xcf\xe0\xcf\x09\xa6K\x0b\
\x03$\x87Ro\x8e[b%\x99[YN0\xb2=\
(\xc0\xb8!\xd3\xac\x0d\xcd\xb7\xa2\xdb\xa2!@+\x1e\
7\xf1\x13R\x92O,\x95\xd8\xefM\xea\x07\xe2\xabd\
\xe1\x84\xa3\x8c\x9e\xc4\xd2\xc9g\xa1\xc72>aW/\
\x15\x0e\x91\x15\x5c\x90))\xc5\xae\xc01\xd2\x8d\xa9\xef\
\x15\x0a\x0bJ\xb0p{S\xb1d\x8d\x0d\x19kSK\
\x90\xf4V\xbctp0*2\xd1;\x08\x97\xb4\xea\xdd\
\xce_Ph\x9e\x07\xa8\xa3,0\x83\x9b\x0c\x86#'\
\x92\xf39\x1d\xfb\x8aqp\xc1?\x11q\xae\xe4!\xa0\
R@\x14\x06\x18)\xb1\xd7\x1dK\x0b%hX!I\
=\xb1M\x17\x82\x1a\xcfd\x12:yo\xb7\xbc\xbb\x8c\
(\xad\xfc\xc3\xbfV\x0759@\x96\x07\x96\xbb\xda\xd4\
\x16\x846\x03\xec\x8e\x12h\xca\x17p\x98\x17\xf5_$\
\xba\x99\x0d\xfc\xba\xd9<\xf1P\xbb\xe0`J\x84\xdc\xe7\
\x9c(\x92S\xb7\xb0\xcf&\x98\x00L\x98\xdcv\x8bo\
\xb8R\x07\x01X\xefM\x07\xc9MT\xf1\xc1\xa4\xc3j\
\x5cm\xfe)Z\x92\x9f\x22\x88\xe4RK-\x89\x15S\
\x07/\xea\x85\xad\xbb\x5cw\x9f?\xe6\xa5g\xca1\xd8\
U\xf4#\xf2W^\x13\xc6QM\xd3rm\xf0l\xaf\
\xca\xbc#\xc4\xb8\xa8\xfe\xe5+\x19\xda*\xbb\xd9W\x8d\
X\xf9={\x9e\xa3\xc3Vzl\xedg;\xf9z\xbd\
\x91Z\xd4HK\x91\xd6\xa4\xaf\x0bQ\xcaP=\xab\xa3\
\xe6\xd6\x8c1/s\xc2\xdd'N\xeeP\x87Y X\
i\x97\xa2\xa8Hh \xa7\xdc\xd6\xbc\xb5MM\x09*\
\x91r_\x92=Q\xfcV\xf0\x0a\x8aB\xbbT\xce\xaa\
Q-\xfax\xaf\xb5\x862\x15\x1bsh\x1b\x12\xa1\xdc\
Uq\x86\xe13\x87\xc8\x9bd\x80\xc8O\x8c\xe9!G\
\x8a\xbaT\xb6\xac \xc2\x8b\xccIS5(Z\x03)\
\xda\xa0s\x9a\xcd\xcfLwG\xa9\xe7\x94O'[\xcf\
0\x04?\x19I\xdc0\x0e}+\x14t\x88)\xf9\xa7\
\xb0\x87\x8cn\xbe\x8b\xe8q\xe9\xc6\x04Y\xeeo\xbf%\
Qd8d \xff\x001\xe2\xae\xb8\xa6\x99\xc6\xd2u\
G\xa7\xb9\xb6\xb3\xb8\xea:\x19L\xad\x846\xa4\x80\x96\
\x06\x06Mo\xb5\xa6\xb6\xe5\x9c\xea\xf7\x0a\xb5IWq\
\xc1\xd2t\xf3+\x9b\x1c\xa0`4FI\xec\x05k\xa5\
\xb5\xe53\x9b\x1a\x93\xa9'%\xd0\xdfYi\x98\xd7{\
[\x88\x5c\x94mh`\xf9\xbbS\xcbd\xd7\x965\x18\
\xb8f8\xe4\xa4@qv\x07\x0b2e.K*\xe1\
\xbc\xf3\xb3=\xab\xceU^Ks\xf67\xdbZ\xcd\xb5\
\x1ak-\x96[\x0fHo\xdaef\xf9\xa8m\xa8~\
\xcc\xe2r\xda\xd6s\xe5=\xb8\xae%\x1f\x15i\xf5\xab\
;X\xfd\xe7\xa8\xbf\xf0v\xb1en\xb5\x0a\xd1\xfd\xdf\
\xbb+\x9ab\xd5lsSK/\xca\xf96\x94\x14P\
\x94\x8c\x8czW]\xc5\xcb\x0d3\xcf]\xdef\x0dE\
e\x95\xbb7M.\xbdD\xd6\x0fD\xb2\xb2\xa9cq\
)R\x8e\x12y\xedX\xaf\xb5;]>\x0e\xa5\xd3\xe0\
\x9d\x0fO\xbe\xd5\xab\xfd5\x94s/\x81\xc6\xa2\xe9\xe5\
\xd3\xa4z\xb6\x13z\x92\xda\x98\x8c\xa5\xc4\xf8\x8aO\x9b\
)\xcfj\xbe\xcbV\xb1\xd5-\xe7V\xceX|\xe1~\
K\xb5/\x0e\xea:%\xd2\x8e\xabO\x09\xb5\xf2wm\
g\xa4zU\xd4\xcd\x1a\xd8\xd3*\x8fo\xb8\xb2\xd2W\
\xb9\x09\x08QV9\x1f\xd6\xbeQ\xa6\xea\xbe#\xd35\
\x09F\xf32\xa6\xdf\xcf\xb1\xf6:\xbe\x16\xf0\xbe\xb3\xa3\
y\xf6\x12P\xad\x15\x9c\x1cq\x13_\xb72-\x93T\
\x1f\xd8\xb2\x02\x8a\xb8\xc7\xbd}\xa6\xda\xb4V*QG\
\xe7\xeb\xba\xd7\x13\x97\xd3\xdcK)\x12o\xc1i\x96\x12\
\xdbxPG=\xeb\xae\x9b\x9c9I1\xd4\x94c\x9f\
o\x81P\xe0\xc7\x92\xb2\xac\x0f\x10RF\xa6\xc5\x88,\
\x96(\xa6\x92h\x94\x8a\xeb\x10c)E\x90\xe3\xd8\xf2\
\xa4\x0c\xe7\x15\x5c\xe5\xf2D\x22\xb1\x84\xcb\xc7K\x93m\
\x88\x93s\xb9\xb2\x1a,\xf9\x88)\xedU\xba\xa9 T\
\xf2\xc9\x9dk\xd5_\xf1cE\x8bx*\x82\x06\x08\x03\
\x02\xb3\xd4\xa9\xc1\xa24x\xc9_\xd2zv\x18}\xc6\
\xf0V$\x1c\xed#\x81Y\xa5\xcb\xe4Y\xd3h\xe8\x10\
\x93\x1e\xde\x96\x9aJ\x03M\x01\x82R*TVE\xda\
\xd14\x85D\x9a\xde\xe2\xac\x84\x8fZ\xbe\x09.\x89o\
\x05wS\xccB\x01n2\x815dC(\x84\x87o\
q\x85\x97]V@\xabc\xd0\xad\x0d&\xdcD\xc9$\
\x02RS\xe8\x0dJ\xe4\x80\x08|>\xf1%Y\xdb\xd9\
>\x95da\x95\x91[\x01p)}a\xcd\x9b6\xf7\
\xe6\xae\x8fX+\x9fC\x7f\x99\x1e\xe7\xfaS\xe1\x94\x94\
\xfb\x84\xc4%\x01\xb6P\x92s\x9eEy\xa3\xd0a\x84\
E\x99s\xed\xb8\x0bq8\xef\x8fJ\x09\x8a~\xe3\xcb\
\x15\x95\x9f\x97([\xeb\x0f\x0c\xee\xe6\x91\xac\x0eIC\
\xd2\xad:\xe1qNe-\x9c\x82\x93\xc9\xa8\x01a\xb6\
\xa4\xcb(w\xc4\xd8N\x01=\xa8\x00\xecB\x8f\x15\xc5\
\x06\xd2\x14\xa4\x1c\xe7\x19\xa9K$\xc6#\xa8\x0d \xc8\
\xf1\x1d\xda\x0e|\xa1^\x94\xac\x7fl\x04f\xd9$\xcb\
[\xa8[\xbbs\x94\xfd\xea\x1c\xd0$\x85\xa9\x8f\x9b\xdc\
]p\xb4\xe2O\x1b\x8e3F\xe4K\x8bAe\xda\xd9\
h6\xf3\xdeb\x91\xdcT\xe7\x0b\x92\x02;\x14\xc9\x8b\
\xe0c\xc4i\xc1\xbb8\xce*;BK\x97\xc0\x1b<\
'mE@\xb2\xd2\x93\x92y\x1c\xd2\x8f\x1e;\x11r\
fB\x9e\xcc,\xa5\xc3\xfc\xc3\x02\xa1\xb4X\x9e\x03\xc6\
S\xa9\x84\x11p\x00<y\x1e\x1d?\xdd\xd1\x0e8\x03\
\x11\x0fF\x96V\xac-\x93\x80\x9c\x9eMQ<\xa7\x82\
\x89\xa7\xf2N\x04CR<R\x85\xb4\xbf\xe2J\x86\x01\
\x1e\xf53\x92\xc6L\xd0\x8c\xb3\xc8\xd6\xfa\xdb\xcd\x16\xdd\
\xb7)\x92\x80s\xb78\xcf\xe7K\x17\x92\xd6\xf9\xc9\x96\
\xcb\x94\x8b\xa3\xcb\x12ZeN\xb7\xdc qL\xd6\x0b\
\xe1<v>\x94\x95\xad\x94\xac!\x9f)\xfe\x951\x92\
\xc1\x1eg\x22\xa3\xcdDx\xcbyh/\x00\x9c\xed\xef\
S\xb8\xb2?\x90\xa8\xba\xc3v\xda\xeb\xe8e\xb6\xc0\x1c\
\x809\xa3<\x04\xde\x22E[.r\xef\x8a[\x0f%\
\x0cEs\xe8\xd9\xdf\x1fz\xad\x22\x95/\x92E\xf8\x91\
\x5c\x8ec\xefC\x81#\xd4\xe6\xac\x8a^\xe5\xc97\xd1\
\x1d\x1a\xda\xb8h_\x88\xe2\xbc\x1c\xf0\x07\xa0\xa8x\x1b\
\x187\xf8\x80\x8d<5\x15\x0bu\x0aO\x98\x91P6\
\xd1\xecD\xa1\xb7\xcaP\x12V\xa1\xb8\xe7\xd2\xa1\xbc\x06\
\xd6\x0dq\xd8m\xd0d\x1f\xde\xf2\xa0\x07o\xca\xa4m\
\xc8s\xe3Cck\xca\x8e\x97\x16\x0f\x08\x03#\x8a0\
\xca\xe5\xc8\xc2\xeb\x11Z\x8aR\x9fwtf\xd0<\xad\
\xa3\x8c\xfe\x95;Y0X\x03\x06\xd0\xdb+S\xea\x9b\
\xe1(\x0e\x10\xe2\xf0O\xe9I\x81\xc0^\xdci\xf2\x8f\
\x01J\xf9\x82p\xb2\x9e\xdf\x9dY\x0fH\xbbGV\xe7\
\x1d\x8d\x08\xa9\x00\xefo\xbe\xe3\xcd#Y|\x0c\xfd(\
\x0bRcOe\xef\x9cR\x8b\xae}!U\x18b\xc7\
\xd7\xd0K=\x85\xbblg^dm=\xf1\xda\x89t\
\x1bZ\x18\x5c$L\xd4\x90\xde\x8a\xd3io\xdd\xcc`\
\x8f\xd6\xa62K\xb1\x89}*\xca[\x8a\x96\x1eYq\
-\x8d\xabP9\x19\xa5\xab\x87\xf6\x8a\xe6\x8d\xea;d\
\xa4\xb4\x1b\xb6\xbd\xe4'q\xdc\xac`QMar\x1b\
\x84?5\xe7Yj4B\x5cp'\x0b\xdc}Gz\
f\x89\xdc\x18\x05FPB\xc9/\x91\x92\x0fj@\xca\
\x06\xdd\xcd(q\xcc)kq#;A\xcasV\x12\
0\xb6^\xde\xb9\xceY\x92\x90\x80|\xa9)\xa0\x07W\
\x1bSN\xb6\x12\x16\xe3\x8al\x95\x12\x83\x9f\xcf4\x0b\
>;2\x14\x96\x95\x86\xdbSeH\xc9RA\xe4T\
\x10\x96J\xee\xa3\x8c\xfb\x17\xc6e\xb0\x02\x10\x972R\
8*\xfc\xe9\x92\xc8\x8e-\x03\xd5:\xd1\x12\x94\x84.\
0h\xb9\xddH\x18\xcf\xde\xa6=\x93\x1eP\xdb\xf0\x08\
\x93\x99m\xc6\xdfq/\x81\xc8I\xefLF\x18\xbb\x88\
\xca[\x12\x10\x0bm\x8c(\xd4\xae\xc5y\xec\x88p\xdc\
V\x1dTm\x862U\xe5>\xb8\xa7Q\xf9(u$\
\x88\xe7\xac\xeb\xbaBu\xb5\xa5\x0ap\x9e\xea\xf4\xabS\
#\xcd\x960E\xddz:\xa7\xedj\x5c\xb6\xdb\xf13\
\x94\xed\x1d\xa9|\xf7\x06K\x94\xbf\x94\xa4\x5czF\xe5\
\x9a\xe0f6w\xa9(RB\x5c\x1csWJ\xed\xcd\
c\x00\xa9\xa8T\xdc\xcaf\xa0\xe9\xf4\x89M)\xc0\x0a\
\x5c*\xfaGj\xbe\x9d~0\xcc\xf5\xa9,\xbd\xab\xb1\
\x8atl\x9bK\x1e#\xcd\xabi\xecH\xefN\xe4\xa6\
\xb0QJ\x9e\xd9z\x86\x86\xd6]Y[\xc9-\x8c\xf1\
\x91\x8c\xd5\xd4\xb1\x145H\xa6\xf81\xbbV^\x01-\
\x95\x80x;\x7f\xbd\x22\x9b\xcf\x22\xa8$.m\xb6C\
\x8e`4\xbc\xfam\x1cSRq\x8fen\x9c\xb3\xb8\
\x0bZ^\xea\xe2\xd4\xaeR\xa1\xf4\x85z\xd3J\xbb\xcf\
\x0b\x82\xfd\xad\xc4y\x16t\xbb:Hy\xac-\x1d\x8f\
\xbd-I)\xae\x05\x92\xc4p\xcb\xc7N\xaf\xe9\xb9\xa1\
n\xf8\xa5\x0ak\xebI=\xea\xf8T\x8ca\x81)\xd4\
mm\x9fE\xbfXut3\xa7\x848\x8a)wn\
\x09I\xc6k+o9\x1e\x9cv>\x0eV\xbdEq\
3p\xa9\xef\xf8Nr\xb0\xa7\x0dX\xe7\x98\xedDs\
\xf0Y4\xc6\xbe\x8c&!\x87T\xe3\xef\x0f\xa0\x9eA\
\xc5QZ)\xd1\x95!\xad\xee\xeaP\xa8\xaaC\xd8\xb8\
\xeb\xef\x89K\xed\xd6\xd6\xc5\xadn\x7f\x92m!!;\
\x89H\x15\xe1-<\x1doN\xe3\xceo\x9f\x93\xdfj\
\xff\x00\xe2\x96\xa1y\xa5\xfe\xce\xa9\x15\x8f\x92\xa3{\xbe\
?\x0a\xd5\xfb\x95'\xc5t\x02J\x8f8\xc5z\xc8\xd3\
q\xe1\x1f<\xb7\xaa\xa5\x0c2W@\xfc@L\xd0\x16\
\x91\x16\xdc\xda\x0b\xc1~*\x9d\x03\xcc=\xc6k\x99\xaa\
\xf8z\x96\xa1\x1cTy;>\x14\xf15\xdf\x87\xef\xbe\
\xaa\xde)\x96\x8b\xff\x00\xc5#z\xd6Co_\xa3\x87\
\x92\x02PJ\x93\xb8\xd7\x06\xc7\xc1n\xc6\xdeU-\xe5\
\x87\xed\xc9\xf4ms\xfcN\xb7\xd6.\xa0\xef!\x98\xfc\
\xb4Rz\x8f.\x15\xd2[W\x0b,\x97\x22\xb2{\xb6\
\xd1\xdak\xb9\xa1\xd1\xab\xb2Q\xbc[\x9f\xe4\xe2\xf8\xda\
\xff\x00N\xac\x95\xc6\x8b//=\xa4\xf0\x02yU\xce\
\xc2\xc4\x86\xe5(<\x95e[\xd5\x85\x1a\xd9B\xe1\xaa\
\xae\x8cQ\xe0\xebh\xd5\x1d\x05u)g\xfa\xf2t-\
\x11jF\xae\xd1Kr\x1c\xb6~r2\x0a\x9c\x0bW\
$\x0foz\xed\xdb\xd2\x94#\xbaG=E'\xb3\xd8\
\x82\xb6\x0b\xa4\xb9\x8aa\x88\xb2\x0b\xca8\x1eS\xcf\xa5\
h\xa5p\x9f\x08\x9f.J\x5c\xbe\x0fAtK\xa3(\
\xd36\xd4\xde\xb5\x00\xdc\xee\xdd\xe1\xb5\xf6\x1f\xa5EX\
\xc9-\xec\x99\xc9n\xc4Hn\xac\xf5j\x12.\x81\xa8\
\xb0\x82\xe1\xa8\xe1\xd0\xca2\x00\xae|\xea\xf1\x83U4\
\xfd\x83\xe9\x9b\x94)\xb6\xf4\x08\xec%\x0d:2\xa0\xa1\
\x82*\x9c\xfb0\x92\x97H\xbei\x88\x96\xa6YI)\
\x1b\xfd8\xa5\xa9\xcfE\xd4\xe3\x8e\xcb%\xb6\xcb\x0eb\
\x89 \x10G\xb5g\xf3&\x9f%\x92\xda\xc8K\xf5\x8b\
\xe5$),\x9f*\x8f\xa1\xed[\xad\xead\xc5R%\
B\xed\x15\xe8\xce\x12\x08+\xef\x93\xde\xb5\xc5\xa2\x96\x98\
\xc6$\x99S%\x16]\xf2\xa4\xfa\xfb\xd5\xb9\x11\xee2\
\xe5\xa7S\x1d\xdf\x11\x95\xees\xd4f\x9a\x9e\x08m\x8c\
\xf6)8<\x83\x9f\xca\xb6(\xf0,\x934\xb4\xb4\xb7\
\x02I;\x8fq\xe9BI\x10\xf2\xf8\x09\xf8s\x7f\xcc\
)\xf2F\xc6R\x9e\xb0!2\x84\x80\xe2ZFxA\
\xe4\xd7\x98=\x08\xfa\xd7r-\xa8\xa0$\xa5.z\x9a\
\x00\x1f\xf8qm\x5c\x96\xe0x!/w\xc9<T>\
\x80}\x01\x1f\x85\xc8,o\xde\x809Vi\x00u2\
PuIm#rRx w\xa0h\x8d\xda\x90b\
\xba\xb5\x16\x16\xd0H\xc9*<*\x9f\xd8`v;\x9b\
\x9a\x87S\xb4\x87XtGJ\xbf!U\xbe\x80\xed\x09\
\xb7\xc3\x89ok\x0dg\xcb\xe55[\x0c\xe0\xa9\xeb\xe6\
\xedR\x99\x0a)\x0c)\xbe\xeb\xce\x00\xa2\x1d\x86H\x06\
n\x11'%\x0dG\x9e\xd3\xa9H\xc1H\xf7\xad;E\
c\xdb]\xc9V\xb4-JA)\x1d\x94}j\xa9,\
\x11\x1e\xf9\x19Ze\xc8\xb9]\x9cZ\x9e\x09\x1c\xedN\
;\xd2\x0eJX\x18\x91sZ\xd2\xe2\xc6\x12O\x9b\x1f\
\xda\x96D\xa1\xcb\x9aI\xc5\x85\xaf\xe6\xdb\x0aH'\xc3\
#\x90=\xeb4\xea\xb8>\x04\xc4\x8a\xbd\xff\x00R\xb7\
l}\xb56L\x85!\xce\xc3\xd3\x9a\xd3In\x8eJ\
\xe5\x19\x13\xcc\xc6\xba\xf5\x01\xa3$\xacE`\xa7\x09N\
;\xd2q\x9c2c\x16\xe44\xff\x00\x04\x5c,+Z\
\xdc\xde\xfbNp\x90=i\xb2\xbd\x8b\xf6\xa1\xe5\x91\x94\
\xdbW\x94G[\x0f+\x85\xa5]\xd5U\xcf/\xa2\x14\
\x05Ha\xf7&\xa9A\x97\x03n\x1f\xa7\xda\xa6=\x10\
\xa0\xf7r-7\xa6\xec\xaf%\xa7\x80Cn\x1f\xe2\xa6\
,\x5cpF\xbf)j\xba\x97Y\x05\xd8\xf9\xca\x92\x9e\
\xd51D\xa4\xb3\xc8\xda\xe7vy\x0bS\x91[S)\
\x07\xcc3CC\xb5\x11\xc3\xb0\xfeZ\x13o\x02\xa0\xa5\
\x8c\xa8\xe7\x80is\x82\x99\xc1\xaeP\xe9\x9b\xbbrm\
\x8amK\xf1\x97\x9cq\xcd+\xcb!FX\xc9\x22\xc4\
\xb1i\x86\x90\xda<\xce\x00rqV\xecc4\xd1\x17\
:\xf3\xf8e\xfd1\xda\x86\xe2\xc3\x83r\x9d\x07 }\
\xa9%\x16.Yi\xd2\x17\xab\x13\x17W\x0d\xe2\x12\xd6\
\xd2\x9a\xc3g8\xf3Q\xb9\x0eF\xdc\x1cD)\x8f\xba\
\xd3D2I-\xa4\xf3R\x03\x1bd\x99s\xa4.S\
\xa0\xfb!5-\x8d\x16W\xb5\x07Me_\xaf-\xdc\
\xae\x12O\x82\x85\x05xi\xe3\x81P10\xfd\xe6\xcf\
ka\x0dFy\x0d-\xc1\xb4o9\xcd\x00d\x16%\
\xedS\x8bp<\x80<\x9b}h\x22\xa3\x11\x06*n\
\x0f\xba\xec\xa8\xea%\xa3\xe5\x00\xd0%7\xb4S\x97\xf7\
\x19>\x0bl\xa9\x08_\xebAj{\x87\xa9\xcd\xa6!\
\xf1d\xb6\xa1#\x9cc\x91Q\x846\x00\xb1vb \
,A\x8a\xe3\xc8\x7f\xfdU\xa4\xf1\xba\xa7\x05xD\x83\
M\xb1\x07\x0e(*A#\x05\xa4\x9c\x91Q\xd0m#\
e\x5c\x85\xae\xe6\x97\xa3\xc2qkY\xcf\x1e\x9f\x9d\x08\
6\x8f\x1d*\xf9\xb0\xa7\x1cJ\xbcD\x7f\xa7\xfc@\xd0\
\xd0a\x11\xf7'\x0d\x9a9\x5cd\x1f\x19G\x0ao\xd4\
\x8a\x92E\xda\xd6\xdd\xc6\x1e\xf0\x90\xc6\xef\xac+\x83@\
\x12z\x1fV\xdb\xbau\xa9\x9b\x99>*\xa7[\x14\xaf\
\xdf4\x0f*M[FPO2)\xae\x9b\x5c\x0f:\
\xd1\x0fL\xea;\xa0\xd4\x9a\x11\xb3fnh\x09\xf9E\
\xafr\x93Z\x1b\x87\xb3*\xa7\x09\xae\xcet\x8b\xcc\x81\
w-J\x05\xc7\xd0p\xe9\xc7\x06\xa8k/\x8e\x0br\
\xd0\xf5\xcbB/\x93\x10\xa2\xb4\xa1\x80p\x10G4\xb8\
\xc0\xc9\xf0m66\xa2\xdd\xb62\xaf\x0c\x03\xeb\xeb@\
\x0e^\xb7\xa3\xe5d6\xbc8\x0f\xa6{\xd4\xae\xc1\xac\
\xac\x10\xc5a\xe4\x04EI\x8e\x96\xb8XWsNS\
\xb1\x90w\xa6f\xc6\x906\xab\xc8y+\xc7\x06\x82v\
\xa2V\xdd\xa9\x1c\x98\x84%\xe0|&\xd3\x83\x9fZI\
C,\x9c\x0do\xf6D\xbf9\xb5(\x87\x22\xa8r\x91\
\xe9O\x1e\x05\x97<\x80\x9bk\xd3\xf1\x98\x09\xf9pO\
~\xfc\x8am\xfc\x95\xe1\x8d]\xb1\xd8\xb5\x1a\xfc \xa6\
\x94\x00\xe1\x1e\xa9\xa9m\xa5\x94*\x81M\xea\x06\x85\x83\
kl\xa7\xe5\xfe`\x0eS\xb7\xd3\xf3\xa7\x85i{\x8b\
*\x7f\x05Z\xda\x1b\x5cr\xc30V\xdb\xb8\xe0\x91\x9c\
\xfd\xabJ\x9b\xcf\xa8\x1c\x08\xf9\x179\x16;\x80e\xe8\
\xc5\x18?\xc4)\xb7\xa2\xb9D\x98\xb7\xea\x8b\x5c\xf9\xec\
\xb6\xe3>3\xa4\xe3j})q'\xeeV\xe5\x8e\x89\
k\xce\x8a\x8d1e\xc54\x02\x17\xce\xd21\x8a\xbe\x11\
\xc4H\xc7\x19d\x0c\xbe\x9e\xa6\x12\xca\xa0\xe62\x09\xf3\
\x82~\xaa\xaeR\xcfB\xe1\x11\xd7\x8d?2\xd6\xd0;\
\xbc@\xa1\xc5J\xe8i<.\x0874<\xb7\x96\x1c\
v@B]<\x02;Sd\xafs\x1e\xd9mLi\
`\xb5\x91\xe2/?Wz\x87\xc8m`.7'o\
\x0b-\xee\x00(\xe4R<\x8d\xe4\xa6\xbd@/\x12$\
6R\x14\xe0P\x00'\x83\xe9UN\x9bl\x98F\x09\
\xf0\x22;n\xe9\xf7\x03\xc9X[*\x1c\x8e\xfd\xea\xd8\
G\x0b\x08\xae\xbc\x93\xe0wq\x1f\x88\xdbC\xcd\x8f&\
y\x18\xaa\xe9A\xbe$d\xa6\x92[\x22\xf83H@\
/\xbaT\x8d\xd9\x1d\xd2Oj\xaa\xb5eA\xad\xcb\xb1\
\xa9\xdaJ\xab\xda\x9eK\x15\xe2\xd0\xc4\xc8!!E\x12\
}FqZ-\xa3\x1a\xbe\xb8!sR\x8c\x9d)u\
\xf0M\xf4\x1bM\x0b~\xa4K\xcf-\xc0\x1b\xf3`(\
\xe2\xb5T\xaa\xd4v\xb4h\xa7\x04\xfdY=I\xa4u\
\x0e\x9b\x8d%\xc9*z+\x92\xd0\x90R\xd8H\xc8\x22\
\xa9\xa1MgvE\xab7\x8c`\xaf\xeb\xce\xa7\x5cu\
\xb4\xb7\xa0\xb0\x85E`\x8c\x15z\x1a\x8b\xba\xf9{S\
-\xa5K1\xca\x1bt\xfa\xd3\x0bOM-\xcd-\xc8\
C\x87\xcd\x91\x9a\xc4\x97\xb9jx\xe8\xb4]!\xd9\xdb\
t\xaa\x12\x12\xd6{\xfbU\x8e\x19Y/\xc7\xa7,\x14\
c\xe1(\x14\xb9Q\xb3%nL\xb0Y\xf5\x09a\x1b\
\x14\xee=\x0ei\xbc\x8c\x95\xb9\xe4s*\xe8\xda\x98R\
\x83\xa8*W\xa7\xad<a\xb5\x8b'\xf0W'\xb8\xdc\
\xc5)aiK\x80\xf1\x9fZ\xb9D\xa9\xb2.t\xd5\
<\xf6\x09\x00\xa4p@\xc5Z\x97\x02H\x1c)\xfe2\
\x94\xb5\x82\x08\x1e\xb5\x0b\x22\x81D\xf6\xe68B\xc6\xd1\
\xe8k\x5c*dV\x86\xd3\x90ZY\x09P\xd9\xf6\x14\
\xe9\xbfr\xb6\xc6\xb8?\xcci\xb2FYT\x8b2B\
\xa2\xf8n2\x1ds<d\xf6\xaf6z3S]Z\
\x1bK\x83!\xf0s\xe1\x8e\xd4\x00\xee\xd5x\x9a\xfa\x03\
\xb2\xd9\xd8\xd9\xe2\xa1\x80\xea=\xf23\xd7\x02\x94\xe1H\
\x1f\xde\x93\x00<\x90\xf2\x9cy\x09e\xa0\x94\x9e\xc4\x1a\
\x06\x88\x19w\xd9.I,\x16<D\xa3\xb0=\xa9\xfd\
\x86\xfdI8\x11\xd3\x226\xe6\x8f\x81!?\xc2\x0dV\
\xc0\x92z\xfdv\x81\x19\xa77\x17\x12\xd8\xc6\xdd\xd5L\
\xe5\x84,\x80F\xd1\xab\xd4\x92\x13\x22\xe79L\xb1 \
\xee(\xdd\x91TR\xa9\x97\x92\xb7 Z\xb3E[\xac\
\xd2\x9ab\xca\xa0\xb7\x149#\xde\xb6y\x8f\x05\xb1\x1d\
\xa7C^/\x11\x99\x8c\xaf#\x07\xeaww)\xa9o\
+$\xe1g%\xa2\x0e\x9c\xb4\xe9\x08\xcd\x99o\x05\xbe\
\x12\x06\xecz\xd2\x03\xe1\xe0e\xa8\xe7\xc6\xba\xb6\x96\xa1\
,Da$(\xad#\xbd,\x93\xf6\x19/\x81qm\
\x8d_\xf2\xdb2\xd4\x1e)(*\xc7qI\xe5)\xf2\
\x0e\xa2\xc7D\x8d\xbb\xa6\xb0\xf4\xf5\xb5\xd7\x1fm\x99\x0e\
\x00U\xbc\xf7&\xa7\x9ao\x04\xba\xab\xbcpEi\xab\
\xbc\x892\x9eiH\x11\xe3\xf6@\x07\xb5\x0a\x9b\x97\xa9\
\x07\x98\x9a\xe0\x9eG\xcd3\x19)\xc9y-\xf9\x90\xa3\
\xebU\xb4\xd7a\x9c\xbc\x22\xad\xad\x94\xf3Sc\xcb\xde\
P\xa4+*H\xabi\xc9g\x91\xb7s\x8c\x01^\xba\
nj\x8aR\xa2\x1eW\x00R\xbe\xf8\x1aQ\xe0G\x8c\
.)Rd2\x16S\xd8\xaa\xa4\xa7\x22\xb9\x84\xcf\x84\
\xc3x[\xa3\x8d\xbe\x94n\xc1j\x8bq\xc9\xb8\xf1\xde\
Tu\xa6K!\xb5\x9eA\xf7\xa5Ro\x91\x5c_\xb0\
\xda\xd7\x18].\xa9\x86\xf3\xaaDg8*\xf6\xaba\
\x1f\x91]\x5c,4J]\xb4\x1b:i\xc4\xa2;\xa1\
kpnO=\xea\xaa\x93Qx\x1a5\xd7DB\xee\
wWe\x98\xca\x86\x92\xe0\x1e\x5c\xfbP\xaec\x9eJ\
gYv8E\x82{\xcbK\x8f/\xc2\x04\xfd\x19\xa4\
\x95t\xfa(u\xdcZRX&\xbf\xc23%2\x86\
V\x84\x90<\xf9*\xc5N\x0d\x89\xf0<j\xca\xdbn\
(>\xf8[m\xa7\x80\x0ei\x97d\x84\x5c\xd8\xccC\
.\xa5\xbc\x01\xc0\xf2\xf2jr\x86\x8b\x1a\xe9[\xf3\x13\
\xefn\xb79\xb5x.'j\x12\xa1\xc6j7/q\
\x84\xf5\x0bH\xe991\xd6\x97\x1dDy\x08\xe5\xb2\x91\
\x9ejw\x01Y\xd32$[\xdem\x92wEl\xf9\
\x5c?\xc7S\xc9>\xe5\xderl\xf7;Z[bJ\
\x135C\x05\x09\xf55\x0d\xe0\xcb[\x8e\x82\xc8\xe9\x8a\
%\xd9Zq\xc7|\x17R\x9c\x81\x8f\xae\x86\xcbc$\
\xe1\x94R h{\xa4+\xa3\xedLiNBZ\x88\
K\xaa?H\xf7\xa5\xcb\x11Ty$,\x11E\x8c\xbe\
\xe1;ZB\xf0\x07\xf3Sg\x8c\x96)\xb1\xebR-\
\xedF[\xcd\xbd\x87\x17\xf6\xe6\x95\x92\xe5\xf05\xb9Z\
<[3\x8c\xc7\x92B\xddV\xef\x13<\xa6\xa52w\
\x22*\xdb\x15\xe8#jV\xb9O\x13\x8f\x11]\xc5Y\
\xb4\x8d\xc4\xa3P<+\x96_!~\x22x\xcf\xa5(\
\xc6J\xb1\xb6\xc9>\x1b\x81X\x19\xc0\xech\x02\x1em\
\xbdwl\xb6F\x00\xf4\xa5i\xbf\xb4\x874\x87\x96h\
\xcdD\x8aX);\x9b\x19\x1cv\xa5\x8cZ\xec\x85Y\
>\xc8\xc9\xd6\x03q\x94\xeb\xdc\xb6\xee3\x91\xddur\
\xa8\xd7|\x95T\x96z6\x8b\xe9\x81\x1d\xb8\xea\x86w\
\xe7\x1b\xf1\xcf\xf5\xa9\xdc\x9f#G\xaeBM\x97\xf8t\
O\x17g\x8a\xe3\x9fO\xbajI\xe3\xdc]\x85\xa5\xb4\
\xd2\xe4H\x18B\xfc\xc0z\x8a\x22\xfeI\xe3\x04d\xbb\
\x5c{\x8d\xc5N\xc6x\x94 \xfe\xf14\xf9+m\xfb\
\x0e\x16\xa8\xb0\xd9\xd8\xe2\x03\x88\xf4>\xd46\x03\x05J\
\x89\x09\xb2\xca\xdb@a\xceB\xbd\xbd\xa9\x1b`\xd8\xa6\
\xad\xe5\x94\x92@[K\xfay\xa6\x8b h\xec\x06\x1d\
\x8e\xa6U\x1d\x1b\x89\xfa\xaaq\xee\x19\x03\x0b\xa7)\x88\
\xb5Ka\xaf)\xeeE:\xa8\xa5\xc3)\xcf#\xb1\x0a\
\xde\xb4(\xad)Z\xf1\x82\x92)\xb01\x19\x1fO\xb3\
\x1d\xe5<\xd4\x16\xdc?\xc21Q\xbf\x7f\x08\x99`\x8e\
]\x85\xadA9\xd1q\xb6\xb6\xde\xd1\x9f\x13\x1c\x91M\
\x14\xd2\x11\xc7$\x9co\x86\xcb&\xa3\xb3*e\x99\xe0\
\x9b\x8b)\xdf\xb0\x0cn>\xd5*\xe9G\x86C\xa4\x91\
]\xbdY/:R\x02\x85\xc6\xdc\x00FF\xecg5\
d.7<\x15N)\x22\x8dz\xea\xd4kDr\xd1\
d\xb8\xe2\xf8\x1b\x93\xf4\xd6\xd8\xd3\xca\xca3\x92V+\
\xbau\x85\xa5*[\x01!#\xb9\x1d\xea\xae\x9f\x05\x91\
[\xb8\x03q\xb5x\x08\xc3\xade\xb3\xf4\xab\xda\xa2S\
H\x1cW\xc1U\xd40\xe3\xc4\x01\x09Z\x81s\x90\x0f\
\xb5L$\x9fbr\xbb#\x13\xf2\xc8or\x0e\x1fI\
\xe153C'\x94B\x5c\xa1=\x02I[\x8a+m\
`\x90=\x8f\xb5:\x89\x9a\x11\x93|\x8dm3\x1da\
kT\xb2\xa2\xd9\xfaR}j3\xc8\xd5)\xfb2B\
5\xe5\xcb\x9b\xe2\x1cT\xecI9?zh\xb4\xbb+\
TiA\xfd\xc5\xa2\x16\x9b~\xd8\xc1q\xb2|@9\
\x03\xd2\xa9\xb9\x84+\xe3y4+F\xde\xa6\xf7\xc8\xf6\
\xd2\xd4\x89\x01Rf\xb0\x1bi\x1c\x95\x13[\xe98S\
\xa5\x8ah\x9a\xed\xd5\xa9\xe6\xa2\xfb\xd1[\x8c\x09\xfa\x95\
\x1eb\xa8\xaaV\xd5\x1cq\x8fZ\xe7y\x93\xa9>K\
q\x08\xa3\xafu3W\xe8\xcd\x09\x01,\xdb\xa2\xb2\xf5\
\xc6X\xda\x14\x94\xf2\x93\xef]9Q\xa5\x18\x19\x93\x94\
\x9f$^\x96\x92\xa9v\xa4\xb9%\xbd\xaatd{\xd7\
#n\xe9\xe5\x1a\xa0\xd4V\xd1\xdbV\x82\xf3\x84\xa4\x0c\
\xe6\xa6\xa56\x86\xc1%\x0a\xd8\xe3\x0d\xa7q\x0a\xe3\xd6\
\xac\xa7\xccy*\x95F9\x8d\xb1\xb7\x08'\x8a}\xbf\
\x029\x0f\x14\xf3*l\x84+\x06\x9f\x227\x83l\xb8\
\x88\xcf\xa5KP9\x1c$\xd4>z%1\x95\xe9\xf6\
\xddI(\xe0\xe7\x1f\x95Y\x14CL\x8a\x95\xe2\xc7\xfd\
\xe2\x81R@\xe3\xde\xacI\x08\xdf\xc88k\xf9\xfd\xc7\
yI\x038\x14\xb2\x898cyr\xbeU\x1bBA\
\xfb\xd5\x94\xa3\x91e\xc1\x9f\x88\x05\xc7\x00\x82\x09\xadS\
\x8e\x17\x05mdk\xe3\x7f\xd5U\xe0<\xb6T\xda\xbe\
\xa9\xa6\x82]B\x82\xb3\xdc\x0ek\x82\xd9\xdd7u\xd5\
\xe6\x13(\x0c\xb6\x87\x13\x9eF2\xa1UId\xb0\x90\
\x83)wh\xec\xec\xf2\x84\xf2\xa4\xaa\x93l\x97d7\
\x81\xb6\xa0X\xb4K2\x19JT^\xc0)\x1c\xe3\xf2\
\xab\x92\x17\x96JZ\xa6<\xdd\xa9\x0e\xaf\x05\xc2<\xa9\
=\xc5D\xd0\xe3\x0b\x8d\xe6tI\x08\x05\x92T\xefb\
\x07\x06\x95r*\xa9\x8e\x18\x9d>\xf5\xcd\xab\xe2\x94\xb1\
\xb5\x01YQW\x14\xd8C\xb9d\x9e\x99\x1es\x92|\
V\x9e\x0e4\xa3\xc8\x07\x22\xb3WYX+y\xe8U\
\xb1\xe7U4\x07\x9ds\xd8'<\x01U\xc2\x90E\x22\
\xc7j\xd3O\xca|\xb8\x14\x12\x90x$\xf3W\xe1$\
[\x12Q\xf8\xce\xc3y\x0d\xfc\xde3\x8e\xca\xa5\x1dI\
Dq?M4\xd2PfJ\x0bec9'8\xa3\
\xcbx+\x9c\xe9gs1\xdd\x1d\x0e+D7:;\
\xa0\xa4\xa8%+\x04\x8a\xaeS\xc1S\xbc\x82\x9e\xe8\x90\
\xb6\xfb\xd8\xb1<\xb4%\xc6\xb7\x82@\x19\xe4\xd3\xf7\xcc\
KjW]\xcc\xdc\x9dR\xa7c\x17\x16\xeb\xd9\xce@\
'\x83V\xcf\x13\xe8\xba\x94\xb2\xb7{|{\x8d-S\
\x17su.G*\x1bNH\xf4\xaa75\xe9\x88\xb2\
JO\xd2X\xff\x00\xf16\x0d\xb5\x85\xb76,\xc2\xa6\
\x13\xb9E\x09$+\xf2\xa1\xc1\xcb\xb1\xb2\x90\x19\xb7\xfb\
\x06\xa0\xb4\x22{\xa5\xf4\xc6s\x80\x82|\xe3\xf4\xaa*\
R\x96S\x8b\x1b\xcfK\xb2\x9e\xdco\x9c\xba\xa5\xc8,\
,B\x07\x958<\xc6\xae\xa6\x9e9'\xcdR\xe8\x7f\
\xa8\xefb\xd7\xe1\x06\xd1\xe5Wu\x1fJ|!v\x9a\
\xb7jsj\xfd\xe3L;'\xc69Z\xf6\xe5)?\
j6\xe7\x82|\xc4\xa2HEj\xe1\xa9w\xb8\xdaJ\
R>\x92x\xe2\xa3\x0a\x22\xc6|\x1a\x81f\xb9\xda\xc3\
\xae\x5c[B\x19\xcf\x95`c\x8f\xce\xab\x94\x85\xa9$\
\x0e[\xd1\xa4\xb6T\xf4\x87\xdeZxAiY5D\
\xa2\xf3\x96f\x9b[\xbd#Y\xac\xdd\xd5\x08\xae2J\
\x96\x94\xeeI\xf5\xc5diO;K\xac\xe1\x09VQ\
\xaf\xd1\x1b\xd3[\xbd\xcfP\xdc\x17\xf8\xbb\x86;l\x93\
\xb5$\xe0\x92+U\xad&\xa0\xdc\xcfU\xe2\xbb\xdd1\
\xc2\x14,W\xc1`\xd4\x8d^5j\x10Z[\xb1-\
\xed\xabo\x89\x92\x14\x7fZ\xbf\xccX\xc1\xe4<\xf4\xb8\
\x0b\xa6\xa4\xc6\xd2\x130\xe3\xaf>\x92\x9c\x15,\xe4\x1a\
\x98\xac\xf4j\xa78\xb8<\x92s\xba\x99\x12\x13\xe7\xc3\
\x8d\x96\xb1\xe5\xcax\xab\xa3K\xe4\xa9\xd4\xda\xf2\xc0\xc6\
\xd5\xeb\xba8\xb5-0\xdbm\xce<\xb8\x0aM$\xed\
\xa5.\x89u\xb2E]\x15gF\xf4\xa8\xc8\x92\xa5}\
j\x1c\xe3\xf2\xa9T\xdc\x1ed&\xf27P3\xe2\xd8\
1\x09Ji\x9c\x7f\x11\xc2\xc5<$\xb2C\xaa\xd9\x1b\
a\xd2Oi\xe8\xac\xdd\x9a\x96\xb76\xf9\x9cB\x97\xc9\
\xfc\x85\x5c\xe5\x11\x1eYj\xb5\xf5\x82n\xa1y\xa7\x1d\
Ij,A\xd8\x8cf\xb3\xbam\xf4>\xe5\x8c\x22J\
\xfd\xd5\x07u0l0\x84\xa5\xb8\xfeU`pE*\
\xa4\xcb\xa0\x96\x08\xd5\xdc\x19*\x0e\xa5[\xd68\xda\x0e\
F\x7f*\x8fa\xc1Ft18L{\x05)< \
\x0f\xfbTm\xcb\x1784\xa9k\x8a\xf2\x9eZ\xc7\x84\
y\xda\x93\xfd\xb1CD\xe5\x0aN\xb3T\xd4x&8\
C\x03\x9f\x10'\x07?\x9dG!\x94n<\xc4\xbe\xe2\
\x94|P\x80\x93\x92i\xf3\xf8\x1b,g\x1a\xfd\x0dO\
(-o4\xd6p\x14\xa3\x8ej6\xb6#l$\x89\
\xc8S\x8ay\xb7\x90\xb8\xfe\xe9W4\xd1\x8bB\xa1v\
-Z\xb8\xce<c4\x97[RH\x05c&\xa1\xbc\
\x93\xbd\x0d\xd1z}\xc9+uI\x00,\xf2\x00\xedM\
\x04\x99\x0eHq\x1b\x5c\xc8+[\x024U z\x94\
\xe4\xd3\xb8G\xe4Z\xb2\xeb\x00\xad\xf1\xe6^'8\xb6\
\x18\xc3m\x1f\xde\xadi\xf2#\xf5\xaaw8\x89ZM\
c\x02\x16\x93\xf8\x82\x9arCe*8\xc2\x15\xc53\
\xac\xda\x1ar\xca@\x9c\xb33\xa7\xa4))sr$\
rv\x9c\xd4\xc6C\xd2\xeb\x92\x1eS\x0e\xb9s\x09t\
\x8f\x93>\xdd\xea\xc94\x22op)\xfa}\xbb\x9c\x9f\
\x95\x8a\xb2\x02\xb0B\x96\x7f\xefU\xee-xC)\x11\
\xa6Z\xe4\xa5\x0bx\x10\x9e\x06N\x01\xab\xe2\xd6\x0aD\
]\xe6\x5c\x9eJJ\x1bN\xe1\xce\xe4\x8e\x0d+\x9a@\
?\xb4\xf5*\xe2b\xfc\x9a\xa1:\x08\x19'\xc3\xc0\xa1\
(dU\x13\x1bys\x08S\x8d\x16\xcerF9\xa6\
q\x83\xf7,\xda\xf1\x91\xef\xcf&:\x13\xe0\x14\xa4\x01\
\xc8UN\x12\xe5\x09\xfa\x91:\x85\xdb\xb3\xd2[U\xb3\
\xe5V\x8d\xf9|/\xd5?j\xb6/\x0b\x92I\x9d3\
2e\xb2Z\x9d\x8c<7\x16<\xc9\xec*\xa9\xc50\
l\x91\xd5:\xa6\xe1\xa9\xe2\xa2;\xd1XRZ\x1c\xab\
nA\xaa\x156\x9f\x01\x85\xees=w\xd3\xb65\x0a\
\x93\xbe+(u?AB@\x19\xadq\x93\xf9*\xda\
\x8a{\xd6\xdb\xe5\x95*e\x11\xd0\x98\xed\xf6(Oz\
\xbdM!R\xc3$\xb4%\xd2e\xfe\xfc\xd4\x0b\x845\
\x88\xeb<\xa8\xa3\x06\xaa\xabQ\x0e\xe7\x92S\xab\xfd\x1f\
b;\xcc\xbf\xb5JcnG\x85\xc9\x02\x965\x0a\xdc\
wvQQ\xd3\x88\x8bek\x88\x1e\xf1A\xe3\xc4\xed\
Z<\xd2\x89Ry\xe0\x84\xbc\xe9i\xadIl\xbc\xca\
\x95\x95\x04\x0c\x0e\x00\xf7\xa9\xf3G\x9f\x08\x93\xd7=/\
V\x9cK\x05\xbd\x8e\xad\xe6\xc2\xce9\xc7\x15\x0e\xaa(\
\x8c%&Wl\x9a!j_\x88\xa6\x9eB\xd2r\x0a\
F)\x95h\xb2]\x09\xe7-\x17\x1b+S&E\x03\
n\x14\x83\x8ex\xc8\xa3\xcc\x89\x0e\x9e8d\xac\x08\xb2\
/J\x10\x9fo\x08'\x19H\xe0\xd2NO\xa8\x96A\
Ep\x8b5\x8dP\xf4IL(\xec\xedq<(\xa8\
zR\xcd\xa8\xac\xa6WR\x0eO\x82^\xcfn\xb2\xdd\
\xee\xcb\x96\xe0u\xd9M\xf9\xb0\xae@5M':\x8f\
\x0c\x88\xacv]\x1b\xb8%\xe8\xcd\xe1\x09HG`\x05\
l\x8c\x14z\x1e]\xe4,i!\xa5\xee\x19\x034\xcf\
\x9e\xc5\xcb\x1d\xb5!^ ;\xc0O\xde\x9dE{\x09\
$-s\x9a\x0b)\x05$\xe39\xf4\xa6\xc3\x14l\xb9\
;^$(m\xa8\xd8\x1817<\x93\x82\x09\xc7\xad\
2\xa6C`\xa3\xdcJ\xdd)=\xfb\xf3\xedM\x18\x8a\
\xd9\xa0\xf1\x12R\x89\x1fJ\xce\x05Y\x18>\xca\xfd\xc9\
ip-\xdarW\x88\xa5(\xad\xc4p\x91\xda\xb3\xe7\
&\x9fb\xb95\xf1!\xc5)e!)\xe4c\xd6\xaf\
\xa5\x16\xb9)\x98\xc4\xdd\x10\xa1\xb9\xb4(\x8cv\xc6q\
Z\xe5.\x05\x88?\xc5\xcf\xf2\x1f\xe9K\xb8n\x0a\xec\
\xc0\x0c\xc7\x7f*\xf3g`\x86\xb4\x0d\xd7\xa5\xe7\x9ei\
\xa2XY\xed\x03\x12]\xc7\x1cR\xccY\x0c\xe6\xf3q\
\x8d\x9e|\xe2\x88\x10\xbb&^\xe2\xe9\x8fAD\xc7,\
\xd7\xa6\xd2\x18\xb5\xf9S\xdf\xda\x96&9}\xe4]\xfc\
\x04\xc6\x98@\x00\xe3\xd2\x98\xd5\x0e\x85hC\xba\x0a\xb3\
\xcf\x1e\xb5L\xfb\x09\x0eH\x1f\x8c\xb7\xc7\xad4\x02%\
\xb9\x07\x0d\xa3\xf2\xa8\x99dH+\x82\xc9\xb9rI\xe4\
\xfa\xd2\x1a\xf0\xb6\x8a\xd7\xce(iU\x1d\xca\xc8O\xbd\
i\xf69U~\xc3\x9a\xf4\xa6S\xab\xbb=\xb9\xc7\x0e\
\x16{\xa8\xd7.\xb1\x8a\x97\xf0\xff\x00\xa8\xf6[\x8a:\
\xb8y\x8f\xd4=kU\xbf\xdah\xa3\xccy-:\x93\
\xcbkk\x1cT\xd1\xfb\x99\xa6\x87\xdd\x92O\xa6`\x16\
\x13J\xfe\xe3M\x1f\xb8\xbb_\x98G\xe0ny\x11\xfe\
\x9f\xb5f\x9bbT9E\xfb\xc8\xfbi\x1c'wa\
\xda\xa6\x0f\x84f\xa8t\x1b3i\x1aq\xac$\x0e=\
\xab[\xec\xb2\x81O\xd7\xe9\x1f\x83\xca\xe0p8\xa87\
\x96\xde\x94\xb2\x85t\xc1j)IW\x85\xdc\x8ei\xa1\
\xd9\x8e\xa7e\x97N!)\xb5#\x00\x0f/\xb5Wp\
Lz\x15\xd5\xf4\x84\xf4\xceF\x00\x1e_J\xa1t\x12\
8\xe7E\xbf{-\xdd\xdel\x1f^i\xea}\xa54\
\xff\x00\x8c\x8e\xa5\xa7\x92<78\x1fQ\x1f\xda\xb96\
\x1f{6]\xf0\xd6\x0ei\xae\xff\x00u\xaf\x18\x09\xf2\
\x82\xae@\xe3\xd6\xbb5\xff\x00\x82\xff\x00S\x8f_\xef\
\xfe\xa8\xec:\xa5\x09GL#\xed\x00y}\x05`\x89\
\x0b\xee9^\xa5\xe2\xc4\xc1\xf5\xf1\x05o\xa0t\xa9\xfd\
\xaco8f\xc4\x7f*\xd72\xaa\xfd\x95\x08/,\x07\
\xbc\xca\xe0{\xd6\xba=\x08\x8b\x8fO@\x5cW\x09\x00\
\x9f\xbdd\xbb,\x0b\xaa\xfc\xac`p3Y W\x1f\
\xb8b\xda\x89\x85\x18d\xe0\x8eG\xbd9r\xe84\xc4\
\x84i\xf7\xb0\x00\xf2zV\x85\xd1L~\xe1z#\x9d\
+$\x9eN{\xd5f\xe8t5\xd1\xea*\x9e\xbc\x92\
|\xfe\xb5\x9d\x8cK\xc8\xff\x00P\xfeu+\xb1\x1fd\
z\xceV\xaf\xce\xa1\x90MGH\xff\x00\x07g\x03>\
%\x00:\x90\x90-)\xe0r\x91B,)]G\x1b\
4\xf3\xc4pBU\xc8\xab\xe1\xd0\x8f\xb2\xbd\xd27\x14\
\xe6\x90\xf3)J\xfa\xbb\x9c\xd3\xcb\xed\x12E\xf3M\x80\
!\x8c\x0crk(\xa1]\x03\xc7\x95\xf6\x15e\x1fp\
\x22-_\xfa\xc4\xfd\xcdU?\xb8I\xfd\xa8\xebZY\
\xb4\x8e\x90j5m\x1b\xbc\x0c\xe7\x1c\xd2\x0bS\xb4p\
\x0d8\xea\x95q\x8d\x95(\xe5^\xa6\xad\xc7\xa4w\xd2\
-+Q3\xc6I\xe0RD\xb2\x1d\x01\xbb\x9f\xf2\xee\
\xd5\x92\x15}\xc2\x5c\xf2\xba\xc68\xe0R>\x8b\xa4C\
\xf5]E0\x9a \x90wU\xfe\xc5r,\xf6\x84\x8f\
\xf0\xbcS\x81\x92SU\xcb\xb1Kd8\xed\xf8\x19\xd8\
\x8c\xed\x1e\x82\xab\x88@\xaa\x5cR\x04\xf7x\x1e\xb4\xd0\
/}\x15\x8dRv\xcas\x1cq\xe9V\xd1\xec\xcf\xec\
\x03N\xadF\xe3\x1cd\xe0\xab\x9e{\xd6\x89\xf4\xc9.\
\x83\x87\x9c\xc7\x1cRD\x07\xb1@\xfc\x10\x9c\x0c\xe2\x98\
\x08y)\x05H\xe0PVG\xdd\x1aIB\xbc\xa9\xfe\
\x95`\x8f\xb0\x8c2\x84.2\x82\x12\x15\xee\x075\x9e\
d\x12/\x80\xe6\x96\x9d\xb8\x05a|g\x9cT@\xb0\
\xe7\xab@\x088\x00s\xedZAve\xdd\xa4\x9bJ\
N\xd4\xe7#\xd2\x83=~\xca\xdd\xd8\x95\xdd\x9b\xdd\xce\
0\x06\x7f*Y\x13m\xd97\xe1$i\xf0BR\x0e\
;\xe2\xb3\xc4\xe9\xcdzH\xe8)\x01+\xc0\x03\xcbW\
D\xe3\xd7\xec\x95\xd3i\x1f:\xdf\x03\xea\xad01\xd1\
~\xa1\xb6\xb5\xe3U\x9f\xfak-^\x8d\xf0\xec\x93\xd0\
\x9f\xff\x00vs\xee+U\xa1UR\xec\xcf\x0e9\xff\
\x00M^(\xe1_\xfaO\xd2\x80\x11,\x91\x0crj\
\xd5\xd8\xb2\x01\x14\xe5\x7f\xa58\xa2\x90I\x98i\xa2\x02\
\x1f8\xb8 zS\x0b!\xd2\xb8\x9e\x8f\xca\xa5\x0a\xc7\
\x17o\xfdD\x7f\xccU\xbe\xc2{\x8a\xd6\xe73\x93\xff\
\x00\xed\x8a\xe7\xc3\xee4\xfb\x15\xb9$\xe5|\xfaWB\
\x1d\x14\xccqb\x03\xe5\xdd\xe2\xab\x97b\xc4\x1e\x07\xb0\
\xa8\xc8\xc7\xff\xd9\
"

qt_resource_name = b"\
\x00\x09\
\x0cxT\x88\
\x00n\
\x00e\x00w\x00P\x00r\x00e\x00f\x00i\x00x\
\x00\x09\
\x0aa\xba\xdf\
\x00t\
\x00c\x00s\x00o\x00n\x00.\x00i\x00c\x00o\
\x00\x0e\
\x07\x04\x99\xa7\
\x00b\
\x00a\x00c\x00k\x00g\x00r\x00o\x00u\x00n\x00d\x00.\x00j\x00p\x00g\
"

qt_resource_struct = b"\
\x00\x00\x00\x00\x00\x02\x00\x00\x00\x01\x00\x00\x00\x01\
\x00\x00\x00\x00\x00\x00\x00\x00\
\x00\x00\x00\x00\x00\x02\x00\x00\x00\x02\x00\x00\x00\x02\
\x00\x00\x00\x00\x00\x00\x00\x00\
\x00\x00\x000\x00\x00\x00\x00\x00\x01\x00\x02\xdab\
\x00\x00\x01\xa0\x877 \x07\
\x00\x00\x00\x18\x00\x00\x00\x00\x00\x01\x00\x00\x00\x00\
\x00\x00\x01\xa0\x87q\xfa\xf3\
"

def qInitResources():
    QtCore.qRegisterResourceData(0x03, qt_resource_struct, qt_resource_name, qt_resource_data)

def qCleanupResources():
    QtCore.qUnregisterResourceData(0x03, qt_resource_struct, qt_resource_name, qt_resource_data)

qInitResources()
